year,state,division_id,division,candidate_id,surname,given_name,ballot_position,party_ab,party_name,votes,total_formal_votes,vote_share,party_std,is_major,is_independent
2004,ACT,101,Canberra,15421,ELLERMAN,Sue,1,GRN,The Greens,10243.0,100678.0,0.10174020143427562,GRN,True,False
2004,ACT,101,Canberra,15166,BARNIER,Belinda,2,LP,Liberal,37238.0,100678.0,0.36987226603627404,LP,True,False
2004,ACT,101,Canberra,14298,ARNOLD,Jim,3,CEC,Citizens Electoral Council,765.0,100678.0,0.007598482290073303,CEC,False,False
2004,ACT,101,Canberra,15360,ELLIS,Annette,4,ALP,Australian Labor Party (ACT Branch),50214.0,100678.0,0.4987584179264586,ALP,True,False
2004,ACT,101,Canberra,15158,MATTHEWS,Aaron,5,DEM,Australian Democrats,2218.0,100678.0,0.022030632312918415,DEM,False,False
2004,ACT,102,Fraser,14756,VASSILOPOULOS,James,1,SAL,Socialist Alliance,2067.0,107948.0,0.019148108348464074,SAL,False,False
2004,ACT,102,Fraser,15359,McMULLAN,Bob,2,ALP,Australian Labor Party (ACT Branch),54622.0,107948.0,0.5060028902805054,ALP,True,False
2004,ACT,102,Fraser,15143,GILES,Adam,3,LP,Liberal,36270.0,107948.0,0.33599510875606775,LP,True,False
2004,ACT,102,Fraser,15137,GRIMSEY,Lynne,4,DEM,Australian Democrats,2792.0,107948.0,0.025864305035757956,DEM,False,False
2004,ACT,102,Fraser,15425,TURBAYNE,David,5,GRN,The Greens,12197.0,107948.0,0.1129895875792048,GRN,True,False
2004,NSW,103,Banks,15349,STAVRINOS,Harry,1,HAN,Pauline Hanson's One Nation (NSW Division),2302.0,73382.0,0.03137009075795154,ON,False,False
2004,NSW,103,Banks,14170,MAKIN,Stephen,2,GRN,The Greens,3433.0,73382.0,0.04678258973590254,GRN,True,False
2004,NSW,103,Banks,14709,GRAY,Roger,3,LP,Liberal,30927.0,73382.0,0.42145212722466,LP,True,False
2004,NSW,103,Banks,15410,BRISCOE-HOUGH,Greg,4,FFP,Family First,655.0,73382.0,0.008925894633561363,FFP,False,False
2004,NSW,103,Banks,15556,CLYBURN,Mark,5,DEM,Australian Democrats,675.0,73382.0,0.009198441034586138,DEM,False,False
2004,NSW,103,Banks,14330,MELHAM,Daryl,6,ALP,Australian Labor Party,32736.0,73382.0,0.44610394919735086,ALP,True,False
2004,NSW,103,Banks,15129,PETERSON,Janne,7,CDP,Christian Democratic Party (Fred Nile Group),2654.0,73382.0,0.03616690741598757,CDP,False,False
2004,NSW,104,Barton,15569,COGHLAN,Eoin,1,DEM,Australian Democrats,1648.0,74329.0,0.022171696107844852,DEM,False,False
2004,NSW,104,Barton,14360,McCLELLAND,Robert,2,ALP,Australian Labor Party,36909.0,74329.0,0.4965625798813384,ALP,True,False
2004,NSW,104,Barton,15382,BAIRD,Neil,3,HAN,Pauline Hanson's One Nation (NSW Division),1284.0,74329.0,0.01727454963742281,ON,False,False
2004,NSW,104,Barton,14891,MORROW,Bruce,4,LP,Liberal,29319.0,74329.0,0.39444900375358205,LP,True,False
2004,NSW,104,Barton,14205,MOURIKIS,Angelo,5,GRN,The Greens,5169.0,74329.0,0.06954217061981191,GRN,True,False
2004,NSW,105,Bennelong,15436,HANNAH,Gary,1,IND,Independent,854.0,76814.0,0.011117764990756894,IND,False,True
2004,NSW,105,Bennelong,15309,ROLLO,Troy,2,IND,Independent,451.0,76814.0,0.005871325539615175,IND,False,True
2004,NSW,105,Bennelong,14198,WILKIE,Andrew,3,GRN,The Greens,12573.0,76814.0,0.1636810997995157,GRN,True,False
2004,NSW,105,Bennelong,15234,LEVICK,Ray,4,CDP,Christian Democratic Party (Fred Nile Group),1824.0,76814.0,0.023745671361991304,CDP,False,False
2004,NSW,105,Bennelong,14355,CAMPBELL,Nicole,5,ALP,Australian Labor Party,21819.0,76814.0,0.28404978259171504,ALP,True,False
2004,NSW,105,Bennelong,14818,HOWARD,John Winston,6,LP,Liberal,38326.0,76814.0,0.49894550472570104,LP,True,False
2004,NSW,105,Bennelong,15558,GOLDFINCH,Peter,7,DEM,Australian Democrats,967.0,76814.0,0.012588850990704819,DEM,False,False
2004,NSW,106,Berowra,14377,HOWDEN,Erland Merlin,1,GRN,The Greens,7465.0,77795.0,0.09595732373545858,GRN,True,False
2004,NSW,106,Berowra,15214,BENSON,Matthew,2,IND,Independent,860.0,77795.0,0.011054695031814384,IND,False,True
2004,NSW,106,Berowra,14369,COLNAN,Michael,3,ALP,Australian Labor Party,20351.0,77795.0,0.2615977890609936,ALP,True,False
2004,NSW,106,Berowra,14745,RUDDOCK,Philip,4,LP,Liberal,43674.0,77795.0,0.56139854746449,LP,True,False
2004,NSW,106,Berowra,15560,VAN DE WEG,Margaret,5,DEM,Australian Democrats,1457.0,77795.0,0.018728710071341345,DEM,False,False
2004,NSW,106,Berowra,15415,CLARK,Lance,6,FFP,Family First,883.0,77795.0,0.011350343852432675,FFP,False,False
2004,NSW,106,Berowra,15533,COLEMAN,Bruce,7,CDP,Christian Democratic Party (Fred Nile Group),2411.0,77795.0,0.030991708978726138,CDP,False,False
2004,NSW,106,Berowra,14656,BLADE,Ross,8,IND,Independent,694.0,77795.0,0.008920881804743236,IND,False,True
2004,NSW,107,Blaxland,15350,VINNICOMBE,Bob,1,HAN,Pauline Hanson's One Nation (NSW Division),3300.0,69005.0,0.04782262154916311,ON,False,False
2004,NSW,107,Blaxland,15139,SQUIRES,Matthew,2,CDP,Christian Democratic Party (Fred Nile Group),2378.0,69005.0,0.034461270922396925,CDP,False,False
2004,NSW,107,Blaxland,14319,HATTON,Michael John,3,ALP,Australian Labor Party,37117.0,69005.0,0.5378885588000869,ALP,True,False
2004,NSW,107,Blaxland,15551,EVE-MACLEOD,Martine,4,DEM,Australian Democrats,875.0,69005.0,0.012680240562278096,DEM,False,False
2004,NSW,107,Blaxland,14754,MAJEWSKI,Mark,5,LP,Liberal,21407.0,69005.0,0.3102238968190711,LP,True,False
2004,NSW,107,Blaxland,15095,BASSI,Raul,6,SAL,Socialist Alliance,493.0,69005.0,0.007144409825374973,SAL,False,False
2004,NSW,107,Blaxland,14702,BOATH,Terry,7,CEC,Citizens Electoral Council,230.0,69005.0,0.003333091804941671,CEC,False,False
2004,NSW,107,Blaxland,14505,MARQUEZ-OBEID,Marlene,8,GRN,The Greens,3205.0,69005.0,0.046445909716687196,GRN,True,False
2004,NSW,108,Bradfield,14289,GOODWILL,Robert H,1,GRN,The Greens,9249.0,80770.0,0.11451033799678098,GRN,True,False
2004,NSW,108,Bradfield,15397,MONTGOMERY,Sarah,2,FFP,Family First,1459.0,80770.0,0.01806363748916677,FFP,False,False
2004,NSW,108,Bradfield,14739,NELSON,Brendan,3,LP,Liberal,51356.0,80770.0,0.6358301349510957,LP,True,False
2004,NSW,108,Bradfield,15557,TSOULOS,Jeannette,4,DEM,Australian Democrats,1971.0,80770.0,0.02440262473690727,DEM,False,False
2004,NSW,108,Bradfield,14313,NEELAM,Neil,5,ALP,Australian Labor Party,16735.0,80770.0,0.20719326482604927,ALP,True,False
2004,NSW,109,Calare,14716,VAN SCHAIK,Heidi,1,CEC,Citizens Electoral Council,648.0,81334.0,0.00796714781026385,CEC,False,False
2004,NSW,109,Calare,6975,ANDREN,Peter,2,IND,Independent,40851.0,81334.0,0.5022622765387169,IND,False,True
2004,NSW,109,Calare,14316,ADAMS,Robyn,3,CLR,Country Labor,13439.0,81334.0,0.16523225219465415,CLR,False,False
2004,NSW,109,Calare,14459,NUGENT,Stephen,4,GRN,The Greens,1868.0,81334.0,0.022967024860451962,GRN,True,False
2004,NSW,109,Calare,14574,GRIFFITH,Robert,5,NP,Nationals,10482.0,81334.0,0.12887599281973097,NP,True,False
2004,NSW,109,Calare,15419,WOODS,Melanie,6,FFP,Family First,959.0,81334.0,0.011790886959942952,FFP,False,False
2004,NSW,109,Calare,14747,BLANCH,Paul,7,LP,Liberal,13087.0,81334.0,0.1609044188162392,LP,True,False
2004,NSW,110,Charlton,14530,PRITCHARD,Suzanne,1,GRN,The Greens,6964.0,77835.0,0.08947131753067386,GRN,True,False
2004,NSW,110,Charlton,15555,ROFFEY,Ben,2,DEM,Australian Democrats,1513.0,77835.0,0.019438555919573455,DEM,False,False
2004,NSW,110,Charlton,14704,STOW,David,3,CEC,Citizens Electoral Council,380.0,77835.0,0.004882122438491681,CEC,False,False
2004,NSW,110,Charlton,15402,SCARFE,Paul,4,FFP,Family First,3317.0,77835.0,0.04261578981178133,FFP,False,False
2004,NSW,110,Charlton,14323,HOARE,Kelly,5,ALP,Australian Labor Party,35765.0,77835.0,0.45949765529646047,ALP,True,False
2004,NSW,110,Charlton,15353,JOHNSON,Bob,6,HAN,Pauline Hanson's One Nation (NSW Division),2416.0,77835.0,0.031040020556305004,ON,False,False
2004,NSW,110,Charlton,14814,DARCEY,Kurt,7,LP,Liberal,27480.0,77835.0,0.3530545384467142,LP,True,False
2004,NSW,111,Chifley,14452,ROBERTSON,Debbie,1,GRN,The Greens,4326.0,71584.0,0.06043249888243183,GRN,True,False
2004,NSW,111,Chifley,14850,ASARLOGLOU,Costa,2,LP,Liberal,20814.0,71584.0,0.2907632990612427,LP,True,False
2004,NSW,111,Chifley,15404,HEATHCOTE,Robert,3,FFP,Family First,1211.0,71584.0,0.016917188198480107,FFP,False,False
2004,NSW,111,Chifley,13209,HYLAND,Wayne,4,IND,Independent,850.0,71584.0,0.011874161823871255,IND,False,True
2004,NSW,111,Chifley,15152,VINCENT,Dave,5,CDP,Christian Democratic Party (Fred Nile Group),2653.0,71584.0,0.03706135449262405,CDP,False,False
2004,NSW,111,Chifley,14315,PRICE,Roger,6,ALP,Australian Labor Party,39836.0,71584.0,0.5564930710773357,ALP,True,False
2004,NSW,111,Chifley,15358,COOKSLEY,Terry,7,HAN,Pauline Hanson's One Nation (NSW Division),1579.0,71584.0,0.022058001788109075,ON,False,False
2004,NSW,111,Chifley,14743,RAND,Graham,8,,,315.0,71584.0,0.00440042467590523,,False,False
2004,NSW,112,Cook,15432,PHILLIPS,Peter,1,NGS,No GST,1035.0,74377.0,0.013915592185756349,NGS,False,False
2004,NSW,112,Cook,14176,BIRTLES,Corey,2,GRN,The Greens,5144.0,74377.0,0.06916116541403929,GRN,True,False
2004,NSW,112,Cook,15552,MENDELSSOHN,David,3,DEM,Australian Democrats,661.0,74377.0,0.00888715597563763,DEM,False,False
2004,NSW,112,Cook,14329,BUTTIGIEG,Mark,4,ALP,Australian Labor Party,20593.0,74377.0,0.27687322693843525,ALP,True,False
2004,NSW,112,Cook,14794,BAIRD,Bruce,5,LP,Liberal,43161.0,74377.0,0.5803003616709467,LP,True,False
2004,NSW,112,Cook,12125,STRANG,Graeme,6,IND,Independent,466.0,74377.0,0.006265377737741506,IND,False,True
2004,NSW,112,Cook,15357,FREW,Andy,7,HAN,Pauline Hanson's One Nation (NSW Division),1582.0,74377.0,0.021270016268470093,ON,False,False
2004,NSW,112,Cook,15162,SMITH,Beth,8,CDP,Christian Democratic Party (Fred Nile Group),1735.0,74377.0,0.023327103808973203,CDP,False,False
2004,NSW,113,Cowper,14388,WILLIAMS,Allan,1,ALP,Australian Labor Party,24873.0,77683.0,0.3201858836553686,ALP,True,False
2004,NSW,113,Cowper,15055,CARTY,John,2,GRN,The Greens,7239.0,77683.0,0.0931864114413707,GRN,True,False
2004,NSW,113,Cowper,14591,HARTSUYKER,Luke,3,NP,Nationals,38998.0,77683.0,0.5020145977884479,NP,True,False
2004,NSW,113,Cowper,15595,KAPEEN,Trevor,4,DEM,Australian Democrats,1468.0,77683.0,0.01889731344052109,DEM,False,False
2004,NSW,113,Cowper,15408,MANN,Norm,5,LEF,Lower Excise Fuel and Beer Party,2007.0,77683.0,0.02583576844354621,LEF,False,False
2004,NSW,113,Cowper,15379,STOKES,Allan,6,HAN,Pauline Hanson's One Nation (NSW Division),3098.0,77683.0,0.039880025230745464,ON,False,False
2004,NSW,114,Cunningham,15324,KEENE,James Stewart,1,PLP,Progressive Labour Party,1774.0,73255.0,0.024216777011808067,PLP,False,False
2004,NSW,114,Cunningham,15559,EVANS,Tony,2,DEM,Australian Democrats,686.0,73255.0,0.009364548494983277,DEM,False,False
2004,NSW,114,Cunningham,14450,FLANAGAN,John,3,NCP,Non-Custodial Parents Party,355.0,73255.0,0.004846085591427207,NCP,True,False
2004,NSW,114,Cunningham,14453,ORGAN,Michael,4,GRN,The Greens,14747.0,73255.0,0.20131049075148455,GRN,True,False
2004,NSW,114,Cunningham,15136,DAKERS,Jeff,5,CDP,Christian Democratic Party (Fred Nile Group),2547.0,73255.0,0.03476895775032421,CDP,False,False
2004,NSW,114,Cunningham,15480,SCROGIE,Christopher,6,LFF,liberals for forests,509.0,73255.0,0.006948331171933656,LFF,False,False
2004,NSW,114,Cunningham,15514,WILCOCK,Paul,7,IND,Independent,375.0,73255.0,0.005119104497986486,IND,False,True
2004,NSW,114,Cunningham,14380,BIRD,Sharon,8,ALP,Australian Labor Party,29041.0,73255.0,0.3964371032694014,ALP,True,False
2004,NSW,114,Cunningham,15111,WILLIAMS,Chris,9,SAL,Socialist Alliance,310.0,73255.0,0.004231793051668828,SAL,False,False
2004,NSW,114,Cunningham,15426,MOULDS,David,10,IND,Independent,1796.0,73255.0,0.024517097809023274,IND,False,True
2004,NSW,114,Cunningham,14763,LARTER,John,11,LP,Liberal,21115.0,73255.0,0.28823971059995906,LP,True,False
2004,NSW,115,Dobell,15481,SANZARI,Frank,1,LFF,liberals for forests,1487.0,75398.0,0.01972200854134062,LFF,False,False
2004,NSW,115,Dobell,15383,PATON,Naomi,2,FFP,Family First,1656.0,75398.0,0.021963447306294598,FFP,False,False
2004,NSW,115,Dobell,14740,TICEHURST,Ken,3,LP,Liberal,37347.0,75398.0,0.4953314411522852,LP,True,False
2004,NSW,115,Dobell,14892,WALLACE,Les,4,IND,Independent,430.0,75398.0,0.005703069046924322,IND,False,True
2004,NSW,115,Dobell,14311,MEHAN,David,5,ALP,Australian Labor Party,27417.0,75398.0,0.36363033502214914,ALP,True,False
2004,NSW,115,Dobell,15445,CHIA,Siou Hong,6,ORP,Outdoor Recreation Party,445.0,75398.0,0.005902013316003077,ORP,False,False
2004,NSW,115,Dobell,14457,RICKARD,Scott Ian,7,GRN,The Greens,3782.0,75398.0,0.0501604817103902,GRN,True,False
2004,NSW,115,Dobell,14196,UNGER,Paul,8,IND,Independent,475.0,75398.0,0.006299901854160588,IND,False,True
2004,NSW,115,Dobell,15567,HASTIE,Carolyn,9,DEM,Australian Democrats,647.0,75398.0,0.008581129472930316,DEM,False,False
2004,NSW,115,Dobell,14705,HUGHES,Steven,10,CEC,Citizens Electoral Council,132.0,75398.0,0.0017507095678930475,CEC,False,False
2004,NSW,115,Dobell,15351,WEBBER,Andrew,11,HAN,Pauline Hanson's One Nation (NSW Division),1163.0,75398.0,0.015424812329239502,ON,False,False
2004,NSW,115,Dobell,14611,LAING-PEACH,James,12,IND,Independent,417.0,75398.0,0.0055306506803894,IND,False,True
2004,NSW,117,Eden-Monaro,14314,WATT,Kel,1,CLR,Country Labor,32592.0,84130.0,0.38740045168192083,CLR,False,False
2004,NSW,117,Eden-Monaro,14210,DIGNAN,Cecily,2,GRN,The Greens,6256.0,84130.0,0.07436110780934269,GRN,True,False
2004,NSW,117,Eden-Monaro,15183,BENNETT,Ursula,3,CDP,Christian Democratic Party (Fred Nile Group),1170.0,84130.0,0.013907048615238322,CDP,False,False
2004,NSW,117,Eden-Monaro,14764,NAIRN,Gary,4,LP,Liberal,40783.0,84130.0,0.4847616783549269,LP,True,False
2004,NSW,117,Eden-Monaro,15356,TARLINTON,Don,5,HAN,Pauline Hanson's One Nation (NSW Division),1541.0,84130.0,0.01831689052656603,ON,False,False
2004,NSW,117,Eden-Monaro,15450,QUILTY,Tim,6,ORP,Outdoor Recreation Party,1063.0,84130.0,0.012635207417092596,ORP,False,False
2004,NSW,117,Eden-Monaro,15618,AHMED,Nazia,7,DEM,Australian Democrats,725.0,84130.0,0.008617615594912635,DEM,False,False
2004,NSW,118,Farrer,14304,MATHEWS,Nico,1,CLR,Country Labor,17354.0,76097.0,0.22805104011984703,CLR,False,False
2004,NSW,118,Farrer,15400,WELLER,Jennifer,2,FFP,Family First,1395.0,76097.0,0.01833186590798586,FFP,False,False
2004,NSW,118,Farrer,15531,MORGAN,Matt,3,IND,Independent,682.0,76097.0,0.008962245555015309,IND,False,True
2004,NSW,118,Farrer,14749,LEY,Sussan,4,LP,Liberal,48304.0,76097.0,0.6347687819493542,LP,True,False
2004,NSW,118,Farrer,14703,LAHY,Chris,5,CEC,Citizens Electoral Council,318.0,76097.0,0.004178876959669895,CEC,False,False
2004,NSW,118,Farrer,15590,KOVACS,Frank,6,DEM,Australian Democrats,463.0,76097.0,0.006084339724299249,DEM,False,False
2004,NSW,118,Farrer,15578,BURBIDGE,John,7,IND,Independent,1956.0,76097.0,0.02570403563872426,IND,False,True
2004,NSW,118,Farrer,15352,JONES,Ray,8,HAN,Pauline Hanson's One Nation (NSW Division),1618.0,76097.0,0.02126233622876066,ON,False,False
2004,NSW,118,Farrer,15178,BURN,Ian Paul,9,CDP,Christian Democratic Party (Fred Nile Group),1275.0,76097.0,0.016754931206223636,CDP,False,False
2004,NSW,118,Farrer,15216,ROWSTON,Bruce,10,GRN,The Greens,2732.0,76097.0,0.035901546710119976,GRN,True,False
2004,NSW,119,Fowler,14161,TYRRELL,Pauline,1,GRN,The Greens,5164.0,70314.0,0.07344198879312797,GRN,True,False
2004,NSW,119,Fowler,15547,NUNEZ,Jose,2,IND,Independent,1594.0,70314.0,0.022669738601132066,IND,False,True
2004,NSW,119,Fowler,14722,JOHNSON,Hal,3,CEC,Citizens Electoral Council,1162.0,70314.0,0.01652586967033592,CEC,False,False
2004,NSW,119,Fowler,14341,IRWIN,Julia,4,ALP,Australian Labor Party,44141.0,70314.0,0.6277697186904457,ALP,True,False
2004,NSW,119,Fowler,14746,POWRIE,Philip,5,LP,Liberal,18253.0,70314.0,0.25959268424495835,LP,True,False
2004,NSW,120,Gilmore,15364,HARDING,Col,1,HAN,Pauline Hanson's One Nation (NSW Division),1762.0,80111.0,0.02199448265531575,ON,False,False
2004,NSW,120,Gilmore,15163,GREEN,Paul,2,CDP,Christian Democratic Party (Fred Nile Group),3381.0,80111.0,0.042203942030432776,CDP,False,False
2004,NSW,120,Gilmore,14322,PIKETT,Megan,3,ALP,Australian Labor Party,24835.0,80111.0,0.31000736478136587,ALP,True,False
2004,NSW,120,Gilmore,14269,VAN DER WIJNGAART,Ben,4,GRN,The Greens,6234.0,80111.0,0.07781702887243949,GRN,True,False
2004,NSW,120,Gilmore,14731,McCLUNG,Jean,5,CEC,Citizens Electoral Council,176.0,80111.0,0.002196951729475353,CEC,False,False
2004,NSW,120,Gilmore,14837,GASH,Joanna,6,LP,Liberal,43723.0,80111.0,0.5457802299309708,LP,True,False
2004,NSW,121,Grayndler,14220,MYERS,Philip,1,GRN,The Greens,15914.0,75484.0,0.2108261353399396,GRN,True,False
2004,NSW,121,Grayndler,15099,JOHNSON,Sue,2,SAL,Socialist Alliance,1010.0,75484.0,0.013380319008001696,SAL,False,False
2004,NSW,121,Grayndler,15570,HARRISON,Jen,3,DEM,Australian Democrats,1579.0,75484.0,0.020918340310529384,DEM,False,False
2004,NSW,121,Grayndler,14384,ALBANESE,Anthony,4,ALP,Australian Labor Party,38634.0,75484.0,0.5118170738169678,ALP,True,False
2004,NSW,121,Grayndler,14759,KOKKOLIS,Stephanie,5,LP,Liberal,18347.0,75484.0,0.2430581315245615,LP,True,False
2004,NSW,122,Greenway,14528,LOPEZ,Jean,1,SAS,Save the ADI Site Party,1362.0,75879.0,0.017949630332503064,SAS,False,False
2004,NSW,122,Greenway,14254,CHIDIAC,Joe,2,FPY,The Fishing Party,881.0,75879.0,0.011610590545473715,FPY,False,False
2004,NSW,122,Greenway,15446,BAYLEY,Grant,3,ORP,Outdoor Recreation Party,772.0,75879.0,0.010174092963797626,ORP,False,False
2004,NSW,122,Greenway,14200,IVOR,F,4,IND,Independent,420.0,75879.0,0.0055351282963665835,IND,False,True
2004,NSW,122,Greenway,15561,KING,David,5,DEM,Australian Democrats,672.0,75879.0,0.008856205274186534,DEM,False,False
2004,NSW,122,Greenway,15393,O'NEILL,Astrid,6,GRN,The Greens,2730.0,75879.0,0.03597833392638279,GRN,True,False
2004,NSW,122,Greenway,14309,HUSIC,Ed,7,ALP,Australian Labor Party,30389.0,75879.0,0.40049288999591454,ALP,True,False
2004,NSW,122,Greenway,15366,PETTITT,Tony,8,HAN,Pauline Hanson's One Nation (NSW Division),1040.0,75879.0,0.01370603197195535,ON,False,False
2004,NSW,122,Greenway,15483,HOULTON,Julie-Anne,9,LFF,liberals for forests,895.0,75879.0,0.011795094822019268,LFF,False,False
2004,NSW,122,Greenway,15155,TAN,Greg,10,CDP,Christian Democratic Party (Fred Nile Group),2142.0,75879.0,0.028229154311469575,CDP,False,False
2004,NSW,122,Greenway,12985,TANDA,Amarjit,11,IND,Independent,267.0,75879.0,0.0035187601312616137,IND,False,True
2004,NSW,122,Greenway,14779,MARKUS,Louise,12,LP,Liberal,33353.0,75879.0,0.4395550811159873,LP,True,False
2004,NSW,122,Greenway,14757,REVES,Goran,13,CEC,Citizens Electoral Council,79.0,75879.0,0.0010411312747927622,CEC,False,False
2004,NSW,122,Greenway,15395,DORHAUER,John,14,FFP,Family First,877.0,75879.0,0.01155787503788927,FFP,False,False
2004,NSW,123,Gwydir,14573,ANDERSON,John,1,NP,Nationals,46951.0,75792.0,0.6194717120540426,NP,True,False
2004,NSW,123,Gwydir,14321,SIMS,Glenn Richard,2,CLR,Country Labor,17396.0,75792.0,0.2295229047920625,CLR,False,False
2004,NSW,123,Gwydir,15046,ANDERSON,Michael John,3,GRN,The Greens,3399.0,75792.0,0.04484642178594047,GRN,True,False
2004,NSW,123,Gwydir,14752,STRINGER,Richard,4,CEC,Citizens Electoral Council,808.0,75792.0,0.010660755752586026,CEC,False,False
2004,NSW,123,Gwydir,15384,ROGERS,Colin,5,HAN,Pauline Hanson's One Nation (NSW Division),3441.0,75792.0,0.04540056998100064,ON,False,False
2004,NSW,123,Gwydir,12990,HAIGH,Bruce,6,IND,Independent,3797.0,75792.0,0.05009763563436774,IND,False,True
2004,NSW,124,Hughes,15599,BUNT,Rob,1,DEM,Australian Democrats,1162.0,79092.0,0.014691751378141911,DEM,False,False
2004,NSW,124,Hughes,14781,VALE,Danna,2,LP,Liberal,43726.0,79092.0,0.552849845749254,LP,True,False
2004,NSW,124,Hughes,14312,HOLLAND,Greg,3,ALP,Australian Labor Party,24739.0,79092.0,0.31278763971071666,ALP,True,False
2004,NSW,124,Hughes,15149,VANDERJAGT,John,4,CDP,Christian Democratic Party (Fred Nile Group),2589.0,79092.0,0.032734031254741315,CDP,False,False
2004,NSW,124,Hughes,15222,DIXON,Lorraine,5,GRN,The Greens,5372.0,79092.0,0.06792090224042886,GRN,True,False
2004,NSW,124,Hughes,14274,DAVIS,Bob,6,VET,"Ex-Service, Service & Veterans Party",1504.0,79092.0,0.019015829666717242,VET,False,False
2004,NSW,125,Hume,15171,PEET,Geoff,1,CDP,Christian Democratic Party (Fred Nile Group),2880.0,80946.0,0.035579275072270405,CDP,False,False
2004,NSW,125,Hume,15575,MINISSALE,Giuseppe,2,DEM,Australian Democrats,713.0,80946.0,0.008808341363378054,DEM,False,False
2004,NSW,125,Hume,15381,MARTIN,Peter,3,IND,Independent,1023.0,80946.0,0.012638054999629382,IND,False,True
2004,NSW,125,Hume,15292,SCHOFIELD,Arthur,4,IND,Independent,1011.0,80946.0,0.01248980802016159,IND,False,True
2004,NSW,125,Hume,14766,SCHULTZ,Alby,5,LP,Liberal,46652.0,80946.0,0.576334840510958,LP,True,False
2004,NSW,125,Hume,14347,SHANNON,Graeme,6,ALP,Australian Labor Party,22862.0,80946.0,0.2824352037160576,ALP,True,False
2004,NSW,125,Hume,14219,HORTON,David Robert,7,GRN,The Greens,5264.0,80946.0,0.06503100832653869,GRN,True,False
2004,NSW,125,Hume,14728,COSGROVE,Lindsay,8,CEC,Citizens Electoral Council,541.0,80946.0,0.00668346799100635,CEC,False,False
2004,NSW,126,Hunter,14365,FITZGIBBON,Joel,1,ALP,Australian Labor Party,43216.0,80632.0,0.5359658696299237,ALP,True,False
2004,NSW,126,Hunter,14383,SUWALD,Kerry,2,GRN,The Greens,5195.0,80632.0,0.06442851473360453,GRN,True,False
2004,NSW,126,Hunter,12778,FOX,Bill,3,IND,Independent,2618.0,80632.0,0.03246849885901379,IND,False,True
2004,NSW,126,Hunter,15413,SCHOLES,Neil,4,HAN,Pauline Hanson's One Nation (NSW Division),2543.0,80632.0,0.03153834705823991,ON,False,False
2004,NSW,126,Hunter,14578,BLACK,Beth,5,NP,Nationals,21621.0,80632.0,0.26814416112709594,NP,True,False
2004,NSW,126,Hunter,14717,LAWLER,Ann,6,CEC,Citizens Electoral Council,2590.0,80632.0,0.03212124218672487,CEC,False,False
2004,NSW,126,Hunter,15430,WOODS,Michael,7,FFP,Family First,1176.0,80632.0,0.014584780236134538,FFP,False,False
2004,NSW,126,Hunter,15150,MELBOURNE,Adrian,8,CDP,Christian Democratic Party (Fred Nile Group),1673.0,80632.0,0.020748586169262825,CDP,False,False
2004,NSW,127,Kingsford Smith,14336,GARRETT,Peter,1,ALP,Australian Labor Party,36565.0,73715.0,0.4960320151936512,ALP,True,False
2004,NSW,127,Kingsford Smith,15221,COGAN,James,2,,,214.0,73715.0,0.002903072644644916,,False,False
2004,NSW,127,Kingsford Smith,14141,MATTHEWS,Charles,3,IND,Independent,2505.0,73715.0,0.03398222885437156,IND,False,True
2004,NSW,127,Kingsford Smith,14218,GILROY,Reg Stewart,4,NGS,No GST,563.0,73715.0,0.0076375228922200365,NGS,False,False
2004,NSW,127,Kingsford Smith,15572,TILLOTSON,Nicole,5,DEM,Australian Democrats,747.0,73715.0,0.010133622736213797,DEM,False,False
2004,NSW,127,Kingsford Smith,15365,WINTER,Anna,6,HAN,Pauline Hanson's One Nation (NSW Division),779.0,73715.0,0.010567727056908364,ON,False,False
2004,NSW,127,Kingsford Smith,14696,ROBERT,Hannah,7,GRN,The Greens,5430.0,73715.0,0.07366207691785932,GRN,True,False
2004,NSW,127,Kingsford Smith,14909,PRASSAS,Nicholas,8,LP,Liberal,26639.0,73715.0,0.36137828121820526,LP,True,False
2004,NSW,127,Kingsford Smith,15168,FRANCES,Maureen,9,SAL,Socialist Alliance,273.0,73715.0,0.003703452485925524,SAL,False,False
2004,NSW,128,Lindsay,14615,DERRIG,Garth,1,NGS,No GST,1156.0,73054.0,0.015823911079475457,NGS,False,False
2004,NSW,128,Lindsay,14901,ANDERSON,Bruce,2,CEC,Citizens Electoral Council,148.0,73054.0,0.0020258986503134666,CEC,False,False
2004,NSW,128,Lindsay,14910,KELLY,Jackie,3,LP,Liberal,35119.0,73054.0,0.480726585813234,LP,True,False
2004,NSW,128,Lindsay,15391,WATSON,Megan,4,FFP,Family First,1006.0,73054.0,0.01377063542037397,FFP,False,False
2004,NSW,128,Lindsay,15256,PHILLIPS,John,5,CDP,Christian Democratic Party (Fred Nile Group),2026.0,73054.0,0.02773290990226408,CDP,False,False
2004,NSW,128,Lindsay,14332,BRADBURY,David,6,ALP,Australian Labor Party,27117.0,73054.0,0.37119117365236676,ALP,True,False
2004,NSW,128,Lindsay,15458,WORRALL,Gabrielle,7,GRN,The Greens,2547.0,73054.0,0.034864620691543245,GRN,True,False
2004,NSW,128,Lindsay,15562,WATERS,Geraldine,8,DEM,Australian Democrats,615.0,73054.0,0.008418430202316095,DEM,False,False
2004,NSW,128,Lindsay,14526,BATES,Barbie,9,SAS,Save the ADI Site Party,1953.0,73054.0,0.026733649081501356,SAS,False,False
2004,NSW,128,Lindsay,15369,KEDWELL,Louise,10,HAN,Pauline Hanson's One Nation (NSW Division),1367.0,73054.0,0.018712185506611547,ON,False,False
2004,NSW,129,Lowe,14880,MURPHY,Shireen,1,GRN,The Greens,7057.0,76415.0,0.0923509782110842,GRN,True,False
2004,NSW,129,Lowe,15494,AVERY,Timothy,2,LFF,liberals for forests,717.0,76415.0,0.009382974546882156,LFF,False,False
2004,NSW,129,Lowe,15184,RAHME,Peter,3,CDP,Christian Democratic Party (Fred Nile Group),1519.0,76415.0,0.019878296146044624,CDP,False,False
2004,NSW,129,Lowe,15602,PACE,Biannca,4,DEM,Australian Democrats,1013.0,76415.0,0.013256559575999477,DEM,False,False
2004,NSW,129,Lowe,14362,MURPHY,John,5,ALP,Australian Labor Party,32777.0,76415.0,0.4289341097951973,ALP,True,False
2004,NSW,129,Lowe,15373,MASON,John,6,HAN,Pauline Hanson's One Nation (NSW Division),678.0,76415.0,0.008872603546424131,ON,False,False
2004,NSW,129,Lowe,14947,SIDOTI,John,7,LP,Liberal,32654.0,76415.0,0.4273244781783681,LP,True,False
2004,NSW,130,Lyne,15564,WILDBLOOD,Peter,1,DEM,Australian Democrats,1401.0,83394.0,0.01679976976760918,DEM,False,False
2004,NSW,130,Lyne,15363,STANFIELD,Joan,2,HAN,Pauline Hanson's One Nation (NSW Division),3046.0,83394.0,0.03652540950188263,ON,False,False
2004,NSW,130,Lyne,14744,MULDOON,Graeme,3,CEC,Citizens Electoral Council,225.0,83394.0,0.0026980358299158215,CEC,False,False
2004,NSW,130,Lyne,14520,MURPHY,Robyn,4,NCO,New Country,2824.0,83394.0,0.03386334748303235,NCO,False,False
2004,NSW,130,Lyne,15388,APOSTLE,Simon,5,FFP,Family First,1181.0,83394.0,0.014161690289469266,FFP,False,False
2004,NSW,130,Lyne,14317,WATTERS,Greg,6,ALP,Australian Labor Party,22325.0,83394.0,0.2677051106794254,ALP,True,False
2004,NSW,130,Lyne,14414,BRADLEY,Jeremy,7,GRN,The Greens,3966.0,83394.0,0.04755737822864954,GRN,True,False
2004,NSW,130,Lyne,14570,VAILE,Mark,8,NP,Nationals,46958.0,83394.0,0.5630860733386095,NP,True,False
2004,NSW,130,Lyne,15096,BAILEY,Ron,9,SAL,Socialist Alliance,141.0,83394.0,0.0016907691200805813,SAL,False,False
2004,NSW,130,Lyne,15548,SALT,Kerry,10,IND,Independent,1327.0,83394.0,0.015912415761325755,IND,False,True
2004,NSW,131,Macarthur,15406,AGIUS,Mick,1,FFP,Family First,1735.0,74291.0,0.023354107496197388,FFP,False,False
2004,NSW,131,Macarthur,15252,DUNKERLEY,Ralph Bernard,2,CDP,Christian Democratic Party (Fred Nile Group),1730.0,74291.0,0.02328680459275013,CDP,False,False
2004,NSW,131,Macarthur,14812,HANSON,Jennifer,3,GRN,The Greens,3324.0,74291.0,0.044742970211734935,GRN,True,False
2004,NSW,131,Macarthur,15370,WATKINS,Len,4,HAN,Pauline Hanson's One Nation (NSW Division),1266.0,74291.0,0.017041095152844892,ON,False,False
2004,NSW,131,Macarthur,15523,BRAZENALL,Max,5,IND,Independent,558.0,74291.0,0.007511004024713626,IND,False,True
2004,NSW,131,Macarthur,14381,OATES,Meg,6,ALP,Australian Labor Party,24584.0,74291.0,0.33091491566946196,ALP,True,False
2004,NSW,131,Macarthur,15581,PEARCE,Lester,7,DEM,Australian Democrats,625.0,74291.0,0.00841286293090684,DEM,False,False
2004,NSW,131,Macarthur,14879,FARMER,Pat,8,LP,Liberal,40469.0,74291.0,0.5447362399213902,LP,True,False
2004,NSW,132,Mackellar,15347,WELLS,Stephen,1,IND,Independent,1231.0,78195.0,0.015742694545687063,IND,False,True
2004,NSW,132,Mackellar,14337,SHARPE,Chris,2,ALP,Australian Labor Party,15492.0,78195.0,0.19812008440437368,ALP,True,False
2004,NSW,132,Mackellar,15593,NICOTRA,Mario,3,DEM,Australian Democrats,1133.0,78195.0,0.014489417481936185,DEM,False,False
2004,NSW,132,Mackellar,15420,DUNN,Robert Thomas,4,IND,Independent,6050.0,78195.0,0.07737067587441653,IND,False,True
2004,NSW,132,Mackellar,15443,TRESTRAIL,Roz,5,FFP,Family First,1318.0,78195.0,0.01685529765330264,FFP,False,False
2004,NSW,132,Mackellar,14404,DOWNIE,Christian,6,GRN,The Greens,8193.0,78195.0,0.10477652023786688,GRN,True,False
2004,NSW,132,Mackellar,14827,BISHOP,Bronwyn,7,LP,Liberal,44778.0,78195.0,0.572645309802417,LP,True,False
2004,NSW,133,Macquarie,15517,WILLIAMS,Tim,1,IND,Independent,1774.0,78885.0,0.022488432528364074,IND,False,True
2004,NSW,133,Macquarie,15563,HAYDON,John,2,DEM,Australian Democrats,969.0,78885.0,0.012283704126259745,DEM,False,False
2004,NSW,133,Macquarie,14580,MACRAE,Joel,3,GRN,The Greens,8561.0,78885.0,0.10852506813716169,GRN,True,False
2004,NSW,133,Macquarie,14504,DERRIG,Matthew,4,NGS,No GST,639.0,78885.0,0.008100399315459212,NGS,False,False
2004,NSW,133,Macquarie,14310,PTOLEMY,Mark,5,ALP,Australian Labor Party,21898.0,78885.0,0.27759396589972746,ALP,True,False
2004,NSW,133,Macquarie,15396,GERI,Troy,6,FFP,Family First,1082.0,78885.0,0.013716169106927807,FFP,False,False
2004,NSW,133,Macquarie,14742,SEGEDIN,Michael,7,CEC,Citizens Electoral Council,86.0,78885.0,0.0010901945870571085,CEC,False,False
2004,NSW,133,Macquarie,15164,GRIGG,Brian,8,CDP,Christian Democratic Party (Fred Nile Group),1855.0,78885.0,0.023515243709196932,CDP,False,False
2004,NSW,133,Macquarie,14782,BARTLETT,Kerry,9,LP,Liberal,42021.0,78885.0,0.532686822589846,LP,True,False
2004,NSW,134,Mitchell,15614,KESHAVARZ TALEBI,Kamran,1,DEM,Australian Democrats,1440.0,84815.0,0.01697812886871426,DEM,False,False
2004,NSW,134,Mitchell,15394,MONTGOMERY,Joy,2,FFP,Family First,1140.0,84815.0,0.013441018687732122,FFP,False,False
2004,NSW,134,Mitchell,14290,JARECKI,Sheryl,3,GRN,The Greens,5258.0,84815.0,0.06199375110534693,GRN,True,False
2004,NSW,134,Mitchell,15195,BODLAY,Jordie Stuart,4,IND,Independent,476.0,84815.0,0.005612214820491658,IND,False,True
2004,NSW,134,Mitchell,15367,BYLEVELD,Norman,5,HAN,Pauline Hanson's One Nation (NSW Division),1037.0,84815.0,0.012226610858928256,ON,False,False
2004,NSW,134,Mitchell,14320,WALIA,Harmohan,6,ALP,Australian Labor Party,17673.0,84815.0,0.20837116076165774,ALP,True,False
2004,NSW,134,Mitchell,14908,CADMAN,Alan,7,LP,Liberal,54582.0,84815.0,0.6435418263278901,LP,True,False
2004,NSW,134,Mitchell,15253,HORGAN,Michael,8,CDP,Christian Democratic Party (Fred Nile Group),2161.0,84815.0,0.02547898367034133,CDP,False,False
2004,NSW,134,Mitchell,9473,BURKE,Stephen,9,IND,Independent,1048.0,84815.0,0.0123563048988976,IND,False,True
2004,NSW,135,New England,14865,LAWLER,Steve,1,CEC,Citizens Electoral Council,455.0,80441.0,0.005656319538543777,CEC,False,False
2004,NSW,135,New England,14177,TAYLOR,Bruce Richard,2,GRN,The Greens,2679.0,80441.0,0.03330391218408523,GRN,True,False
2004,NSW,135,New England,14896,MacDONALD,Scot,3,LP,Liberal,8070.0,80441.0,0.10032197511219403,LP,True,False
2004,NSW,135,New England,14572,KHAN,Trevor,4,NP,Nationals,15031.0,80441.0,0.1868574483161572,NP,True,False
2004,NSW,135,New England,14334,SMITH,Greg,5,CLR,Country Labor,6988.0,80441.0,0.0868711229348218,CLR,False,False
2004,NSW,135,New England,15377,SCHOLES,Raymond,6,HAN,Pauline Hanson's One Nation (NSW Division),1146.0,80441.0,0.014246466354222349,ON,False,False
2004,NSW,135,New England,13274,WINDSOR,Tony,7,IND,Independent,46072.0,80441.0,0.5727427555599757,IND,False,True
2004,NSW,136,Newcastle,14784,BARFIELD,Josephine,1,LP,Liberal,28902.0,81318.0,0.35541946432524163,LP,True,False
2004,NSW,136,Newcastle,14458,ROOKE-FRIZELL,Annie,2,GRN,The Greens,9701.0,81318.0,0.11929708059716176,GRN,True,False
2004,NSW,136,Newcastle,15571,SMITH,Eddie,3,DEM,Australian Democrats,2018.0,81318.0,0.024816153865072924,DEM,False,False
2004,NSW,136,Newcastle,15313,WILLIAMS,Harry,4,PLP,Progressive Labour Party,2001.0,81318.0,0.024607098059470228,PLP,False,False
2004,NSW,136,Newcastle,14333,GRIERSON,Sharon,5,ALP,Australian Labor Party,37392.0,81318.0,0.45982439312329376,ALP,True,False
2004,NSW,136,Newcastle,15114,ROBSON,Peter,6,SAL,Socialist Alliance,491.0,81318.0,0.006038023561819031,SAL,False,False
2004,NSW,136,Newcastle,14762,BOWER,Don,7,CEC,Citizens Electoral Council,813.0,81318.0,0.009997786467940677,CEC,False,False
2004,NSW,137,North Sydney,14777,HOCKEY,Joe,1,LP,Liberal,45105.0,80199.0,0.5624134964276363,LP,True,False
2004,NSW,137,North Sydney,14375,TEIRNEY,Fran,2,ALP,Australian Labor Party,21864.0,80199.0,0.27262185314031345,ALP,True,False
2004,NSW,137,North Sydney,14370,COWDERY,Edwina Mary,3,IND,Independent,1884.0,80199.0,0.02349156473272734,IND,False,True
2004,NSW,137,North Sydney,14765,NIXON,Ted,4,GRN,The Greens,9890.0,80199.0,0.12331824586341475,GRN,True,False
2004,NSW,137,North Sydney,15629,de VOOGD,Jan,5,DEM,Australian Democrats,1456.0,80199.0,0.01815483983590818,DEM,False,False
2004,NSW,138,Page,15019,GRIFFITHS,Angela,1,CEC,Citizens Electoral Council,839.0,77633.0,0.010807259799312147,CEC,False,False
2004,NSW,138,Page,15455,MATEER,Chris,2,ORP,Outdoor Recreation Party,1225.0,77633.0,0.01577937217420427,ORP,False,False
2004,NSW,138,Page,14449,JACKSON,Mark,3,GRN,The Greens,8399.0,77633.0,0.10818852807440135,GRN,True,False
2004,NSW,138,Page,9663,BEHN,Doug,4,,,1216.0,77633.0,0.0156634420929244,,False,False
2004,NSW,138,Page,14582,CAUSLEY,Ian,5,NP,Nationals,37637.0,77633.0,0.48480671879226617,NP,True,False
2004,NSW,138,Page,15188,FLANAGAN,Tom,6,SAL,Socialist Alliance,460.0,77633.0,0.005925315265415481,SAL,False,False
2004,NSW,138,Page,14327,BELL,Kevin,7,ALP,Australian Labor Party,25702.0,77633.0,0.3310705498950189,ALP,True,False
2004,NSW,138,Page,15479,ANDERSON,Belinda,8,LFF,liberals for forests,2155.0,77633.0,0.027758813906457305,LFF,False,False
2004,NSW,139,Parkes,14325,KNAGGE,Joe,1,CLR,Country Labor,23568.0,75335.0,0.3128426362248623,CLR,False,False
2004,NSW,139,Parkes,14525,LOUGHLIN,Terrance,2,GRN,The Greens,2577.0,75335.0,0.03420720780513706,GRN,True,False
2004,NSW,139,Parkes,14626,COBB,John,3,NP,Nationals,45569.0,75335.0,0.6048848476803611,NP,True,False
2004,NSW,139,Parkes,15505,BOLAND,Michael John,4,IND,Independent,2904.0,75335.0,0.03854781973850136,IND,False,True
2004,NSW,139,Parkes,14798,RANGIHAEATA,Makere,5,CEC,Citizens Electoral Council,717.0,75335.0,0.009517488551138249,CEC,False,False
2004,NSW,140,Parramatta,15300,PENIAZEV,Alex,1,NCP,Non-Custodial Parents Party,777.0,75009.0,0.0103587569491661,NCP,True,False
2004,NSW,140,Parramatta,15492,GUEST,Mark Antony,2,LFF,liberals for forests,985.0,75009.0,0.013131757522430641,LFF,False,False
2004,NSW,140,Parramatta,15362,SATCHWELL,John,3,HAN,Pauline Hanson's One Nation (NSW Division),859.0,75009.0,0.011451959098241545,ON,False,False
2004,NSW,140,Parramatta,15465,SAAD,Simon,4,NGS,No GST,581.0,75009.0,0.007745737178205282,NGS,False,False
2004,NSW,140,Parramatta,15407,MARKWELL,Andrew,5,FFP,Family First,674.0,75009.0,0.00898558839605914,FFP,False,False
2004,NSW,140,Parramatta,15201,BAISSARI,Sam,6,CDP,Christian Democratic Party (Fred Nile Group),1948.0,75009.0,0.025970216907304458,CDP,False,False
2004,NSW,140,Parramatta,14328,OWENS,Julie,7,ALP,Australian Labor Party,31166.0,75009.0,0.41549680704982067,ALP,True,False
2004,NSW,140,Parramatta,15576,MCFARLANE,Rob,8,DEM,Australian Democrats,798.0,75009.0,0.010638723353197616,DEM,False,False
2004,NSW,140,Parramatta,14801,CAMERON,Ross,9,LP,Liberal,33073.0,75009.0,0.4409204228825874,LP,True,False
2004,NSW,140,Parramatta,14529,BLOOR,Margaret,10,SAS,Save the ADI Site Party,175.0,75009.0,0.002333053366929302,SAS,False,False
2004,NSW,140,Parramatta,15438,WILLIAMSON,Doug,11,GRN,The Greens,3973.0,75009.0,0.05296697729605781,GRN,True,False
2004,NSW,249,Paterson,15573,McKENZIE,Bruce,1,VET,"Ex-Service, Service & Veterans Party",987.0,79420.0,0.012427600100730294,VET,False,False
2004,NSW,249,Paterson,15301,SMITH,Neil,2,IND,Independent,351.0,79420.0,0.004419541677159406,IND,False,True
2004,NSW,249,Paterson,15515,HENNELLY,Paul,3,FPY,The Fishing Party,778.0,79420.0,0.009796021153361874,FPY,False,False
2004,NSW,249,Paterson,14300,TUFFY,Mike,4,IND,Independent,677.0,79420.0,0.008524301183580963,IND,False,True
2004,NSW,249,Paterson,14876,BALDWIN,Bob,5,LP,Liberal,41289.0,79420.0,0.5198816419038026,LP,True,False
2004,NSW,249,Paterson,15598,PATERSON,Brett,6,DEM,Australian Democrats,577.0,79420.0,0.007265172500629564,DEM,False,False
2004,NSW,249,Paterson,15411,GRIFFITH,Charlie,7,HAN,Pauline Hanson's One Nation (NSW Division),1417.0,79420.0,0.017841853437421305,ON,False,False
2004,NSW,249,Paterson,15417,ROBB,Larissa,8,FFP,Family First,681.0,79420.0,0.008574666330899018,FFP,False,False
2004,NSW,249,Paterson,14803,KING,Tony,9,CEC,Citizens Electoral Council,727.0,79420.0,0.00915386552505666,CEC,False,False
2004,NSW,249,Paterson,14318,KOZARY,Giovanna,10,ALP,Australian Labor Party,28633.0,79420.0,0.3605263157894737,ALP,True,False
2004,NSW,249,Paterson,15467,RANKE,Aina,11,GRN,The Greens,3303.0,79420.0,0.04158902039788467,GRN,True,False
2004,NSW,142,Prospect,14431,BOWEN,Chris,1,ALP,Australian Labor Party,37802.0,75493.0,0.5007351674989734,ALP,True,False
2004,NSW,142,Prospect,15196,POULARAS,Manny,2,CDP,Christian Democratic Party (Fred Nile Group),2285.0,75493.0,0.030267706939716265,CDP,False,False
2004,NSW,142,Prospect,14197,MARKS,Kelly,3,GRN,The Greens,4009.0,75493.0,0.053104261322241796,GRN,True,False
2004,NSW,142,Prospect,15587,ARTHUR,Lily,4,DEM,Australian Democrats,1131.0,75493.0,0.014981521465566344,DEM,False,False
2004,NSW,142,Prospect,15385,ABROMAS,John,5,HAN,Pauline Hanson's One Nation (NSW Division),1438.0,75493.0,0.019048123667094963,ON,False,False
2004,NSW,142,Prospect,14917,JACOBUCCI,Robert,6,LP,Liberal,28828.0,75493.0,0.3818632191064072,LP,True,False
2004,NSW,144,Reid,15053,KHOURY,Nicholas,1,NGS,No GST,3084.0,64346.0,0.04792838715693283,NGS,False,False
2004,NSW,144,Reid,15126,MACDONALD,Lisa,2,SAL,Socialist Alliance,673.0,64346.0,0.010459080595530414,SAL,False,False
2004,NSW,144,Reid,15368,WILLIAMS,Neville,3,HAN,Pauline Hanson's One Nation (NSW Division),1267.0,64346.0,0.019690423647157555,ON,False,False
2004,NSW,144,Reid,15257,LAURENCE,Kylie Mary,4,CDP,Christian Democratic Party (Fred Nile Group),2296.0,64346.0,0.03568209368103689,CDP,False,False
2004,NSW,144,Reid,14396,FERGUSON,Laurie,5,ALP,Australian Labor Party,33052.0,64346.0,0.51366052279862,ALP,True,False
2004,NSW,144,Reid,14787,McMAHON,Sarah,6,LP,Liberal,19796.0,64346.0,0.3076492711279644,LP,True,False
2004,NSW,144,Reid,15585,YOO,Tony,7,DEM,Australian Democrats,802.0,64346.0,0.01246386721785348,DEM,False,False
2004,NSW,144,Reid,14174,SALTI,Wafaa,8,GRN,The Greens,3376.0,64346.0,0.052466353774904426,GRN,True,False
2004,NSW,145,Richmond,15416,LEES,Craig,1,FFP,Family First,1626.0,78819.0,0.020629543637955314,FFP,False,False
2004,NSW,145,Richmond,15526,JEFFERYS,Dean,2,NDP,Nuclear Disarmament Party of Australia,341.0,78819.0,0.004326368007713876,NDP,False,False
2004,NSW,145,Richmond,15540,WATT,Allan,3,VET,"Ex-Service, Service & Veterans Party",617.0,78819.0,0.007828061761757953,VET,False,False
2004,NSW,145,Richmond,15482,TYLER,Fiona,4,LFF,liberals for forests,1417.0,78819.0,0.01797789873000165,LFF,False,False
2004,NSW,145,Richmond,14518,FLOWER,Susanna,5,GRN,The Greens,9751.0,78819.0,0.12371382534668036,GRN,True,False
2004,NSW,145,Richmond,15608,WINTON-BROWN,Timothy,6,DEM,Australian Democrats,913.0,78819.0,0.01158350144000812,DEM,False,False
2004,NSW,145,Richmond,14308,ELLIOT,Justine,7,ALP,Australian Labor Party,28059.0,78819.0,0.3559928443649374,ALP,True,False
2004,NSW,145,Richmond,14571,ANTHONY,Larry,8,NP,Nationals,36095.0,78819.0,0.45794795671094535,NP,True,False
2004,NSW,250,Riverina,15374,TURNER,Neil,1,HAN,Pauline Hanson's One Nation (NSW Division),3389.0,81294.0,0.04168819347061284,ON,False,False
2004,NSW,250,Riverina,14402,BROOKS,Victoria,2,CLR,Country Labor,20080.0,81294.0,0.24700469899377567,CLR,False,False
2004,NSW,250,Riverina,14589,HULL,Kay,3,NP,Nationals,54328.0,81294.0,0.6682904027357492,NP,True,False
2004,NSW,250,Riverina,15074,GOODLASS,Ray,4,GRN,The Greens,3497.0,81294.0,0.04301670479986223,GRN,True,False
2004,NSW,146,Robertson,14262,JONES,Terry,1,GRN,The Greens,6200.0,77990.0,0.07949737145787922,GRN,True,False
2004,NSW,146,Robertson,15454,DORHAUER,Carolyn,2,FFP,Family First,1312.0,77990.0,0.016822669573022184,FFP,False,False
2004,NSW,146,Robertson,15361,PARKES,Don,3,HAN,Pauline Hanson's One Nation (NSW Division),1344.0,77990.0,0.017232978586998335,ON,False,False
2004,NSW,146,Robertson,14324,MORAN,Trish,4,ALP,Australian Labor Party,27107.0,77990.0,0.34757020130786,ALP,True,False
2004,NSW,146,Robertson,14783,TOMLIN,Nicholas,5,CEC,Citizens Electoral Council,211.0,77990.0,0.002705475060905244,CEC,False,False
2004,NSW,146,Robertson,14802,LLOYD,Jim,6,LP,Liberal,41816.0,77990.0,0.536171304013335,LP,True,False
2004,NSW,148,Shortland,14455,PHILLIPS,Bob,1,GRN,The Greens,6333.0,80275.0,0.07889131111803177,GRN,True,False
2004,NSW,148,Shortland,14348,HALL,Jill,2,ALP,Australian Labor Party,40069.0,80275.0,0.49914668327623796,ALP,True,False
2004,NSW,148,Shortland,15418,DIXON,Brian,3,FFP,Family First,1804.0,80275.0,0.022472749922142633,FFP,False,False
2004,NSW,148,Shortland,14843,TSCHANTER,Dell,4,LP,Liberal,28745.0,80275.0,0.3580815945188415,LP,True,False
2004,NSW,148,Shortland,15612,LEE,Peter,5,DEM,Australian Democrats,1211.0,80275.0,0.015085643101837434,DEM,False,False
2004,NSW,148,Shortland,15372,ROBERTS,Florence,6,HAN,Pauline Hanson's One Nation (NSW Division),2113.0,80275.0,0.02632201806290875,ON,False,False
2004,NSW,149,Sydney,15520,WARD,Jane,1,IND,Independent,1346.0,82283.0,0.01635817848158186,IND,False,True
2004,NSW,149,Sydney,15302,LEONG,Jenny,2,GRN,The Greens,17784.0,82283.0,0.2161321293584337,GRN,True,False
2004,NSW,149,Sydney,14886,SHEVERS,Michael,3,LP,Liberal,23419.0,82283.0,0.2846152911293949,LP,True,False
2004,NSW,149,Sydney,14305,PLIBERSEK,Tanya,4,ALP,Australian Labor Party,36766.0,82283.0,0.44682376675619506,ALP,True,False
2004,NSW,149,Sydney,14835,FORD,Adrian,5,CEC,Citizens Electoral Council,150.0,82283.0,0.0018229767995819306,CEC,False,False
2004,NSW,149,Sydney,14142,WEBB,Michael,6,IND,Independent,553.0,82283.0,0.006720707801125384,IND,False,True
2004,NSW,149,Sydney,15118,PRICE,Susan,7,SAL,Socialist Alliance,564.0,82283.0,0.006854392766428059,SAL,False,False
2004,NSW,149,Sydney,15584,BLEICHER,Michelle,8,DEM,Australian Democrats,1701.0,82283.0,0.020672556907259092,DEM,False,False
2004,NSW,150,Throsby,14800,NELSON,Linda,1,LP,Liberal,24519.0,79087.0,0.3100256679353117,LP,True,False
2004,NSW,150,Throsby,15615,ROBERTS,Madeleine,2,DEM,Australian Democrats,2078.0,79087.0,0.02627486186098853,DEM,False,False
2004,NSW,150,Throsby,14271,JONES,Trevor,3,GRN,The Greens,7995.0,79087.0,0.1010912033583269,GRN,True,False
2004,NSW,150,Throsby,14326,GEORGE,Jennie,4,ALP,Australian Labor Party,44495.0,79087.0,0.5626082668453728,ALP,True,False
2004,NSW,151,Warringah,15371,KELLY,David,1,HAN,Pauline Hanson's One Nation (NSW Division),1142.0,74816.0,0.015264114627887083,ON,False,False
2004,NSW,151,Warringah,15464,McPHERSON,Phil,2,FFP,Family First,1023.0,74816.0,0.013673545765611634,FFP,False,False
2004,NSW,151,Warringah,14467,UNDERWOOD,Dian Maie,3,IND,Independent,524.0,74816.0,0.007003849443969205,IND,False,True
2004,NSW,151,Warringah,14501,HEHIR,Ian,4,GRN,The Greens,8833.0,74816.0,0.11806298118049616,GRN,True,False
2004,NSW,151,Warringah,15493,PETERSEN,Patricia,5,IND,Independent,1914.0,74816.0,0.025582763045337895,IND,False,True
2004,NSW,151,Warringah,14833,ABBOTT,Tony,6,LP,Liberal,40798.0,74816.0,0.5453111633875107,LP,True,False
2004,NSW,151,Warringah,15536,THYER,Peter,7,IND,Independent,471.0,74816.0,0.0062954448246364415,IND,False,True
2004,NSW,151,Warringah,14451,FRANCEY,Neil,8,IND,Independent,312.0,74816.0,0.004170230966638152,IND,False,True
2004,NSW,151,Warringah,15580,KELLY,Edward,9,FPY,The Fishing Party,618.0,74816.0,0.008260265183917878,FPY,False,False
2004,NSW,151,Warringah,14335,BEATTIE,Linda,10,ALP,Australian Labor Party,19181.0,74816.0,0.2563756415739949,ALP,True,False
2004,NSW,251,Watson,14342,BURKE,Tony,1,ALP,Australian Labor Party,39046.0,68928.0,0.5664751624883937,ALP,True,False
2004,NSW,251,Watson,15470,CANNONE,Cat,2,FFP,Family First,1150.0,68928.0,0.016684076137418756,FFP,False,False
2004,NSW,251,Watson,15375,COLEMAN,John,3,HAN,Pauline Hanson's One Nation (NSW Division),1093.0,68928.0,0.01585712627669452,ON,False,False
2004,NSW,251,Watson,15592,DALRYMPLE,Garry,4,DEM,Australian Democrats,914.0,68928.0,0.01326021355617456,DEM,False,False
2004,NSW,251,Watson,15208,REID,Kali,5,GRN,The Greens,4667.0,68928.0,0.06770833333333333,GRN,True,False
2004,NSW,251,Watson,13321,POULSEN,Ron,6,,,335.0,68928.0,0.00486014391829155,,False,False
2004,NSW,251,Watson,14809,TOPOLSKI,Keith,7,LP,Liberal,21723.0,68928.0,0.3151549442896936,LP,True,False
2004,NSW,152,Wentworth,15589,VOGLER,Robert,1,IND,Independent,339.0,73624.0,0.004604476801043138,IND,False,True
2004,NSW,152,Wentworth,15478,SHEIL,Pat,2,IND,Independent,218.0,73624.0,0.002960990981201782,IND,False,True
2004,NSW,152,Wentworth,15052,COX,Mithra,3,GRN,The Greens,8210.0,73624.0,0.11151255025535152,GRN,True,False
2004,NSW,152,Wentworth,14923,TURNBULL,Malcolm,4,LP,Liberal,30771.0,73624.0,0.41794795175486255,LP,True,False
2004,NSW,152,Wentworth,15600,MORRISON,Lindy,5,DEM,Australian Democrats,683.0,73624.0,0.009276866239269804,DEM,False,False
2004,NSW,152,Wentworth,14306,PATCH,David,6,ALP,Australian Labor Party,19391.0,73624.0,0.26337878952515487,ALP,True,False
2004,NSW,152,Wentworth,15472,SHEN,Victor,7,FPY,The Fishing Party,239.0,73624.0,0.003246224057372596,FPY,False,False
2004,NSW,152,Wentworth,14944,BUCKLEY,Brian,8,NGS,No GST,171.0,73624.0,0.002322612191676627,NGS,False,False
2004,NSW,152,Wentworth,15469,HULL,Leonie,9,FFP,Family First,301.0,73624.0,0.004088340758448332,FFP,False,False
2004,NSW,152,Wentworth,12223,KING,Peter,10,IND,Independent,13236.0,73624.0,0.17977833315223296,IND,False,True
2004,NSW,152,Wentworth,14934,JAMIESON,John,11,CEC,Citizens Electoral Council,65.0,73624.0,0.0008828642833858525,CEC,False,False
2004,NSW,153,Werriwa,15565,BARGSHOON,Sam,1,IND,Independent,3779.0,77582.0,0.04870975226212266,IND,False,True
2004,NSW,153,Werriwa,15586,BRISCOE-HOUGH,Patrick,2,DEM,Australian Democrats,965.0,77582.0,0.01243845221829806,DEM,False,False
2004,NSW,153,Werriwa,15386,DOGGETT,Charles,3,HAN,Pauline Hanson's One Nation (NSW Division),1831.0,77582.0,0.023600835245288856,ON,False,False
2004,NSW,153,Werriwa,14215,RAUE,Ben,4,GRN,The Greens,2432.0,77582.0,0.03134747750766931,GRN,True,False
2004,NSW,153,Werriwa,14340,LATHAM,Mark,5,ALP,Australian Labor Party,40837.0,77582.0,0.5263720966203501,ALP,True,False
2004,NSW,153,Werriwa,14842,MEDWAY,Michael,6,LP,Liberal,27241.0,77582.0,0.35112526101415276,LP,True,False
2004,NSW,153,Werriwa,15119,HEAD,Mike,7,,,497.0,77582.0,0.006406125132118275,,False,False
2004,NT,306,Lingiari,14577,SNOWDON,Warren,1,ALP,Australian Labor Party (ALP),21782.0,42999.0,0.506569920230703,ALP,True,False
2004,NT,306,Lingiari,15187,CURTIS,David,2,DEM,Australian Democrats,1260.0,42999.0,0.029303007046675503,DEM,False,False
2004,NT,306,Lingiari,14682,AUSTIN,Maisie,3,CLP,CLP-The Territory Party,16494.0,42999.0,0.38359031605386174,CLP,True,False
2004,NT,306,Lingiari,14619,BRISTOW,James,4,GRN,The Greens,2400.0,42999.0,0.05581525151747715,GRN,True,False
2004,NT,306,Lingiari,14454,MILLS,Andrew Ian,5,IND,Independent,1063.0,42999.0,0.02472150515128259,IND,False,True
2004,NT,307,Solomon,15566,FOLEY,Maurice,1,,,718.0,47916.0,0.014984556306870357,,False,False
2004,NT,307,Solomon,14540,DAVIDSON,Jim,2,ALP,Australian Labor Party (ALP),18464.0,47916.0,0.385341013440187,ALP,True,False
2004,NT,307,Solomon,14681,TOLLNER,David,3,CLP,CLP-The Territory Party,23361.0,47916.0,0.48754069621838214,CLP,True,False
2004,NT,307,Solomon,14624,ELDRIDGE,Ilana,4,GRN,The Greens,3246.0,47916.0,0.0677435512146256,GRN,True,False
2004,NT,307,Solomon,15317,DEAN,Duncan,5,DEM,Australian Democrats,892.0,47916.0,0.01861591117789465,DEM,False,False
2004,NT,307,Solomon,15077,WEST,Mark,6,FFP,Family First,1000.0,47916.0,0.02086985558059938,FFP,False,False
2004,NT,307,Solomon,14353,FLYNN,Peter,7,CEC,Citizens Electoral Council,235.0,47916.0,0.004904416061440855,CEC,False,False
2004,QLD,304,Blair,15254,PRICE,Alan,1,NCO,New Country,1691.0,81781.0,0.020677174404812853,NCO,False,False
2004,QLD,304,Blair,15461,BENNETT,John,2,TGA,The Great Australians,473.0,81781.0,0.005783739499394725,TGA,False,False
2004,QLD,304,Blair,14926,THOMPSON,Cameron,3,LP,Liberal,42683.0,81781.0,0.5219182939802643,LP,True,False
2004,QLD,304,Blair,15212,O'REILLY-REIS,Sarai E,4,GRN,The Greens,2406.0,81781.0,0.029420036438781626,GRN,True,False
2004,QLD,304,Blair,15080,STAPLETON,Rodney,5,CEC,Citizens Electoral Council,458.0,81781.0,0.005600322813367408,CEC,False,False
2004,QLD,304,Blair,15089,NEUMANN,Shayne,6,ALP,Australian Labor Party,25709.0,81781.0,0.3143639720717526,ALP,True,False
2004,QLD,304,Blair,15258,McKENZIE,Neal,7,DEM,Australian Democrats,1049.0,81781.0,0.012826940242843692,DEM,False,False
2004,QLD,304,Blair,15315,CHIDGEY,David,8,HAN,One Nation,4330.0,81781.0,0.05294628336655213,ON,False,False
2004,QLD,304,Blair,15084,SMITH,Priscilla,9,FFP,Family First,2982.0,81781.0,0.036463237182230594,FFP,False,False
2004,QLD,310,Bonner,15102,WHEELER,William Raymond,1,CEC,Citizens Electoral Council,451.0,77801.0,0.005796840657575095,CEC,False,False
2004,QLD,310,Bonner,15033,VASTA,Ross,2,LP,Liberal,34334.0,77801.0,0.4413053816788987,LP,True,False
2004,QLD,310,Bonner,15310,MYATT,Barry,3,HAN,One Nation,1436.0,77801.0,0.018457346306602743,ON,False,False
2004,QLD,310,Bonner,15017,SCIACCA,Con,4,ALP,Australian Labor Party,33261.0,77801.0,0.42751378516985644,ALP,True,False
2004,QLD,310,Bonner,15112,HUNT,Trevor,5,FFP,Family First,3393.0,77801.0,0.04361126463670133,FFP,False,False
2004,QLD,310,Bonner,15261,SMITH,Chad,6,DEM,Australian Democrats,1090.0,77801.0,0.014010102697908767,DEM,False,False
2004,QLD,310,Bonner,15193,JENKINS,Elissa,7,GRN,The Greens,3836.0,77801.0,0.04930527885245691,GRN,True,False
2004,QLD,155,Bowman,15194,NADAS,Paula,1,GRN,The Greens,3729.0,77809.0,0.04792504723104011,GRN,True,False
2004,QLD,155,Bowman,15094,CAYLEY,Mal,2,FFP,Family First,3126.0,77809.0,0.04017530105771826,FFP,False,False
2004,QLD,155,Bowman,15283,BROMWICH,Robert H,3,DEM,Australian Democrats,835.0,77809.0,0.010731406392576694,DEM,False,False
2004,QLD,155,Bowman,14270,ROSS,Joe,4,NP,The Nationals,3125.0,77809.0,0.040162449074014575,NP,True,False
2004,QLD,155,Bowman,14913,LAMING,Andrew,5,LP,Liberal,39363.0,77809.0,0.5058926345281394,LP,True,False
2004,QLD,155,Bowman,15108,WEBSTER,Donna,6,ALP,Australian Labor Party,27631.0,77809.0,0.3551131617165109,ALP,True,False
2004,QLD,156,Brisbane,15001,TALL,Ingrid,1,LP,Liberal,31721.0,79323.0,0.3998966251906761,LP,True,False
2004,QLD,156,Brisbane,15597,BARNES,J F,2,IND,Independent,767.0,79323.0,0.009669326677004148,IND,False,True
2004,QLD,156,Brisbane,15192,NIELSEN,Richard,3,GRN,The Greens,7349.0,79323.0,0.09264652118553257,GRN,True,False
2004,QLD,156,Brisbane,14995,BEVIS,Arch,4,ALP,Australian Labor Party,33687.0,79323.0,0.42468136606028517,ALP,True,False
2004,QLD,156,Brisbane,15289,SCHRADER,Tracy,5,DEM,Australian Democrats,1269.0,79323.0,0.015997882077077266,DEM,False,False
2004,QLD,156,Brisbane,14272,WITHYCOMBE,Nick,6,NP,The Nationals,2242.0,79323.0,0.028264185671242892,NP,True,False
2004,QLD,156,Brisbane,15165,CONTARINO,Nick,7,CEC,Citizens Electoral Council,76.0,79323.0,0.0009581079888556913,CEC,False,False
2004,QLD,156,Brisbane,15170,WYNTER,Coral,8,SAL,Socialist Alliance,313.0,79323.0,0.003945892111997781,SAL,False,False
2004,QLD,156,Brisbane,15172,NEWINGTON,Charles,9,FFP,Family First,1899.0,79323.0,0.023940093037328393,FFP,False,False
2004,QLD,157,Capricornia,15264,JOHNS,Naomi,1,DEM,Australian Democrats,1185.0,82575.0,0.014350590372388738,DEM,False,False
2004,QLD,157,Capricornia,14265,LEVER,John,2,NP,The Nationals,22719.0,82575.0,0.27513169845594915,NP,True,False
2004,QLD,157,Capricornia,15322,COLEMAN,Larry H,3,HAN,One Nation,2575.0,82575.0,0.031183772328186497,ON,False,False
2004,QLD,157,Capricornia,15524,CANALES,Judy,4,HMP,Help End Marijuana Prohibition,787.0,82575.0,0.009530729639721465,HMP,False,False
2004,QLD,157,Capricornia,15040,KUNTSCHIK,Di,5,LP,Liberal,10938.0,82575.0,0.13246139872842871,LP,True,False
2004,QLD,157,Capricornia,15107,LIVERMORE,Kirsten,6,ALP,Australian Labor Party,38984.0,82575.0,0.47210414774447473,ALP,True,False
2004,QLD,157,Capricornia,15098,INGREY,Bill,7,CEC,Citizens Electoral Council,273.0,82575.0,0.0033060853769300634,CEC,False,False
2004,QLD,157,Capricornia,15238,KANE,Michael,8,GRN,The Greens,1690.0,82575.0,0.020466242809567062,GRN,True,False
2004,QLD,157,Capricornia,15116,SPACKMAN,Alan J,9,FFP,Family First,3424.0,82575.0,0.04146533454435362,FFP,False,False
2004,QLD,158,Dawson,14823,MENZEL,Margaret F,1,IND,Independent,5647.0,81819.0,0.06901819870690182,IND,False,True
2004,QLD,158,Dawson,15088,SMITH,Bev,2,FFP,Family First,2435.0,81819.0,0.02976081350297608,FFP,False,False
2004,QLD,158,Dawson,14273,KELLY,De-Anne,3,NP,The Nationals,39406.0,81819.0,0.4816240726481624,NP,True,False
2004,QLD,158,Dawson,14701,LOWIS,Debbie,4,NCO,New Country,645.0,81819.0,0.007883254500788325,NCO,False,False
2004,QLD,158,Dawson,15348,ARROITA,Lewis,5,HAN,One Nation,2572.0,81819.0,0.031435241203143525,ON,False,False
2004,QLD,158,Dawson,15093,FEENEY,Cherry,6,ALP,Australian Labor Party,25626.0,81819.0,0.31320353463132034,ALP,True,False
2004,QLD,158,Dawson,15332,JULIEN,Archie,7,DEM,Australian Democrats,690.0,81819.0,0.008433249000843326,DEM,False,False
2004,QLD,158,Dawson,15218,FONTES,Tony W,8,GRN,The Greens,2606.0,81819.0,0.03185079260318508,GRN,True,False
2004,QLD,158,Dawson,15082,PUKALLUS,Jan,9,CEC,Citizens Electoral Council,2192.0,81819.0,0.026790843202679084,CEC,False,False
2004,QLD,252,Dickson,15083,SHUTTLEWORTH,Dale,1,FFP,Family First,3454.0,76428.0,0.04519286125503742,FFP,False,False
2004,QLD,252,Dickson,15423,HYLAND,Terry,2,TGA,The Great Australians,373.0,76428.0,0.0048804103208248285,TGA,False,False
2004,QLD,252,Dickson,14993,DUTTON,Peter,3,LP,Liberal,39810.0,76428.0,0.5208823991207411,LP,True,False
2004,QLD,252,Dickson,14991,McCONNELL,Craig,4,ALP,Australian Labor Party,27036.0,76428.0,0.35374470089495996,ALP,True,False
2004,QLD,252,Dickson,15269,REYE,Kirsty,5,DEM,Australian Democrats,1270.0,76428.0,0.01661694666876014,DEM,False,False
2004,QLD,252,Dickson,15197,NIELSEN,Howard Robert,6,GRN,The Greens,4485.0,76428.0,0.05868268173967656,GRN,True,False
2004,QLD,159,Fadden,15128,MARTIN,Ken,1,CEC,Citizens Electoral Council,598.0,71073.0,0.008413884316125674,CEC,False,False
2004,QLD,159,Fadden,15296,BACH,Willy,2,GRN,The Greens,3011.0,71073.0,0.042364892434539135,GRN,True,False
2004,QLD,159,Fadden,15127,REES,Lyn,3,FFP,Family First,2680.0,71073.0,0.03770770897527894,FFP,False,False
2004,QLD,159,Fadden,14874,EATHER,Peter,4,ALP,Australian Labor Party,19919.0,71073.0,0.2802611399546945,ALP,True,False
2004,QLD,159,Fadden,15459,WALTER,John,5,HAN,One Nation,1428.0,71073.0,0.02009201806593221,ON,False,False
2004,QLD,159,Fadden,14929,JULL,David,6,LP,Liberal,42328.0,71073.0,0.5955566811588086,LP,True,False
2004,QLD,159,Fadden,15285,WILSON,Suzanne,7,DEM,Australian Democrats,1109.0,71073.0,0.015603675094621024,DEM,False,False
2004,QLD,160,Fairfax,15115,HUNT,Paula,1,FFP,Family First,3390.0,74719.0,0.045369986215018934,FFP,False,False
2004,QLD,160,Fairfax,14915,SOMLYAY,Alex,2,LP,Liberal,39075.0,74719.0,0.5229593543810811,LP,True,False
2004,QLD,160,Fairfax,15272,CAMPBELL,Debbie,3,DEM,Australian Democrats,1896.0,74719.0,0.02537507193618758,DEM,False,False
2004,QLD,160,Fairfax,15307,ROZANSKI,Patrick,4,HAN,One Nation,2317.0,74719.0,0.031009515651976072,ON,False,False
2004,QLD,160,Fairfax,15110,WATT,Kev,5,CEC,Citizens Electoral Council,216.0,74719.0,0.002890830980072003,CEC,False,False
2004,QLD,160,Fairfax,15120,MOLLOY,Ivan,6,ALP,Australian Labor Party,20289.0,74719.0,0.2715373599753744,ALP,True,False
2004,QLD,160,Fairfax,15213,NORRIS,David,7,GRN,The Greens,7536.0,74719.0,0.10085788086028989,GRN,True,False
2004,QLD,161,Fisher,15401,HAYS,Liz,1,TGA,The Great Australians,748.0,76321.0,0.009800710158409874,TGA,False,False
2004,QLD,161,Fisher,14911,SLIPPER,Peter,2,LP,Liberal,42641.0,76321.0,0.5587059917978013,LP,True,False
2004,QLD,161,Fisher,15125,GRAY,John,3,ALP,Australian Labor Party,22011.0,76321.0,0.28840030922026705,ALP,True,False
2004,QLD,161,Fisher,15200,MUSTON,Robert,4,GRN,The Greens,4617.0,76321.0,0.06049449037617432,GRN,True,False
2004,QLD,161,Fisher,15311,SAVAGE,Kevin J,5,HAN,One Nation,1929.0,76321.0,0.025274826063599796,ON,False,False
2004,QLD,161,Fisher,15346,HILL,Ronald Stuart,6,FFP,Family First,3174.0,76321.0,0.041587505404803396,FFP,False,False
2004,QLD,161,Fisher,15263,WILMOT,Craig,7,DEM,Australian Democrats,1201.0,76321.0,0.015736166978944196,DEM,False,False
2004,QLD,162,Forde,15345,HEAPS,Aaron,1,HAN,One Nation,2935.0,75418.0,0.0389164390463815,ON,False,False
2004,QLD,162,Forde,15448,HOWSE,David Gordon,2,,,515.0,75418.0,0.006828608554986873,,False,False
2004,QLD,162,Forde,14942,HINDS,Shereen,3,FFP,Family First,2986.0,75418.0,0.03959267018483651,FFP,False,False
2004,QLD,162,Forde,15340,LLOYD,Daniel,4,GRN,The Greens,3076.0,75418.0,0.04078601925269829,GRN,True,False
2004,QLD,162,Forde,15338,HOPE,Daniel,5,CEC,Citizens Electoral Council,171.0,75418.0,0.002267363228937389,CEC,False,False
2004,QLD,162,Forde,15343,MARTIN,Anita,6,DEM,Australian Democrats,1018.0,75418.0,0.013498103900925509,DEM,False,False
2004,QLD,162,Forde,14956,ELSON,Kay,7,LP,Liberal,41335.0,75418.0,0.5480787080007425,LP,True,False
2004,QLD,162,Forde,14948,LEADER,Sean,8,ALP,Australian Labor Party,23382.0,75418.0,0.3100320878304914,ALP,True,False
2004,QLD,163,Griffith,15203,ROSIN,Darryl,1,GRN,The Greens,7237.0,80520.0,0.08987829110779931,GRN,True,False
2004,QLD,163,Griffith,15103,HANSEN,Lynda,2,SAL,Socialist Alliance,580.0,80520.0,0.007203179334326876,SAL,False,False
2004,QLD,163,Griffith,14928,PAYNE,Janelle,3,LP,Liberal,30032.0,80520.0,0.37297565822155987,LP,True,False
2004,QLD,163,Griffith,15056,TURNER,James,4,FFP,Family First,1572.0,80520.0,0.019523099850968704,FFP,False,False
2004,QLD,163,Griffith,14907,RUDD,Kevin,5,ALP,Australian Labor Party,39247.0,80520.0,0.4874192747143567,ALP,True,False
2004,QLD,163,Griffith,14877,ROSBOROUGH,Derek,6,IND,Independent,768.0,80520.0,0.009538002980625931,IND,False,True
2004,QLD,163,Griffith,15278,CARNWELL,Bruce,7,DEM,Australian Democrats,1084.0,80520.0,0.013462493790362642,DEM,False,False
2004,QLD,164,Groom,14997,KING,Paul B,1,ALP,Australian Labor Party,19516.0,81396.0,0.23976608187134502,ALP,True,False
2004,QLD,164,Groom,15609,JEANNERET,Rod,2,IND,Independent,1929.0,81396.0,0.023698953265516732,IND,False,True
2004,QLD,164,Groom,14994,FINDLAY,Peter C,3,FFP,Family First,5168.0,81396.0,0.06349206349206349,FFP,False,False
2004,QLD,164,Groom,15262,DONGES,Christoph,4,DEM,Australian Democrats,860.0,81396.0,0.0105656297606762,DEM,False,False
2004,QLD,164,Groom,15100,CARTER,Oliver,5,CEC,Citizens Electoral Council,310.0,81396.0,0.0038085409602437465,CEC,False,False
2004,QLD,164,Groom,15003,MACFARLANE,Ian Elgin,6,LP,Liberal,49131.0,81396.0,0.6036045997346307,LP,True,False
2004,QLD,164,Groom,15241,HARRISON,Karey,7,GRN,The Greens,3252.0,81396.0,0.03995282323455698,GRN,True,False
2004,QLD,164,Groom,14276,WIECK,Noel,8,TGA,The Great Australians,1230.0,81396.0,0.015111307680967124,TGA,False,False
2004,QLD,165,Herbert,15097,EATON,Cathy,1,FFP,Family First,2993.0,77983.0,0.03838015977841324,FFP,False,False
2004,QLD,165,Herbert,15015,LINDSAY,Peter,2,LP,Liberal,38792.0,77983.0,0.4974417501250272,LP,True,False
2004,QLD,165,Herbert,15219,STIRLING,Jenny,3,GRN,The Greens,3915.0,77983.0,0.05020324942615698,GRN,True,False
2004,QLD,165,Herbert,15011,PHILLIPS,Anita,4,ALP,Australian Labor Party,28260.0,77983.0,0.3623866740186964,ALP,True,False
2004,QLD,165,Herbert,15273,HOOLIHAN,Richard,5,DEM,Australian Democrats,1025.0,77983.0,0.013143890335073028,DEM,False,False
2004,QLD,165,Herbert,15091,MARSDEN,Les,6,CEC,Citizens Electoral Council,323.0,77983.0,0.004141928369003501,CEC,False,False
2004,QLD,165,Herbert,15308,BRENNAN,William Michael,7,HAN,One Nation,2675.0,77983.0,0.03430234794762961,ON,False,False
2004,QLD,166,Hinkler,15204,GEORGE,Greg,1,GRN,The Greens,2824.0,84769.0,0.03331406528329932,GRN,True,False
2004,QLD,166,Hinkler,14278,NEVILLE,Paul,2,NP,The Nationals,40040.0,84769.0,0.4723424836909719,NP,True,False
2004,QLD,166,Hinkler,15144,ROLLS,Cindy,3,CEC,Citizens Electoral Council,306.0,84769.0,0.0036098101900458894,CEC,False,False
2004,QLD,166,Hinkler,14144,WELLS,Roy D,4,IND,Independent,2782.0,84769.0,0.032818601139567534,IND,False,True
2004,QLD,166,Hinkler,15280,JENSEN,Alison,5,DEM,Australian Democrats,906.0,84769.0,0.0106878693862143,DEM,False,False
2004,QLD,166,Hinkler,14882,DORRON,Cheryl,6,ALP,Australian Labor Party,33167.0,84769.0,0.3912633155988628,ALP,True,False
2004,QLD,166,Hinkler,15123,ZERK,Tracey,7,VET,"Ex-Service, Service & Veterans Party",734.0,84769.0,0.008658825749979355,VET,False,False
2004,QLD,166,Hinkler,15157,RUB,Cameron,8,FFP,Family First,4010.0,84769.0,0.04730502896105888,FFP,False,False
2004,QLD,167,Kennedy,15210,JONES,Angela,1,GRN,The Greens,2879.0,81457.0,0.03534380102385307,GRN,True,False
2004,QLD,167,Kennedy,15034,NEILAN,Alan,2,ALP,Australian Labor Party,19296.0,81457.0,0.23688571884552587,ALP,True,False
2004,QLD,167,Kennedy,13270,KATTER,Bob,3,IND,Independent,32688.0,81457.0,0.4012914789398087,IND,False,True
2004,QLD,167,Kennedy,14301,DOYLE,James,4,NP,The Nationals,19413.0,81457.0,0.23832205949151086,NP,True,False
2004,QLD,167,Kennedy,15173,HARRIS,Judith A,5,CEC,Citizens Electoral Council,316.0,81457.0,0.0038793473857372603,CEC,False,False
2004,QLD,167,Kennedy,15297,HENNESSEY,Terry,6,DEM,Australian Democrats,575.0,81457.0,0.007058939072148496,DEM,False,False
2004,QLD,167,Kennedy,15323,HANKIN,Bill,7,HAN,One Nation,3698.0,81457.0,0.045398185545748065,ON,False,False
2004,QLD,167,Kennedy,15020,DOUGLAS,Keith,8,FFP,Family First,2592.0,81457.0,0.03182046969566765,FFP,False,False
2004,QLD,168,Leichhardt,14173,SACKLEY,Jen,1,IND,Independent,3789.0,77563.0,0.04885061176076222,IND,False,True
2004,QLD,168,Leichhardt,14924,ENTSCH,Warren,2,LP,Liberal,41377.0,77563.0,0.533463120302206,LP,True,False
2004,QLD,168,Leichhardt,15175,LIPPMANN,Ric,3,FFP,Family First,2100.0,77563.0,0.027074765029717777,FFP,False,False
2004,QLD,168,Leichhardt,15288,REID,Allen,4,DEM,Australian Democrats,972.0,77563.0,0.012531748385183656,DEM,False,False
2004,QLD,168,Leichhardt,15180,TURNOUR,Jim,5,ALP,Australian Labor Party,24305.0,77563.0,0.31335817335585264,ALP,True,False
2004,QLD,168,Leichhardt,15284,ST JOHN-WOOD,Neville,6,GRN,The Greens,5020.0,77563.0,0.06472158116627774,GRN,True,False
2004,QLD,169,Lilley,14921,BOULTON,Alan,1,LP,Liberal,33902.0,82310.0,0.4118819098529948,LP,True,False
2004,QLD,169,Lilley,14889,HILL,Brad,2,FFP,Family First,2314.0,82310.0,0.028113230470173733,FFP,False,False
2004,QLD,169,Lilley,14899,SWAN,Wayne,3,ALP,Australian Labor Party,40234.0,82310.0,0.48881059409549266,ALP,True,False
2004,QLD,169,Lilley,15290,FORSYTH,Dawn,4,DEM,Australian Democrats,1230.0,82310.0,0.014943506256833921,DEM,False,False
2004,QLD,169,Lilley,15251,MEEHAN,Sue,5,GRN,The Greens,4630.0,82310.0,0.05625075932450492,GRN,True,False
2004,QLD,302,Longman,15279,KENNEDY,Jacqueline,1,DEM,Australian Democrats,1339.0,77774.0,0.017216550518168026,DEM,False,False
2004,QLD,302,Longman,15087,BECKETT,Stephen,2,ALP,Australian Labor Party,27790.0,77774.0,0.35731735541440585,ALP,True,False
2004,QLD,302,Longman,15211,KIMMET,Philip,3,GRN,The Greens,3096.0,77774.0,0.039807647800036004,GRN,True,False
2004,QLD,302,Longman,15312,MEREDITH,Susan,4,HAN,One Nation,3017.0,77774.0,0.038791884177231464,ON,False,False
2004,QLD,302,Longman,15079,LEW,Tom,5,FFP,Family First,2187.0,77774.0,0.028119937254095197,FFP,False,False
2004,QLD,302,Longman,14914,BROUGH,Mal,6,LP,Liberal,40345.0,77774.0,0.5187466248360635,LP,True,False
2004,QLD,170,Maranoa,14941,GULEY,Shane,1,ALP,Australian Labor Party,17636.0,79071.0,0.2230400526109446,ALP,True,False
2004,QLD,170,Maranoa,15319,RIDGE,Greg,2,DEM,Australian Democrats,903.0,79071.0,0.011420116098190235,DEM,False,False
2004,QLD,170,Maranoa,15331,FERRARO,Santo,3,HAN,One Nation,3535.0,79071.0,0.04470665604330285,ON,False,False
2004,QLD,170,Maranoa,14932,MOLONEY,Stephen,4,FFP,Family First,3067.0,79071.0,0.03878792477646672,FFP,False,False
2004,QLD,170,Maranoa,14303,SCOTT,Bruce,5,NP,The Nationals,47846.0,79071.0,0.6051017440022258,NP,True,False
2004,QLD,170,Maranoa,15475,BLACK,Philip,6,IND,Independent,2570.0,79071.0,0.032502434520873646,IND,False,True
2004,QLD,170,Maranoa,15260,RIHAN,Jonathan,7,GRN,The Greens,1580.0,79071.0,0.01998204145641259,GRN,True,False
2004,QLD,170,Maranoa,15117,KLINGSPORN,David,8,CEC,Citizens Electoral Council,280.0,79071.0,0.003541121270756662,CEC,False,False
2004,QLD,170,Maranoa,14510,BENHAM,Rick,9,NCO,New Country,1654.0,79071.0,0.020917909220826852,NCO,False,False
2004,QLD,171,McPherson,15021,TRIGGER,Kellie,1,ALP,Australian Labor Party,22037.0,73148.0,0.30126592661453494,ALP,True,False
2004,QLD,171,McPherson,15267,WHITE,Russell V,2,DEM,Australian Democrats,788.0,73148.0,0.01077268004593427,DEM,False,False
2004,QLD,171,McPherson,15227,LATTO,Ian Christian Gordon,3,GRN,The Greens,3789.0,73148.0,0.051799092251326076,GRN,True,False
2004,QLD,171,McPherson,15018,DAVEY,Rob,4,FFP,Family First,2063.0,73148.0,0.028203095094876143,FFP,False,False
2004,QLD,171,McPherson,15354,LEWIS,Paul,5,HAN,One Nation,1347.0,73148.0,0.018414720839940942,ON,False,False
2004,QLD,171,McPherson,15031,MAY,Margaret,6,LP,Liberal,43124.0,73148.0,0.5895444851533876,LP,True,False
2004,QLD,172,Moncrieff,15215,SANDERSON,Sandy,1,CEC,Citizens Electoral Council,641.0,72721.0,0.008814510251509193,CEC,False,False
2004,QLD,172,Moncrieff,15028,CIOBO,Steven,2,LP,Liberal,46817.0,72721.0,0.6437892768251262,LP,True,False
2004,QLD,172,Moncrieff,15355,SMITH,Mark Chapman,3,HAN,One Nation,1230.0,72721.0,0.016913958828948996,ON,False,False
2004,QLD,172,Moncrieff,15022,PARRISH,David J,4,ALP,Australian Labor Party,17393.0,72721.0,0.23917437879017064,ALP,True,False
2004,QLD,172,Moncrieff,15274,ROBERTS,Ros,5,DEM,Australian Democrats,834.0,72721.0,0.011468489157189808,DEM,False,False
2004,QLD,172,Moncrieff,15231,BEALE,Michael,6,GRN,The Greens,3620.0,72721.0,0.04977929346406128,GRN,True,False
2004,QLD,172,Moncrieff,15016,TAYLER,James,7,FFP,Family First,2186.0,72721.0,0.030060092682993908,FFP,False,False
2004,QLD,173,Moreton,15293,STEEN,Frederika E,1,DEM,Australian Democrats,1307.0,78812.0,0.01658376896919251,DEM,False,False
2004,QLD,173,Moreton,14931,HARDGRAVE,Gary,2,LP,Liberal,38708.0,78812.0,0.49114348068822006,LP,True,False
2004,QLD,173,Moreton,15299,WILLIAMSON,Jane,3,GRN,The Greens,4182.0,78812.0,0.05306298533218291,GRN,True,False
2004,QLD,173,Moreton,14906,TAM,Terence,4,FFP,Family First,2142.0,78812.0,0.027178602243313203,FFP,False,False
2004,QLD,173,Moreton,15327,WEEDON,Barry,5,HAN,One Nation,846.0,78812.0,0.010734405928031264,ON,False,False
2004,QLD,173,Moreton,12810,LAMB,Andrew,6,IND,Independent,799.0,78812.0,0.010138050043140638,IND,False,True
2004,QLD,173,Moreton,14927,PERRETT,Graham,7,ALP,Australian Labor Party,30828.0,78812.0,0.3911587067959194,ALP,True,False
2004,QLD,174,Oxley,15109,HAAG,Brian,1,CEC,Citizens Electoral Council,881.0,78877.0,0.011169288892833145,CEC,False,False
2004,QLD,174,Oxley,14264,PUGH,George,2,IND,Independent,1920.0,78877.0,0.02434169656553875,IND,False,True
2004,QLD,174,Oxley,15122,BOYNE,Robert,3,FFP,Family First,2906.0,78877.0,0.036842171989299795,FFP,False,False
2004,QLD,174,Oxley,14898,RIPOLL,Bernie,4,ALP,Australian Labor Party,39807.0,78877.0,0.5046718308252088,ALP,True,False
2004,QLD,174,Oxley,15321,FLYNN,Bill,5,HAN,One Nation,2100.0,78877.0,0.02662373061855801,ON,False,False
2004,QLD,174,Oxley,15291,WOOD,Nicholas,6,DEM,Australian Democrats,903.0,78877.0,0.011448204165979943,DEM,False,False
2004,QLD,174,Oxley,14919,SMITH,Daniel,7,LP,Liberal,26528.0,78877.0,0.33632110754719374,LP,True,False
2004,QLD,174,Oxley,15113,MYLES,Michael Matthew,8,SAL,Socialist Alliance,358.0,78877.0,0.0045387121721160795,SAL,False,False
2004,QLD,174,Oxley,15229,BRENNAN,Kevin,9,GRN,The Greens,3474.0,78877.0,0.044043257223271674,GRN,True,False
2004,QLD,175,Petrie,15268,PASS,Rick,1,GRN,The Greens,3676.0,79627.0,0.046165245456943,GRN,True,False
2004,QLD,175,Petrie,15044,WHINCOP,Wade,2,FFP,Family First,2972.0,79627.0,0.03732402325844249,FFP,False,False
2004,QLD,175,Petrie,15282,BELL,Terri,3,DEM,Australian Democrats,1403.0,79627.0,0.01761965162570485,DEM,False,False
2004,QLD,175,Petrie,15048,GAMBARO,Teresa,4,LP,Liberal,41987.0,79627.0,0.5272960176824444,LP,True,False
2004,QLD,175,Petrie,15045,BRADY,Gavin,5,ALP,Australian Labor Party,29589.0,79627.0,0.37159506197646525,ALP,True,False
2004,QLD,176,Rankin,14158,POWER,Darren,1,IND,Independent,5134.0,78481.0,0.0654171073253399,IND,False,True
2004,QLD,176,Rankin,15130,WILSON,Ross,2,FFP,Family First,4036.0,78481.0,0.05142645990749353,FFP,False,False
2004,QLD,176,Rankin,15341,HANDS,Margaret,3,HAN,One Nation,1601.0,78481.0,0.020399841999974515,ON,False,False
2004,QLD,176,Rankin,15270,SPORLE,Catherine,4,DEM,Australian Democrats,653.0,78481.0,0.008320485212981486,DEM,False,False
2004,QLD,176,Rankin,15105,MEYERS,Robert David,5,CEC,Citizens Electoral Council,158.0,78481.0,0.002013226131165505,CEC,False,False
2004,QLD,176,Rankin,15244,HINTON,Julian,6,GRN,The Greens,2422.0,78481.0,0.03086097271951173,GRN,True,False
2004,QLD,176,Rankin,14287,BOYD,Mike,7,NP,The Nationals,1187.0,78481.0,0.015124679858819332,NP,True,False
2004,QLD,176,Rankin,14977,EMERSON,Craig,8,ALP,Australian Labor Party,34471.0,78481.0,0.4392273289076337,ALP,True,False
2004,QLD,176,Rankin,14957,CREIGHTON,Wendy D,9,LP,Liberal,28819.0,78481.0,0.3672098979370803,LP,True,False
2004,QLD,177,Ryan,14930,CAMPBELL,Percy,1,FFP,Family First,2670.0,79435.0,0.03361238748662428,FFP,False,False
2004,QLD,177,Ryan,15294,INGRAM,Simon,2,DEM,Australian Democrats,1926.0,79435.0,0.024246239063385158,DEM,False,False
2004,QLD,177,Ryan,14945,JOHNSON,Michael,3,LP,Liberal,43499.0,79435.0,0.5476049600302134,LP,True,False
2004,QLD,177,Ryan,15092,SOLOMON,Neville W,4,CEC,Citizens Electoral Council,222.0,79435.0,0.0027947378359665133,CEC,False,False
2004,QLD,177,Ryan,15245,SWAN,Paul,5,GRN,The Greens,7753.0,79435.0,0.09760181280292063,GRN,True,False
2004,QLD,177,Ryan,14936,CHATTERJEE,Victoria,6,ALP,Australian Labor Party,23365.0,79435.0,0.29413986278089005,ALP,True,False
2004,QLD,178,Wide Bay,15228,RICHARDS,Ian,1,GRN,The Greens,3624.0,81877.0,0.044261514222553346,GRN,True,False
2004,QLD,178,Wide Bay,14288,TRUSS,Warren,2,NP,The Nationals,38544.0,81877.0,0.47075491285709054,NP,True,False
2004,QLD,178,Wide Bay,14175,d'OLIVEIRA,Cy,3,IND,Independent,816.0,81877.0,0.009966168765343137,IND,False,True
2004,QLD,178,Wide Bay,15314,ROBINSON,Wesley Charles,4,HAN,One Nation,4048.0,81877.0,0.04944001367905517,ON,False,False
2004,QLD,178,Wide Bay,14143,HEDBERG,Lars,5,IND,Independent,9980.0,81877.0,0.12189015230162317,IND,False,True
2004,QLD,178,Wide Bay,14873,AMBROSE,Sean,6,ALP,Australian Labor Party,21031.0,81877.0,0.2568609011077592,ALP,True,False
2004,QLD,178,Wide Bay,15101,WILSON,Glen,7,FFP,Family First,2899.0,81877.0,0.0354067686896198,FFP,False,False
2004,QLD,178,Wide Bay,15277,WEIR,Darryl William,8,DEM,Australian Democrats,935.0,81877.0,0.011419568376955678,DEM,False,False
2004,SA,179,Adelaide,14605,WORTH,Trish,1,LP,Liberal,38530.0,85076.0,0.4528891814377733,LP,True,False
2004,SA,179,Adelaide,14860,PASCOE,Richard,2,DEM,Australian Democrats,1355.0,85076.0,0.015926935916122056,DEM,False,False
2004,SA,179,Adelaide,14409,ELLIS,Kate,3,ALP,Australian Labor Party,35666.0,85076.0,0.4192251633833278,ALP,True,False
2004,SA,179,Adelaide,14489,BARLOW,Amanda,4,IND,Independent,978.0,85076.0,0.011495603930603225,IND,False,True
2004,SA,179,Adelaide,14870,BUGDEN,Jake,5,GRN,The Greens,6794.0,85076.0,0.07985800930932342,GRN,True,False
2004,SA,179,Adelaide,14807,ROBINS,Peter G,6,FFP,Family First,1753.0,85076.0,0.020605106022850157,FFP,False,False
2004,SA,180,Barker,14825,CORNISH,Philip,1,FFP,Family First,5276.0,90714.0,0.058160813104923166,FFP,False,False
2004,SA,180,Barker,14601,SCHMIDT,Rodger N,2,IND,Independent,1572.0,90714.0,0.017329188438388782,IND,False,True
2004,SA,180,Barker,14869,KELLY,Pam,3,GRN,The Greens,3704.0,90714.0,0.04083162466653438,GRN,True,False
2004,SA,180,Barker,14517,JACKSON,Tim,4,NP,National Party,9611.0,90714.0,0.1059483651917014,NP,True,False
2004,SA,180,Barker,14846,McNAUGHTON,Graham,5,DEM,Australian Democrats,1339.0,90714.0,0.014760676411579248,DEM,False,False
2004,SA,180,Barker,14595,SECKER,Patrick,6,LP,Liberal,48233.0,90714.0,0.5317040368631082,LP,True,False
2004,SA,180,Barker,15275,RUSSELL-TAYLOR,Neil,7,HAN,One Nation,1501.0,90714.0,0.016546508807901757,ON,False,False
2004,SA,180,Barker,14395,SIMPSON-LYTTLE,Waluwe,8,ALP,Australian Labor Party,19478.0,90714.0,0.21471878651586304,ALP,True,False
2004,SA,182,Boothby,14596,SOUTHCOTT,Andrew,1,LP,Liberal,43640.0,86208.0,0.5062175204157386,LP,True,False
2004,SA,182,Boothby,12816,STARLING,Paul,2,IND,Independent,646.0,86208.0,0.007493504083147736,IND,False,True
2004,SA,182,Boothby,14855,SIMMS,Robert,3,DEM,Australian Democrats,1746.0,86208.0,0.02025334075723831,DEM,False,False
2004,SA,182,Boothby,14415,FOX,Chloe,4,ALP,Australian Labor Party,30893.0,86208.0,0.35835421306607274,ALP,True,False
2004,SA,182,Boothby,14871,MILLER,Adrian,5,GRN,The Greens,6131.0,86208.0,0.07111868968077209,GRN,True,False
2004,SA,182,Boothby,14778,MUNN,Paul,6,FFP,Family First,2571.0,86208.0,0.029823218262806237,FFP,False,False
2004,SA,182,Boothby,15247,STAKER,Clarke,7,HAN,One Nation,581.0,86208.0,0.006739513734224202,ON,False,False
2004,SA,183,Grey,14834,ROBERTSON,Gil,1,DEM,Australian Democrats,2036.0,87008.0,0.023400147112909157,DEM,False,False
2004,SA,183,Grey,14796,KLEINIG,Roger,2,FFP,Family First,4397.0,87008.0,0.05053558293490254,FFP,False,False
2004,SA,183,Grey,15217,FITZPATRICK,Peter,3,HAN,One Nation,1903.0,87008.0,0.021871552041191615,ON,False,False
2004,SA,183,Grey,14597,WAKELIN,Barry,4,LP,Liberal,49155.0,87008.0,0.5649480507539537,LP,True,False
2004,SA,183,Grey,14346,SIEBERT,Paul,5,CEC,Citizens Electoral Council,270.0,87008.0,0.003103162927546892,CEC,False,False
2004,SA,183,Grey,14868,MARTIN,Felicity,6,GRN,The Greens,2872.0,87008.0,0.03300845899227657,GRN,True,False
2004,SA,183,Grey,14392,HACKETT,John,7,ALP,Australian Labor Party,26375.0,87008.0,0.30313304523721957,ALP,True,False
2004,SA,185,Hindmarsh,15486,IENCO,Joe,1,IND,Independent,1130.0,86906.0,0.013002554484155293,IND,False,True
2004,SA,185,Hindmarsh,14424,GEORGANAS,Steve,2,ALP,Australian Labor Party,36786.0,86906.0,0.42328492854348376,ALP,True,False
2004,SA,185,Hindmarsh,15059,PRINCE,Nicole,3,DEM,Australian Democrats,1366.0,86906.0,0.015718132234828434,DEM,False,False
2004,SA,185,Hindmarsh,15190,PANNACH,Barbara,4,HAN,One Nation,490.0,86906.0,0.00563827583826203,ON,False,False
2004,SA,185,Hindmarsh,15054,GRACE,Trevor,5,FFP,Family First,1953.0,86906.0,0.022472556555358663,FFP,False,False
2004,SA,185,Hindmarsh,15306,THOMAS,Bill,6,IND,Independent,397.0,86906.0,0.0045681540975306655,IND,False,True
2004,SA,185,Hindmarsh,15064,WHITE,Tim,7,GRN,The Greens,4437.0,86906.0,0.05105516304973189,GRN,True,False
2004,SA,185,Hindmarsh,14634,BIRMINGHAM,Simon,8,LP,Liberal,39869.0,86906.0,0.4587600395829977,LP,True,False
2004,SA,185,Hindmarsh,15447,MUSOLINO,Tony,9,IND,Independent,478.0,86906.0,0.005500195613651532,IND,False,True
2004,SA,186,Kingston,14761,COLE,Andrew,1,FFP,Family First,4767.0,84535.0,0.05639084402910037,FFP,False,False
2004,SA,186,Kingston,15237,PAYNE,Laurel,2,HAN,One Nation,869.0,84535.0,0.010279765777488615,ON,False,False
2004,SA,186,Kingston,14628,RICHARDSON,Kym,3,LP,Liberal,36848.0,84535.0,0.43589045957295797,LP,True,False
2004,SA,186,Kingston,14393,COX,David Alexander,4,ALP,Australian Labor Party,35748.0,84535.0,0.42287809782930147,ALP,True,False
2004,SA,186,Kingston,14904,DARLINGTON,Yvonne,5,GRN,The Greens,4478.0,84535.0,0.05297214171644881,GRN,True,False
2004,SA,186,Kingston,14847,ALBRIGHTON,Deirdre,6,DEM,Australian Democrats,1825.0,84535.0,0.021588691074702786,DEM,False,False
2004,SA,187,Makin,14885,MOORE,Jon,1,GRN,The Greens,3213.0,84802.0,0.037888257352420934,GRN,True,False
2004,SA,187,Makin,14785,PILLAR,Rob,2,FFP,Family First,4172.0,84802.0,0.0491969529020542,FFP,False,False
2004,SA,187,Makin,14594,DRAPER,Trish,3,LP,Liberal,37912.0,84802.0,0.447064927713969,LP,True,False
2004,SA,187,Makin,14417,WALKER,Jeanie,4,IND,Independent,820.0,84802.0,0.009669583264545648,IND,False,True
2004,SA,187,Makin,15265,HORVAT,Victor,5,HAN,One Nation,715.0,84802.0,0.00843140491969529,ON,False,False
2004,SA,187,Makin,14399,ZAPPIA,Tony,6,ALP,Australian Labor Party,36486.0,84802.0,0.43024928657342987,ALP,True,False
2004,SA,187,Makin,14854,OPITZ,Catherine,7,DEM,Australian Democrats,1484.0,84802.0,0.01749958727388505,DEM,False,False
2004,SA,188,Mayo,14912,MATTHEWS,Dennis,1,GRN,The Greens,6305.0,83003.0,0.07596110983940339,GRN,True,False
2004,SA,188,Mayo,14684,DEEGAN,Brian,2,IND,Independent,12577.0,83003.0,0.15152464368757756,IND,False,True
2004,SA,188,Mayo,15437,GREAR,Jon,3,IND,Independent,606.0,83003.0,0.007300940929845909,IND,False,True
2004,SA,188,Mayo,14902,BRAZHER-DE LAINE,Kathy,4,DEM,Australian Democrats,1505.0,83003.0,0.018131874751515006,DEM,False,False
2004,SA,188,Mayo,14617,DOWNER,Alexander,5,LP,Liberal,44520.0,83003.0,0.5363661554401649,LP,True,False
2004,SA,188,Mayo,14394,MURPHY,James,6,ALP,Australian Labor Party,13689.0,83003.0,0.1649217498162717,ALP,True,False
2004,SA,188,Mayo,15198,FECHNER,Robert,7,HAN,One Nation,774.0,83003.0,0.009324964157922003,ON,False,False
2004,SA,188,Mayo,14881,CRAMP,Kevin,8,FFP,Family First,3027.0,83003.0,0.03646856137729962,FFP,False,False
2004,SA,189,Port Adelaide,14606,INGLIS,Terry,1,LP,Liberal,27338.0,85657.0,0.3191566363519619,LP,True,False
2004,SA,189,Port Adelaide,15220,BATTEN,Stan,2,HAN,One Nation,1191.0,85657.0,0.013904292702289364,ON,False,False
2004,SA,189,Port Adelaide,14390,SAWFORD,Rod,3,ALP,Australian Labor Party,46692.0,85657.0,0.5451043113814399,ALP,True,False
2004,SA,189,Port Adelaide,14804,BUNTING,Richard,4,FFP,Family First,4085.0,85657.0,0.04769020628786906,FFP,False,False
2004,SA,189,Port Adelaide,14895,McMENAMIN,Anne,5,GRN,The Greens,4641.0,85657.0,0.054181211109424796,GRN,True,False
2004,SA,189,Port Adelaide,14829,TUCKER,Trevor,6,DEM,Australian Democrats,1710.0,85657.0,0.019963342167014956,DEM,False,False
2004,SA,190,Sturt,14793,McPHERSON,Sally,1,FFP,Family First,4167.0,87119.0,0.047831127538194886,FFP,False,False
2004,SA,190,Sturt,14391,BARCA,Tony,2,ALP,Australian Labor Party,30099.0,87119.0,0.3454929464295963,ALP,True,False
2004,SA,190,Sturt,14884,YOUNG,Zane,3,GRN,The Greens,5279.0,87119.0,0.0605952777235735,GRN,True,False
2004,SA,190,Sturt,14845,PINE,Kerrin,4,DEM,Australian Democrats,1970.0,87119.0,0.022612748080212124,DEM,False,False
2004,SA,190,Sturt,15328,RICHARDS,Brian,5,HAN,One Nation,597.0,87119.0,0.006852695738013522,ON,False,False
2004,SA,190,Sturt,14600,PYNE,Christopher,6,LP,Liberal,45007.0,87119.0,0.5166152044904097,LP,True,False
2004,SA,191,Wakefield,15202,DWYER,David,1,HAN,One Nation,2066.0,80616.0,0.025627666964374317,ON,False,False
2004,SA,191,Wakefield,15029,WAY,Richard,2,DEM,Australian Democrats,1346.0,80616.0,0.01669643743177533,DEM,False,False
2004,SA,191,Wakefield,14618,FAWCETT,David,3,LP,Liberal,35320.0,80616.0,0.4381264265158281,LP,True,False
2004,SA,191,Wakefield,14838,POINTON,David G,4,FFP,Family First,4379.0,80616.0,0.054319241837848566,FFP,False,False
2004,SA,191,Wakefield,14405,EVANS,Martyn,5,ALP,Australian Labor Party,34159.0,80616.0,0.42372481889451225,ALP,True,False
2004,SA,191,Wakefield,15043,MURRAY,Patricia,6,GRN,The Greens,3346.0,80616.0,0.04150540835566141,GRN,True,False
2004,TAS,192,Bass,14275,LARNER,Caroline,1,CEC,Citizens Electoral Council,847.0,62439.0,0.013565239673921748,CEC,False,False
2004,TAS,192,Bass,14644,FERGUSON,Michael,2,LP,Liberal,30678.0,62439.0,0.4913275356748186,LP,True,False
2004,TAS,192,Bass,14291,O'BYRNE,Michelle,3,ALP,Australian Labor Party,24491.0,62439.0,0.39223882509329105,ALP,True,False
2004,TAS,192,Bass,15230,BALL,Jeremy,4,GRN,Australian Greens,5059.0,62439.0,0.08102307852464005,GRN,True,False
2004,TAS,192,Bass,14667,BERGMAN,Christine,5,FFP,Family First,1145.0,62439.0,0.018337897788241325,FFP,False,False
2004,TAS,192,Bass,14214,de LANDELLES,Meredith,6,SAL,Socialist Alliance,219.0,62439.0,0.0035074232450872053,SAL,False,False
2004,TAS,193,Braddon,14294,SIDEBOTTOM,Sid,1,ALP,Australian Labor Party,27893.0,64787.0,0.4305339034065476,ALP,True,False
2004,TAS,193,Braddon,14633,BAKER,Mark,2,LP,Liberal,30681.0,64787.0,0.4735672279932703,LP,True,False
2004,TAS,193,Braddon,15235,FOALE,Michelle,3,GRN,Australian Greens,3632.0,64787.0,0.056060629447265656,GRN,True,False
2004,TAS,193,Braddon,14659,DE BOMFORD,Wayne,4,FFP,Family First,2581.0,64787.0,0.03983823915291648,FFP,False,False
2004,TAS,194,Denison,15250,BURNET,Helen,1,GRN,Australian Greens,9318.0,63824.0,0.14599523690147906,GRN,True,False
2004,TAS,194,Denison,14609,PASTOOR,Erick,2,LP,Liberal,20782.0,63824.0,0.3256141890198045,LP,True,False
2004,TAS,194,Denison,14297,KERR,Duncan,3,ALP,Australian Labor Party,31602.0,63824.0,0.49514289295562797,ALP,True,False
2004,TAS,194,Denison,14666,PAPICCIO,Gino,4,FFP,Family First,1578.0,63824.0,0.02472424166457759,FFP,False,False
2004,TAS,194,Denison,14212,EMANUEL,Kamala,5,SAL,Socialist Alliance,544.0,63824.0,0.008523439458510905,SAL,False,False
2004,TAS,195,Franklin,14608,FINNIS,Henry,1,LP,Liberal,24936.0,64489.0,0.3866705949851913,LP,True,False
2004,TAS,195,Franklin,15266,WOOLLEY,Mathew,2,GRN,Australian Greens,7207.0,64489.0,0.11175549318488424,GRN,True,False
2004,TAS,195,Franklin,14307,QUICK,Harry,3,ALP,Australian Labor Party,29938.0,64489.0,0.46423421048550917,ALP,True,False
2004,TAS,195,Franklin,14211,SHIELDS,Glenn,4,SAL,Socialist Alliance,345.0,64489.0,0.005349749569694057,SAL,False,False
2004,TAS,195,Franklin,14668,MUMFORD,Marc,5,FFP,Family First,2063.0,64489.0,0.03198995177472127,FFP,False,False
2004,TAS,196,Lyons,14299,ADAMS,Dick,1,ALP,Australian Labor Party,26994.0,60584.0,0.4455631849993398,ALP,True,False
2004,TAS,196,Lyons,14675,PAPICCIO,Marie,2,FFP,Family First,1606.0,60584.0,0.026508649148289976,FFP,False,False
2004,TAS,196,Lyons,14268,JENKINS,Saul,3,CEC,Citizens Electoral Council,311.0,60584.0,0.005133368546150799,CEC,False,False
2004,TAS,196,Lyons,14661,QUIN,Ben,4,LP,Liberal,25647.0,60584.0,0.4233295919714776,LP,True,False
2004,TAS,196,Lyons,15259,MILLAR,Glenn,5,GRN,Australian Greens,6026.0,60584.0,0.09946520533474185,GRN,True,False
2004,VIC,197,Aston,14486,MITCHELL,Doug,1,CEC,Citizens Electoral Council,557.0,81445.0,0.0068389710847811406,CEC,False,False
2004,VIC,197,Aston,15032,ABSON,Michael,2,GRN,Australian Greens,3957.0,81445.0,0.04858493461845417,GRN,True,False
2004,VIC,197,Aston,14771,NATHAN,Peter,3,FFP,Family First,2290.0,81445.0,0.02811713426238566,FFP,False,False
2004,VIC,197,Aston,14255,PEARCE,Chris,4,LP,Liberal,47686.0,81445.0,0.585499416784333,LP,True,False
2004,VIC,197,Aston,14647,MORGAN,Paul,5,ALP,Australian Labor Party,25384.0,81445.0,0.31167045245257535,ALP,True,False
2004,VIC,197,Aston,15463,BREWER,Nevil,6,NGS,No GST,573.0,81445.0,0.007035422677880779,NGS,False,False
2004,VIC,197,Aston,15161,AYLIFFE,Nahum,7,DEM,Democrats,998.0,81445.0,0.012253668119589908,DEM,False,False
2004,VIC,198,Ballarat,14261,MATUSCHKA,Elizabeth,1,LP,Liberal,37377.0,83852.0,0.4457496541525545,LP,True,False
2004,VIC,198,Ballarat,15038,KELLY,Tony,2,GRN,Australian Greens,5641.0,83852.0,0.06727329103658827,GRN,True,False
2004,VIC,198,Ballarat,14872,LINDORFF,Claire,3,DLP,D.L.P. - Democratic Labor Party,1109.0,83852.0,0.013225683346849211,DLP,False,False
2004,VIC,198,Ballarat,14638,KING,Catherine,4,ALP,Australian Labor Party,37734.0,83852.0,0.45000715546438963,ALP,True,False
2004,VIC,198,Ballarat,14511,von THULE HALBORG,Valiant,5,CEC,Citizens Electoral Council,192.0,83852.0,0.002289748604684444,CEC,False,False
2004,VIC,198,Ballarat,14862,ADAMEK,Vlad,6,FFP,Family First,1799.0,83852.0,0.02145446739493393,FFP,False,False
2004,VIC,199,Batman,14239,GRATTON,Maxwell,1,LP,Liberal,19603.0,75544.0,0.25949115747114265,LP,True,False
2004,VIC,199,Batman,14657,FERGUSON,Martin,2,ALP,Australian Labor Party,41953.0,75544.0,0.555345229270359,ALP,True,False
2004,VIC,199,Batman,15191,KNEEBONE,Scott,3,DEM,Democrats,1105.0,75544.0,0.014627237106851636,DEM,False,False
2004,VIC,199,Batman,14495,MELLADO,Walter Hernan,4,CEC,Citizens Electoral Council,171.0,75544.0,0.0022635814889336017,CEC,False,False
2004,VIC,199,Batman,14966,BHATHAL,Alexandra,5,GRN,Australian Greens,10520.0,75544.0,0.13925659218468708,GRN,True,False
2004,VIC,199,Batman,15513,BISHOP,Craig,6,IND,Independent,708.0,75544.0,0.009372021603304035,IND,False,True
2004,VIC,199,Batman,14663,BYRNE,Peter,7,,,201.0,75544.0,0.002660701048395637,,False,False
2004,VIC,199,Batman,14378,MATTHEWS,Graham,8,SAL,Socialist Alliance,430.0,75544.0,0.00569204701895584,SAL,False,False
2004,VIC,199,Batman,14712,ARIARATNAM,Chris,9,FFP,Family First,853.0,75544.0,0.011291432807370539,FFP,False,False
2004,VIC,200,Bendigo,14237,GIBBINS,Kevin,1,LP,Liberal,40035.0,88110.0,0.4543752128021791,LP,True,False
2004,VIC,200,Bendigo,14713,HULLS,Nathan,2,FFP,Family First,3238.0,88110.0,0.036749517648394056,FFP,False,False
2004,VIC,200,Bendigo,14653,GIBBONS,Steve,3,ALP,Australian Labor Party,38356.0,88110.0,0.43531948700488027,ALP,True,False
2004,VIC,200,Bendigo,14471,WHITE,Vern,4,CEC,Citizens Electoral Council,373.0,88110.0,0.004233344682782885,CEC,False,False
2004,VIC,200,Bendigo,14954,PETERSEN,David,5,GRN,Australian Greens,6108.0,88110.0,0.0693224378617637,GRN,True,False
2004,VIC,201,Bruce,14658,GRIFFIN,Alan,1,ALP,Australian Labor Party,37109.0,78451.0,0.47302137640055575,ALP,True,False
2004,VIC,201,Bruce,15000,GILES,Tania,2,GRN,Australian Greens,4110.0,78451.0,0.052389389555263795,GRN,True,False
2004,VIC,201,Bruce,14748,WARNER,Richard,3,FFP,Family First,2064.0,78451.0,0.026309416068628827,FFP,False,False
2004,VIC,201,Bruce,15147,van den BERGEN,Paul,4,DEM,Democrats,1079.0,78451.0,0.013753808109520593,DEM,False,False
2004,VIC,201,Bruce,14227,RANDALL,Angela,5,LP,Liberal,33807.0,78451.0,0.43093140941479396,LP,True,False
2004,VIC,201,Bruce,14484,LARNER,William,6,CEC,Citizens Electoral Council,282.0,78451.0,0.003594600451237078,CEC,False,False
2004,VIC,203,Calwell,14257,LIVETT,Dianne,1,LP,Liberal,29504.0,79368.0,0.37173672008870073,LP,True,False
2004,VIC,203,Calwell,15050,CANHAM,Gary,2,FFP,Family First,1870.0,79368.0,0.02356113295030743,FFP,False,False
2004,VIC,203,Calwell,14485,YOHANNA,Sleiman,3,CEC,Citizens Electoral Council,1745.0,79368.0,0.02198619090817458,CEC,False,False
2004,VIC,203,Calwell,15051,ALMAN,Mohamad,4,GRN,Australian Greens,4175.0,79368.0,0.05260306420723718,GRN,True,False
2004,VIC,203,Calwell,15182,GATT,Jonathon,5,DEM,Democrats,1180.0,79368.0,0.014867452877734099,DEM,False,False
2004,VIC,203,Calwell,14640,VAMVAKINOU,Maria,6,ALP,Australian Labor Party,39692.0,79368.0,0.5001007962906965,ALP,True,False
2004,VIC,203,Calwell,15529,TOWERS,Denis,7,IND,Independent,1202.0,79368.0,0.01514464267714948,IND,False,True
2004,VIC,204,Casey,14976,RINGROSE,Joy,1,GRN,Australian Greens,6302.0,80057.0,0.07871891277464807,GRN,True,False
2004,VIC,204,Casey,15512,CHAPMAN,Daniel,2,,,531.0,80057.0,0.006632774148419251,,False,False
2004,VIC,204,Casey,14715,RUSHTON,Andrew,3,FFP,Family First,3243.0,80057.0,0.040508637595713055,FFP,False,False
2004,VIC,204,Casey,15181,VANDERSMAN,Jos,4,DEM,Democrats,1002.0,80057.0,0.0125160822913674,DEM,False,False
2004,VIC,204,Casey,14483,BECK,Jeremy,5,CEC,Citizens Electoral Council,167.0,80057.0,0.0020860137152279,CEC,False,False
2004,VIC,204,Casey,14688,DIB,Tony,6,ALP,Australian Labor Party,23762.0,80057.0,0.2968135203667387,ALP,True,False
2004,VIC,204,Casey,14226,SMITH,Tony,7,LP,Liberal,45050.0,80057.0,0.5627240591078856,LP,True,False
2004,VIC,205,Chisholm,15176,BENNETT,James,1,DEM,Democrats,1561.0,77830.0,0.02005653347038417,DEM,False,False
2004,VIC,205,Chisholm,14690,BURKE,Anna Elizabeth,2,ALP,Australian Labor Party,34241.0,77830.0,0.4399460362328151,ALP,True,False
2004,VIC,205,Chisholm,14723,ONG,Gary,3,FFP,Family First,1468.0,77830.0,0.018861621482718745,FFP,False,False
2004,VIC,205,Chisholm,14241,HARTNEY,Stephen,4,LP,Liberal,33945.0,77830.0,0.43614287549788,LP,True,False
2004,VIC,205,Chisholm,14259,LYSAGHT,Owen,5,IND,Independent,763.0,77830.0,0.009803417705255044,IND,False,True
2004,VIC,205,Chisholm,14491,BARWICK,Wayne,6,CEC,Citizens Electoral Council,137.0,77830.0,0.0017602466915071309,CEC,False,False
2004,VIC,205,Chisholm,14979,HARRIS,Penny,7,GRN,Australian Greens,5715.0,77830.0,0.07342926891943981,GRN,True,False
2004,VIC,207,Corangamite,14243,McARTHUR,Stewart,1,LP,Liberal,44060.0,84642.0,0.5205453557335602,LP,True,False
2004,VIC,207,Corangamite,14980,CHENERY,Stephen,2,GRN,Australian Greens,6355.0,84642.0,0.07508092908957728,GRN,True,False
2004,VIC,207,Corangamite,14805,MODRA,Christine,3,FFP,Family First,2318.0,84642.0,0.02738593133432575,FFP,False,False
2004,VIC,207,Corangamite,14664,McMULLIN,Peter,4,ALP,Australian Labor Party,31105.0,84642.0,0.36748895347463434,ALP,True,False
2004,VIC,207,Corangamite,14498,BAILEY,Andrew,5,CEC,Citizens Electoral Council,313.0,84642.0,0.0036979277427281964,CEC,False,False
2004,VIC,207,Corangamite,14385,JOHNSON,Chris,6,SAL,Socialist Alliance,491.0,84642.0,0.005800902625174263,SAL,False,False
2004,VIC,208,Corio,12288,MALESIC,Steve,1,IND,Independent,2877.0,80137.0,0.03590101950409923,IND,False,True
2004,VIC,208,Corio,14490,BIRD,Steven,2,CEC,Citizens Electoral Council,251.0,80137.0,0.0031321362167288517,CEC,False,False
2004,VIC,208,Corio,14774,ALDERSON,Gordon,3,FFP,Family First,2077.0,80137.0,0.025918115227672612,FFP,False,False
2004,VIC,208,Corio,14998,CONSTABLE,Brett,4,GRN,Australian Greens,4733.0,80137.0,0.05906135742540899,GRN,True,False
2004,VIC,208,Corio,14635,O'CONNOR,Gavan,5,ALP,Australian Labor Party,37405.0,80137.0,0.4667631680746721,ALP,True,False
2004,VIC,208,Corio,14387,GOODEN,Tim,6,SAL,Socialist Alliance,505.0,80137.0,0.0063017083244943034,SAL,False,False
2004,VIC,208,Corio,14222,KING,Bruce,7,LP,Liberal,32289.0,80137.0,0.4029224952269239,LP,True,False
2004,VIC,209,Deakin,15179,BAILEY,Alan,1,DEM,Democrats,1595.0,80884.0,0.019719598437268185,DEM,False,False
2004,VIC,209,Deakin,14238,BARRESI,Phil,2,LP,Liberal,40922.0,80884.0,0.5059344246080807,LP,True,False
2004,VIC,209,Deakin,14726,DE ZILWA,Yasmin,3,FFP,Family First,1889.0,80884.0,0.02335443350971762,FFP,False,False
2004,VIC,209,Deakin,14691,LYNCH,Peter,4,ALP,Australian Labor Party,29240.0,80884.0,0.36150536570891645,ALP,True,False
2004,VIC,209,Deakin,15471,RASKOVY,Steve,5,IND,Independent,739.0,80884.0,0.009136541219524256,IND,False,True
2004,VIC,209,Deakin,14472,TAIT,Simon,6,CEC,Citizens Electoral Council,140.0,80884.0,0.0017308738440235398,CEC,False,False
2004,VIC,209,Deakin,14982,PEMBERTON,Bill,7,GRN,Australian Greens,6359.0,80884.0,0.07861876267246921,GRN,True,False
2004,VIC,210,Dunkley,14225,BILLSON,Bruce,1,LP,Liberal,46067.0,82948.0,0.5553720403144139,LP,True,False
2004,VIC,210,Dunkley,14527,PEUT,Gabrielle M,2,CEC,Citizens Electoral Council,178.0,82948.0,0.002145922746781116,CEC,False,False
2004,VIC,210,Dunkley,15145,BAILEY,Karen,3,DEM,Democrats,1008.0,82948.0,0.012152191734580702,DEM,False,False
2004,VIC,210,Dunkley,15049,JOHNSON,Paula,4,GRN,Australian Greens,5179.0,82948.0,0.06243670733471573,GRN,True,False
2004,VIC,210,Dunkley,14773,EASTMAN,Cameron,5,FFP,Family First,1949.0,82948.0,0.023496648502676375,FFP,False,False
2004,VIC,210,Dunkley,13435,DAVIS,Fletcher,6,IND,Independent,722.0,82948.0,0.008704248444808795,IND,False,True
2004,VIC,210,Dunkley,14655,CONSTAS,Helen,7,ALP,Australian Labor Party,27845.0,82948.0,0.33569224092202343,ALP,True,False
2004,VIC,211,Flinders,15535,MADIGAN,Paul,1,IND,Independent,1043.0,82944.0,0.012574749228395061,IND,False,True
2004,VIC,211,Flinders,14916,JOHNSTONE,Dean,2,FFP,Family First,1435.0,82944.0,0.017300829475308643,FFP,False,False
2004,VIC,211,Flinders,14992,KINGSFORD,Stuart,3,GRN,Australian Greens,5204.0,82944.0,0.06274112654320987,GRN,True,False
2004,VIC,211,Flinders,15545,ADAMS,Neale,4,IND,Independent,503.0,82944.0,0.006064332561728395,IND,False,True
2004,VIC,211,Flinders,15132,ERROL,Bruce,5,DEM,Democrats,715.0,82944.0,0.008620273919753086,DEM,False,False
2004,VIC,211,Flinders,14654,NAPTHINE,Simon,6,ALP,Australian Labor Party,25621.0,82944.0,0.30889515817901236,ALP,True,False
2004,VIC,211,Flinders,14507,BROADBENT,Henry,7,CEC,Citizens Electoral Council,174.0,82944.0,0.002097800925925926,CEC,False,False
2004,VIC,211,Flinders,14248,HUNT,Greg,8,LP,Liberal,48249.0,82944.0,0.5817057291666666,LP,True,False
2004,VIC,212,Gellibrand,14249,McCONNELL,David,1,LP,Liberal,25069.0,79420.0,0.3156509695290859,LP,True,False
2004,VIC,212,Gellibrand,15024,BUI,Nam,2,GRN,Australian Greens,7210.0,79420.0,0.09078317804079578,GRN,True,False
2004,VIC,212,Gellibrand,15532,ASSAF,Wajde,3,IND,Independent,606.0,79420.0,0.007630319818685469,IND,False,True
2004,VIC,212,Gellibrand,14697,ROXON,Nicola,4,ALP,Australian Labor Party,43383.0,79420.0,0.5462477965248048,ALP,True,False
2004,VIC,212,Gellibrand,14839,LEE,Michael,5,FFP,Family First,1463.0,79420.0,0.018421052631578946,FFP,False,False
2004,VIC,212,Gellibrand,14492,ISHERWOOD,Kel,6,CEC,Citizens Electoral Council,149.0,79420.0,0.0018761017375975824,CEC,False,False
2004,VIC,212,Gellibrand,14406,WALDRON,Linda,7,SAL,Socialist Alliance,508.0,79420.0,0.0063963737093931,SAL,False,False
2004,VIC,212,Gellibrand,15174,GRAROCK,Max,8,DEM,Democrats,1032.0,79420.0,0.012994208008058424,DEM,False,False
2004,VIC,213,Gippsland,14534,SINDT,Christina,1,,,1288.0,85234.0,0.015111340544852993,,False,False
2004,VIC,213,Gippsland,14856,McGAURAN,Peter,2,NP,The Nationals,41531.0,85234.0,0.48725860572072177,NP,True,False
2004,VIC,213,Gippsland,14516,STANTON,Heather,3,CEC,Citizens Electoral Council,233.0,85234.0,0.002733650890489711,CEC,False,False
2004,VIC,213,Gippsland,15027,LANE,Madelon,4,GRN,Australian Greens,3734.0,85234.0,0.043808808691367294,GRN,True,False
2004,VIC,213,Gippsland,15189,LANGMORE,David Leonard,5,DEM,Democrats,1312.0,85234.0,0.01539291831898069,DEM,False,False
2004,VIC,213,Gippsland,15553,KELLY,Peter Maxwell,6,IND,Independent,3139.0,85234.0,0.03682802637445151,IND,False,True
2004,VIC,213,Gippsland,14815,LILLYMAN,Doug,7,FFP,Family First,2405.0,85234.0,0.028216439449046154,FFP,False,False
2004,VIC,213,Gippsland,14645,WISHART,Don,8,ALP,Australian Labor Party,29053.0,85234.0,0.34086162798883074,ALP,True,False
2004,VIC,213,Gippsland,14642,BUCKLEY,Ben,9,HAN,One Nation,2539.0,85234.0,0.02978858202125912,ON,False,False
2004,VIC,214,Goldstein,15549,O'BRIEN,Terry,1,IND,Independent,1585.0,81868.0,0.019360433869155227,IND,False,True
2004,VIC,214,Goldstein,14223,ROBB,Andrew,2,LP,Liberal,45829.0,81868.0,0.5597913714760346,LP,True,False
2004,VIC,214,Goldstein,14711,HERMANS,Mark,3,FFP,Family First,1088.0,81868.0,0.013289685835735573,FFP,False,False
2004,VIC,214,Goldstein,14629,TUCKER,Craig,4,ALP,Australian Labor Party,24941.0,81868.0,0.30464894708555235,ALP,True,False
2004,VIC,214,Goldstein,15153,IGAI,Aron Paul,5,DEM,Democrats,1006.0,81868.0,0.01228807348414521,DEM,False,False
2004,VIC,214,Goldstein,15004,CLAIR,Bill,6,GRN,Australian Greens,7251.0,81868.0,0.08856940440709435,GRN,True,False
2004,VIC,214,Goldstein,14468,SHOMALI,Heather E,7,CEC,Citizens Electoral Council,168.0,81868.0,0.002052083842282699,CEC,False,False
2004,VIC,309,Gorton,14650,O'CONNOR,Brendan,1,ALP,Australian Labor Party,48930.0,82413.0,0.593717010665793,ALP,True,False
2004,VIC,309,Gorton,14962,WILSON,Steven,2,GRN,Australian Greens,4204.0,82413.0,0.05101136956548118,GRN,True,False
2004,VIC,309,Gorton,14797,MALLON,Ian,3,FFP,Family First,2052.0,82413.0,0.024898984383531723,FFP,False,False
2004,VIC,309,Gorton,14221,JENNISON,Susan,4,LP,Liberal,26717.0,82413.0,0.3241842913132637,LP,True,False
2004,VIC,309,Gorton,14494,CAMPBELL,Colin Ross Morgan,5,CEC,Citizens Electoral Council,510.0,82413.0,0.006188344071930399,CEC,False,False
2004,VIC,215,Higgins,14692,KLISARIS,Paul,1,ALP,Australian Labor Party,24166.0,79239.0,0.30497608500864476,ALP,True,False
2004,VIC,215,Higgins,15223,McBETH,Adam,2,DEM,Democrats,1440.0,79239.0,0.018172869420361185,DEM,False,False
2004,VIC,215,Higgins,14506,REID,Katherine,3,CEC,Citizens Electoral Council,243.0,79239.0,0.00306667171468595,CEC,False,False
2004,VIC,215,Higgins,14824,PRINGLE,Glen,4,FFP,Family First,658.0,79239.0,0.008303991721248375,FFP,False,False
2004,VIC,215,Higgins,14990,TRAFFICANTE,Robert,5,GRN,Australian Greens,8993.0,79239.0,0.11349209353979732,GRN,True,False
2004,VIC,215,Higgins,14231,COSTELLO,Peter,6,LP,Liberal,43739.0,79239.0,0.5519882885952624,LP,True,False
2004,VIC,216,Holt,14522,JOHN,Jason,1,CEC,Citizens Electoral Council,1169.0,81613.0,0.014323698430397118,CEC,False,False
2004,VIC,216,Holt,14958,REIHER,Jim,2,GRN,Australian Greens,3638.0,81613.0,0.04457623172778846,GRN,True,False
2004,VIC,216,Holt,14250,TEIWES,Paul,3,LP,Liberal,34974.0,81613.0,0.4285346697217355,LP,True,False
2004,VIC,216,Holt,14770,BURGESS,Stephen,4,FFP,Family First,3403.0,81613.0,0.04169678850183182,FFP,False,False
2004,VIC,216,Holt,14652,BYRNE,Anthony,5,ALP,Australian Labor Party,37269.0,81613.0,0.45665518973692915,ALP,True,False
2004,VIC,216,Holt,15142,BERK,Daniel,6,DEM,Democrats,1160.0,81613.0,0.014213421881317927,DEM,False,False
2004,VIC,217,Hotham,14758,COOMBE,Roger,1,FFP,Family First,2045.0,79532.0,0.025712920585424733,FFP,False,False
2004,VIC,217,Hotham,15068,PERROTT,Kiera,2,GRN,Australian Greens,4287.0,79532.0,0.05390283156465322,GRN,True,False
2004,VIC,217,Hotham,14376,COX,Josephine,3,SAL,Socialist Alliance,274.0,79532.0,0.0034451541517879596,SAL,False,False
2004,VIC,217,Hotham,14251,MARRINER,Jennifer,4,LP,Liberal,30992.0,79532.0,0.3896796258109943,LP,True,False
2004,VIC,217,Hotham,14695,CREAN,Simon,5,ALP,Australian Labor Party,40735.0,79532.0,0.5121837750842428,ALP,True,False
2004,VIC,217,Hotham,15295,JOSS,Jessica,6,DEM,Democrats,975.0,79532.0,0.012259216416033798,DEM,False,False
2004,VIC,217,Hotham,14481,ELLERY,Adam,7,CEC,Citizens Electoral Council,224.0,79532.0,0.0028164763868631496,CEC,False,False
2004,VIC,218,Indi,14738,McMARTIN,Warren,1,FFP,Family First,3341.0,82764.0,0.04036779276013726,FFP,False,False
2004,VIC,218,Indi,14474,BAILEY,Merrill Christine,2,CEC,Citizens Electoral Council,558.0,82764.0,0.006742061765985211,CEC,False,False
2004,VIC,218,Indi,14999,O'CONNOR,Jenny,3,GRN,Australian Greens,5321.0,82764.0,0.06429123773621381,GRN,True,False
2004,VIC,218,Indi,14672,WILLIAMS,John,4,ALP,Australian Labor Party,21710.0,82764.0,0.262312116379102,ALP,True,False
2004,VIC,218,Indi,14240,PANOPOULOS,Sophie,5,LP,Liberal,51834.0,82764.0,0.6262867913585617,LP,True,False
2004,VIC,219,Isaacs,15030,HARDY,Sean,1,GRN,Australian Greens,6143.0,84060.0,0.07307875327147276,GRN,True,False
2004,VIC,219,Isaacs,14228,SHELLEY,Jeff,2,LP,Liberal,36391.0,84060.0,0.432916964073281,LP,True,False
2004,VIC,219,Isaacs,15151,FLETCHER,Haydn,3,DEM,Democrats,862.0,84060.0,0.010254580061860575,DEM,False,False
2004,VIC,219,Isaacs,15530,FORD,Gordon W,4,IND,Independent,650.0,84060.0,0.007732571972400666,IND,False,True
2004,VIC,219,Isaacs,14706,GROVES,Carl L,5,HAN,One Nation,536.0,84060.0,0.006376397811087319,ON,False,False
2004,VIC,219,Isaacs,15025,MATHEWS,Jacob,6,FFP,Family First,2019.0,84060.0,0.02401855817273376,FFP,False,False
2004,VIC,219,Isaacs,14496,MALLIOTIS,Martha,7,CEC,Citizens Electoral Council,214.0,84060.0,0.0025458006186057577,CEC,False,False
2004,VIC,219,Isaacs,14689,CORCORAN,Ann K,8,ALP,Australian Labor Party,37245.0,84060.0,0.44307637401855815,ALP,True,False
2004,VIC,220,Jagajaga,14710,BARTON,Jennifer,1,FFP,Family First,1956.0,85537.0,0.02286729719302758,FFP,False,False
2004,VIC,220,Jagajaga,14632,MACKLIN,Jenny,2,ALP,Australian Labor Party,38303.0,85537.0,0.44779452166898537,ALP,True,False
2004,VIC,220,Jagajaga,14256,INMAN,Woody,3,LP,Liberal,36210.0,85537.0,0.423325578404667,LP,True,False
2004,VIC,220,Jagajaga,14466,LELE,Stephen,4,CEC,Citizens Electoral Council,162.0,85537.0,0.0018939172521832658,CEC,False,False
2004,VIC,220,Jagajaga,15159,HAYWARD,Cate,5,DEM,Democrats,983.0,85537.0,0.011492102832692285,DEM,False,False
2004,VIC,220,Jagajaga,15630,SCHOREL-HLAVKA,Gary,6,ADP,The Aged and Disability Pensioners Party,285.0,85537.0,0.0033318914621742637,ADP,False,False
2004,VIC,220,Jagajaga,14973,ARDIN,Don,7,GRN,Australian Greens,7111.0,85537.0,0.0831336146930568,GRN,True,False
2004,VIC,220,Jagajaga,14263,MINSTER,Barry,8,VET,"Ex-Service, Service & Veterans Party",527.0,85537.0,0.006161076493213463,VET,False,False
2004,VIC,221,Kooyong,14523,REED,Andrew,1,CEC,Citizens Electoral Council,446.0,79727.0,0.005594089831550165,CEC,False,False
2004,VIC,221,Kooyong,15013,CAMPBELL,Peter,2,GRN,Australian Greens,9997.0,79727.0,0.1253903947219888,GRN,True,False
2004,VIC,221,Kooyong,14282,GEORGIOU,Petro,3,LP,Liberal,43581.0,79727.0,0.5466278675981788,LP,True,False
2004,VIC,221,Kooyong,14832,LAIDLER,John,4,FFP,Family First,1099.0,79727.0,0.013784539741869129,FFP,False,False
2004,VIC,221,Kooyong,15167,DETTMAN,Mary,5,DEM,Democrats,1472.0,79727.0,0.018463005004578124,DEM,False,False
2004,VIC,221,Kooyong,14676,WILSON,Tom,6,ALP,Australian Labor Party,23132.0,79727.0,0.290140103101835,ALP,True,False
2004,VIC,223,La Trobe,15023,SMITH,Craig,1,GRN,Australian Greens,7313.0,77731.0,0.09408086863670864,GRN,True,False
2004,VIC,223,La Trobe,15131,HOLLAND,Tony,2,DEM,Democrats,1160.0,77731.0,0.01492326098982388,DEM,False,False
2004,VIC,223,La Trobe,14683,DAVIES,Susan,3,ALP,Australian Labor Party,26251.0,77731.0,0.33771596917574714,ALP,True,False
2004,VIC,223,La Trobe,6850,DEAN,Frank,4,IND,Independent,777.0,77731.0,0.009996011887149272,IND,False,True
2004,VIC,223,La Trobe,14224,WOOD,Jason,5,LP,Liberal,39810.0,77731.0,0.5121508793145592,LP,True,False
2004,VIC,223,La Trobe,14509,BEILHARZ,Kurt,6,CEC,Citizens Electoral Council,131.0,77731.0,0.0016852993014370072,CEC,False,False
2004,VIC,223,La Trobe,15281,VOIGT,Wolf,7,CDP,Christian Democratic Party (Fred Nile Group),459.0,77731.0,0.005904979995111345,CDP,False,False
2004,VIC,223,La Trobe,14786,BRIDGES,Darryl,8,FFP,Family First,1830.0,77731.0,0.023542730699463534,FFP,False,False
2004,VIC,222,Lalor,14646,GILLARD,Julia,1,ALP,Australian Labor Party,43677.0,82024.0,0.5324904905881206,ALP,True,False
2004,VIC,222,Lalor,14776,BULLER,Arthur,2,FFP,Family First,2607.0,82024.0,0.03178338047400761,FFP,False,False
2004,VIC,222,Lalor,15002,BROWNING,Malcolm,3,GRN,Australian Greens,3381.0,82024.0,0.04121964303130791,GRN,True,False
2004,VIC,222,Lalor,14258,CURTIS,Peter,4,LP,Liberal,30715.0,82024.0,0.3744635716375695,LP,True,False
2004,VIC,222,Lalor,15141,HOWE,Roger,5,DEM,Democrats,1182.0,82024.0,0.014410416463474105,DEM,False,False
2004,VIC,222,Lalor,14480,LARNER,Sally,6,CEC,Citizens Electoral Council,462.0,82024.0,0.0056324978055203355,CEC,False,False
2004,VIC,224,Mallee,14686,ZIGOURAS,J N,1,ALP,Australian Labor Party,17034.0,83855.0,0.20313636634666984,ALP,True,False
2004,VIC,224,Mallee,14875,FORREST,John,2,NP,The Nationals,57370.0,83855.0,0.6841571760777533,NP,True,False
2004,VIC,224,Mallee,15005,ROBERTS,Simon,3,GRN,Australian Greens,3166.0,83855.0,0.03775564963329557,GRN,True,False
2004,VIC,224,Mallee,14864,SMITH,Kevin,4,FFP,Family First,3787.0,83855.0,0.04516129032258064,FFP,False,False
2004,VIC,224,Mallee,15186,PARR,Stephen,5,DEM,Democrats,1301.0,83855.0,0.015514876870788862,DEM,False,False
2004,VIC,224,Mallee,14473,CAMPBELL,Trudy,6,CEC,Citizens Electoral Council,1197.0,83855.0,0.014274640748911813,CEC,False,False
2004,VIC,225,Maribyrnong,14246,D'SOUZA,Conrad,1,LP,Liberal,29281.0,78074.0,0.37504162717421935,LP,True,False
2004,VIC,225,Maribyrnong,15185,LIVESAY,Robert,2,DEM,Democrats,1261.0,78074.0,0.016151343597100187,DEM,False,False
2004,VIC,225,Maribyrnong,14641,SERCOMBE,Bob,3,ALP,Australian Labor Party,40075.0,78074.0,0.5132950790275892,ALP,True,False
2004,VIC,225,Maribyrnong,14760,HOLT,David,4,FFP,Family First,1443.0,78074.0,0.018482465353382688,FFP,False,False
2004,VIC,225,Maribyrnong,14488,KOZLOWSKI,Andre,5,CEC,Citizens Electoral Council,656.0,78074.0,0.00840228501165561,CEC,False,False
2004,VIC,225,Maribyrnong,14965,MUNTZ,Bob,6,GRN,Australian Greens,5358.0,78074.0,0.06862719983605298,GRN,True,False
2004,VIC,226,McEwen,15550,GORDON,Robert,1,IND,Independent,2220.0,87418.0,0.025395227527511496,IND,False,True
2004,VIC,226,McEwen,14721,SACH,Mark,2,FFP,Family First,1500.0,87418.0,0.017158937518588848,FFP,False,False
2004,VIC,226,McEwen,15085,HANNES-PATERSON,Megan,3,GRN,Australian Greens,6686.0,87418.0,0.07648310416619003,GRN,True,False
2004,VIC,226,McEwen,15154,WHITE,Marj,4,DEM,Democrats,713.0,87418.0,0.008156214967169232,DEM,False,False
2004,VIC,226,McEwen,14469,McLENNAN,Rod,5,CEC,Citizens Electoral Council,188.0,87418.0,0.002150586835663136,CEC,False,False
2004,VIC,226,McEwen,14260,SMITH,Maurie,6,IND,Independent,278.0,87418.0,0.0031801230867784668,IND,False,True
2004,VIC,226,McEwen,14236,BAILEY,Fran,7,LP,Liberal,45230.0,87418.0,0.5173991626438491,LP,True,False
2004,VIC,226,McEwen,14630,BEALES,Jenny,8,ALP,Australian Labor Party,30205.0,87418.0,0.34552380516598413,ALP,True,False
2004,VIC,226,McEwen,15503,LUTZ,Damon Gordon,9,IND,Independent,398.0,87418.0,0.0045528380882655746,IND,False,True
2004,VIC,227,McMillan,14648,GIZYCKI de GOZDAWA,A R,1,HAN,One Nation,1044.0,75431.0,0.013840463469926158,ON,False,False
2004,VIC,227,McMillan,14524,REID,Graeme,2,CEC,Citizens Electoral Council,127.0,75431.0,0.0016836579125293315,CEC,False,False
2004,VIC,227,McMillan,14607,EMANUEL,Howard,3,IND,Independent,1079.0,75431.0,0.01430446368204054,IND,False,True
2004,VIC,227,McMillan,14253,BROADBENT,Russell,4,LP,Liberal,32379.0,75431.0,0.4292532248014742,LP,True,False
2004,VIC,227,McMillan,15298,GRANT,Julie,5,DEM,Democrats,638.0,75431.0,0.00845806100939932,DEM,False,False
2004,VIC,227,McMillan,15042,McKENZIE,Bridget,6,NP,The Nationals,6676.0,75431.0,0.08850472617358911,NP,True,False
2004,VIC,227,McMillan,14651,ZAHRA,Christian,7,ALP,Australian Labor Party,28555.0,75431.0,0.3785578873407485,ALP,True,False
2004,VIC,227,McMillan,15039,BYRNE,Greg,8,DLP,D.L.P. - Democratic Labor Party,263.0,75431.0,0.003486630165316647,DLP,False,False
2004,VIC,227,McMillan,15320,PAUL,Harold,9,FFP,Family First,1289.0,75431.0,0.017088464954726837,FFP,False,False
2004,VIC,227,McMillan,15026,AITKEN,Chris,10,GRN,Australian Greens,3381.0,75431.0,0.044822420490249364,GRN,True,False
2004,VIC,228,Melbourne,14636,TANNER,Lindsay James,1,ALP,Australian Labor Party,42047.0,81204.0,0.5177946899167528,ALP,True,False
2004,VIC,228,Melbourne,14382,KENNY,Zoe,2,SAL,Socialist Alliance,619.0,81204.0,0.007622777203093444,SAL,False,False
2004,VIC,228,Melbourne,14247,DIMITROULIS,Jerry,3,LP,Liberal,20374.0,81204.0,0.25089897049406434,LP,True,False
2004,VIC,228,Melbourne,15249,WILLIAMS,Angela,4,DEM,Democrats,1326.0,81204.0,0.016329244864784986,DEM,False,False
2004,VIC,228,Melbourne,15037,PINNELL,Gemma,5,GRN,Australian Greens,15416.0,81204.0,0.18984286488350327,GRN,True,False
2004,VIC,228,Melbourne,14476,ANGER,Steven,6,IND,Independent,559.0,81204.0,0.006883897344958376,IND,False,True
2004,VIC,228,Melbourne,14768,WILLIS,Chris,7,FFP,Family First,718.0,81204.0,0.008841928969016305,FFP,False,False
2004,VIC,228,Melbourne,14487,McGUCKIN,Rhys,8,CEC,Citizens Electoral Council,145.0,81204.0,0.0017856263238264125,CEC,False,False
2004,VIC,230,Melbourne Ports,15516,CAMERON,Les,1,IND,Independent,958.0,81636.0,0.011735018864226567,IND,False,True
2004,VIC,230,Melbourne Ports,14245,SOUTHWICK,David,2,LP,Liberal,35058.0,81636.0,0.4294428928413935,LP,True,False
2004,VIC,230,Melbourne Ports,15236,BEALE,Craig,3,DEM,Democrats,1102.0,81636.0,0.013498946543191729,DEM,False,False
2004,VIC,230,Melbourne Ports,14660,DANBY,Michael,4,ALP,Australian Labor Party,32046.0,81636.0,0.3925474055563722,ALP,True,False
2004,VIC,230,Melbourne Ports,14750,JACKEL,Graeme,5,FFP,Family First,444.0,81636.0,0.005438777010142584,FFP,False,False
2004,VIC,230,Melbourne Ports,14493,ISHERWOOD,Aaron,6,CEC,Citizens Electoral Council,146.0,81636.0,0.0017884266745063452,CEC,False,False
2004,VIC,230,Melbourne Ports,15248,HORIN,Leonie,7,IND,Independent,374.0,81636.0,0.004581312166201185,IND,False,True
2004,VIC,230,Melbourne Ports,15036,LEWIS,Jo,8,GRN,Australian Greens,11508.0,81636.0,0.1409672203439659,GRN,True,False
2004,VIC,229,Menzies,14687,JONES,Brian,1,ALP,Australian Labor Party,26635.0,81239.0,0.3278597717844877,ALP,True,False
2004,VIC,229,Menzies,14482,DAVIDSON,Jordon,2,CEC,Citizens Electoral Council,256.0,81239.0,0.0031511958542079542,CEC,False,False
2004,VIC,229,Menzies,14720,BRIDGE,John,3,FFP,Family First,1739.0,81239.0,0.02140597496276419,FFP,False,False
2004,VIC,229,Menzies,15177,PAGE,Anne,4,DEM,Democrats,1226.0,81239.0,0.015091273895542781,DEM,False,False
2004,VIC,229,Menzies,14235,ANDREWS,Kevin,5,LP,Liberal,46132.0,81239.0,0.5678553404153177,LP,True,False
2004,VIC,229,Menzies,14988,WRIGHT,Matthew,6,GRN,Australian Greens,5251.0,81239.0,0.06463644308767956,GRN,True,False
2004,VIC,231,Murray,15041,MORGAN,Monica,1,GRN,Australian Greens,2449.0,80417.0,0.030453759777161544,GRN,True,False
2004,VIC,231,Murray,14201,BRYANT,Rob,2,IND,Independent,6235.0,80417.0,0.07753335737468446,IND,False,True
2004,VIC,231,Murray,14232,STONE,Sharman,3,LP,Liberal,52697.0,80417.0,0.6552967656092618,LP,True,False
2004,VIC,231,Murray,14714,MADILL,Janine,4,FFP,Family First,1917.0,80417.0,0.023838243157541315,FFP,False,False
2004,VIC,231,Murray,14477,BARWICK,Elisa,5,CEC,Citizens Electoral Council,137.0,80417.0,0.0017036198813683674,CEC,False,False
2004,VIC,231,Murray,15554,TEASDALE,Diane,6,IND,Independent,1083.0,80417.0,0.013467301689941182,IND,False,True
2004,VIC,231,Murray,14649,KELLY,Norm,7,ALP,Australian Labor Party,15899.0,80417.0,0.19770695251004142,ALP,True,False
2004,VIC,232,Scullin,14499,STEER,Simon,1,CEC,Citizens Electoral Council,1287.0,78289.0,0.016439091060046748,CEC,False,False
2004,VIC,232,Scullin,14242,KOSTADINOSKI,Lucas,2,LP,Liberal,24196.0,78289.0,0.30906002120348963,LP,True,False
2004,VIC,232,Scullin,14708,SHAND,Amy,3,FFP,Family First,2656.0,78289.0,0.03392558341529461,FFP,False,False
2004,VIC,232,Scullin,14637,JENKINS,Harry,4,ALP,Australian Labor Party,46209.0,78289.0,0.5902361762188814,ALP,True,False
2004,VIC,232,Scullin,15035,GRAY,Merinda,5,GRN,Australian Greens,3941.0,78289.0,0.050339128102287675,GRN,True,False
2004,VIC,233,Wannon,14678,McALPINE,Robert John,1,ALP,Australian Labor Party,26816.0,84184.0,0.31854034020716526,ALP,True,False
2004,VIC,233,Wannon,14244,HAWKER,David,2,LP,Liberal,48687.0,84184.0,0.5783403021951915,LP,True,False
2004,VIC,233,Wannon,15169,WILLSHER,Kerre,3,DEM,Democrats,806.0,84184.0,0.009574265893756533,DEM,False,False
2004,VIC,233,Wannon,14788,HAZELTON,Ruth,4,FFP,Family First,2508.0,84184.0,0.029791884443599734,FFP,False,False
2004,VIC,233,Wannon,15010,BLAIR,Gillian,5,GRN,Australian Greens,3663.0,84184.0,0.04351183122683645,GRN,True,False
2004,VIC,233,Wannon,14519,BARWICK,Robert,6,CEC,Citizens Electoral Council,149.0,84184.0,0.001769932528746555,CEC,False,False
2004,VIC,233,Wannon,9618,McDONALD,Leigh,7,IND,Independent,1555.0,84184.0,0.01847144350470398,IND,False,True
2004,VIC,234,Wills,14996,ARCHER,Toby,1,GRN,Australian Greens,10663.0,82048.0,0.1299605109204368,GRN,True,False
2004,VIC,234,Wills,14475,ISHERWOOD,Noelene W,2,CEC,Citizens Electoral Council,373.0,82048.0,0.004546119344773791,CEC,False,False
2004,VIC,234,Wills,14229,HAMILTON,Blair,3,LP,Liberal,23549.0,82048.0,0.28701491809672386,LP,True,False
2004,VIC,234,Wills,15140,STONE,Robert,4,DEM,Democrats,1163.0,82048.0,0.014174629485179406,DEM,False,False
2004,VIC,234,Wills,14631,THOMSON,Kelvin,5,ALP,Australian Labor Party,44158.0,82048.0,0.5381971528861155,ALP,True,False
2004,VIC,234,Wills,14707,SURACI,Deborah,6,FFP,Family First,1275.0,82048.0,0.015539684087363495,FFP,False,False
2004,VIC,234,Wills,14373,GLANZ,David,7,SAL,Socialist Alliance,867.0,82048.0,0.010566985179407176,SAL,False,False
2004,WA,235,Brand,14181,VETTOOR,Rajesh,1,CDP,CDP Christian Party,1581.0,74104.0,0.02133488070819389,CDP,False,False
2004,WA,235,Brand,14146,JENKINS,Jean,2,GRN,The Greens,3578.0,74104.0,0.04828349346863867,GRN,True,False
2004,WA,235,Brand,14139,KETTLE,Gerard,3,IND,Independent,1084.0,74104.0,0.014628090251538379,IND,False,True
2004,WA,235,Brand,14419,STOCKDEN,Garth,4,HAN,Pauline Hanson's One Nation,2045.0,74104.0,0.027596351074166036,ON,False,False
2004,WA,235,Brand,14961,PARTRIDGE,John,5,DEM,Australian Democrats,619.0,74104.0,0.008353125337363706,DEM,False,False
2004,WA,235,Brand,14546,BEAZLEY,Kim,6,ALP,Australian Labor Party,34892.0,74104.0,0.47085177588254346,ALP,True,False
2004,WA,235,Brand,14946,EDMAN,Phil,7,LP,Liberal,29563.0,74104.0,0.39893932851128144,LP,True,False
2004,WA,235,Brand,14562,TOTTEN,Rob,8,CEC,Citizens Electoral Council,742.0,74104.0,0.010012954766274425,CEC,False,False
2004,WA,236,Canning,14560,HALLAHAN,Kay,1,ALP,Australian Labor Party,24533.0,74623.0,0.3287592297280999,ALP,True,False
2004,WA,236,Canning,14575,McCARTHY,Brian,2,CEC,Citizens Electoral Council,642.0,74623.0,0.008603245648124572,CEC,False,False
2004,WA,236,Canning,14441,DACHEFF,Angelo,3,HAN,Pauline Hanson's One Nation,2035.0,74623.0,0.027270412607373062,ON,False,False
2004,WA,236,Canning,14162,BEILBY,Margo,4,GRN,The Greens,3766.0,74623.0,0.05046701419133511,GRN,True,False
2004,WA,236,Canning,15342,CUSTERS,Bev,5,FFP,Family First,756.0,74623.0,0.010130924781903703,FFP,False,False
2004,WA,236,Canning,14693,DODD,Margaret,6,IND,Independent,871.0,74623.0,0.01167200460983879,IND,False,True
2004,WA,236,Canning,14963,RANDALL,Don,7,LP,Liberal,39354.0,74623.0,0.5273709178135427,LP,True,False
2004,WA,236,Canning,14191,HILL,Vivian,8,CDP,CDP Christian Party,1802.0,74623.0,0.024148050869035015,CDP,False,False
2004,WA,236,Canning,14972,BENNELL,Tony,9,DEM,Australian Democrats,864.0,74623.0,0.011578199750747089,DEM,False,False
2004,WA,237,Cowan,14147,GEORGE,Glen,1,GRN,The Greens,4272.0,76382.0,0.05592940745201749,GRN,True,False
2004,WA,237,Cowan,14561,ATKINS,Basil,2,CEC,Citizens Electoral Council,282.0,76382.0,0.003691969312141604,CEC,False,False
2004,WA,237,Cowan,14971,GILFILLAN,Sarah,3,DEM,Australian Democrats,1002.0,76382.0,0.013118273938886125,DEM,False,False
2004,WA,237,Cowan,14187,LEEDER,Richard,4,CDP,CDP Christian Party,1873.0,76382.0,0.024521484119295122,CDP,False,False
2004,WA,237,Cowan,14439,WINTON,Clem,5,HAN,Pauline Hanson's One Nation,1538.0,76382.0,0.020135634049907047,ON,False,False
2004,WA,237,Cowan,14558,EDWARDS,Graham,6,ALP,Australian Labor Party,33510.0,76382.0,0.43871592783640123,ALP,True,False
2004,WA,237,Cowan,14967,SIMPKINS,Luke,7,LP,Liberal,33905.0,76382.0,0.44388730329135134,LP,True,False
2004,WA,238,Curtin,14950,BISHOP,Julie,1,LP,Liberal,45081.0,75658.0,0.5958523883792858,LP,True,False
2004,WA,238,Curtin,14557,KRUSE,Bill,2,ALP,Australian Labor Party,17968.0,75658.0,0.23748975653599091,ALP,True,False
2004,WA,238,Curtin,14960,OLVER,Rob,3,DEM,Australian Democrats,1688.0,75658.0,0.022310925480451504,DEM,False,False
2004,WA,238,Curtin,14186,FORDER,Gail,4,CDP,CDP Christian Party,1272.0,75658.0,0.016812498347828386,CDP,False,False
2004,WA,238,Curtin,14151,LUNDIE-JENKINS,Sonja,5,GRN,The Greens,8689.0,75658.0,0.11484575325808243,GRN,True,False
2004,WA,238,Curtin,14437,CAINE,Albert Martin,6,HAN,Pauline Hanson's One Nation,744.0,75658.0,0.00983372544872981,ON,False,False
2004,WA,238,Curtin,14563,HORNE,Colin,7,CEC,Citizens Electoral Council,216.0,75658.0,0.0028549525496312355,CEC,False,False
2004,WA,239,Forrest,15431,VAGG,Ken,1,NCO,New Country Party,1075.0,77536.0,0.013864527445315725,NCO,False,False
2004,WA,239,Forrest,14195,FLANEGAN,Shane,2,CDP,CDP Christian Party,1242.0,77536.0,0.01601836566240198,CDP,False,False
2004,WA,239,Forrest,14970,WELCH,Adam,3,DEM,Australian Democrats,1311.0,77536.0,0.016908274865868756,DEM,False,False
2004,WA,239,Forrest,15339,ROSE,Linda,4,FFP,Family First,1281.0,77536.0,0.016521357820883202,FFP,False,False
2004,WA,239,Forrest,14442,GIORGI,Alan,5,HAN,Pauline Hanson's One Nation,2667.0,77536.0,0.03439692529921585,ON,False,False
2004,WA,239,Forrest,14564,SMITH,Tresslyn,6,ALP,Australian Labor Party,21655.0,77536.0,0.2792896203054065,ALP,True,False
2004,WA,239,Forrest,14166,GIBSON,Kingsley,7,GRN,The Greens,6549.0,77536.0,0.08446399092034668,GRN,True,False
2004,WA,239,Forrest,14959,PROSSER,Geoff,8,LP,Liberal,41422.0,77536.0,0.5342292612463888,LP,True,False
2004,WA,239,Forrest,14567,TUFFNELL,Ian,9,CEC,Citizens Electoral Council,334.0,77536.0,0.004307676434172514,CEC,False,False
2004,WA,240,Fremantle,14576,POOLE,Damian,1,CEC,Citizens Electoral Council,800.0,72666.0,0.011009275314452427,CEC,False,False
2004,WA,240,Fremantle,14544,LAWRENCE,Carmen,2,ALP,Australian Labor Party,32394.0,72666.0,0.44579308067046486,ALP,True,False
2004,WA,240,Fremantle,14189,SHAVE,Michelle,3,CDP,CDP Christian Party,1524.0,72666.0,0.020972669474031872,CDP,False,False
2004,WA,240,Fremantle,14479,JAMIESON,Ian,4,SAL,Socialist Alliance,350.0,72666.0,0.004816557950072936,SAL,False,False
2004,WA,240,Fremantle,14989,BEAUMONT,Delys,5,DEM,Australian Democrats,1231.0,72666.0,0.01694052239011367,DEM,False,False
2004,WA,240,Fremantle,14983,ZAGAMI,Carmelo,6,LP,Liberal,26118.0,72666.0,0.35942531582858556,LP,True,False
2004,WA,240,Fremantle,14426,MACKINTOSH,Craig Alan,7,HAN,Pauline Hanson's One Nation,1687.0,72666.0,0.023215809319351553,ON,False,False
2004,WA,240,Fremantle,14145,PARIS,Nicola,8,GRN,The Greens,8562.0,72666.0,0.11782676905292709,GRN,True,False
2004,WA,305,Hasluck,14568,HALL,Simon Joseph,1,CEC,Citizens Electoral Council,913.0,71546.0,0.012761020881670533,CEC,False,False
2004,WA,305,Hasluck,14183,RYAN,Terry,2,CDP,CDP Christian Party,2221.0,71546.0,0.03104296536494004,CDP,False,False
2004,WA,305,Hasluck,14428,NIELD,Paul,3,HAN,Pauline Hanson's One Nation,2413.0,71546.0,0.03372655354597043,ON,False,False
2004,WA,305,Hasluck,14964,HANNAH,Nicola,4,DEM,Australian Democrats,1236.0,71546.0,0.01727559891538311,DEM,False,False
2004,WA,305,Hasluck,14154,BREMMER,Jane,5,GRN,The Greens,4911.0,71546.0,0.06864115394291784,GRN,True,False
2004,WA,305,Hasluck,14542,JACKSON,Sharryn,6,ALP,Australian Labor Party,27395.0,71546.0,0.382900511558997,ALP,True,False
2004,WA,305,Hasluck,14952,HENRY,Stuart,7,LP,Liberal,32457.0,71546.0,0.45365219579012106,LP,True,False
2004,WA,241,Kalgoorlie,14168,MUIR,Kado,1,GRN,The Greens,4101.0,64831.0,0.06325677530810878,GRN,True,False
2004,WA,241,Kalgoorlie,14985,HAASE,Barry,2,LP,Liberal,29475.0,64831.0,0.4546436118523546,LP,True,False
2004,WA,241,Kalgoorlie,14425,SCOTT,Robin,3,HAN,Pauline Hanson's One Nation,1511.0,64831.0,0.02330675139979331,ON,False,False
2004,WA,241,Kalgoorlie,14987,HODDY,Don,4,DEM,Australian Democrats,496.0,64831.0,0.007650660949237248,DEM,False,False
2004,WA,241,Kalgoorlie,14613,THOMAS,Lorraine,5,CEC,Citizens Electoral Council,318.0,64831.0,0.004905060850519042,CEC,False,False
2004,WA,241,Kalgoorlie,15664,STEPHENS,Tom,6,ALP,Australian Labor Party,20691.0,64831.0,0.31915287439650786,ALP,True,False
2004,WA,241,Kalgoorlie,15716,COOK,Brendon,7,IND,Independent,506.0,64831.0,0.0078049081457944505,IND,False,True
2004,WA,241,Kalgoorlie,15487,CAMPBELL,Graeme,8,IND,Independent,6654.0,64831.0,0.1026360845891626,IND,False,True
2004,WA,241,Kalgoorlie,14188,HENDRY,Craig,9,CDP,CDP Christian Party,827.0,64831.0,0.012756243155280653,CDP,False,False
2004,WA,241,Kalgoorlie,15628,ROWLAND,Nabil Haji,10,IND,Independent,252.0,64831.0,0.003887029353241505,IND,False,True
2004,WA,242,Moore,14559,YOUNG,Kim,1,ALP,Australian Labor Party,21446.0,68196.0,0.3144759223414863,ALP,True,False
2004,WA,242,Moore,14443,GAULT,George,2,HAN,Pauline Hanson's One Nation,1388.0,68196.0,0.020353099888556513,ON,False,False
2004,WA,242,Moore,14190,WONG,Evelynne,3,CDP,CDP Christian Party,1445.0,68196.0,0.021188926036717695,CDP,False,False
2004,WA,242,Moore,14981,WASHER,Mal,4,LP,Liberal,37739.0,68196.0,0.5533902281658748,LP,True,False
2004,WA,242,Moore,14569,HARVEY,Arthur,5,CEC,Citizens Electoral Council,189.0,68196.0,0.0027714235439028683,CEC,False,False
2004,WA,242,Moore,14163,KERR,Thor,6,GRN,The Greens,4829.0,68196.0,0.07081060472755,GRN,True,False
2004,WA,242,Moore,14984,PAYNE,Kevin,7,DEM,Australian Democrats,1160.0,68196.0,0.017009795295911782,DEM,False,False
2004,WA,243,O'Connor,14160,PRICE,Adrian,1,GRN,The Greens,4910.0,73009.0,0.06725198263227822,GRN,True,False
2004,WA,243,O'Connor,14418,McRAE,Brian,2,HAN,Pauline Hanson's One Nation,3177.0,73009.0,0.043515183059622785,ON,False,False
2004,WA,243,O'Connor,14553,RICHARDS,Ursula,3,ALP,Australian Labor Party,13559.0,73009.0,0.18571682943198783,ALP,True,False
2004,WA,243,O'Connor,14566,PAYNE,Callum Craig,4,CEC,Citizens Electoral Council,367.0,73009.0,0.0050267775205796545,CEC,False,False
2004,WA,243,O'Connor,14182,MOSELEY,Justin,5,CDP,CDP Christian Party,2060.0,73009.0,0.028215699434316316,CDP,False,False
2004,WA,243,O'Connor,15344,HARDINGHAM,Leigh,6,NP,The Nationals,6895.0,73009.0,0.09444041145612185,NP,True,False
2004,WA,243,O'Connor,14986,TUCKEY,Wilson,7,LP,Liberal,38878.0,73009.0,0.5325096905860921,LP,True,False
2004,WA,243,O'Connor,15305,HOUGH,Jan,8,NCO,New Country Party,639.0,73009.0,0.008752345601227247,NCO,False,False
2004,WA,243,O'Connor,14969,THACKRAH,David,9,DEM,Australian Democrats,511.0,73009.0,0.006999137092687203,DEM,False,False
2004,WA,243,O'Connor,14741,GIUDICE,George,10,IND,Independent,2013.0,73009.0,0.02757194318508677,IND,False,True
2004,WA,244,Pearce,14180,MERRELLS,Robert,1,CDP,CDP Christian Party,2235.0,75023.0,0.0297908641349986,CDP,False,False
2004,WA,244,Pearce,14497,TRUMAN,Annolies,2,SAL,Socialist Alliance,286.0,75023.0,0.003812164269623982,SAL,False,False
2004,WA,244,Pearce,14432,GUNNYON,David,3,HAN,Pauline Hanson's One Nation,2803.0,75023.0,0.03736187569145462,ON,False,False
2004,WA,244,Pearce,14974,McLEAN,Donella,4,DEM,Australian Democrats,1155.0,75023.0,0.015395278781173773,DEM,False,False
2004,WA,244,Pearce,14148,LIEB,Dominique,5,GRN,The Greens,5891.0,75023.0,0.07852258640683524,GRN,True,False
2004,WA,244,Pearce,14955,MOYLAN,Judi,6,LP,Liberal,40300.0,75023.0,0.5371686016288338,LP,True,False
2004,WA,244,Pearce,14565,McLEAN,Ron,7,CEC,Citizens Electoral Council,396.0,75023.0,0.005278381296402437,CEC,False,False
2004,WA,244,Pearce,15255,RADISICH,Jeanette,8,NCO,New Country Party,911.0,75023.0,0.012142942830865202,NCO,False,False
2004,WA,244,Pearce,14549,RITTER,David,9,ALP,Australian Labor Party,21046.0,75023.0,0.2805273049598123,ALP,True,False
2004,WA,245,Perth,14521,ULASOWSKI,Nikki,1,SAL,Socialist Alliance,984.0,73549.0,0.013378835878122068,SAL,False,False
2004,WA,245,Perth,14185,LOH,Augustine,2,CDP,CDP Christian Party,1807.0,73549.0,0.02456865491033189,CDP,False,False
2004,WA,245,Perth,14448,EDMONDS,Marie,3,HAN,Pauline Hanson's One Nation,1463.0,73549.0,0.019891500904159132,ON,False,False
2004,WA,245,Perth,14949,LAWRANCE,Alexander,4,LP,Liberal,27127.0,73549.0,0.3688289439693266,LP,True,False
2004,WA,245,Perth,14968,BRADBURY,Ray,5,DEM,Australian Democrats,1344.0,73549.0,0.018273531931093556,DEM,False,False
2004,WA,245,Perth,14543,SMITH,Stephen,6,ALP,Australian Labor Party,33532.0,73549.0,0.4559137445784443,ALP,True,False
2004,WA,245,Perth,14616,RUSSELL,Ross Herbert,7,CEC,Citizens Electoral Council,247.0,73549.0,0.003358305347455438,CEC,False,False
2004,WA,245,Perth,14149,XAMON,Alison,8,GRN,The Greens,7045.0,73549.0,0.09578648248106704,GRN,True,False
2004,WA,246,Stirling,14593,PEARSON,Leone,1,CEC,Citizens Electoral Council,691.0,76046.0,0.00908660547563317,CEC,False,False
2004,WA,246,Stirling,15071,COLETTI,Giuseppe,2,DEM,Australian Democrats,1108.0,76046.0,0.01457012860636983,DEM,False,False
2004,WA,246,Stirling,14156,BERCOV,Katrina,3,GRN,The Greens,5438.0,76046.0,0.07150934960418694,GRN,True,False
2004,WA,246,Stirling,14545,McFARLANE,Jann,4,ALP,Australian Labor Party,29616.0,76046.0,0.38944849170239065,ALP,True,False
2004,WA,246,Stirling,15623,ANDERSON,Marcus,5,IND,Independent,664.0,76046.0,0.008731557215369645,IND,False,True
2004,WA,246,Stirling,15066,KEENAN,Michael,6,LP,Liberal,35938.0,76046.0,0.4725823843463167,LP,True,False
2004,WA,246,Stirling,14184,MORAN,Ray,7,CDP,CDP Christian Party,1472.0,76046.0,0.019356705152144753,CDP,False,False
2004,WA,246,Stirling,14422,PATRICK,Alex K,8,HAN,Pauline Hanson's One Nation,1119.0,76046.0,0.014714777897588302,ON,False,False
2004,WA,247,Swan,14152,FORT,Dave,1,GRN,The Greens,5745.0,69324.0,0.08287173273325256,GRN,True,False
2004,WA,247,Swan,14620,JOHARI,Azmi,2,CEC,Citizens Electoral Council,198.0,69324.0,0.002856153712999827,CEC,False,False
2004,WA,247,Swan,14547,WILKIE,Kim,3,ALP,Australian Labor Party,27675.0,69324.0,0.3992123939761122,ALP,True,False
2004,WA,247,Swan,14179,HAMENCE,Gwen,4,CDP,CDP Christian Party,1214.0,69324.0,0.017511972765564595,CDP,False,False
2004,WA,247,Swan,15337,GREAVES,Peter,5,FFP,Family First,582.0,69324.0,0.008395360913969188,FFP,False,False
2004,WA,247,Swan,14434,VERMEER,Ted,6,HAN,Pauline Hanson's One Nation,1232.0,69324.0,0.017771623103110035,ON,False,False
2004,WA,247,Swan,14975,REYNOLDS,Mark,7,DEM,Australian Democrats,1133.0,69324.0,0.01634354624661012,DEM,False,False
2004,WA,247,Swan,14953,MURFIN,Andrew Peter,8,LP,Liberal,30598.0,69324.0,0.4413767237897409,LP,True,False
2004,WA,247,Swan,14213,van LIESHOUT,Teresa,9,IND,Independent,947.0,69324.0,0.013660492758640586,IND,False,True
2004,WA,248,Tangney,14423,BOON,Lloyd,1,HAN,Pauline Hanson's One Nation,1828.0,74580.0,0.024510592652185574,ON,False,False
2004,WA,248,Tangney,14978,INGRAM,Andrew,2,DEM,Australian Democrats,1440.0,74580.0,0.019308125502815767,DEM,False,False
2004,WA,248,Tangney,14603,VINCENT,Neil A,3,CEC,Citizens Electoral Council,204.0,74580.0,0.002735317779565567,CEC,False,False
2004,WA,248,Tangney,14302,WU,Wilson,4,IND,Independent,1870.0,74580.0,0.025073746312684365,IND,False,True
2004,WA,248,Tangney,14951,JENSEN,Dennis,5,LP,Liberal,40061.0,74580.0,0.5371547331724323,LP,True,False
2004,WA,248,Tangney,14548,WAUGH,Gavin,6,ALP,Australian Labor Party,21288.0,74580.0,0.28543845534995976,ALP,True,False
2004,WA,248,Tangney,14159,DUCKETT,Andrew,7,GRN,The Greens,5814.0,74580.0,0.07795655671761867,GRN,True,False
2004,WA,248,Tangney,14178,TAPLEY,Colleen,8,CDP,CDP Christian Party,2075.0,74580.0,0.027822472512738,CDP,False,False
2007,ACT,101,Canberra,17277,BRESNAN,Amanda,1,GRN,The Greens,14878.0,114901.0,0.12948538306890278,GRN,True,False
2007,ACT,101,Canberra,18175,COLBERT,Natalie,2,LP,Liberal,40359.0,114901.0,0.3512502066996806,LP,True,False
2007,ACT,101,Canberra,17614,ELLIS,Annette,3,ALP,Australian Labor Party,58711.0,114901.0,0.5109703135742943,ALP,True,False
2007,ACT,101,Canberra,17310,HOLDER,John,4,CEC,Citizens Electoral Council,953.0,114901.0,0.008294096657122219,CEC,False,False
2007,ACT,102,Fraser,17431,CHURCHILL,Darren,1,DEM,Australian Democrats,2509.0,108680.0,0.023086124401913877,DEM,False,False
2007,ACT,102,Fraser,18176,WILLIAMS,Troy,2,LP,Liberal,33936.0,108680.0,0.3122561648877438,LP,True,False
2007,ACT,102,Fraser,17613,McMULLAN,Bob,3,ALP,Australian Labor Party,55533.0,108680.0,0.5109771807140229,ALP,True,False
2007,ACT,102,Fraser,17311,ARNOLD,Jim,4,CEC,Citizens Electoral Council,342.0,108680.0,0.003146853146853147,CEC,False,False
2007,ACT,102,Fraser,18090,IQBAL,Farida,5,SAL,Socialist Alliance,539.0,108680.0,0.004959514170040486,SAL,False,False
2007,ACT,102,Fraser,18402,TARANTO,Kerri,6,IND,Independent,1275.0,108680.0,0.011731689363268311,IND,False,True
2007,ACT,102,Fraser,17278,HUNTER,Meredith,7,GRN,The Greens,14546.0,108680.0,0.13384247331615753,GRN,True,False
2007,NSW,103,Banks,18248,NGUYEN,Huu Khoa,1,CEC,Citizens Electoral Council,1430.0,82501.0,0.01733312323486988,CEC,False,False
2007,NSW,103,Banks,18213,NGUYEN,Don,2,LDP,LDP,492.0,82501.0,0.005963564078011176,LDP,False,False
2007,NSW,103,Banks,17949,MORROW,Bruce,3,LP,Liberal,27728.0,82501.0,0.33609289584368673,LP,True,False
2007,NSW,103,Banks,18021,MELHAM,Daryl,4,ALP,Labor,45059.0,82501.0,0.5461630768111901,ALP,True,False
2007,NSW,103,Banks,17300,ROBERTS,Susan,5,GRN,The Greens,4612.0,82501.0,0.05590235269875517,GRN,True,False
2007,NSW,103,Banks,18265,CHAVURA,Stephen,6,CDP,Christian Democratic Party (Fred Nile Group),3180.0,82501.0,0.038544987333486866,CDP,False,False
2007,NSW,104,Barton,17454,McKENZIE,Michele,1,GRN,The Greens,6784.0,81966.0,0.08276602493716907,GRN,True,False
2007,NSW,104,Barton,18254,SVOLOS,Chris,2,CDP,Christian Democratic Party (Fred Nile Group),2465.0,81966.0,0.030073445086987286,CDP,False,False
2007,NSW,104,Barton,17856,La MELA,John,3,LP,Liberal,27425.0,81966.0,0.3345899519312886,LP,True,False
2007,NSW,104,Barton,18038,McCLELLAND,Robert,4,ALP,Labor,45292.0,81966.0,0.552570578044555,ALP,True,False
2007,NSW,105,Bennelong,17148,PETERS,Lindsay,1,GRN,The Greens,4811.0,86936.0,0.055339560136192144,GRN,True,False
2007,NSW,105,Bennelong,17984,GOLDFINCH,Peter Lloyd,2,DEM,Democrats,610.0,86936.0,0.007016655930799668,DEM,False,False
2007,NSW,105,Bennelong,18232,LEYONHJELM,David,3,LDP,LDP,89.0,86936.0,0.0010237416030183123,LDP,False,False
2007,NSW,105,Bennelong,18134,SPENCER,Gavin,4,CEC,Citizens Electoral Council,70.0,86936.0,0.0008051900248458637,CEC,False,False
2007,NSW,105,Bennelong,17874,WATERSON,Victor,5,ON,One Nation,261.0,86936.0,0.003002208521211006,ON,False,False
2007,NSW,105,Bennelong,17680,MARKWELL,Lorraine,6,FFP,Family First,289.0,86936.0,0.0033242845311493513,FFP,False,False
2007,NSW,105,Bennelong,17145,CORDINER,Graeme,7,IND,Independent,239.0,86936.0,0.0027491487991165913,IND,False,True
2007,NSW,105,Bennelong,17233,ALLEN,David L,8,IND,Independent,123.0,86936.0,0.001414833900800589,IND,False,True
2007,NSW,105,Bennelong,18542,TAHIR,Yusuf,9,,,97.0,86936.0,0.001115763320143554,,False,False
2007,NSW,105,Bennelong,17857,HOWARD,John Winston,10,LP,Liberal,39551.0,86936.0,0.4549438667525536,LP,True,False
2007,NSW,105,Bennelong,18392,TRACANELLI,Margherita,11,CCC,Climate Change Coalition,269.0,86936.0,0.0030942302383362473,CCC,False,False
2007,NSW,105,Bennelong,18341,PEEBLES,Robyn,12,CDP,Christian Democratic Party (Fred Nile Group),1119.0,86936.0,0.012871537682893163,CDP,False,False
2007,NSW,105,Bennelong,18018,McKEW,Maxine,13,ALP,Labor,39408.0,86936.0,0.4532989785589399,ALP,True,False
2007,NSW,106,Berowra,17696,ELLIS,Sam,1,FFP,Family First,1049.0,83345.0,0.012586237926690263,FFP,False,False
2007,NSW,106,Berowra,17873,RUDDOCK,Philip,2,LP,Liberal,44525.0,83345.0,0.5342252084708141,LP,True,False
2007,NSW,106,Berowra,17744,GALLAGHER,Mick,3,IND,Independent,1456.0,83345.0,0.017469554262403264,IND,False,True
2007,NSW,106,Berowra,18467,McMURDO,Wendy,4,GRN,The Greens,7653.0,83345.0,0.09182314475973363,GRN,True,False
2007,NSW,106,Berowra,18411,McFARLANE,Rob,5,DEM,Democrats,974.0,83345.0,0.011686363909052732,DEM,False,False
2007,NSW,106,Berowra,18019,COLNAN,Michael,6,ALP,Labor,25563.0,83345.0,0.30671306017157596,ALP,True,False
2007,NSW,106,Berowra,18344,LEVICK,Ray,7,CDP,Christian Democratic Party (Fred Nile Group),2125.0,83345.0,0.02549643049973004,CDP,False,False
2007,NSW,107,Blaxland,17167,KY,John,1,GRN,The Greens,5004.0,77456.0,0.06460442057426152,GRN,True,False
2007,NSW,107,Blaxland,17802,MAJEWSKI,Mark,2,LP,Liberal,18665.0,77456.0,0.24097552158644908,LP,True,False
2007,NSW,107,Blaxland,17809,VINNICOMBE,Bob,3,ON,One Nation,1202.0,77456.0,0.015518487915719893,ON,False,False
2007,NSW,107,Blaxland,17719,KENT,Gabrielle,4,FFP,Family First,1183.0,77456.0,0.015273187357983888,FFP,False,False
2007,NSW,107,Blaxland,18277,McLACHLAN,Chris,5,CDP,Christian Democratic Party (Fred Nile Group),1850.0,77456.0,0.023884527990084694,CDP,False,False
2007,NSW,107,Blaxland,17323,STAVRINOS,Harry,6,IND,Independent,1535.0,77456.0,0.01981770295393514,IND,False,True
2007,NSW,107,Blaxland,18160,CLARE,Jason,7,ALP,Labor,47495.0,77456.0,0.6131868415616608,ALP,True,False
2007,NSW,107,Blaxland,18212,BASSI,Raul,8,SAL,Socialist Alliance,522.0,77456.0,0.006739310059904979,SAL,False,False
2007,NSW,108,Bradfield,18064,BROOKMAN,Victoria,1,ALP,Labor,22509.0,84331.0,0.26691252327139486,ALP,True,False
2007,NSW,108,Bradfield,17850,NELSON,Brendan,2,LP,Liberal,49817.0,84331.0,0.5907317593767416,LP,True,False
2007,NSW,108,Bradfield,18418,GEMMELL,Susie,3,GRN,The Greens,9495.0,84331.0,0.1125920480013281,GRN,True,False
2007,NSW,108,Bradfield,17684,TURNBULL,James,4,FFP,Family First,759.0,84331.0,0.009000249018747554,FFP,False,False
2007,NSW,108,Bradfield,18281,WISZNIEWSKI,Witold,5,CDP,Christian Democratic Party (Fred Nile Group),1466.0,84331.0,0.01738388018640832,CDP,False,False
2007,NSW,108,Bradfield,18110,BUTLER,Robert H,6,CEC,Citizens Electoral Council,285.0,84331.0,0.0033795401453795165,CEC,False,False
2007,NSW,109,Calare,18124,SIMPSON,David John,1,CEC,Citizens Electoral Council,794.0,82387.0,0.009637442800441817,CEC,False,False
2007,NSW,109,Calare,17483,ALLEN,Michael,2,CLR,Country Labor,20266.0,82387.0,0.24598541031958926,CLR,False,False
2007,NSW,109,Calare,17404,BUCKINGHAM,Jeremy,3,GRN,The Greens,2351.0,82387.0,0.028536055445640696,GRN,True,False
2007,NSW,109,Calare,17206,COBB,John,4,NP,Nationals,39941.0,82387.0,0.48479735880660785,NP,True,False
2007,NSW,109,Calare,17315,PRIESTLEY,Gavin,5,IND,Independent,19035.0,82387.0,0.2310437326277204,IND,False,True
2007,NSW,110,Charlton,18556,ULRICH,Stuart,1,IND,Independent,2008.0,83183.0,0.02413954774413041,IND,False,True
2007,NSW,110,Charlton,18198,PRITCHARD,Suzanne,2,GRN,The Greens,6708.0,83183.0,0.08064147722491374,GRN,True,False
2007,NSW,110,Charlton,18237,STOW,David,3,CEC,Citizens Electoral Council,294.0,83183.0,0.003534376014329851,CEC,False,False
2007,NSW,110,Charlton,17924,COOK,Terry,4,SEP,Socialist Equality Party,404.0,83183.0,0.004856761597922653,SEP,False,False
2007,NSW,110,Charlton,18085,COMBET,Greg,5,ALP,Labor,44156.0,83183.0,0.5308296166283977,ALP,True,False
2007,NSW,110,Charlton,17911,PATERSON,Lindsay,6,LP,Liberal,26353.0,83183.0,0.3168075207674645,LP,True,False
2007,NSW,110,Charlton,18426,BARRY,Patrick,7,IND,Independent,1253.0,83183.0,0.015063173965834365,IND,False,True
2007,NSW,110,Charlton,18262,KENDALL,Jim,8,CDP,Christian Democratic Party (Fred Nile Group),2007.0,83183.0,0.02412752605700684,CDP,False,False
2007,NSW,111,Chifley,17979,COGAN,James,1,SEP,Socialist Equality Party,1069.0,80348.0,0.013304624881764326,SEP,False,False
2007,NSW,111,Chifley,17740,JEWELL,Evan,2,FFP,Family First,1016.0,80348.0,0.012644994274904167,FFP,False,False
2007,NSW,111,Chifley,13209,HYLAND,Wayne,3,IND,Independent,484.0,80348.0,0.006023796485288993,IND,False,True
2007,NSW,111,Chifley,18269,VINCENT,Dave,4,CDP,Christian Democratic Party (Fred Nile Group),2751.0,80348.0,0.034238562254194256,CDP,False,False
2007,NSW,111,Chifley,17799,DIAZ,Jess,5,LP,Liberal,19092.0,80348.0,0.23761636879573853,LP,True,False
2007,NSW,111,Chifley,17983,KEDWELL,Louise,6,ON,One Nation,1183.0,80348.0,0.014723452979539005,ON,False,False
2007,NSW,111,Chifley,18546,TANDA,Amarjit,7,IND,Independent,288.0,80348.0,0.0035844078259570865,IND,False,True
2007,NSW,111,Chifley,18042,PRICE,Roger,8,ALP,Labor,51568.0,80348.0,0.6418081346144272,ALP,True,False
2007,NSW,111,Chifley,17306,FORRESTER,John,9,GRN,The Greens,2897.0,80348.0,0.03605565788818639,GRN,True,False
2007,NSW,112,Cook,12125,STRANG,Graeme,1,IND,Independent,693.0,86107.0,0.008048126168604178,IND,False,True
2007,NSW,112,Cook,17691,KATSOULAS,Ari,2,FFP,Family First,596.0,86107.0,0.006921620774153089,FFP,False,False
2007,NSW,112,Cook,18528,POULOS,Patricia,3,IND,Independent,394.0,86107.0,0.00457570232385288,IND,False,True
2007,NSW,112,Cook,17342,WAIZER,Naomi,4,GRN,The Greens,5342.0,86107.0,0.06203909089853322,GRN,True,False
2007,NSW,112,Cook,18272,SMITH,Beth,5,CDP,Christian Democratic Party (Fred Nile Group),1929.0,86107.0,0.02240235985459951,CDP,False,False
2007,NSW,112,Cook,18034,BUTTIGIEG,Mark,6,ALP,Labor,30921.0,86107.0,0.3590997247610531,ALP,True,False
2007,NSW,112,Cook,17914,MORRISON,Scott,7,LP,Liberal,45116.0,86107.0,0.5239527564541792,LP,True,False
2007,NSW,112,Cook,17923,PUTRAL,Richard,8,ON,One Nation,1116.0,86107.0,0.012960618765024912,ON,False,False
2007,NSW,113,Cowper,17201,HARTSUYKER,Luke,1,NP,Nationals,39444.0,84757.0,0.4653774909447007,NP,True,False
2007,NSW,113,Cowper,18037,SEKFY,Paul,2,ALP,Labor,32276.0,84757.0,0.38080630508394586,ALP,True,False
2007,NSW,113,Cowper,17340,CARTY,John,3,GRN,The Greens,9359.0,84757.0,0.11042155810139576,GRN,True,False
2007,NSW,113,Cowper,17722,ARAPI-NUNEZ,Flavia,4,FFP,Family First,759.0,84757.0,0.008955012565333837,FFP,False,False
2007,NSW,113,Cowper,18303,BELGRAVE,Leon A,5,LDP,LDP,491.0,84757.0,0.005793031843977488,LDP,False,False
2007,NSW,113,Cowper,18313,LIONS,Deborah,6,CDP,Christian Democratic Party (Fred Nile Group),2428.0,84757.0,0.028646601460646317,CDP,False,False
2007,NSW,114,Cunningham,17296,ORGAN,Michael,1,GRN,The Greens,12326.0,84229.0,0.14633914684965985,GRN,True,False
2007,NSW,114,Cunningham,18211,MOORE,Jess,2,SAL,Socialist Alliance,706.0,84229.0,0.008381911218226502,SAL,False,False
2007,NSW,114,Cunningham,17738,TRIBE,Jemma,3,FFP,Family First,1203.0,84229.0,0.014282491778366121,FFP,False,False
2007,NSW,114,Cunningham,18396,NORSWORTHY,Nolene,4,CDP,Christian Democratic Party (Fred Nile Group),2232.0,84229.0,0.026499186740908714,CDP,False,False
2007,NSW,114,Cunningham,17948,FLANAGAN,John,5,NCP,Non-Custodial Parents Party (Equal Parenting),489.0,84229.0,0.00580560139619371,NCP,True,False
2007,NSW,114,Cunningham,18098,BIRD,Sharon,6,ALP,Labor,44835.0,84229.0,0.5322988519393558,ALP,True,False
2007,NSW,114,Cunningham,17845,FOWLER,Colin,7,LP,Liberal,22438.0,84229.0,0.2663928100772893,LP,True,False
2007,NSW,115,Dobell,17692,ERVIN,Hadden,1,FFP,Family First,1407.0,82396.0,0.017076071653963784,FFP,False,False
2007,NSW,115,Dobell,18258,DARBY,Michael,2,CDP,Christian Democratic Party (Fred Nile Group),1549.0,82396.0,0.018799456284285646,CDP,False,False
2007,NSW,115,Dobell,18243,BIRD,Graeme,3,LDP,LDP,182.0,82396.0,0.0022088450895674547,LDP,False,False
2007,NSW,115,Dobell,17287,RICKARD,Scott,4,GRN,The Greens,4429.0,82396.0,0.05375260934996844,GRN,True,False
2007,NSW,115,Dobell,18129,HUGHES,Steve,5,CEC,Citizens Electoral Council,157.0,82396.0,0.0019054323025389582,CEC,False,False
2007,NSW,115,Dobell,18241,EATON,Doug,6,IND,Independent,1639.0,82396.0,0.019891742317588234,IND,False,True
2007,NSW,115,Dobell,18023,THOMSON,Craig,7,ALP,Labor,38168.0,82396.0,0.46322637021214624,ALP,True,False
2007,NSW,115,Dobell,17869,TICEHURST,Ken,8,LP,Liberal,34865.0,82396.0,0.42313947278994124,LP,True,False
2007,NSW,117,Eden-Monaro,17158,ROSE,Acacia,1,IND,Independent,1924.0,84654.0,0.022727809672313182,IND,False,True
2007,NSW,117,Eden-Monaro,18043,KELLY,Mike,2,ALP,Labor,37724.0,84654.0,0.445625723533442,ALP,True,False
2007,NSW,117,Eden-Monaro,18310,CHIVERS,Matthew J,3,CDP,Christian Democratic Party (Fred Nile Group),911.0,84654.0,0.010761452500767831,CDP,False,False
2007,NSW,117,Eden-Monaro,17794,HARRIS,Peter Robert,4,FFP,Family First,657.0,84654.0,0.007761003614714012,FFP,False,False
2007,NSW,117,Eden-Monaro,17800,NAIRN,Gary,5,LP,Liberal,36863.0,84654.0,0.43545491057717295,LP,True,False
2007,NSW,117,Eden-Monaro,18239,QUILTY,Tim,6,LDP,LDP,272.0,84654.0,0.003213079122073381,LDP,False,False
2007,NSW,117,Eden-Monaro,17172,HUGHES,Keith,7,GRN,The Greens,6303.0,84654.0,0.07445602097951662,GRN,True,False
2007,NSW,118,Farrer,17852,LEY,Sussan,1,LP,Liberal,49794.0,86259.0,0.5772615031474977,LP,True,False
2007,NSW,118,Farrer,17720,LEVER,Rhonda,2,FFP,Family First,2657.0,86259.0,0.030802582918883825,FFP,False,False
2007,NSW,118,Farrer,18513,HENDERSON,Douglas McGregor,3,CCE,Conservatives for Climate and Environment,1088.0,86259.0,0.012613176596065338,CCE,False,False
2007,NSW,118,Farrer,17488,RYAN,Chris,4,CLR,Country Labor,28238.0,86259.0,0.3273629418379531,CLR,False,False
2007,NSW,118,Farrer,18096,MATHERS,Pat,5,CEC,Citizens Electoral Council,313.0,86259.0,0.003628606870007767,CEC,False,False
2007,NSW,118,Farrer,17203,STONEHOUSE,Darran,6,GRN,The Greens,4169.0,86259.0,0.04833118862959227,GRN,True,False
2007,NSW,119,Fowler,17449,VEGA,Vlaudin,1,GRN,The Greens,4289.0,78107.0,0.05491185169062952,GRN,True,False
2007,NSW,119,Fowler,17871,TOROSSIAN,Rose,2,LP,Liberal,21706.0,78107.0,0.27790082835085206,LP,True,False
2007,NSW,119,Fowler,18304,TERMEULEN,Paul,3,CDP,Christian Democratic Party (Fred Nile Group),1932.0,78107.0,0.02473529901289257,CDP,False,False
2007,NSW,119,Fowler,18113,IRWIN,Julia,4,ALP,Labor,50180.0,78107.0,0.6424520209456259,ALP,True,False
2007,NSW,120,Gilmore,17879,GASH,Joanna,1,LP,Liberal,40513.0,80397.0,0.5039118375063746,LP,True,False
2007,NSW,120,Gilmore,18521,BLAKE,Simon,2,CCE,Conservatives for Climate and Environment,370.0,80397.0,0.00460216177220543,CCE,False,False
2007,NSW,120,Gilmore,18041,REILLY,Neil,3,ALP,Labor,30386.0,80397.0,0.377949425973606,ALP,True,False
2007,NSW,120,Gilmore,17290,van der WIJNGAART,Ben,4,GRN,The Greens,6070.0,80397.0,0.0755003296142891,GRN,True,False
2007,NSW,120,Gilmore,18452,NONE,Of The Above,5,IND,Independent,686.0,80397.0,0.008532656691170069,IND,False,True
2007,NSW,120,Gilmore,17754,GREENHALGH,Brett,6,FFP,Family First,407.0,80397.0,0.0050623779494259735,FFP,False,False
2007,NSW,120,Gilmore,18100,HUNT,Warwick William,7,CEC,Citizens Electoral Council,59.0,80397.0,0.0007338582285408659,CEC,False,False
2007,NSW,120,Gilmore,18334,BRUMERSKYJ,Bohdan,8,CDP,Christian Democratic Party (Fred Nile Group),1755.0,80397.0,0.02182917273032576,CDP,False,False
2007,NSW,120,Gilmore,18306,RAMSEY,Kevin,9,LDP,LDP,151.0,80397.0,0.0018781795340622163,LDP,False,False
2007,NSW,121,Grayndler,18242,HINMAN,Pip,1,SAL,Socialist Alliance,1394.0,83840.0,0.016626908396946565,SAL,False,False
2007,NSW,121,Grayndler,17801,CAFFERY,Daniel,2,LP,Liberal,17485.0,83840.0,0.2085520038167939,LP,True,False
2007,NSW,121,Grayndler,18285,HENNIEN,Ehab,3,CDP,Christian Democratic Party (Fred Nile Group),1042.0,83840.0,0.012428435114503816,CDP,False,False
2007,NSW,121,Grayndler,18196,ALBANESE,Anthony,4,ALP,Labor,46509.0,83840.0,0.5547352099236641,ALP,True,False
2007,NSW,121,Grayndler,17892,O'CONNOR,Patrick,5,SEP,Socialist Equality Party,328.0,83840.0,0.0039122137404580155,SEP,False,False
2007,NSW,121,Grayndler,18435,KHAN,Saeed,6,GRN,The Greens,15675.0,83840.0,0.18696326335877864,GRN,True,False
2007,NSW,121,Grayndler,18077,GABRIEL,Jeffrey,7,DEM,Democrats,1407.0,83840.0,0.016781965648854962,DEM,False,False
2007,NSW,122,Greenway,14200,IVOR,F,1,IND,Independent,1343.0,80522.0,0.016678671667370408,IND,False,True
2007,NSW,122,Greenway,18032,VASSILI,Michael,2,ALP,Labor,30973.0,80522.0,0.3846526415141204,ALP,True,False
2007,NSW,122,Greenway,17861,MARKUS,Louise,3,LP,Liberal,40338.0,80522.0,0.5009562604008843,LP,True,False
2007,NSW,122,Greenway,18105,REVES,Goran,4,CEC,Citizens Electoral Council,228.0,80522.0,0.002831524303916942,CEC,False,False
2007,NSW,122,Greenway,18266,PHILLIPS,John,5,CDP,Christian Democratic Party (Fred Nile Group),1711.0,80522.0,0.021248851245622313,CDP,False,False
2007,NSW,122,Greenway,17430,WILLIAMS,Leigh,6,GRN,The Greens,4617.0,80522.0,0.05733836715431807,GRN,True,False
2007,NSW,122,Greenway,17747,MULLER,Joanne,7,FFP,Family First,1312.0,80522.0,0.016293683713767666,FFP,False,False
2007,NSW,124,Hughes,17863,VALE,Danna,1,LP,Liberal,40334.0,83519.0,0.4829320274428573,LP,True,False
2007,NSW,124,Hughes,17708,MEZYED,Julie,2,FFP,Family First,1033.0,83519.0,0.012368443108753697,FFP,False,False
2007,NSW,124,Hughes,17317,PATERSON,Jamie,3,GRN,The Greens,4646.0,83519.0,0.05562806068080317,GRN,True,False
2007,NSW,124,Hughes,18044,HOLLAND,Greg,4,ALP,Labor,35087.0,83519.0,0.4201079993773872,ALP,True,False
2007,NSW,124,Hughes,18278,VANDERJAGT,John,5,CDP,Christian Democratic Party (Fred Nile Group),2419.0,83519.0,0.028963469390198636,CDP,False,False
2007,NSW,125,Hume,17897,TRENT,Cathy,1,FFP,Family First,1958.0,84063.0,0.023292054768447475,FFP,False,False
2007,NSW,125,Hume,18393,PEET,Geoff,2,CDP,Christian Democratic Party (Fred Nile Group),2010.0,84063.0,0.023910638449734126,CDP,False,False
2007,NSW,125,Hume,17194,CLARK,Jim,3,GRN,The Greens,6414.0,84063.0,0.07629991791870383,GRN,True,False
2007,NSW,125,Hume,17952,SCHULTZ,Alby,4,LP,Liberal,41344.0,84063.0,0.49182160998298896,LP,True,False
2007,NSW,125,Hume,18135,GRANT,David,5,ALP,Labor,31882.0,84063.0,0.3792631716688674,ALP,True,False
2007,NSW,125,Hume,18164,COSGROVE,Lindsay D,6,CEC,Citizens Electoral Council,455.0,84063.0,0.005412607211258223,CEC,False,False
2007,NSW,126,Hunter,18170,ALBURY,Daniel,1,CEC,Citizens Electoral Council,1287.0,82677.0,0.015566602561776553,CEC,False,False
2007,NSW,126,Hunter,17344,DAVIS,Jan,2,GRN,The Greens,5265.0,82677.0,0.06368155593454045,GRN,True,False
2007,NSW,126,Hunter,17209,BLACK,Beth,3,NP,Nationals,22328.0,82677.0,0.2700630163165088,NP,True,False
2007,NSW,126,Hunter,18394,HARVEY,John,4,CCC,Climate Change Coalition,2500.0,82677.0,0.03023815571440667,CCC,False,False
2007,NSW,126,Hunter,18040,FITZGIBBON,Joel,5,ALP,Labor,49561.0,82677.0,0.5994532941446835,ALP,True,False
2007,NSW,126,Hunter,18540,NEVILLE,Bernie,6,CDP,Christian Democratic Party (Fred Nile Group),1736.0,82677.0,0.02099737532808399,CDP,False,False
2007,NSW,127,Kingsford Smith,17841,SAFARI,Alex,1,SEP,Socialist Equality Party,1096.0,86726.0,0.01263750201784932,SEP,False,False
2007,NSW,127,Kingsford Smith,17338,MAHONY,Sue,2,GRN,The Greens,8995.0,86726.0,0.10371745497313378,GRN,True,False
2007,NSW,127,Kingsford Smith,18120,GARRETT,Peter,3,ALP,Labor,45831.0,86726.0,0.52845744067523,ALP,True,False
2007,NSW,127,Kingsford Smith,18321,CAMPBELL,Marcus,4,CDP,Christian Democratic Party (Fred Nile Group),1402.0,86726.0,0.016165855683416736,CDP,False,False
2007,NSW,127,Kingsford Smith,17840,BEINKE,Caroline,5,LP,Liberal,29402.0,86726.0,0.3390217466503701,LP,True,False
2007,NSW,128,Lindsay,18217,BAYLEY,Grant,1,LDP,LDP,689.0,81709.0,0.008432363631913253,LDP,False,False
2007,NSW,128,Lindsay,17175,EDWARDS,Lesley,2,GRN,The Greens,2759.0,81709.0,0.03376617018933043,GRN,True,False
2007,NSW,128,Lindsay,17844,CHIJOFF,Karen,3,LP,Liberal,31176.0,81709.0,0.3815491561517091,LP,True,False
2007,NSW,128,Lindsay,18514,HARROLD,Lisa,4,IND,Independent,953.0,81709.0,0.011663341859525878,IND,False,True
2007,NSW,128,Lindsay,17729,MULLER,Iris,5,FFP,Family First,915.0,81709.0,0.01119827681161194,FFP,False,False
2007,NSW,128,Lindsay,18366,GREEN,Andrew,6,CDP,Christian Democratic Party (Fred Nile Group),2498.0,81709.0,0.03057190762339522,CDP,False,False
2007,NSW,128,Lindsay,18125,BRADBURY,David,7,ALP,Labor,41991.0,81709.0,0.5139091164987944,ALP,True,False
2007,NSW,128,Lindsay,17501,McNALLY,Kerry,8,IND,Independent,728.0,81709.0,0.008909667233719663,IND,False,True
2007,NSW,129,Lowe,17318,RERCERETNAM,Marc,1,GRN,The Greens,6774.0,78674.0,0.08610214302056587,GRN,True,False
2007,NSW,129,Lowe,18073,MURPHY,John,2,ALP,Labor,38766.0,78674.0,0.4927422019981188,ALP,True,False
2007,NSW,129,Lowe,18474,SHAILER,Bill,3,CDP,Christian Democratic Party (Fred Nile Group),1616.0,78674.0,0.020540458092889645,CDP,False,False
2007,NSW,129,Lowe,17886,TSOLAKIS,Jim,4,LP,Liberal,31518.0,78674.0,0.4006151968884257,LP,True,False
2007,NSW,130,Lyne,17316,WRIGHT,Barry,1,IND,Independent,979.0,79062.0,0.01238268700513521,IND,False,True
2007,NSW,130,Lyne,17154,RUSSELL,Susie,2,GRN,The Greens,5649.0,79062.0,0.0714502542308568,GRN,True,False
2007,NSW,130,Lyne,17198,VAILE,Mark,3,NP,Nationals,41319.0,79062.0,0.5226151627836382,NP,True,False
2007,NSW,130,Lyne,18030,LANGLEY,James,4,ALP,Labor,25358.0,79062.0,0.3207356252055349,ALP,True,False
2007,NSW,130,Lyne,18457,SCOTT-IRVING,Stewart Gordon,5,IND,Independent,330.0,79062.0,0.004173939439933217,IND,False,True
2007,NSW,130,Lyne,18459,HARRISON,Jamie,6,IND,Independent,3326.0,79062.0,0.042068250233993576,IND,False,True
2007,NSW,130,Lyne,18440,RIACH,Rodger,7,IND,Independent,238.0,79062.0,0.0030102957172851684,IND,False,True
2007,NSW,130,Lyne,18102,MULDOON,Graeme,8,CEC,Citizens Electoral Council,184.0,79062.0,0.002327287445296097,CEC,False,False
2007,NSW,130,Lyne,18293,WALDRON,Robert L,9,CDP,Christian Democratic Party (Fred Nile Group),1679.0,79062.0,0.02123649793832688,CDP,False,False
2007,NSW,131,Macarthur,18460,BLEASDALE,Nick,1,ALP,Labor,33688.0,76622.0,0.4396648482159171,ALP,True,False
2007,NSW,131,Macarthur,17308,RAUE,Ben,2,GRN,The Greens,3334.0,76622.0,0.043512307170264414,GRN,True,False
2007,NSW,131,Macarthur,18075,FARMER,Pat,3,LP,Liberal,35996.0,76622.0,0.46978674532118714,LP,True,False
2007,NSW,131,Macarthur,18473,ELLIOTT-HALLS,Samantha,4,DEM,Democrats,618.0,76622.0,0.008065568635639895,DEM,False,False
2007,NSW,131,Macarthur,18470,GOH,Godwin,5,CDP,Christian Democratic Party (Fred Nile Group),1357.0,76622.0,0.017710318185377567,CDP,False,False
2007,NSW,131,Macarthur,18533,THOMPSON,Andy,6,NCP,Non-Custodial Parents Party (Equal Parenting),306.0,76622.0,0.00399363107201587,NCP,True,False
2007,NSW,131,Macarthur,18008,RAUCH,Douglas Fredrick,7,FFP,Family First,1323.0,76622.0,0.017266581399598028,FFP,False,False
2007,NSW,132,Mackellar,17868,BISHOP,Bronwyn,1,LP,Liberal,47343.0,83933.0,0.5640570455005779,LP,True,False
2007,NSW,132,Mackellar,17607,McLELLAN,Matt,2,IND,Independent,1651.0,83933.0,0.019670451431498932,IND,False,True
2007,NSW,132,Mackellar,18053,SHARPE,Chris,3,ALP,Labor,20439.0,83933.0,0.24351566130127603,ALP,True,False
2007,NSW,132,Mackellar,18371,HUBBARD,Mike,4,CDP,Christian Democratic Party (Fred Nile Group),1955.0,83933.0,0.02329238797612381,CDP,False,False
2007,NSW,132,Mackellar,18387,ADAMS,John,5,CCC,Climate Change Coalition,1772.0,83933.0,0.02111207749037923,CCC,False,False
2007,NSW,132,Mackellar,17314,McWHIRTER,Craige,6,GRN,The Greens,9840.0,83933.0,0.11723636710233162,GRN,True,False
2007,NSW,132,Mackellar,17990,BARNES,Clinton,7,DEM,Democrats,933.0,83933.0,0.01111600919781254,DEM,False,False
2007,NSW,133,Macquarie,18225,FLETCHER,Kirk,1,LDP,LDP,355.0,87727.0,0.0040466447045949365,LDP,False,False
2007,NSW,133,Macquarie,18383,GIFFORD,Robert,2,CDP,Christian Democratic Party (Fred Nile Group),1702.0,87727.0,0.01940109658371995,CDP,False,False
2007,NSW,133,Macquarie,17921,BARTLETT,Kerry,3,LP,Liberal,33197.0,87727.0,0.378412575375882,LP,True,False
2007,NSW,133,Macquarie,17912,LIPTAK,Charles,4,FFP,Family First,465.0,87727.0,0.0053005346130609735,FFP,False,False
2007,NSW,133,Macquarie,18087,DEBUS,Bob,5,ALP,Labor,38672.0,87727.0,0.440822095819987,ALP,True,False
2007,NSW,133,Macquarie,18133,SEGEDIN,Michael,6,CEC,Citizens Electoral Council,99.0,87727.0,0.001128500917619433,CEC,False,False
2007,NSW,133,Macquarie,17559,McCALLUM,Carmel,7,GRN,The Greens,9092.0,87727.0,0.10363970043430187,GRN,True,False
2007,NSW,133,Macquarie,15517,WILLIAMS,Tim,8,IND,Independent,4145.0,87727.0,0.04724885155083384,IND,False,True
2007,NSW,134,Mitchell,18376,FIANDER,James,1,CCC,Climate Change Coalition,1715.0,81279.0,0.02110016117324278,CCC,False,False
2007,NSW,134,Mitchell,17234,WRIGHT-TURNER,Toni,2,GRN,The Greens,4302.0,81279.0,0.0529288007972539,GRN,True,False
2007,NSW,134,Mitchell,18079,GOULD,Nigel,3,ALP,Labor,25211.0,81279.0,0.3101785208971567,ALP,True,False
2007,NSW,134,Mitchell,18280,ALLEN,Darryl,4,CDP,Christian Democratic Party (Fred Nile Group),2099.0,81279.0,0.02582462874789306,CDP,False,False
2007,NSW,134,Mitchell,15195,BODLAY,Jordie Stuart,5,IND,Independent,815.0,81279.0,0.010027190295156191,IND,False,True
2007,NSW,134,Mitchell,17899,HAWKE,Alex,6,LP,Liberal,46115.0,81279.0,0.5673667244921813,LP,True,False
2007,NSW,134,Mitchell,17878,GRAETZ,Jarrod,7,FFP,Family First,1022.0,81279.0,0.012573973597116107,FFP,False,False
2007,NSW,135,New England,17881,DETTMANN,Brian,1,ON,One Nation,1071.0,85140.0,0.012579281183932346,ON,False,False
2007,NSW,135,New England,13274,WINDSOR,Tony,2,IND,Independent,52734.0,85140.0,0.6193798449612403,IND,False,True
2007,NSW,135,New England,18206,WITTEN,Richard Innes,3,CEC,Citizens Electoral Council,225.0,85140.0,0.002642706131078224,CEC,False,False
2007,NSW,135,New England,17199,BETTS,Phil,4,NP,Nationals,19850.0,85140.0,0.23314540756401222,NP,True,False
2007,NSW,135,New England,17491,BRAND,Luke,5,CLR,Country Labor,8368.0,85140.0,0.0982851773549448,CLR,False,False
2007,NSW,135,New England,17166,TAYLOR,Bruce,6,GRN,The Greens,2892.0,85140.0,0.033967582804792104,GRN,True,False
2007,NSW,136,Newcastle,17702,EAST,Malcolm,1,FFP,Family First,1926.0,84545.0,0.02278076763853569,FFP,False,False
2007,NSW,136,Newcastle,17994,JOHNSON,Aaron,2,DEM,Democrats,891.0,84545.0,0.010538766337453428,DEM,False,False
2007,NSW,136,Newcastle,18226,PAYNE,Geoff,3,SAL,Socialist Alliance,333.0,84545.0,0.003938730853391685,SAL,False,False
2007,NSW,136,Newcastle,17155,BUMAN,Aaron,4,IND,Independent,6343.0,84545.0,0.0750251345437341,IND,False,True
2007,NSW,136,Newcastle,18084,GRIERSON,Sharon,5,ALP,Labor,42936.0,84545.0,0.5078478916553315,ALP,True,False
2007,NSW,136,Newcastle,17880,HOLT,Noel,6,SEP,Socialist Equality Party,277.0,84545.0,0.0032763617008693597,SEP,False,False
2007,NSW,136,Newcastle,17357,ECKERSLEY,Charmian,7,GRN,The Greens,8463.0,84545.0,0.10010053817493643,GRN,True,False
2007,NSW,136,Newcastle,18442,CURRY,Joel,8,IND,Independent,701.0,84545.0,0.008291442427109823,IND,False,True
2007,NSW,136,Newcastle,18390,CAINE,Milton,9,CDP,Christian Democratic Party (Fred Nile Group),1064.0,84545.0,0.012585013897924182,CDP,False,False
2007,NSW,136,Newcastle,17877,WALKER,Krysia,10,LP,Liberal,21611.0,84545.0,0.25561535277071384,LP,True,False
2007,NSW,137,North Sydney,18147,MISRA,Kundan,1,CEC,Citizens Electoral Council,245.0,85263.0,0.002873462111349589,CEC,False,False
2007,NSW,137,North Sydney,18299,BAALBERGEN,Arie,2,CDP,Christian Democratic Party (Fred Nile Group),621.0,85263.0,0.007283346821012632,CDP,False,False
2007,NSW,137,North Sydney,18458,AUSSIE-STONE,Marcus,3,IND,Independent,526.0,85263.0,0.006169147226815852,IND,False,True
2007,NSW,137,North Sydney,17876,HOCKEY,Joe,4,LP,Liberal,44177.0,85263.0,0.5181262681350645,LP,True,False
2007,NSW,137,North Sydney,17146,NIXON,Ted,5,GRN,The Greens,7851.0,85263.0,0.09207980014777806,GRN,True,False
2007,NSW,137,North Sydney,18342,THOMPSON,Barry,6,CCC,Climate Change Coalition,1119.0,85263.0,0.01312409837795996,CCC,False,False
2007,NSW,137,North Sydney,17703,CAFFERATTA,John,7,FFP,Family First,352.0,85263.0,0.004128402706918593,FFP,False,False
2007,NSW,137,North Sydney,18047,BAILEY,Mike,8,ALP,Labor,30372.0,85263.0,0.35621547447310087,ALP,True,False
2007,NSW,138,Page,9663,BEHN,Doug,1,IND,Independent,1525.0,85510.0,0.017834171441936615,IND,False,True
2007,NSW,138,Page,17752,VEGA,Mirian,2,FFP,Family First,784.0,85510.0,0.009168518301952987,FFP,False,False
2007,NSW,138,Page,18180,CULVERWELL,John,3,CEC,Citizens Electoral Council,143.0,85510.0,0.0016723190270143842,CEC,False,False
2007,NSW,138,Page,18118,MELLAND,Julia,4,DEM,Democrats,910.0,85510.0,0.010642030171909718,DEM,False,False
2007,NSW,138,Page,17162,JONGEN,Theo,5,GRN,The Greens,6930.0,85510.0,0.08104315284762016,GRN,True,False
2007,NSW,138,Page,18214,SAFFIN,Janelle,6,ALP,Labor,35636.0,85510.0,0.41674657934744475,ALP,True,False
2007,NSW,138,Page,17376,KANE,Tony,7,IND,Independent,877.0,85510.0,0.01025611039644486,IND,False,True
2007,NSW,138,Page,18372,AVASALU,Rhonda Joy,8,CDP,Christian Democratic Party (Fred Nile Group),1430.0,85510.0,0.016723190270143844,CDP,False,False
2007,NSW,138,Page,18233,BEATTY,Ben,9,LDP,LDP,462.0,85510.0,0.00540287685650801,LDP,False,False
2007,NSW,138,Page,17202,GULAPTIS,Chris,10,NP,Nationals,36813.0,85510.0,0.4305110513390247,NP,True,False
2007,NSW,139,Parkes,18520,HORAN,Tim,1,IND,Independent,17098.0,82469.0,0.2073263893099225,IND,False,True
2007,NSW,139,Parkes,18434,KIELY,Michael,2,CCC,Climate Change Coalition,939.0,82469.0,0.011386096593871636,CCC,False,False
2007,NSW,139,Parkes,18463,HAIGH,Bruce Douglas,3,IND,Independent,2153.0,82469.0,0.026106779517151898,IND,False,True
2007,NSW,139,Parkes,17204,COULTON,Mark,4,NP,Nationals,38574.0,82469.0,0.4677393929840304,NP,True,False
2007,NSW,139,Parkes,18143,STRINGER,Richard,5,CEC,Citizens Electoral Council,287.0,82469.0,0.0034800955510555483,CEC,False,False
2007,NSW,139,Parkes,17489,PATRIARCA,Margaret,6,CLR,Country Labor,20922.0,82469.0,0.2536953279414083,CLR,False,False
2007,NSW,139,Parkes,17200,PARMETER,Matt,7,GRN,The Greens,2496.0,82469.0,0.030265918102559748,GRN,True,False
2007,NSW,140,Parramatta,18271,EVANS,Rachel,1,SAL,Socialist Alliance,1015.0,85180.0,0.011915942709556234,SAL,False,False
2007,NSW,140,Parramatta,17849,GORDON,Chris,2,SEP,Socialist Equality Party,261.0,85180.0,0.003064099553885889,SEP,False,False
2007,NSW,140,Parramatta,18282,NICKOLS,Graham,3,LDP,LDP,274.0,85180.0,0.0032167175393284808,LDP,False,False
2007,NSW,140,Parramatta,17152,O'NEILL,Astrid,4,GRN,The Greens,4288.0,85180.0,0.05034045550598732,GRN,True,False
2007,NSW,140,Parramatta,17842,ROBINSON,Colin,5,LP,Liberal,32155.0,85180.0,0.3774947170697347,LP,True,False
2007,NSW,140,Parramatta,17321,MACDONALD,Alasdair,6,,,174.0,85180.0,0.002042733035923926,,False,False
2007,NSW,140,Parramatta,17737,HERNANDEZ,Rene,7,FFP,Family First,888.0,85180.0,0.010424982390232448,FFP,False,False
2007,NSW,140,Parramatta,18069,OWENS,Julie,8,ALP,Labor,43083.0,85180.0,0.5057877436017845,ALP,True,False
2007,NSW,140,Parramatta,17524,BUCKLEY,Brian,9,IND,Independent,639.0,85180.0,0.007501760976755107,IND,False,True
2007,NSW,140,Parramatta,18286,BAISSARI,Sam,10,CDP,Christian Democratic Party (Fred Nile Group),2403.0,85180.0,0.028210847616811457,CDP,False,False
2007,NSW,249,Paterson,18081,ARNEMAN,Jim,1,ALP,Labor,35291.0,83916.0,0.4205515038848372,ALP,True,False
2007,NSW,249,Paterson,18109,HENNELLY,Paul,2,FPY,The Fishing Party,1073.0,83916.0,0.012786596119929453,FPY,False,False
2007,NSW,249,Paterson,17313,DONNELLY,Judy,3,GRN,The Greens,4344.0,83916.0,0.051766051766051764,GRN,True,False
2007,NSW,249,Paterson,17741,STOKES,Christopher,4,FFP,Family First,559.0,83916.0,0.006661423328089995,FFP,False,False
2007,NSW,249,Paterson,18115,KING,Tony,5,CEC,Citizens Electoral Council,341.0,83916.0,0.00406358739692073,CEC,False,False
2007,NSW,249,Paterson,18338,HAYNES,Heather,6,CDP,Christian Democratic Party (Fred Nile Group),1010.0,83916.0,0.012035845369178703,CDP,False,False
2007,NSW,249,Paterson,17872,HAMBERGER,John,7,ON,One Nation,832.0,83916.0,0.009914676581343249,ON,False,False
2007,NSW,249,Paterson,17859,BALDWIN,Bob,8,LP,Liberal,40466.0,83916.0,0.48222031555364886,LP,True,False
2007,NSW,142,Prospect,17734,LEVER,Carolyn,1,FFP,Family First,2655.0,79300.0,0.033480453972257254,FFP,False,False
2007,NSW,142,Prospect,17320,GEBILAGIN,Lizza,2,GRN,The Greens,3618.0,79300.0,0.04562421185372005,GRN,True,False
2007,NSW,142,Prospect,17843,ARTHUR,Lily,3,LP,Liberal,24705.0,79300.0,0.31153846153846154,LP,True,False
2007,NSW,142,Prospect,18295,CALLANDER,Jason,4,CDP,Christian Democratic Party (Fred Nile Group),2187.0,79300.0,0.027578814627994955,CDP,False,False
2007,NSW,142,Prospect,18156,BOWEN,Chris,5,ALP,Labor,46135.0,79300.0,0.5817780580075662,ALP,True,False
2007,NSW,144,Reid,18448,SHARAH,Alex,1,CDP,Christian Democratic Party (Fred Nile Group),3170.0,79438.0,0.03990533497822201,CDP,False,False
2007,NSW,144,Reid,18428,IHRAM,Silma,2,DEM,Democrats,1123.0,79438.0,0.014136811097963192,DEM,False,False
2007,NSW,144,Reid,17149,LIPSCOMBE,Mark,3,GRN,The Greens,4160.0,79438.0,0.052367884387824463,GRN,True,False
2007,NSW,144,Reid,17937,LAMBERT,Veronica,4,FFP,Family First,1301.0,79438.0,0.016377552304942217,FFP,False,False
2007,NSW,144,Reid,17963,OUEIK,Ronney,5,LP,Liberal,21516.0,79438.0,0.27085274050202673,LP,True,False
2007,NSW,144,Reid,18451,JOHNSON,Hal,6,CEC,Citizens Electoral Council,429.0,79438.0,0.0054004380774943985,CEC,False,False
2007,NSW,144,Reid,18202,FERGUSON,Laurie,7,ALP,Labor,47739.0,79438.0,0.600959238651527,ALP,True,False
2007,NSW,145,Richmond,18209,FARMILO,Daniel,1,LDP,LDP,1320.0,81486.0,0.01619910168617922,LDP,False,False
2007,NSW,145,Richmond,18050,ELLIOT,Justine,2,ALP,Labor,35699.0,81486.0,0.43809979628402423,ALP,True,False
2007,NSW,145,Richmond,17289,EBONO,Giovanni,3,GRN,The Greens,12168.0,81486.0,0.14932626463441573,GRN,True,False
2007,NSW,145,Richmond,17226,PAGE,Sue,4,NP,Nationals,30134.0,81486.0,0.3698058562207005,NP,True,False
2007,NSW,145,Richmond,18131,McCALLUM,Graham,5,CEC,Citizens Electoral Council,176.0,81486.0,0.002159880224823896,CEC,False,False
2007,NSW,145,Richmond,18531,SLEDGE,Scott,6,DEM,Democrats,950.0,81486.0,0.011658444395356257,DEM,False,False
2007,NSW,145,Richmond,18292,RAYMOND,Barbara Jean,7,CDP,Christian Democratic Party (Fred Nile Group),1039.0,81486.0,0.01275065655450016,CDP,False,False
2007,NSW,250,Riverina,18192,JOHNSON,Gary,1,CEC,Citizens Electoral Council,1141.0,84358.0,0.013525688138647194,CEC,False,False
2007,NSW,250,Riverina,17205,HULL,Kay,2,NP,Nationals,52779.0,84358.0,0.6256549467744612,NP,True,False
2007,NSW,250,Riverina,17487,KNOX,Peter,3,CLR,Country Labor,24471.0,84358.0,0.2900851134450793,CLR,False,False
2007,NSW,250,Riverina,17568,GOODLASS,Ray,4,GRN,The Greens,4130.0,84358.0,0.04895801228099291,GRN,True,False
2007,NSW,250,Riverina,17890,HESKETH,Craig,5,ON,One Nation,1837.0,84358.0,0.021776239360819367,ON,False,False
2007,NSW,146,Robertson,18333,GRANT,George,1,CDP,Christian Democratic Party (Fred Nile Group),1929.0,87210.0,0.022119023047815618,CDP,False,False
2007,NSW,146,Robertson,17724,LE,Daniel,2,FFP,Family First,708.0,87210.0,0.008118335053319574,FFP,False,False
2007,NSW,146,Robertson,18184,TOMLIN,Nicholas,3,CEC,Citizens Electoral Council,141.0,87210.0,0.0016167870657034743,CEC,False,False
2007,NSW,146,Robertson,17814,RYAN,Helen,4,ON,One Nation,924.0,87210.0,0.010595115239078088,ON,False,False
2007,NSW,146,Robertson,17280,WROBLEWSKI,Mira,5,GRN,The Greens,6279.0,87210.0,0.07199862401100791,GRN,True,False
2007,NSW,146,Robertson,17810,LLOYD,Jim,6,LP,Liberal,39792.0,87210.0,0.4562779497764018,LP,True,False
2007,NSW,146,Robertson,18082,NEAL,Belinda,7,ALP,Labor,37437.0,87210.0,0.42927416580667355,ALP,True,False
2007,NSW,148,Shortland,17626,PARSONS,Keith,1,GRN,The Greens,7097.0,85541.0,0.0829660630574812,GRN,True,False
2007,NSW,148,Shortland,18061,HALL,Jill,2,ALP,Labor,48525.0,85541.0,0.5672718345588665,ALP,True,False
2007,NSW,148,Shortland,17858,KEALY,Jon,3,LP,Liberal,26620.0,85541.0,0.3111958008440397,LP,True,False
2007,NSW,148,Shortland,17732,REEVES,Matthew,4,FFP,Family First,1644.0,85541.0,0.01921885411673934,FFP,False,False
2007,NSW,148,Shortland,18287,WALLACE,Les,5,CDP,Christian Democratic Party (Fred Nile Group),1655.0,85541.0,0.019347447422873244,CDP,False,False
2007,NSW,149,Sydney,17918,ANDERSON,Georgina,1,LP,Liberal,20440.0,76564.0,0.2669661982132595,LP,True,False
2007,NSW,149,Sydney,18166,FORD,Adrian,2,CEC,Citizens Electoral Council,184.0,76564.0,0.002403218222663393,CEC,False,False
2007,NSW,149,Sydney,18415,LEONG,Jenny,3,GRN,The Greens,15854.0,76564.0,0.20706859620709472,GRN,True,False
2007,NSW,149,Sydney,18296,LEE,John,4,CDP,Christian Democratic Party (Fred Nile Group),727.0,76564.0,0.009495324173240687,CDP,False,False
2007,NSW,149,Sydney,15520,WARD,Jane,5,IND,Independent,979.0,76564.0,0.012786688260801421,IND,False,True
2007,NSW,149,Sydney,18088,PLIBERSEK,Tanya,6,ALP,Labor,37506.0,76564.0,0.4898646883652892,ALP,True,False
2007,NSW,149,Sydney,18439,MATERAZZO,Mayo,7,DEM,Democrats,874.0,76564.0,0.011415286557651115,DEM,False,False
2007,NSW,150,Throsby,17644,MORAN,Peter Charles,1,GRN,The Greens,7308.0,80447.0,0.09084241798948375,GRN,True,False
2007,NSW,150,Throsby,18068,GEORGE,Jennie,2,ALP,Labor,52275.0,80447.0,0.6498067050356136,ALP,True,False
2007,NSW,150,Throsby,18406,DEAKES,Scott Gordon,3,CDP,Christian Democratic Party (Fred Nile Group),2598.0,80447.0,0.03229455417852748,CDP,False,False
2007,NSW,150,Throsby,17887,WRIGHT,Stuart,4,LP,Liberal,18266.0,80447.0,0.22705632279637525,LP,True,False
2007,NSW,151,Warringah,18029,ABBOTT,Tony,1,LP,Liberal,46398.0,85091.0,0.5452750584668179,LP,True,False
2007,NSW,151,Warringah,18006,HARRIS,Conny,2,GRN,The Greens,10660.0,85091.0,0.1252776439341411,GRN,True,False
2007,NSW,151,Warringah,18200,JOHANSON,Georgina,3,DEM,Democrats,1095.0,85091.0,0.012868575995111117,DEM,False,False
2007,NSW,151,Warringah,15493,PETERSEN,Patricia,4,IND,Independent,1529.0,85091.0,0.01796899789636977,IND,False,True
2007,NSW,151,Warringah,18025,MIDDLETON,Brent,5,FFP,Family First,456.0,85091.0,0.00535896863358052,FFP,False,False
2007,NSW,151,Warringah,18438,PRICE,Goronwy,6,CCE,Conservatives for Climate and Environment,616.0,85091.0,0.007239308505012281,CCE,False,False
2007,NSW,151,Warringah,18185,ZOCHLING,Hugh,7,ALP,Labor,23317.0,85091.0,0.27402427988858985,ALP,True,False
2007,NSW,151,Warringah,18422,McCUDDEN,Bill,8,CDP,Christian Democratic Party (Fred Nile Group),1020.0,85091.0,0.011987166680377479,CDP,False,False
2007,NSW,251,Watson,17751,FOY,Merry,1,FFP,Family First,2011.0,80334.0,0.025032987278113875,FFP,False,False
2007,NSW,251,Watson,13321,POULSEN,Ronald,2,,,424.0,80334.0,0.005277964498219932,,False,False
2007,NSW,251,Watson,18199,BURKE,Tony,3,ALP,Labor,49652.0,80334.0,0.6180695595887171,ALP,True,False
2007,NSW,251,Watson,17860,MANSOUR,Philip,4,LP,Liberal,20957.0,80334.0,0.26087335374810167,LP,True,False
2007,NSW,251,Watson,18312,SAMMUT,Josephine,5,CDP,Christian Democratic Party (Fred Nile Group),1988.0,80334.0,0.0247466826001444,CDP,False,False
2007,NSW,251,Watson,18512,DONAYRE,Christine,6,GRN,The Greens,5302.0,80334.0,0.06599945228670301,GRN,True,False
2007,NSW,152,Wentworth,17602,ECUYER,Dani,1,IND,Independent,774.0,88272.0,0.008768352365415987,IND,False,True
2007,NSW,152,Wentworth,17409,JARNASON,Susan,2,GRN,The Greens,13205.0,88272.0,0.14959443538154793,GRN,True,False
2007,NSW,152,Wentworth,18314,COULTON,Dixie,3,CCC,Climate Change Coalition,1156.0,88272.0,0.013095885444988218,CCC,False,False
2007,NSW,152,Wentworth,17721,ADAMS,James,4,FFP,Family First,255.0,88272.0,0.0028887982599238716,FFP,False,False
2007,NSW,152,Wentworth,18186,JAMIESON,John,5,CEC,Citizens Electoral Council,78.0,88272.0,0.0008836324089178902,CEC,False,False
2007,NSW,152,Wentworth,18235,KELU,Jonatan,6,LDP,LDP,129.0,88272.0,0.0014613920609026646,LDP,False,False
2007,NSW,152,Wentworth,15478,SHEIL,Pat,7,IND,Independent,265.0,88272.0,0.003002084466195396,IND,False,True
2007,NSW,152,Wentworth,18291,MOLONY,Bradley,8,CDP,Christian Democratic Party (Fred Nile Group),323.0,88272.0,0.0036591444625702373,CDP,False,False
2007,NSW,152,Wentworth,18112,NEWHOUSE,George,9,ALP,Labor,26903.0,88272.0,0.304773880732282,ALP,True,False
2007,NSW,152,Wentworth,17882,TURNBULL,Malcolm,10,LP,Liberal,44463.0,88272.0,0.5037044589450789,LP,True,False
2007,NSW,152,Wentworth,18062,FIELD,Pierce,11,DEM,Democrats,721.0,88272.0,0.008167935472176908,DEM,False,False
2007,NSW,153,Werriwa,17846,ELLIOTT,Rachel,1,LP,Liberal,24046.0,79710.0,0.30166854848826996,LP,True,False
2007,NSW,153,Werriwa,18244,HAYES,Chris,2,ALP,Labor,46892.0,79710.0,0.5882825241500439,ALP,True,False
2007,NSW,153,Werriwa,17728,MILLS,Andrew,3,FFP,Family First,1920.0,79710.0,0.024087316522393678,FFP,False,False
2007,NSW,153,Werriwa,18431,BRYANT,Joe,4,IND,Independent,2016.0,79710.0,0.02529168234851336,IND,False,True
2007,NSW,153,Werriwa,18430,GAYED,Hany,5,CDP,Christian Democratic Party (Fred Nile Group),1814.0,79710.0,0.022757495922719858,CDP,False,False
2007,NSW,153,Werriwa,17490,BHATT,Neerav,6,GRN,The Greens,3022.0,79710.0,0.037912432568059214,GRN,True,False
2007,NT,306,Lingiari,17531,SNOWDON,Warren,1,ALP,Australian Labor Party (Northern Territory) Branch,25213.0,46703.0,0.5398582532171381,ALP,True,False
2007,NT,306,Lingiari,18471,WRIGHT,Wayne,2,IND,Independent,864.0,46703.0,0.01849988223454596,IND,False,True
2007,NT,306,Lingiari,17144,RYAN,Maurie Japarta,3,IND,Independent,1206.0,46703.0,0.025822752285720403,IND,False,True
2007,NT,306,Lingiari,17171,GILES,Adam,4,CLP,C.L.P.,16189.0,46703.0,0.346637260989658,CLP,True,False
2007,NT,306,Lingiari,17288,YOUNG,Emma,5,GRN,The Greens,3231.0,46703.0,0.0691818512729375,GRN,True,False
2007,NT,307,Solomon,17529,HALE,Damian,1,ALP,Australian Labor Party (Northern Territory) Branch,21581.0,51510.0,0.41896719083673073,ALP,True,False
2007,NT,307,Solomon,17417,CAMPBELL,Trudy,2,CEC,Citizens Electoral Council,245.0,51510.0,0.004756357988740051,CEC,False,False
2007,NT,307,Solomon,17330,CHESTER,Jacques,3,LDP,LDP,358.0,51510.0,0.006950106775383421,LDP,False,False
2007,NT,307,Solomon,17168,TOLLNER,David,4,CLP,C.L.P.,24109.0,51510.0,0.4680450397980975,CLP,True,False
2007,NT,307,Solomon,15566,FOLEY,Maurice,5,IND,Independent,545.0,51510.0,0.010580469811687051,IND,False,True
2007,NT,307,Solomon,17286,HUDSON,Debbie,6,GRN,The Greens,4672.0,51510.0,0.09070083478936129,GRN,True,False
2007,QLD,304,Blair,17669,THOMPSON,Cameron Paul,1,LP,Liberal,35133.0,83279.0,0.42187105993107504,LP,True,False
2007,QLD,304,Blair,17504,NEUMANN,Shayne Kenneth,2,ALP,Australian Labor Party,40663.0,83279.0,0.48827435487938137,ALP,True,False
2007,QLD,304,Blair,18066,LUXTON,Peter,3,GRN,The Greens,3262.0,83279.0,0.03916953853912751,GRN,True,False
2007,QLD,304,Blair,17888,SMITH,Bevan,4,FFP,Family First,1718.0,83279.0,0.020629450401661885,FFP,False,False
2007,QLD,304,Blair,18221,WHITE,David,5,DEM,Democrats,735.0,83279.0,0.008825754391863495,DEM,False,False
2007,QLD,304,Blair,17560,THIES,Robert,6,CEC,Citizens Electoral Council,143.0,83279.0,0.0017171195619543943,CEC,False,False
2007,QLD,304,Blair,18188,SWANBOROUGH,Doug,7,LDP,LDP,196.0,83279.0,0.002353534504496932,LDP,False,False
2007,QLD,304,Blair,18476,CHORLEY,Dale,8,IND,Independent,1429.0,83279.0,0.017159187790439366,IND,False,True
2007,QLD,310,Bonner,17612,REA,Kerry,1,ALP,Australian Labor Party,40784.0,83580.0,0.48796362766212015,ALP,True,False
2007,QLD,310,Bonner,18245,CHARLES,Lisa,2,LDP,LDP,212.0,83580.0,0.0025364919837281646,LDP,False,False
2007,QLD,310,Bonner,17676,VASTA,Ross,3,LP,Liberal,35031.0,83580.0,0.4191313711414214,LP,True,False
2007,QLD,310,Bonner,17885,GELLATLY,Stephen,4,FFP,Family First,1612.0,83580.0,0.019286910744197177,FFP,False,False
2007,QLD,310,Bonner,18249,STOCKS,Vicki,5,DEM,Democrats,837.0,83580.0,0.010014357501794687,DEM,False,False
2007,QLD,310,Bonner,18130,BOESE,Shane,6,FPY,The Fishing Party,1010.0,83580.0,0.0120842306771955,FPY,False,False
2007,QLD,310,Bonner,18140,WYATT,David,7,GRN,The Greens,4094.0,83580.0,0.04898301028954295,GRN,True,False
2007,QLD,155,Bowman,17714,LAMING,Andrew,1,LP,Liberal,37886.0,82082.0,0.46156282741648597,LP,True,False
2007,QLD,155,Bowman,17940,LUCAS,Alan John,2,FFP,Family First,2405.0,82082.0,0.029299968324358567,FFP,False,False
2007,QLD,155,Bowman,18168,SCOTT,Brad,3,GRN,The Greens,4475.0,82082.0,0.05451865207962769,GRN,True,False
2007,QLD,155,Bowman,17528,YOUNG,Jason,4,ALP,Australian Labor Party,36207.0,82082.0,0.4411076728149899,ALP,True,False
2007,QLD,155,Bowman,18414,CHIDGEY,Dave,5,ON,One Nation WA,433.0,82082.0,0.0052752125922857634,ON,False,False
2007,QLD,155,Bowman,18412,HOLLAND,Paul,6,DEM,Democrats,676.0,82082.0,0.008235666772252138,DEM,False,False
2007,QLD,156,Brisbane,17424,SAUNDERS,Ewan,1,SAL,Socialist Alliance,566.0,83738.0,0.006759177434378657,SAL,False,False
2007,QLD,156,Brisbane,17700,O'BRIEN,Ted,2,LP,Liberal,32989.0,83738.0,0.3939549547397836,LP,True,False
2007,QLD,156,Brisbane,17509,BEVIS,Arch,3,ALP,Australian Labor Party,37715.0,83738.0,0.45039289211588523,ALP,True,False
2007,QLD,156,Brisbane,17588,CONTARINO,Nick,4,CEC,Citizens Electoral Council,137.0,83738.0,0.0016360553153884736,CEC,False,False
2007,QLD,156,Brisbane,18070,GUTHRIE,Elizabeth,5,GRN,The Greens,9882.0,83738.0,0.11801093888079486,GRN,True,False
2007,QLD,156,Brisbane,17907,WHITE,Mark A,6,FFP,Family First,1183.0,83738.0,0.014127397358427477,FFP,False,False
2007,QLD,156,Brisbane,18216,SINNAMON,Don,7,DEM,Democrats,1266.0,83738.0,0.01511858415534166,DEM,False,False
2007,QLD,157,Capricornia,18103,KILPATRICK,Scott,1,LP,Liberal,15416.0,85080.0,0.18119417019275977,LP,True,False
2007,QLD,157,Capricornia,17502,OAKES,Bob,2,IND,Independent,1859.0,85080.0,0.02185002350728726,IND,False,True
2007,QLD,157,Capricornia,17556,INGREY,Bill,3,CEC,Citizens Electoral Council,222.0,85080.0,0.002609308885754584,CEC,False,False
2007,QLD,157,Capricornia,17506,LIVERMORE,Kirsten,4,ALP,Australian Labor Party,47508.0,85080.0,0.558392101551481,ALP,True,False
2007,QLD,157,Capricornia,18446,BAMBRICK,Paul,5,GRN,The Greens,2481.0,85080.0,0.029160789844851903,GRN,True,False
2007,QLD,157,Capricornia,18220,PRANGE,Anton,6,DEM,Democrats,422.0,85080.0,0.004960037611659614,DEM,False,False
2007,QLD,157,Capricornia,17920,EATON,Jon,7,FFP,Family First,1508.0,85080.0,0.017724494593323932,FFP,False,False
2007,QLD,157,Capricornia,17156,MILLS,Robert,8,NP,The Nationals,15664.0,85080.0,0.184109073812882,NP,True,False
2007,QLD,158,Dawson,18132,BELL,Peter,1,GRN,The Greens,3489.0,79906.0,0.043663804970840735,GRN,True,False
2007,QLD,158,Dawson,17153,KELLY,De-Anne,2,NP,The Nationals,33948.0,79906.0,0.4248491978074237,NP,True,False
2007,QLD,158,Dawson,17544,HARRIS,Andrew,3,CEC,Citizens Electoral Council,432.0,79906.0,0.005406352464145371,CEC,False,False
2007,QLD,158,Dawson,17891,LEE,Rena,4,FFP,Family First,2398.0,79906.0,0.030010262057918055,FFP,False,False
2007,QLD,158,Dawson,17505,BIDGOOD,James,5,ALP,Australian Labor Party,38423.0,79906.0,0.4808525016894851,ALP,True,False
2007,QLD,158,Dawson,18230,DOYLE,Chris,6,DEM,Democrats,1216.0,79906.0,0.01521788101018697,DEM,False,False
2007,QLD,252,Dickson,17933,SHUTTLEWORTH,Dale,1,FFP,Family First,2118.0,83447.0,0.02538137979795559,FFP,False,False
2007,QLD,252,Dickson,17745,DUTTON,Peter,2,LP,Liberal,38507.0,83447.0,0.46145457595839273,LP,True,False
2007,QLD,252,Dickson,18274,CORNWELL,Brad,3,LDP,LDP,258.0,83447.0,0.0030917828082495475,LDP,False,False
2007,QLD,252,Dickson,18447,WOOD,Connie,4,CDP,Christian Democratic Party (Fred Nile Group),323.0,83447.0,0.003870720337459705,CDP,False,False
2007,QLD,252,Dickson,18172,NIELSEN,Howard,5,GRN,The Greens,5006.0,83447.0,0.059990173403477655,GRN,True,False
2007,QLD,252,Dickson,17519,McNAMARA,Fiona,6,ALP,Australian Labor Party,36438.0,83447.0,0.43666039522091865,ALP,True,False
2007,QLD,252,Dickson,18229,KERIN,Peter,7,DEM,Democrats,797.0,83447.0,0.009550972473546084,DEM,False,False
2007,QLD,159,Fadden,17546,MARTIN,Ken,1,CEC,Citizens Electoral Council,582.0,83433.0,0.006975657114091547,CEC,False,False
2007,QLD,159,Fadden,18401,WALTER,John,2,ON,One Nation WA,695.0,83433.0,0.0083300372754186,ON,False,False
2007,QLD,159,Fadden,17159,DOUGLAS,Alex,3,NP,The Nationals,6177.0,83433.0,0.0740354535974974,NP,True,False
2007,QLD,159,Fadden,18397,FAINT,Chris,4,DEM,Democrats,504.0,83433.0,0.006040775232821546,DEM,False,False
2007,QLD,159,Fadden,17312,MONTGOMERY,David,5,IND,Independent,1065.0,83433.0,0.012764733378878861,IND,False,True
2007,QLD,159,Fadden,17709,ROBERT,Stuart,6,LP,Liberal,40813.0,83433.0,0.48917095154195583,LP,True,False
2007,QLD,159,Fadden,18391,WILSON,Ross,7,FFP,Family First,1743.0,83433.0,0.020891014346841177,FFP,False,False
2007,QLD,159,Fadden,17523,WATSON,Rana,8,ALP,Australian Labor Party,28106.0,83433.0,0.33686910455095703,ALP,True,False
2007,QLD,159,Fadden,18395,BEALE,Michael,9,GRN,The Greens,3748.0,83433.0,0.044922272961538,GRN,True,False
2007,QLD,160,Fairfax,17558,WATT,Kevin,1,CEC,Citizens Electoral Council,514.0,82167.0,0.006255552715810483,CEC,False,False
2007,QLD,160,Fairfax,18210,HASHEMI,Janette,2,DEM,Democrats,764.0,82167.0,0.009298136721554882,DEM,False,False
2007,QLD,160,Fairfax,18117,NORRIS,Dave,3,GRN,The Greens,7011.0,82167.0,0.08532622585709591,GRN,True,False
2007,QLD,160,Fairfax,17889,WOODS,Lisa,4,FFP,Family First,3287.0,82167.0,0.04000389450752735,FFP,False,False
2007,QLD,160,Fairfax,18224,SAVAGE,Kevin J,5,ON,One Nation WA,861.0,82167.0,0.01047865931578371,ON,False,False
2007,QLD,160,Fairfax,17518,BLUMEL,Debbie,6,ALP,Australian Labor Party,29960.0,82167.0,0.3646232672484087,ALP,True,False
2007,QLD,160,Fairfax,17339,PHILLIPS,Max,7,IND,Independent,1300.0,82167.0,0.01582143682987087,IND,False,True
2007,QLD,160,Fairfax,17743,SOMLYAY,Alex,8,LP,Liberal,38470.0,82167.0,0.4681928268039481,LP,True,False
2007,QLD,161,Fisher,17760,MAIN,Darrell,1,ALP,Australian Labor Party,27074.0,79709.0,0.33966051512376266,ALP,True,False
2007,QLD,161,Fisher,18092,GRAY,Matthew,2,GRN,The Greens,4474.0,79709.0,0.05612916985534883,GRN,True,False
2007,QLD,161,Fisher,17922,CUMMING,Graeme,3,FFP,Family First,1728.0,79709.0,0.02167885684176191,FFP,False,False
2007,QLD,161,Fisher,18219,KERR,Carolyn,4,DEM,Democrats,655.0,79709.0,0.008217390758885446,DEM,False,False
2007,QLD,161,Fisher,17764,SLIPPER,Peter,5,LP,Liberal,35182.0,79709.0,0.44138052164749275,LP,True,False
2007,QLD,161,Fisher,17450,HUTCHINSON,Caroline,6,IND,Independent,10596.0,79709.0,0.13293354577274838,IND,False,True
2007,QLD,311,Flynn,17507,TREVOR,Chris,1,ALP,Australian Labor Party,35892.0,80187.0,0.4476037262897976,ALP,True,False
2007,QLD,311,Flynn,17749,ROSE,Jason,2,LP,Liberal,11850.0,80187.0,0.1477795652661903,LP,True,False
2007,QLD,311,Flynn,18197,JOB,Jarrah,3,LDP,LDP,196.0,80187.0,0.002444286480352177,LDP,False,False
2007,QLD,311,Flynn,17908,DRYSDALE,Mathew James,4,FFP,Family First,1662.0,80187.0,0.020726551685435295,FFP,False,False
2007,QLD,311,Flynn,18222,NOBLE,Julie,5,DEM,Democrats,535.0,80187.0,0.006671904423410278,DEM,False,False
2007,QLD,311,Flynn,17157,CHURCHILL,Glenn,6,NP,The Nationals,26907.0,80187.0,0.33555314452467355,NP,True,False
2007,QLD,311,Flynn,18057,COSTELLO,Phillip Martin,7,IND,Independent,761.0,80187.0,0.009490316385449013,IND,False,True
2007,QLD,311,Flynn,17322,SCOTT,Duncan,8,IND,Independent,807.0,80187.0,0.010063975457368401,IND,False,True
2007,QLD,311,Flynn,18101,PETTINATO,Marella,9,GRN,The Greens,1577.0,80187.0,0.01966652948732338,GRN,True,False
2007,QLD,162,Forde,17193,BAN,Hajnal,1,NP,The Nationals,9550.0,78288.0,0.12198548947475986,NP,True,False
2007,QLD,162,Forde,17525,RAGUSE,Brett Blair,2,ALP,Australian Labor Party,34721.0,78288.0,0.4435034743511138,ALP,True,False
2007,QLD,162,Forde,17539,HOPE,Danny,3,CEC,Citizens Electoral Council,216.0,78288.0,0.0027590435315757206,CEC,False,False
2007,QLD,162,Forde,17711,CREIGHTON,Wendy,4,LP,Liberal,26576.0,78288.0,0.3394645411812794,LP,True,False
2007,QLD,162,Forde,18318,SYED,Maaz,5,DEM,Democrats,419.0,78288.0,0.005352033517269569,DEM,False,False
2007,QLD,162,Forde,18099,GRODECKI,Andy,6,GRN,The Greens,3756.0,78288.0,0.047976701410177805,GRN,True,False
2007,QLD,162,Forde,18308,EVANS,Rod,7,ON,One Nation WA,671.0,78288.0,0.008570917637441243,ON,False,False
2007,QLD,162,Forde,17309,COYLE,Chris,8,IND,Independent,623.0,78288.0,0.007957796852646639,IND,False,True
2007,QLD,162,Forde,17896,ABRAHAMSON,Iona,9,FFP,Family First,1756.0,78288.0,0.02243000204373595,FFP,False,False
2007,QLD,163,Griffith,17906,THOMAS,Craig,1,LP,Liberal,28133.0,82798.0,0.3397787386168748,LP,True,False
2007,QLD,163,Griffith,18427,MYERS,Samantha,2,LDP,LDP,182.0,82798.0,0.002198120727553806,LDP,False,False
2007,QLD,163,Griffith,17522,MCILROY,Jim,3,SAL,Socialist Alliance,293.0,82798.0,0.0035387328196333245,SAL,False,False
2007,QLD,163,Griffith,17526,RUDD,Kevin,4,ALP,Australian Labor Party,43957.0,82798.0,0.5308944660499045,ALP,True,False
2007,QLD,163,Griffith,18139,BACH,Willy,5,GRN,The Greens,6496.0,82798.0,0.07845600135268968,GRN,True,False
2007,QLD,163,Griffith,18545,HOWARD,P M,6,IND,Independent,2264.0,82798.0,0.027343655643856133,IND,False,True
2007,QLD,163,Griffith,17915,HASSALL,Andrew R,7,FFP,Family First,654.0,82798.0,0.007898741515495543,FFP,False,False
2007,QLD,163,Griffith,18429,COTTERILL,Rob,8,DEM,Democrats,819.0,82798.0,0.009891543273992125,DEM,False,False
2007,QLD,164,Groom,18078,COLLINS,Pauline,1,GRN,The Greens,4028.0,83250.0,0.04838438438438438,GRN,True,False
2007,QLD,164,Groom,17174,VOLKER,Grahame Arthur,2,IND,Independent,616.0,83250.0,0.007399399399399399,IND,False,True
2007,QLD,164,Groom,17597,JONES,Irene,3,CEC,Citizens Electoral Council,263.0,83250.0,0.0031591591591591593,CEC,False,False
2007,QLD,164,Groom,17898,FINDLAY,Peter Charles,4,FFP,Family First,3649.0,83250.0,0.043831831831831834,FFP,False,False
2007,QLD,164,Groom,18549,BERRY,Rob,5,IND,Independent,715.0,83250.0,0.008588588588588589,IND,False,True
2007,QLD,164,Groom,18223,NAJEEB,Shalina,6,DEM,Democrats,608.0,83250.0,0.007303303303303303,DEM,False,False
2007,QLD,164,Groom,17551,MEIBUSCH,Chris,7,ALP,Australian Labor Party,28994.0,83250.0,0.3482762762762763,ALP,True,False
2007,QLD,164,Groom,15609,JEANNERET,Rod,8,IND,Independent,497.0,83250.0,0.00596996996996997,IND,False,True
2007,QLD,164,Groom,17792,MACFARLANE,Ian,9,LP,Liberal,43880.0,83250.0,0.5270870870870871,LP,True,False
2007,QLD,165,Herbert,18195,THOMPSON,Ben,1,LDP,LDP,505.0,81835.0,0.006170953748396163,LDP,False,False
2007,QLD,165,Herbert,18162,STIRLING,Jenny,2,GRN,The Greens,4201.0,81835.0,0.05133500336042036,GRN,True,False
2007,QLD,165,Herbert,18240,SHERIDAN,Sharon,3,DEM,Democrats,476.0,81835.0,0.005816582147003116,DEM,False,False
2007,QLD,165,Herbert,18526,LYNCH,Garrie J,4,IND,Independent,487.0,81835.0,0.005950998961324617,IND,False,True
2007,QLD,165,Herbert,18234,PAULER,Francis H,5,ON,One Nation WA,748.0,81835.0,0.009140343373862039,ON,False,False
2007,QLD,165,Herbert,17726,LINDSAY,Peter,6,LP,Liberal,37397.0,81835.0,0.4569805095619234,LP,True,False
2007,QLD,165,Herbert,17900,PUNSHON,Michael,7,FFP,Family First,1283.0,81835.0,0.015677888434044114,FFP,False,False
2007,QLD,165,Herbert,15308,BRENNAN,Billy,8,IND,Independent,900.0,81835.0,0.01099773935357732,IND,False,True
2007,QLD,165,Herbert,17511,COLBRAN,George,9,ALP,Australian Labor Party,35838.0,81835.0,0.4379299810594489,ALP,True,False
2007,QLD,166,Hinkler,17514,PARR,Garry,1,ALP,Australian Labor Party,35267.0,82249.0,0.42878332867268903,ALP,True,False
2007,QLD,166,Hinkler,17925,RUB,Cameron,2,FFP,Family First,2886.0,82249.0,0.0350885725054408,FFP,False,False
2007,QLD,166,Hinkler,18177,DICKES,Charles,3,GRN,The Greens,3383.0,82249.0,0.041131199163515667,GRN,True,False
2007,QLD,166,Hinkler,17161,NEVILLE,Paul,4,NP,The Nationals,38194.0,82249.0,0.46437038748191467,NP,True,False
2007,QLD,166,Hinkler,18263,BROMWICH,Robert,5,DEM,Democrats,632.0,82249.0,0.007683983999805469,DEM,False,False
2007,QLD,166,Hinkler,14144,WELLS,Roy D,6,IND,Independent,1887.0,82249.0,0.022942528176634367,IND,False,True
2007,QLD,167,Kennedy,17192,MORRISON,Ed,1,NP,The Nationals,20292.0,82319.0,0.24650445219208203,NP,True,False
2007,QLD,167,Kennedy,13270,KATTER,Bob,2,IND,Independent,32537.0,82319.0,0.3952550444004422,IND,False,True
2007,QLD,167,Kennedy,18349,HANKIN,Bill,3,ON,One Nation WA,1441.0,82319.0,0.01750507173313573,ON,False,False
2007,QLD,167,Kennedy,17904,DOUGLAS,Keith,4,FFP,Family First,1674.0,82319.0,0.020335523998104933,FFP,False,False
2007,QLD,167,Kennedy,18136,REILLY,Frank,5,GRN,The Greens,2649.0,82319.0,0.03217969120130225,GRN,True,False
2007,QLD,167,Kennedy,17512,NEILAN,Alan,6,ALP,Australian Labor Party,23122.0,82319.0,0.28088290674084965,ALP,True,False
2007,QLD,167,Kennedy,18346,ASPLIN,Nigel,7,DEM,Democrats,604.0,82319.0,0.007337309734083261,DEM,False,False
2007,QLD,168,Leichhardt,18480,JOHNSTON,Selwyn,1,IND,Independent,1448.0,82943.0,0.01745777220500826,IND,False,True
2007,QLD,168,Leichhardt,18267,LENNOX,Bridgette,2,DEM,Democrats,472.0,82943.0,0.005690655028151863,DEM,False,False
2007,QLD,168,Leichhardt,17295,HUDSON,Tony,3,IND,Independent,320.0,82943.0,0.003858071205526687,IND,False,True
2007,QLD,168,Leichhardt,17151,MILLER,Norman,4,IND,Independent,1090.0,82943.0,0.013141555043825278,IND,False,True
2007,QLD,168,Leichhardt,17163,CROSSLAND,Ian,5,NP,The Nationals,3302.0,82943.0,0.0398104722520285,NP,True,False
2007,QLD,168,Leichhardt,17515,TURNOUR,Jim,6,ALP,Australian Labor Party,35762.0,82943.0,0.43116357016264184,ALP,True,False
2007,QLD,168,Leichhardt,18154,CORY,Sue,7,GRN,The Greens,6219.0,82943.0,0.07497920258490771,GRN,True,False
2007,QLD,168,Leichhardt,17972,JACOBSEN,Ben,8,FFP,Family First,1087.0,82943.0,0.013105385626273464,FFP,False,False
2007,QLD,168,Leichhardt,17742,MCKILLOP,Charlie,9,LP,Liberal,32187.0,82943.0,0.3880616809133984,LP,True,False
2007,QLD,168,Leichhardt,18455,PUGH,Rata Hami,10,IND,Independent,139.0,82943.0,0.0016758496799006547,IND,False,True
2007,QLD,168,Leichhardt,17356,BYRNES,Damian,11,IND,Independent,917.0,82943.0,0.011055785298337412,IND,False,True
2007,QLD,169,Lilley,18205,CLARK,Aubrey,1,LDP,LDP,455.0,83502.0,0.005448971282124979,LDP,False,False
2007,QLD,169,Lilley,17516,SWAN,Wayne,2,ALP,Australian Labor Party,43058.0,83502.0,0.5156523197049172,ALP,True,False
2007,QLD,169,Lilley,17733,McCONNEL,Scott,3,LP,Liberal,31944.0,83502.0,0.38255371128835236,LP,True,False
2007,QLD,169,Lilley,18142,KEAN HAMMERSON,Simon,4,GRN,The Greens,5654.0,83502.0,0.06771095303106513,GRN,True,False
2007,QLD,169,Lilley,18228,CLUSE,Jennifer,5,DEM,Democrats,1015.0,83502.0,0.01215539747550957,DEM,False,False
2007,QLD,169,Lilley,17903,GRAY,Karen,6,FFP,Family First,1376.0,83502.0,0.016478647218030707,FFP,False,False
2007,QLD,302,Longman,18297,OSS-EMER,Liz,1,DEM,Democrats,1153.0,82183.0,0.014029665502597861,DEM,False,False
2007,QLD,302,Longman,18208,MacDONALD,Trent John,2,LDP,LDP,410.0,82183.0,0.0049888663105508435,LDP,False,False
2007,QLD,302,Longman,17913,URQUHART,Peter,3,FFP,Family First,1525.0,82183.0,0.018556149081926918,FFP,False,False
2007,QLD,302,Longman,18201,COSTIN,Paul,4,GRN,The Greens,3486.0,82183.0,0.042417531606293274,GRN,True,False
2007,QLD,302,Longman,17534,SULLIVAN,Jon,5,ALP,Australian Labor Party,39434.0,82183.0,0.4798315953421024,ALP,True,False
2007,QLD,302,Longman,17552,WINNIAK,Dan,6,CEC,Citizens Electoral Council,166.0,82183.0,0.0020198824574425367,CEC,False,False
2007,QLD,302,Longman,17769,BROUGH,Mal,7,LP,Liberal,36009.0,82183.0,0.4381563096990862,LP,True,False
2007,QLD,170,Maranoa,18227,WATSON,Rod,1,ON,One Nation WA,2774.0,79039.0,0.035096597882058225,ON,False,False
2007,QLD,170,Maranoa,17916,TOTENHOFER,David,2,FFP,Family First,3034.0,79039.0,0.03838611318463037,FFP,False,False
2007,QLD,170,Maranoa,18231,DICKSON,Alan,3,DEM,Democrats,1004.0,79039.0,0.012702589860701679,DEM,False,False
2007,QLD,170,Maranoa,17520,BATHERSBY,Mike,4,ALP,Australian Labor Party,23288.0,79039.0,0.2946393552550007,ALP,True,False
2007,QLD,170,Maranoa,17173,SCOTT,Bruce,5,NP,The Nationals,46293.0,79039.0,0.585698199622971,NP,True,False
2007,QLD,170,Maranoa,18153,EAST,Bob,6,GRN,The Greens,2646.0,79039.0,0.03347714419463809,GRN,True,False
2007,QLD,171,McPherson,18405,CARNWELL,Lori,1,DEM,Democrats,791.0,83629.0,0.009458441449736335,DEM,False,False
2007,QLD,171,McPherson,17672,JACKSON,Tyrone,2,IND,Independent,666.0,83629.0,0.007963744634038431,IND,False,True
2007,QLD,171,McPherson,18250,O'CALLAGHAN,Ben,3,GRN,The Greens,4986.0,83629.0,0.05962046658455799,GRN,True,False
2007,QLD,171,McPherson,17753,MAY,Margaret,4,LP,Liberal,45979.0,83629.0,0.5497973191117914,LP,True,False
2007,QLD,171,McPherson,17926,DAVIS,Kevin,5,FFP,Family First,1282.0,83629.0,0.015329610541797701,FFP,False,False
2007,QLD,171,McPherson,17655,SARROFF,Eddy,6,ALP,Australian Labor Party,29798.0,83629.0,0.3563118057133291,ALP,True,False
2007,QLD,171,McPherson,17667,CORNELL,Geoff,7,CEC,Citizens Electoral Council,127.0,83629.0,0.0015186119647490704,CEC,False,False
2007,QLD,172,Moncrieff,18169,BRANDON,Carla,1,GRN,The Greens,5048.0,81301.0,0.06209025719240846,GRN,True,False
2007,QLD,172,Moncrieff,17455,KIRCHLER,Tim,2,SAL,Socialist Alliance,315.0,81301.0,0.003874491088670496,SAL,False,False
2007,QLD,172,Moncrieff,17746,CIOBO,Steven,3,LP,Liberal,48594.0,81301.0,0.5977048252789019,LP,True,False
2007,QLD,172,Moncrieff,17603,THOMPSON,Elisabeth,4,CEC,Citizens Electoral Council,214.0,81301.0,0.0026321939459539243,CEC,False,False
2007,QLD,172,Moncrieff,17917,TAYLER,James,5,FFP,Family First,1440.0,81301.0,0.017711959262493696,FFP,False,False
2007,QLD,172,Moncrieff,18218,SHEARS,Paul,6,IND,Independent,562.0,81301.0,0.006912584101056568,IND,False,True
2007,QLD,172,Moncrieff,17513,MISZKOWSKI,Sam,7,ALP,Australian Labor Party,24397.0,81301.0,0.3000824098104574,ALP,True,False
2007,QLD,172,Moncrieff,18347,STEVENSON,Paul,8,DEM,Democrats,731.0,81301.0,0.008991279320057563,DEM,False,False
2007,QLD,173,Moreton,17715,HARDGRAVE,Gary,1,LP,Liberal,33921.0,80466.0,0.42155693087763774,LP,True,False
2007,QLD,173,Moreton,18137,HINE,Emma,2,GRN,The Greens,5548.0,80466.0,0.06894837571148063,GRN,True,False
2007,QLD,173,Moreton,18182,BROWN,Shane,3,LDP,LDP,282.0,80466.0,0.0035045857877861455,LDP,False,False
2007,QLD,173,Moreton,17909,CHRISTIAN,Steve,4,FFP,Family First,1113.0,80466.0,0.013831929013496384,FFP,False,False
2007,QLD,173,Moreton,12810,LAMB,Andrew,5,IND,Independent,679.0,80466.0,0.008438346630875152,IND,False,True
2007,QLD,173,Moreton,17532,PERRETT,Graham,6,ALP,Australian Labor Party,37908.0,80466.0,0.4711058086645291,ALP,True,False
2007,QLD,173,Moreton,18236,SOLIMAN,Emad,7,DEM,Democrats,1015.0,80466.0,0.012614023314194815,DEM,False,False
2007,QLD,174,Oxley,17517,RIPOLL,Bernie,1,ALP,Australian Labor Party,47128.0,80475.0,0.5856228642435539,ALP,True,False
2007,QLD,174,Oxley,17727,WHITE,Scott,2,LP,Liberal,26297.0,80475.0,0.3267722895309102,LP,True,False
2007,QLD,174,Oxley,17658,HAAG,Brian,3,CEC,Citizens Electoral Council,289.0,80475.0,0.0035911773842808325,CEC,False,False
2007,QLD,174,Oxley,18155,LUND,Austin,4,GRN,The Greens,4128.0,80475.0,0.05129543336439888,GRN,True,False
2007,QLD,174,Oxley,17919,ROY,Gregory,5,FFP,Family First,1682.0,80475.0,0.020900900900900903,FFP,False,False
2007,QLD,174,Oxley,18279,HENMAN,Murray,6,DEM,Democrats,951.0,80475.0,0.011817334575955265,DEM,False,False
2007,QLD,175,Petrie,17595,D'ATH,Yvette,1,ALP,Australian Labor Party,38988.0,83154.0,0.4688649974745653,ALP,True,False
2007,QLD,175,Petrie,18178,JONES,Terry,2,GRN,The Greens,3890.0,83154.0,0.04678067200615725,GRN,True,False
2007,QLD,175,Petrie,18215,POPE,Michael James,3,LDP,LDP,217.0,83154.0,0.0026096158934026024,LDP,False,False
2007,QLD,175,Petrie,17934,VINCENT,Sally,4,FFP,Family First,1516.0,83154.0,0.01823123361473892,FFP,False,False
2007,QLD,175,Petrie,17767,GAMBARO,Teresa,5,LP,Liberal,37299.0,83154.0,0.4485532866729201,LP,True,False
2007,QLD,175,Petrie,18252,CARNWELL,Bruce,6,DEM,Democrats,814.0,83154.0,0.009789066070183034,DEM,False,False
2007,QLD,175,Petrie,18548,BRITT,Peter,7,CDP,Christian Democratic Party (Fred Nile Group),430.0,83154.0,0.0051711282680328065,CDP,False,False
2007,QLD,176,Rankin,17755,COULSON,Pete,1,LP,Liberal,27299.0,80083.0,0.3408838330232384,LP,True,False
2007,QLD,176,Rankin,18203,TJIA,Liam,2,LDP,LDP,463.0,80083.0,0.005781501691994556,LDP,False,False
2007,QLD,176,Rankin,17535,EMERSON,Craig,3,ALP,Australian Labor Party,44858.0,80083.0,0.5601438507548419,ALP,True,False
2007,QLD,176,Rankin,18174,COTTER,Neil,4,GRN,The Greens,3773.0,80083.0,0.047113619619644616,GRN,True,False
2007,QLD,176,Rankin,17927,VAN MANEN,Bert,5,FFP,Family First,2827.0,80083.0,0.03530087534183285,FFP,False,False
2007,QLD,176,Rankin,18247,EL-MEREBI,Salam,6,DEM,Democrats,590.0,80083.0,0.00736735636776844,DEM,False,False
2007,QLD,176,Rankin,17543,MEYERS,Robert,7,CEC,Citizens Electoral Council,273.0,80083.0,0.0034089632006792953,CEC,False,False
2007,QLD,177,Ryan,18246,PAGE,James,1,DEM,Democrats,1207.0,84098.0,0.014352303265238174,DEM,False,False
2007,QLD,177,Ryan,17553,SOLOMON,Neville,2,CEC,Citizens Electoral Council,90.0,84098.0,0.0010701800280624985,CEC,False,False
2007,QLD,177,Ryan,17736,JOHNSON,Michael,3,LP,Liberal,41646.0,84098.0,0.49520797165212016,LP,True,False
2007,QLD,177,Ryan,17930,SCHMID,Leisa,4,FFP,Family First,1120.0,84098.0,0.01331779590477776,FFP,False,False
2007,QLD,177,Ryan,17510,DANIELS,Ross,5,ALP,Australian Labor Party,30619.0,84098.0,0.36408713643606266,ALP,True,False
2007,QLD,177,Ryan,17325,WORRINGHAM,Charles,6,IND,Independent,1328.0,84098.0,0.0157911008585222,IND,False,True
2007,QLD,177,Ryan,18165,JONES,Evan,7,GRN,The Greens,7933.0,84098.0,0.09433042402910889,GRN,True,False
2007,QLD,177,Ryan,18191,MACKENZIE,Jock,8,LDP,LDP,155.0,84098.0,0.0018430878261076363,LDP,False,False
2007,QLD,178,Wide Bay,17160,TRUSS,Warren,1,NP,The Nationals,39177.0,80633.0,0.48586806890479084,NP,True,False
2007,QLD,178,Wide Bay,17596,MOLLOY,Cate,2,IND,Independent,5576.0,80633.0,0.06915282824649957,IND,False,True
2007,QLD,178,Wide Bay,18309,ESSENBERG,Martin,3,ON,One Nation WA,996.0,80633.0,0.01235226272121836,ON,False,False
2007,QLD,178,Wide Bay,17969,CHAPMAN,John,4,FFP,Family First,2792.0,80633.0,0.034626021604057894,FFP,False,False
2007,QLD,178,Wide Bay,17599,LAWRENCE,Tony,5,ALP,Australian Labor Party,24758.0,80633.0,0.30704550246177126,ALP,True,False
2007,QLD,178,Wide Bay,18190,WEBB,Katherine,6,GRN,The Greens,6615.0,80633.0,0.08203837138640507,GRN,True,False
2007,QLD,178,Wide Bay,18302,SHAW,Terry,7,DEM,Democrats,719.0,80633.0,0.008916944675257029,DEM,False,False
2007,SA,179,Adelaide,18003,SOLLY,Peter,1,GRN,The Greens,8641.0,88625.0,0.09750070521861777,GRN,True,False
2007,SA,179,Adelaide,17694,ELLIS,Kate,2,ALP,Australian Labor Party,42774.0,88625.0,0.48264033850493654,ALP,True,False
2007,SA,179,Adelaide,18009,BIAR,Sandy,3,DEM,Australian Democrats,1353.0,88625.0,0.01526657263751763,DEM,False,False
2007,SA,179,Adelaide,17610,SLAPE,Dennis,4,FFP,Family First Party,1801.0,88625.0,0.020321579689703807,FFP,False,False
2007,SA,179,Adelaide,17633,MARSH,Tracy,5,LP,Liberal,34056.0,88625.0,0.38427080394922425,LP,True,False
2007,SA,180,Barker,17999,SNEATH,Justin,1,DEM,Australian Democrats,1984.0,94697.0,0.020951033295669344,DEM,False,False
2007,SA,180,Barker,17988,JENNINGS,Andrew,2,GRN,The Greens,4796.0,94697.0,0.05064574379336199,GRN,True,False
2007,SA,180,Barker,17730,LOCK,Karen,3,ALP,Australian Labor Party,28475.0,94697.0,0.3006959037773108,ALP,True,False
2007,SA,180,Barker,17668,SECKER,Patrick,4,LP,Liberal,44329.0,94697.0,0.46811409020349115,LP,True,False
2007,SA,180,Barker,17384,THIELE,Deb,5,NP,National Party,9695.0,94697.0,0.10237916723866648,NP,True,False
2007,SA,180,Barker,17652,CORNISH,Phil,6,FFP,Family First Party,5418.0,94697.0,0.057214061691500256,FFP,False,False
2007,SA,182,Boothby,17355,McGHEE,Ray,1,IND,Independent,4390.0,89397.0,0.049106793292839804,IND,False,True
2007,SA,182,Boothby,18007,BOSSIE,Craig,2,DEM,Australian Democrats,1380.0,89397.0,0.015436759622806134,DEM,False,False
2007,SA,182,Boothby,17611,PANNACH,Barbara,3,ON,One Nation,309.0,89397.0,0.0034564918285848517,ON,False,False
2007,SA,182,Boothby,17768,CORNES,Nicole,4,ALP,Australian Labor Party,30501.0,89397.0,0.34118594583710865,ALP,True,False
2007,SA,182,Boothby,17758,HUMPHREYS,David,5,LDP,LDP,154.0,89397.0,0.0017226528854435831,LDP,False,False
2007,SA,182,Boothby,18001,KIRKBY,Jodi,6,GRN,The Greens,9137.0,89397.0,0.10220700918375338,GRN,True,False
2007,SA,182,Boothby,17678,SOUTHCOTT,Andrew,7,LP,Liberal,41343.0,89397.0,0.462465183395416,LP,True,False
2007,SA,182,Boothby,17619,COLE,Andrew,8,FFP,Family First Party,2183.0,89397.0,0.024419163954047675,FFP,False,False
2007,SA,183,Grey,17679,RAMSEY,Rowan,1,LP,Liberal,42132.0,89145.0,0.47262325424869595,LP,True,False
2007,SA,183,Grey,18004,GARLAND,Rosalie,2,GRN,The Greens,3669.0,89145.0,0.04115766447921925,GRN,True,False
2007,SA,183,Grey,17398,KLEIN,Wilbur,3,NP,National Party,2725.0,89145.0,0.030568175444500533,NP,True,False
2007,SA,183,Grey,17631,HOLLAND,Mal,4,FFP,Family First Party,4009.0,89145.0,0.04497167536036794,FFP,False,False
2007,SA,183,Grey,17150,WRIGHT,David,5,IND,Independent,1050.0,89145.0,0.011778563015312132,IND,False,True
2007,SA,183,Grey,17693,BOLTON,Karin,6,ALP,Australian Labor Party,34466.0,89145.0,0.3866285265578552,ALP,True,False
2007,SA,183,Grey,18011,ROBERTSON,Gil,7,DEM,Australian Democrats,1094.0,89145.0,0.012272140894049021,DEM,False,False
2007,SA,185,Hindmarsh,18015,WHITE,Tim,1,GRN,The Greens,6335.0,90704.0,0.06984256482624801,GRN,True,False
2007,SA,185,Hindmarsh,17993,ROBINS,Heidi,2,WWW,What Women Want (Australia),662.0,90704.0,0.007298465337802081,WWW,False,False
2007,SA,185,Hindmarsh,17748,BUNTING,Richard,3,FFP,Family First Party,1925.0,90704.0,0.02122287881460575,FFP,False,False
2007,SA,185,Hindmarsh,17763,BOURAS,Rita,4,LP,Liberal,36356.0,90704.0,0.4008202504850944,LP,True,False
2007,SA,185,Hindmarsh,17787,GEORGANAS,Steve,5,ALP,Australian Labor Party,42818.0,90704.0,0.4720629740695008,ALP,True,False
2007,SA,185,Hindmarsh,17777,WARRY,James,6,LDP,LDP,171.0,90704.0,0.0018852531310636796,LDP,False,False
2007,SA,185,Hindmarsh,18128,DUNCAN,Clinton,7,IND,Independent,619.0,90704.0,0.00682439583700829,IND,False,True
2007,SA,185,Hindmarsh,18026,WILLIAMS,Jen,8,DEM,Australian Democrats,1818.0,90704.0,0.020043217498677015,DEM,False,False
2007,SA,186,Kingston,17630,RICHARDSON,Kym,1,LP,Liberal,35961.0,90491.0,0.39739863632847466,LP,True,False
2007,SA,186,Kingston,18238,BECKER,Barry J,2,IND,Independent,505.0,90491.0,0.005580665480545027,IND,False,True
2007,SA,186,Kingston,17989,WELLER,Bill,3,GRN,The Greens,5132.0,90491.0,0.05671282226961797,GRN,True,False
2007,SA,186,Kingston,18000,FOWLER,Matthew,4,DEM,Australian Democrats,859.0,90491.0,0.00949265672829342,DEM,False,False
2007,SA,186,Kingston,17707,RISHWORTH,Amanda,5,ALP,Australian Labor Party,42212.0,90491.0,0.46647732923716173,ALP,True,False
2007,SA,186,Kingston,17624,BROKENSHIRE,Robert,6,FFP,Family First Party,5169.0,90491.0,0.05712170271076682,FFP,False,False
2007,SA,186,Kingston,18541,KUSZNIR,Alex,7,IND,Independent,380.0,90491.0,0.00419931263882596,IND,False,True
2007,SA,186,Kingston,18413,SMITH,Lachlan Peter,8,LDP,LDP,273.0,90491.0,0.00301687460631444,LDP,False,False
2007,SA,187,Makin,17936,VANDERSLUIS,Gary,1,LDP,LDP,428.0,87255.0,0.0049051630279067105,LDP,False,False
2007,SA,187,Makin,18107,BROWN,Aleisha,2,DEM,Australian Democrats,1198.0,87255.0,0.013729872213626726,DEM,False,False
2007,SA,187,Makin,17901,GRAHAM,Andrew,3,FFP,Family First Party,3096.0,87255.0,0.03548220732336256,FFP,False,False
2007,SA,187,Makin,17939,ZAPPIA,Tony,4,ALP,Australian Labor Party,44890.0,87255.0,0.5144690848661968,ALP,True,False
2007,SA,187,Makin,17928,DAY,Bob,5,LP,Liberal,33390.0,87255.0,0.38267148014440433,LP,True,False
2007,SA,187,Makin,17608,FECHNER,Robert,6,ON,One Nation,502.0,87255.0,0.005753251962638244,ON,False,False
2007,SA,187,Makin,18097,SMITH,Graham,7,GRN,The Greens,3751.0,87255.0,0.04298894046186465,GRN,True,False
2007,SA,188,Mayo,17992,VONOW,Lynton,1,GRN,The Greens,9849.0,89848.0,0.10961846674383403,GRN,True,False
2007,SA,188,Mayo,17653,DOWNER,Alexander,2,LP,Liberal,45893.0,89848.0,0.5107848811325795,LP,True,False
2007,SA,188,Mayo,17635,NOLAN,Trish,3,FFP,Family First Party,3615.0,89848.0,0.04023461846674383,FFP,False,False
2007,SA,188,Mayo,18005,CASTRIQUE,Andrew,4,DEM,Australian Democrats,1369.0,89848.0,0.015236844448401746,DEM,False,False
2007,SA,188,Mayo,18547,BARONS,Rachael,5,CCE,Conservatives for Climate and Environment,1165.0,89848.0,0.012966343157332383,CCE,False,False
2007,SA,188,Mayo,17706,BREWERTON,Mary,6,ALP,Australian Labor Party,27957.0,89848.0,0.31115884605110855,ALP,True,False
2007,SA,189,Port Adelaide,18095,THOMAS,Colin,1,GRN,The Greens,7935.0,90549.0,0.08763211079084253,GRN,True,False
2007,SA,189,Port Adelaide,17642,HAMBOUR,Bruce,2,FFP,Family First Party,5230.0,90549.0,0.05775878253763156,FFP,False,False
2007,SA,189,Port Adelaide,17750,BUTLER,Mark,3,ALP,Australian Labor Party,52732.0,90549.0,0.5823587229014124,ALP,True,False
2007,SA,189,Port Adelaide,17686,CHOMEL,Brenton,4,LP,Liberal,22830.0,90549.0,0.25212868170824637,LP,True,False
2007,SA,189,Port Adelaide,18106,MOORE,Pam,5,DEM,Australian Democrats,1822.0,90549.0,0.020121702061867055,DEM,False,False
2007,SA,190,Sturt,17717,JANSEN,Carol,1,FFP,Family First Party,3102.0,90595.0,0.03424030023731994,FFP,False,False
2007,SA,190,Sturt,18111,ROWSE,Paul,2,DEM,Australian Democrats,1064.0,90595.0,0.011744577515315414,DEM,False,False
2007,SA,190,Sturt,18121,REID,Sally,3,GRN,The Greens,5806.0,90595.0,0.06408742204315912,GRN,True,False
2007,SA,190,Sturt,17735,HANDSHIN,Mia,4,ALP,Australian Labor Party,37565.0,90595.0,0.4146476074838567,ALP,True,False
2007,SA,190,Sturt,17723,PYNE,Christopher,5,LP,Liberal,42731.0,90595.0,0.47167062199900656,LP,True,False
2007,SA,190,Sturt,17739,TILBROOK,Felicity,6,LDP,LDP,327.0,90595.0,0.0036094707213422373,LDP,False,False
2007,SA,191,Wakefield,17664,NAIRN,Bruce,1,FFP,Family First Party,4483.0,86846.0,0.05162010915874076,FFP,False,False
2007,SA,191,Wakefield,17977,EDMUNDS,Pauline,2,WWW,What Women Want (Australia),793.0,86846.0,0.009131105635262418,WWW,False,False
2007,SA,191,Wakefield,17731,CHAMPION,Nick,3,ALP,Australian Labor Party,42249.0,86846.0,0.48648181839117516,ALP,True,False
2007,SA,191,Wakefield,17675,FITZPATRICK,Peter,4,ON,One Nation,832.0,86846.0,0.00958017640420975,ON,False,False
2007,SA,191,Wakefield,17991,ALLEN,Terry,5,GRN,The Greens,3589.0,86846.0,0.04132602537825576,GRN,True,False
2007,SA,191,Wakefield,17682,FAWCETT,David,6,LP,Liberal,33600.0,86846.0,0.38689173940077837,LP,True,False
2007,SA,191,Wakefield,17698,WALSH,Martin,7,LDP,LDP,284.0,86846.0,0.0032701563687446743,LDP,False,False
2007,SA,191,Wakefield,18036,MARTIN,Felicity,8,DEM,Australian Democrats,1016.0,86846.0,0.011698869262833061,DEM,False,False
2007,TAS,192,Bass,18535,WIENER,Sven,1,IND,Independent,1123.0,63835.0,0.017592229967885956,IND,False,True
2007,TAS,192,Bass,17336,WATTS,Adrian Ronald,2,CEC,Citizens Electoral Council,219.0,63835.0,0.003430719824547662,CEC,False,False
2007,TAS,192,Bass,17495,CAMPBELL,Jodie,3,ALP,Australian Labor Party,23764.0,63835.0,0.37227226443173805,ALP,True,False
2007,TAS,192,Bass,17601,MILLEN,Tom,4,GRN,The Greens,9745.0,63835.0,0.1526591994987076,GRN,True,False
2007,TAS,192,Bass,17598,de HAAN,Ixa,5,FFP,Family First,930.0,63835.0,0.014568810213832536,FFP,False,False
2007,TAS,192,Bass,17493,BENNETT,Shem,6,LDP,LDP,285.0,63835.0,0.004464635388109971,LDP,False,False
2007,TAS,192,Bass,17439,FERGUSON,Michael,7,LP,Liberal,27769.0,63835.0,0.4350121406751782,LP,True,False
2007,TAS,193,Braddon,17554,de BOMFORD,Wayne,1,FFP,Family First,2135.0,66261.0,0.03222106518163022,FFP,False,False
2007,TAS,193,Braddon,17448,BAKER,Mark,2,LP,Liberal,29152.0,66261.0,0.4399571391919832,LP,True,False
2007,TAS,193,Braddon,17609,O'HALLORAN,Paul,3,GRN,The Greens,5392.0,66261.0,0.08137516789665113,GRN,True,False
2007,TAS,193,Braddon,17521,SIDEBOTTOM,Sid,4,ALP,Australian Labor Party,28948.0,66261.0,0.4368784050950031,ALP,True,False
2007,TAS,193,Braddon,17341,DICK,Stephen Anthony,5,CEC,Citizens Electoral Council,313.0,66261.0,0.0047237439821312685,CEC,False,False
2007,TAS,193,Braddon,17486,CUNNINGHAM,Peter,6,LDP,LDP,321.0,66261.0,0.0048444786526010775,LDP,False,False
2007,TAS,194,Denison,17434,GRAY,Leigh,1,LP,Liberal,18974.0,63970.0,0.2966077848991715,LP,True,False
2007,TAS,194,Denison,17547,MUNRO,Robyn,2,FFP,Family First,1360.0,63970.0,0.02125996560887916,FFP,False,False
2007,TAS,194,Denison,17331,LARNER,Rob,3,CEC,Citizens Electoral Council,243.0,63970.0,0.0037986556198217913,CEC,False,False
2007,TAS,194,Denison,17893,AUSTIN,Susan,4,SAL,Socialist Alliance,494.0,63970.0,0.007722369860872284,SAL,False,False
2007,TAS,194,Denison,17582,HUTCHINSON,Helen,5,GRN,The Greens,11898.0,63970.0,0.1859934344223855,GRN,True,False
2007,TAS,194,Denison,17498,KERR,Duncan,6,ALP,Australian Labor Party,31001.0,63970.0,0.4846177895888698,ALP,True,False
2007,TAS,195,Franklin,17432,GOODWIN,Vanessa,1,LP,Liberal,27742.0,67632.0,0.41019044239413294,LP,True,False
2007,TAS,195,Franklin,17499,COLLINS,Julie,2,ALP,Australian Labor Party,27990.0,67632.0,0.41385734563520227,ALP,True,False
2007,TAS,195,Franklin,17332,HONEY,Roger,3,CEC,Citizens Electoral Council,262.0,67632.0,0.0038739058433877455,CEC,False,False
2007,TAS,195,Franklin,17590,VELNAAR,Gerard,4,GRN,The Greens,9769.0,67632.0,0.14444345871776673,GRN,True,False
2007,TAS,195,Franklin,17894,HOLLOWAY,Matt,5,SAL,Socialist Alliance,365.0,67632.0,0.00539685356044476,SAL,False,False
2007,TAS,195,Franklin,17548,PAPICCIO,Gino,6,FFP,Family First,1504.0,67632.0,0.02223799384906553,FFP,False,False
2007,TAS,196,Lyons,17337,WILLIAMS,Ray,1,CEC,Citizens Electoral Council,819.0,63444.0,0.012909022129752222,CEC,False,False
2007,TAS,196,Lyons,17681,CASSIDY,Karen,2,GRN,The Greens,7089.0,63444.0,0.11173633440514469,GRN,True,False
2007,TAS,196,Lyons,14661,QUIN,Ben,3,IND,Independent,6092.0,63444.0,0.09602168841813252,IND,False,True
2007,TAS,196,Lyons,17567,PARSONS,Amy,4,FFP,Family First,1427.0,63444.0,0.022492276653426645,FFP,False,False
2007,TAS,196,Lyons,17500,ADAMS,Dick,5,ALP,Australian Labor Party,27374.0,63444.0,0.431467120610302,ALP,True,False
2007,TAS,196,Lyons,17443,PAGE,Geoff,6,LP,Liberal,20643.0,63444.0,0.3253735577832419,LP,True,False
2007,VIC,197,Aston,17950,AZA,Rachal,1,DEM,Australian Democrats,1246.0,85812.0,0.01452011373700648,DEM,False,False
2007,VIC,197,Aston,17580,MITCHELL,Doug,2,CEC,Citizens Electoral Council,245.0,85812.0,0.0028550785437934088,CEC,False,False
2007,VIC,197,Aston,17236,PEARCE,Chris,3,LP,Liberal,43519.0,85812.0,0.5071435230503892,LP,True,False
2007,VIC,197,Aston,18028,RALEIGH,Gerry,4,ALP,Australian Labor Party,33332.0,85812.0,0.38843052253764043,ALP,True,False
2007,VIC,197,Aston,17640,LAKE,Peter,5,FFP,Family First,2978.0,85812.0,0.03470377103435417,FFP,False,False
2007,VIC,197,Aston,18373,PEPPER,Adam,6,GRN,Australian Greens,4492.0,85812.0,0.052346991096816294,GRN,True,False
2007,VIC,198,Ballarat,18400,COATES,Belinda,1,GRN,Australian Greens,7008.0,87808.0,0.07981049562682216,GRN,True,False
2007,VIC,198,Ballarat,17279,MCINTOSH,Samantha,2,LP,Liberal,33402.0,87808.0,0.3803981413994169,LP,True,False
2007,VIC,198,Ballarat,18094,KING,Catherine,3,ALP,Australian Labor Party,44191.0,87808.0,0.5032684948979592,ALP,True,False
2007,VIC,198,Ballarat,17657,BUTTERFIELD,Dale,4,FFP,Family First,3207.0,87808.0,0.03652286807580175,FFP,False,False
2007,VIC,199,Batman,18013,HASSAN,Darren,1,DEM,Australian Democrats,1619.0,79661.0,0.02032362134545135,DEM,False,False
2007,VIC,199,Batman,17648,KERIN,Peter,2,FFP,Family First,2090.0,79661.0,0.02623617579493102,FFP,False,False
2007,VIC,199,Batman,18325,CAREY,Patricia,3,GRN,Australian Greens,13674.0,79661.0,0.17165237694731425,GRN,True,False
2007,VIC,199,Batman,18024,FERGUSON,Martin,4,ALP,Australian Labor Party,45551.0,79661.0,0.5718105471937335,ALP,True,False
2007,VIC,199,Batman,17257,PEART,Jonathan,5,LP,Liberal,16439.0,79661.0,0.20636195880041677,LP,True,False
2007,VIC,199,Batman,17561,BARWICK,Robert,6,CEC,Citizens Electoral Council,288.0,79661.0,0.0036153199181531742,CEC,False,False
2007,VIC,200,Bendigo,18031,GIBBONS,Steve,1,ALP,Australian Labor Party,42410.0,89970.0,0.4713793486717795,ALP,True,False
2007,VIC,200,Bendigo,17641,JARVIS,Terry,2,FFP,Family First,3190.0,89970.0,0.03545626319884406,FFP,False,False
2007,VIC,200,Bendigo,17985,GALE,Clinton,3,LDP,LDP,210.0,89970.0,0.002334111370456819,LDP,False,False
2007,VIC,200,Bendigo,18378,BYRNE,Toby,4,GRN,Australian Greens,6521.0,89970.0,0.07247971546070912,GRN,True,False
2007,VIC,200,Bendigo,18527,CONSANDINE,Peter,5,IND,Independent,304.0,89970.0,0.0033789040791374902,IND,False,True
2007,VIC,200,Bendigo,17945,GUYMER,Edward,6,DEM,Australian Democrats,577.0,89970.0,0.006413248860731355,DEM,False,False
2007,VIC,200,Bendigo,18491,VEITCH,Adam,7,IND,Independent,331.0,89970.0,0.0036790041124819383,IND,False,True
2007,VIC,200,Bendigo,17249,KENNEDY,Peter,8,LP,Liberal,34562.0,89970.0,0.3841502723129932,LP,True,False
2007,VIC,200,Bendigo,18523,RATHJEN,Eril,9,IND,Independent,1865.0,89970.0,0.02072913193286651,IND,False,True
2007,VIC,201,Bruce,17269,RANDALL,Angela,1,LP,Liberal,30257.0,80531.0,0.3757186673454943,LP,True,False
2007,VIC,201,Bruce,17636,RAWLINS,Bronwyn,2,FFP,Family First,2295.0,80531.0,0.028498342253293764,FFP,False,False
2007,VIC,201,Bruce,17947,GROSSI,Richard,3,DEM,Australian Democrats,1012.0,80531.0,0.012566589263761781,DEM,False,False
2007,VIC,201,Bruce,17931,HERRMANN,Sandra Joy,4,CDP,Christian Democratic Party (Fred Nile Group),678.0,80531.0,0.008419118103587439,CDP,False,False
2007,VIC,201,Bruce,18035,GRIFFIN,Alan,5,ALP,Australian Labor Party,41754.0,80531.0,0.5184835653350883,ALP,True,False
2007,VIC,201,Bruce,17422,SMITH,Neil Henry,6,ON,One Nation,433.0,80531.0,0.005376811414237995,ON,False,False
2007,VIC,201,Bruce,18323,CASSIDY,Rob,7,GRN,Australian Greens,4102.0,80531.0,0.05093690628453639,GRN,True,False
2007,VIC,203,Calwell,17634,BULLER,Arthur,1,FFP,Family First,3747.0,86270.0,0.043433406746261734,FFP,False,False
2007,VIC,203,Calwell,18534,CUTLER,Philip,2,IND,Independent,624.0,86270.0,0.00723310536687145,IND,False,True
2007,VIC,203,Calwell,17557,YOHANNA,Sleiman,3,CEC,Citizens Electoral Council,1817.0,86270.0,0.021061782775008694,CEC,False,False
2007,VIC,203,Calwell,18045,VAMVAKINOU,Maria,4,ALP,Australian Labor Party,51952.0,86270.0,0.6022023878520922,ALP,True,False
2007,VIC,203,Calwell,17942,MUSOLINO,Vanessa,5,DEM,Australian Democrats,799.0,86270.0,0.00926162049379854,DEM,False,False
2007,VIC,203,Calwell,18404,SHAUNE,Brook,6,GRN,Australian Greens,3761.0,86270.0,0.043595687956415906,GRN,True,False
2007,VIC,203,Calwell,17895,HAMPSHIRE,Don,7,IND,Independent,391.0,86270.0,0.004532282369305668,IND,False,True
2007,VIC,203,Calwell,17298,GAGLIOTI,Frank,8,SEP,Socialist Equality Party,273.0,86270.0,0.0031644835980062596,SEP,False,False
2007,VIC,203,Calwell,17492,LIVETT,Dianne,9,LP,Liberal,22906.0,86270.0,0.2655152428422395,LP,True,False
2007,VIC,204,Casey,17967,INGLESE,Tony,1,DEM,Australian Democrats,1546.0,83538.0,0.018506547918312626,DEM,False,False
2007,VIC,204,Casey,17981,MORAN,George Thomas,2,CDP,Christian Democratic Party (Fred Nile Group),533.0,83538.0,0.006380329909741674,CDP,False,False
2007,VIC,204,Casey,17276,SMITH,Tony,3,LP,Liberal,41897.0,83538.0,0.5015322368263545,LP,True,False
2007,VIC,204,Casey,18046,BEARD,Dympna,4,ALP,Australian Labor Party,29949.0,83538.0,0.3585075055663291,ALP,True,False
2007,VIC,204,Casey,18329,CRAIG,Salore,5,GRN,Australian Greens,6112.0,83538.0,0.0731643084584261,GRN,True,False
2007,VIC,204,Casey,17638,HARRISON,Daniel,6,FFP,Family First,3501.0,83538.0,0.041909071320836024,FFP,False,False
2007,VIC,205,Chisholm,17637,ONG,Gary,1,FFP,Family First,1953.0,79874.0,0.024451010341287528,FFP,False,False
2007,VIC,205,Chisholm,18049,BURKE,Anna,2,ALP,Australian Labor Party,38439.0,79874.0,0.4812454616020232,ALP,True,False
2007,VIC,205,Chisholm,17260,KING,Myles,3,LP,Liberal,31514.0,79874.0,0.39454641059668977,LP,True,False
2007,VIC,205,Chisholm,17956,BERK,Daniel,4,DEM,Australian Democrats,1053.0,79874.0,0.013183263640233367,DEM,False,False
2007,VIC,205,Chisholm,17570,THYSTRUP,Lars,5,CEC,Citizens Electoral Council,150.0,79874.0,0.0018779577835090267,CEC,False,False
2007,VIC,205,Chisholm,18328,McCASKILL,Alistair,6,GRN,Australian Greens,6765.0,79874.0,0.0846958960362571,GRN,True,False
2007,VIC,207,Corangamite,17968,KILLEEN,Gabrielle,1,DEM,Australian Democrats,1512.0,90394.0,0.01672677390092263,DEM,False,False
2007,VIC,207,Corangamite,18083,CHEESEMAN,Darren,2,ALP,Australian Labor Party,37886.0,90394.0,0.41912073810208644,ALP,True,False
2007,VIC,207,Corangamite,17688,EDWARDS,Jan,3,FFP,Family First,3217.0,90394.0,0.0355886452640662,FFP,False,False
2007,VIC,207,Corangamite,17275,McARTHUR,Stewart,4,LP,Liberal,40408.0,90394.0,0.44702081996592696,LP,True,False
2007,VIC,207,Corangamite,18332,NELSON,Fiona,5,GRN,Australian Greens,7202.0,90394.0,0.07967342965241056,GRN,True,False
2007,VIC,207,Corangamite,17971,SABHLOK,Sukrit,6,LDP,LDP,169.0,90394.0,0.0018695931145872513,LDP,False,False
2007,VIC,208,Corio,18010,WELDEN,Darrin Jeffrey,1,LDP,LDP,791.0,83041.0,0.00952541515636854,LDP,False,False
2007,VIC,208,Corio,17600,RUSSELL,Ross,2,CEC,Citizens Electoral Council,190.0,83041.0,0.00228802639659927,CEC,False,False
2007,VIC,208,Corio,17854,JOHNSON,Chris,3,SAL,Socialist Alliance,332.0,83041.0,0.003998025071952409,SAL,False,False
2007,VIC,208,Corio,17910,ALDERSON,Gordon,4,FFP,Family First,3291.0,83041.0,0.03963102563793788,FFP,False,False
2007,VIC,208,Corio,17262,KAKOUROS,Angelo,5,LP,Liberal,24591.0,83041.0,0.2961308269409087,LP,True,False
2007,VIC,208,Corio,14635,O'CONNOR,Gavan,6,IND,Independent,10530.0,83041.0,0.1268048313483701,IND,False,True
2007,VIC,208,Corio,17946,MENHEERE-THOMPSON,Erica C,7,DEM,Australian Democrats,628.0,83041.0,0.007562529352970219,DEM,False,False
2007,VIC,208,Corio,18033,MARLES,Richard,8,ALP,Australian Labor Party,37778.0,83041.0,0.4549319011090907,ALP,True,False
2007,VIC,208,Corio,18441,LEACH,Rob,9,GRN,Australian Greens,4910.0,83041.0,0.05912741898580219,GRN,True,False
2007,VIC,209,Deakin,17996,STEVENSON,Nick,1,LDP,LDP,586.0,82310.0,0.0071194265581338845,LDP,False,False
2007,VIC,209,Deakin,17651,BRONTE,Fiona,2,FFP,Family First,2589.0,82310.0,0.03145425829182359,FFP,False,False
2007,VIC,209,Deakin,18060,SYMON,Mike,3,ALP,Australian Labor Party,34451.0,82310.0,0.4185518163042158,ALP,True,False
2007,VIC,209,Deakin,17261,BARRESI,Phil,4,LP,Liberal,36501.0,82310.0,0.44345766006560566,LP,True,False
2007,VIC,209,Deakin,17970,NICHOLSON,Paula,5,DEM,Australian Democrats,1205.0,82310.0,0.014639776454865751,DEM,False,False
2007,VIC,209,Deakin,18331,PEMBERTON,Bill,6,GRN,Australian Greens,6978.0,82310.0,0.08477706232535537,GRN,True,False
2007,VIC,210,Dunkley,18367,ADAMS,Neale,1,GRN,Australian Greens,6695.0,86404.0,0.07748483866487663,GRN,True,False
2007,VIC,210,Dunkley,17663,ASHDOWN,Steven,2,FFP,Family First,2235.0,86404.0,0.0258668580158326,FFP,False,False
2007,VIC,210,Dunkley,17252,BILLSON,Bruce,3,LP,Liberal,43024.0,86404.0,0.4979399101893431,LP,True,False
2007,VIC,210,Dunkley,18039,McBRIDE,Graham,4,ALP,Australian Labor Party,33055.0,86404.0,0.38256330725429377,ALP,True,False
2007,VIC,210,Dunkley,17958,BAILEY,Karen,5,DEM,Australian Democrats,1395.0,86404.0,0.016145085875653904,DEM,False,False
2007,VIC,211,Flinders,17291,HUNT,Greg,1,LP,Liberal,48343.0,88755.0,0.5446791730043378,LP,True,False
2007,VIC,211,Flinders,18016,BATTEN,David,2,DEM,Australian Democrats,822.0,88755.0,0.009261450059151598,DEM,False,False
2007,VIC,211,Flinders,18399,BROWN,Bob,3,GRN,Australian Greens,7529.0,88755.0,0.08482902371697369,GRN,True,False
2007,VIC,211,Flinders,17771,EASTMAN,Cameron,4,FFP,Family First,1988.0,88755.0,0.022398738099262013,FFP,False,False
2007,VIC,211,Flinders,18127,MARCH,Gary,5,ALP,Australian Labor Party,30073.0,88755.0,0.33883161512027493,ALP,True,False
2007,VIC,212,Gellibrand,17875,COURTICE,Ben,1,SAL,Socialist Alliance,1334.0,84156.0,0.015851513855221256,SAL,False,False
2007,VIC,212,Gellibrand,17957,RICHARDS,Rachel,2,DEM,Australian Democrats,1088.0,84156.0,0.012928371120300394,DEM,False,False
2007,VIC,212,Gellibrand,18385,GIBSON,Robert,3,GRN,Australian Greens,7898.0,84156.0,0.0938495175626218,GRN,True,False
2007,VIC,212,Gellibrand,18456,O'NEIL,Dave,4,IND,Independent,1950.0,84156.0,0.0231712533865678,IND,False,True
2007,VIC,212,Gellibrand,17333,TSENG,Wayne,5,LP,Liberal,19220.0,84156.0,0.22838537953324778,LP,True,False
2007,VIC,212,Gellibrand,17884,GARG,Mukesh,6,FFP,Family First,1700.0,84156.0,0.020200579875469367,FFP,False,False
2007,VIC,212,Gellibrand,18126,ROXON,Nicola,7,ALP,Australian Labor Party,50681.0,84156.0,0.6022268168639194,ALP,True,False
2007,VIC,212,Gellibrand,17606,DOEL,Rodney,8,CEC,Citizens Electoral Council,285.0,84156.0,0.0033865678026522173,CEC,False,False
2007,VIC,213,Gippsland,17459,MCADAM,Helen,1,WWW,What Women Want (Australia),1825.0,88141.0,0.020705460568861255,WWW,False,False
2007,VIC,213,Gippsland,18382,WRATHALL,Jeff,2,GRN,Australian Greens,4881.0,88141.0,0.055377179746088655,GRN,True,False
2007,VIC,213,Gippsland,17705,ROWELL,Michael,3,FFP,Family First,3802.0,88141.0,0.04313543073030712,FFP,False,False
2007,VIC,213,Gippsland,17307,McGAURAN,Peter,4,NP,The Nationals,42632.0,88141.0,0.4836795588885989,NP,True,False
2007,VIC,213,Gippsland,14642,BUCKLEY,Ben,5,IND,Independent,2787.0,88141.0,0.031619791016666475,IND,False,True
2007,VIC,213,Gippsland,18161,ROWE,Jane,6,ALP,Australian Labor Party,32214.0,88141.0,0.36548257904947756,ALP,True,False
2007,VIC,214,Goldstein,17954,BAILEY,Michael,1,DEM,Australian Democrats,1422.0,85299.0,0.016670769880068933,DEM,False,False
2007,VIC,214,Goldstein,18080,MASON,Julia,2,ALP,Australian Labor Party,28734.0,85299.0,0.3368620968592832,ALP,True,False
2007,VIC,214,Goldstein,18389,PILLING,Neil,3,GRN,Australian Greens,8846.0,85299.0,0.10370578787559057,GRN,True,False
2007,VIC,214,Goldstein,17883,KHOO,Joyce,4,FFP,Family First,970.0,85299.0,0.011371762857712282,FFP,False,False
2007,VIC,214,Goldstein,17263,ROBB,Andrew,5,LP,Liberal,45141.0,85299.0,0.5292090176907115,LP,True,False
2007,VIC,214,Goldstein,17573,HORNE,Colin,6,CEC,Citizens Electoral Council,186.0,85299.0,0.0021805648366334893,CEC,False,False
2007,VIC,309,Gorton,17987,HUGHES,Vern,1,DLP,D.L.P. - Democratic Labor Party,3516.0,94832.0,0.03707609245824194,DLP,False,False
2007,VIC,309,Gorton,18141,O'CONNOR,Brendan,2,ALP,Australian Labor Party,58732.0,94832.0,0.6193268095157752,ALP,True,False
2007,VIC,309,Gorton,17268,JENNISON,Susan,3,LP,Liberal,23063.0,94832.0,0.2431984983971655,LP,True,False
2007,VIC,309,Gorton,17645,AMBERLEY,Scott,4,FFP,Family First,3746.0,94832.0,0.039501434115066646,FFP,False,False
2007,VIC,309,Gorton,18343,TRUONG,Huong,5,GRN,Australian Greens,5775.0,94832.0,0.060897165513750635,GRN,True,False
2007,VIC,215,Higgins,17294,COSTELLO,Peter,1,LP,Liberal,43761.0,81629.0,0.5360962403067537,LP,True,False
2007,VIC,215,Higgins,18403,WILBUR-HAM,Michael,2,GRN,Australian Greens,8777.0,81629.0,0.10752306165700914,GRN,True,False
2007,VIC,215,Higgins,17639,BADWAL,Penny,3,FFP,Family First,627.0,81629.0,0.00768109372894437,FFP,False,False
2007,VIC,215,Higgins,17472,MEDDINGS,Graeme,4,IND,Independent,227.0,81629.0,0.002780874444131375,IND,False,True
2007,VIC,215,Higgins,18472,MAYNE,Stephen,5,IND,Independent,1615.0,81629.0,0.019784635362432468,IND,False,True
2007,VIC,215,Higgins,18158,NORMAN,Barbara,6,ALP,Australian Labor Party,25367.0,81629.0,0.3107596564946281,ALP,True,False
2007,VIC,215,Higgins,17978,DETTMAN,Mary,7,DEM,Australian Democrats,990.0,81629.0,0.012128042729912164,DEM,False,False
2007,VIC,215,Higgins,18522,FORDE,Genevieve Maria,8,IND,Independent,265.0,81629.0,0.0032463952761886093,IND,False,True
2007,VIC,216,Holt,17253,CICCHIELLO,Emanuele,1,LP,Liberal,31785.0,92875.0,0.3422341857335128,LP,True,False
2007,VIC,216,Holt,17662,DE ZILWA,Yasmin,2,FFP,Family First,4076.0,92875.0,0.04388694481830417,FFP,False,False
2007,VIC,216,Holt,18358,BYRNE,Anthony,3,ALP,Australian Labor Party,51689.0,92875.0,0.5565437415881561,ALP,True,False
2007,VIC,216,Holt,17964,SEYMOUR,Ken,4,DEM,Australian Democrats,1155.0,92875.0,0.01243606998654105,DEM,False,False
2007,VIC,216,Holt,18355,KELEHER,Lynette,5,GRN,Australian Greens,3823.0,92875.0,0.0411628532974428,GRN,True,False
2007,VIC,216,Holt,17578,MORGAN,Chris,6,CEC,Citizens Electoral Council,347.0,92875.0,0.0037362045760430686,CEC,False,False
2007,VIC,217,Hotham,18350,BILLMAN,Matthew,1,GRN,Australian Greens,5572.0,81331.0,0.06851016217678375,GRN,True,False
2007,VIC,217,Hotham,18189,CREAN,Simon,2,ALP,Australian Labor Party,44853.0,81331.0,0.5514871328275811,ALP,True,False
2007,VIC,217,Hotham,17685,WOODWARD,Mike,3,CEC,Citizens Electoral Council,240.0,81331.0,0.0029509043292225597,CEC,False,False
2007,VIC,217,Hotham,17986,FARRELL,Terry,4,DLP,D.L.P. - Democratic Labor Party,758.0,81331.0,0.00931993950646125,DLP,False,False
2007,VIC,217,Hotham,17980,CADBY,Craig,5,DEM,Australian Democrats,800.0,81331.0,0.0098363477640752,DEM,False,False
2007,VIC,217,Hotham,17282,ARBOREA,Vince,6,LP,Liberal,27451.0,81331.0,0.3375219780895354,LP,True,False
2007,VIC,217,Hotham,17712,DORIAN,Peter,7,FFP,Family First,1657.0,81331.0,0.020373535306340756,FFP,False,False
2007,VIC,218,Indi,18052,LESCHEN,Zuvele,1,ALP,Australian Labor Party,27203.0,84691.0,0.3212029613536267,ALP,True,False
2007,VIC,218,Indi,18388,ROBINSON,Helen,2,GRN,Australian Greens,6416.0,84691.0,0.07575775466106198,GRN,True,False
2007,VIC,218,Indi,17935,BENSON,Sarah,3,DEM,Australian Democrats,1434.0,84691.0,0.016932141549869526,DEM,False,False
2007,VIC,218,Indi,17274,MIRABELLA,Sophie,4,LP,Liberal,46052.0,84691.0,0.5437649809306774,LP,True,False
2007,VIC,218,Indi,17569,BECK,Jeremy,5,CEC,Citizens Electoral Council,354.0,84691.0,0.0041799010520598414,CEC,False,False
2007,VIC,218,Indi,17654,RAINEY,Jim,6,FFP,Family First,3232.0,84691.0,0.03816226045270454,FFP,False,False
2007,VIC,219,Isaacs,15530,FORD,Gordon W,1,IND,Independent,1137.0,90361.0,0.012582862075452906,IND,False,True
2007,VIC,219,Isaacs,18022,NORRIE,Robert,2,LDP,LDP,492.0,90361.0,0.005444826861145848,LDP,False,False
2007,VIC,219,Isaacs,18398,LONG,Colin,3,GRN,Australian Greens,5636.0,90361.0,0.06237204103540244,GRN,True,False
2007,VIC,219,Isaacs,17725,PLEITER,Jadah,4,FFP,Family First,2308.0,90361.0,0.025541992673830526,FFP,False,False
2007,VIC,219,Isaacs,18048,DREYFUS,Mark,5,ALP,Australian Labor Party,44056.0,90361.0,0.4875554719403282,ALP,True,False
2007,VIC,219,Isaacs,17266,FOX,Ross,6,LP,Liberal,34762.0,90361.0,0.38470136452673165,LP,True,False
2007,VIC,219,Isaacs,17960,CHIPP,Laura,7,DEM,Australian Democrats,1970.0,90361.0,0.021801440887108378,DEM,False,False
2007,VIC,220,Jagajaga,17579,LELE,Stephen,1,CEC,Citizens Electoral Council,496.0,87535.0,0.005666304906608785,CEC,False,False
2007,VIC,220,Jagajaga,18074,MACKLIN,Jenny,2,ALP,Australian Labor Party,42154.0,87535.0,0.4815673730507797,ALP,True,False
2007,VIC,220,Jagajaga,18380,HODGSON,Lisa,3,GRN,Australian Greens,8971.0,87535.0,0.10248472039755527,GRN,True,False
2007,VIC,220,Jagajaga,17656,CONLON,Andrew,4,FFP,Family First,2065.0,87535.0,0.023590563774490203,FFP,False,False
2007,VIC,220,Jagajaga,17270,D'SOUZA,Conrad,5,LP,Liberal,32870.0,87535.0,0.3755069400811104,LP,True,False
2007,VIC,220,Jagajaga,17944,GRAHAM,Jason,6,DEM,Australian Democrats,979.0,87535.0,0.011184097789455647,DEM,False,False
2007,VIC,221,Kooyong,18104,HARVEY,Ken,1,ALP,Australian Labor Party,24599.0,81928.0,0.3002514402890343,ALP,True,False
2007,VIC,221,Kooyong,17643,LAIDLER,John,2,FFP,Family First,1261.0,81928.0,0.015391563323894152,FFP,False,False
2007,VIC,221,Kooyong,17267,GEORGIOU,Petro,3,LP,Liberal,45172.0,81928.0,0.5513621716629236,LP,True,False
2007,VIC,221,Kooyong,17953,COLLYER,David,4,DEM,Australian Democrats,1056.0,81928.0,0.01288936627282492,DEM,False,False
2007,VIC,221,Kooyong,17576,CURTIS,Pierre,5,CEC,Citizens Electoral Council,154.0,81928.0,0.0018796992481203006,CEC,False,False
2007,VIC,221,Kooyong,18379,CAMPBELL,Peter,6,GRN,Australian Greens,9686.0,81928.0,0.11822575920320282,GRN,True,False
2007,VIC,223,La Trobe,17259,WOOD,Jason,1,LP,Liberal,39636.0,85283.0,0.4647585099023252,LP,True,False
2007,VIC,223,La Trobe,18054,COCKS,Rodney,2,ALP,Australian Labor Party,34448.0,85283.0,0.4039257530809188,ALP,True,False
2007,VIC,223,La Trobe,18369,TAYLOR,Bree,3,GRN,Australian Greens,7539.0,85283.0,0.08839979831853945,GRN,True,False
2007,VIC,223,La Trobe,17649,ZUBIC,Jim,4,FFP,Family First,2423.0,85283.0,0.02841128947152422,FFP,False,False
2007,VIC,223,La Trobe,17555,BEILHARZ,Kurt,5,CEC,Citizens Electoral Council,140.0,85283.0,0.0016415932835383371,CEC,False,False
2007,VIC,223,La Trobe,17995,SINGH,Surome,6,LDP,LDP,85.0,85283.0,0.0009966816364339903,LDP,False,False
2007,VIC,223,La Trobe,17938,BEALE,Craig,7,DEM,Australian Democrats,1012.0,85283.0,0.01186637430671998,DEM,False,False
2007,VIC,222,Lalor,17264,CURTIS,Peter,1,LP,Liberal,28435.0,95526.0,0.2976676506919582,LP,True,False
2007,VIC,222,Lalor,17659,GLEESON,Steve,2,FFP,Family First,4199.0,95526.0,0.04395661914033876,FFP,False,False
2007,VIC,222,Lalor,18027,KREPP,Libby,3,DLP,D.L.P. - Democratic Labor Party,969.0,95526.0,0.01014383518623202,DLP,False,False
2007,VIC,222,Lalor,18425,TILLEY,Jay,4,GRN,Australian Greens,3836.0,95526.0,0.040156606578313755,GRN,True,False
2007,VIC,222,Lalor,17961,HOWE,Roger,5,DEM,Australian Democrats,879.0,95526.0,0.00920168331134979,DEM,False,False
2007,VIC,222,Lalor,18108,GILLARD,Julia,6,ALP,Australian Labor Party,57208.0,95526.0,0.5988736050918074,ALP,True,False
2007,VIC,224,Mallee,17665,COULTHARD,Glenn,1,FFP,Family First,5435.0,83240.0,0.06529312830370014,FFP,False,False
2007,VIC,224,Mallee,18058,ZIGOURAS,John,2,ALP,Australian Labor Party,18187.0,83240.0,0.2184887073522345,ALP,True,False
2007,VIC,224,Mallee,17563,LAHY,Chris,3,CEC,Citizens Electoral Council,600.0,83240.0,0.007208073041806823,CEC,False,False
2007,VIC,224,Mallee,18368,FARRELLY,Liam,4,GRN,Australian Greens,3468.0,83240.0,0.04166266218164344,GRN,True,False
2007,VIC,224,Mallee,17966,McLEOD,Vikki,5,DEM,Australian Democrats,2323.0,83240.0,0.027907256126862085,DEM,False,False
2007,VIC,224,Mallee,17297,FORREST,John,6,NP,The Nationals,53227.0,83240.0,0.639440172993753,NP,True,False
2007,VIC,225,Maribyrnong,17566,KOZLOWSKI,Andre,1,CEC,Citizens Electoral Council,1141.0,79087.0,0.014427149847636147,CEC,False,False
2007,VIC,225,Maribyrnong,17962,LIVESAY,Robert,2,DEM,Australian Democrats,1242.0,79087.0,0.015704224461668796,DEM,False,False
2007,VIC,225,Maribyrnong,17248,SOYLEMEZ,Ian,3,LP,Liberal,23741.0,79087.0,0.3001884001163276,LP,True,False
2007,VIC,225,Maribyrnong,17701,KEELING,Ian,4,FFP,Family First,2039.0,79087.0,0.0257817340397284,FFP,False,False
2007,VIC,225,Maribyrnong,18059,SHORTEN,Bill,5,ALP,Australian Labor Party,45528.0,79087.0,0.5756698319572117,ALP,True,False
2007,VIC,225,Maribyrnong,18386,MUNTZ,Bob,6,GRN,Australian Greens,5396.0,79087.0,0.0682286595774274,GRN,True,False
2007,VIC,226,McEwen,17982,NEWNHAM,Robert A,1,LDP,LDP,806.0,96647.0,0.008339627717363188,LDP,False,False
2007,VIC,226,McEwen,17265,BAILEY,Fran,2,LP,Liberal,44231.0,96647.0,0.4576551781224456,LP,True,False
2007,VIC,226,McEwen,18067,MITCHELL,Rob,3,ALP,Australian Labor Party,38856.0,96647.0,0.402040415118938,ALP,True,False
2007,VIC,226,McEwen,17951,KANE,David Scott,4,DEM,Australian Democrats,951.0,96647.0,0.009839932951876415,DEM,False,False
2007,VIC,226,McEwen,18340,MEACHER,Steve,5,GRN,Australian Greens,8387.0,96647.0,0.0867797241507755,GRN,True,False
2007,VIC,226,McEwen,17660,CRANSON,Ian,6,FFP,Family First,2404.0,96647.0,0.024874026094964148,FFP,False,False
2007,VIC,226,McEwen,17671,McLENNAN,Rod,7,CEC,Citizens Electoral Council,162.0,96647.0,0.0016762030895940898,CEC,False,False
2007,VIC,226,McEwen,17503,TRUEMAN,Darren,8,IND,Independent,850.0,96647.0,0.008794892754043064,IND,False,True
2007,VIC,227,McMillan,17973,WALTERS,Don,1,DEM,Australian Democrats,1206.0,80615.0,0.014959995038144266,DEM,False,False
2007,VIC,227,McMillan,17571,ALBLAS,Theo Matthew,2,CEC,Citizens Electoral Council,287.0,80615.0,0.003560131489176952,CEC,False,False
2007,VIC,227,McMillan,17251,BROADBENT,Russell,3,LP,Liberal,40254.0,80615.0,0.49933635179557156,LP,True,False
2007,VIC,227,McMillan,17647,AESCHLIMANN,Terry,4,FFP,Family First,2370.0,80615.0,0.029398995224213856,FFP,False,False
2007,VIC,227,McMillan,18114,MAXFIELD,Christine,5,ALP,Australian Labor Party,30743.0,80615.0,0.3813558270793277,ALP,True,False
2007,VIC,227,McMillan,18374,BETTS,Sandra,6,GRN,Australian Greens,4839.0,80615.0,0.06002604974260373,GRN,True,False
2007,VIC,227,McMillan,17997,FIECHTNER,Ben,7,LDP,LDP,141.0,80615.0,0.0017490541462506979,LDP,False,False
2007,VIC,227,McMillan,18002,CHANDRASEGARAN,Suryan,8,DLP,D.L.P. - Democratic Labor Party,775.0,80615.0,0.009613595484711282,DLP,False,False
2007,VIC,228,Melbourne,17585,REED,Andrew,1,CEC,Citizens Electoral Council,586.0,87583.0,0.006690796159071966,CEC,False,False
2007,VIC,228,Melbourne,18381,BANDT,Adam,2,GRN,Australian Greens,19967.0,87583.0,0.22797803226653574,GRN,True,False
2007,VIC,228,Melbourne,17683,PEARSON,Georgia,3,FFP,Family First,878.0,87583.0,0.010024776497722161,FFP,False,False
2007,VIC,228,Melbourne,17302,MARSHALL,Will,4,SEP,Socialist Equality Party,418.0,87583.0,0.004772615690259525,SEP,False,False
2007,VIC,228,Melbourne,17255,DEL CIOTTO,Andrea,5,LP,Liberal,20577.0,87583.0,0.23494285420686664,LP,True,False
2007,VIC,228,Melbourne,18072,WRIGHT,Tim,6,DEM,Australian Democrats,1255.0,87583.0,0.014329264811664364,DEM,False,False
2007,VIC,228,Melbourne,18517,MCGREGOR,Kylie,7,,,539.0,87583.0,0.006154162337439914,,False,False
2007,VIC,228,Melbourne,18091,TANNER,Lindsay,8,ALP,Australian Labor Party,43363.0,87583.0,0.4951074980304397,ALP,True,False
2007,VIC,230,Melbourne Ports,18093,DANBY,Michael,1,ALP,Australian Labor Party,36556.0,86081.0,0.4246697877580418,ALP,True,False
2007,VIC,230,Melbourne Ports,18076,MATHIESON,John,2,DEM,Australian Democrats,1527.0,86081.0,0.01773910619068087,DEM,False,False
2007,VIC,230,Melbourne Ports,18384,WALKER,Phillip,3,GRN,Australian Greens,12941.0,86081.0,0.1503351494522601,GRN,True,False
2007,VIC,230,Melbourne Ports,17689,GEBBING,Rebecca,4,FFP,Family First,731.0,86081.0,0.008492001719310882,FFP,False,False
2007,VIC,230,Melbourne Ports,17283,HELD,Adam,5,LP,Liberal,34154.0,86081.0,0.39676583682810374,LP,True,False
2007,VIC,230,Melbourne Ports,17591,ISHERWOOD,Aaron,6,CEC,Citizens Electoral Council,172.0,86081.0,0.0019981180516025604,CEC,False,False
2007,VIC,229,Menzies,17256,ANDREWS,Kevin,1,LP,Liberal,43393.0,84088.0,0.5160427171534583,LP,True,False
2007,VIC,229,Menzies,17661,SMITHIES,Ken,2,FFP,Family First,2036.0,84088.0,0.024212729521453716,FFP,False,False
2007,VIC,229,Menzies,18330,ELLIS,David,3,GRN,Australian Greens,5291.0,84088.0,0.06292217676719628,GRN,True,False
2007,VIC,229,Menzies,17427,NITSCHKE,Philip,4,IND,Independent,3297.0,84088.0,0.0392089239843973,IND,False,True
2007,VIC,229,Menzies,18063,CAMPBELL,Andrew,5,ALP,Australian Labor Party,29249.0,84088.0,0.347837979259823,ALP,True,False
2007,VIC,229,Menzies,17955,WISE,Damian,6,DEM,Australian Democrats,822.0,84088.0,0.009775473313671392,DEM,False,False
2007,VIC,231,Murray,18071,SCATES,Bob,1,ALP,Australian Labor Party,19429.0,80592.0,0.24107851895969823,ALP,True,False
2007,VIC,231,Murray,14201,BRYANT,Rob,2,IND,Independent,4373.0,80592.0,0.054260968830653164,IND,False,True
2007,VIC,231,Murray,15554,TEASDALE,Diane,3,IND,Independent,615.0,80592.0,0.007631030375223348,IND,False,True
2007,VIC,231,Murray,17695,MOORE,Serena,4,FFP,Family First,2674.0,80592.0,0.033179471907881675,FFP,False,False
2007,VIC,231,Murray,17258,STONE,Sharman,5,LP,Liberal,50021.0,80592.0,0.6206695453643042,LP,True,False
2007,VIC,231,Murray,18377,CHRISTOE,Ian,6,GRN,Australian Greens,2377.0,80592.0,0.029494242604725034,GRN,True,False
2007,VIC,231,Murray,17959,ISGRO,Sarina,7,DEM,Australian Democrats,416.0,80592.0,0.005161802660313679,DEM,False,False
2007,VIC,231,Murray,17565,DAVY,Jeff,8,CEC,Citizens Electoral Council,203.0,80592.0,0.0025188604327973,CEC,False,False
2007,VIC,231,Murray,17429,MERRIGAN,M Paul P,9,IND,Independent,484.0,80592.0,0.0060055588644034145,IND,False,True
2007,VIC,232,Scullin,17650,BYERS,Tania,1,FFP,Family First,3859.0,81621.0,0.04727949914850345,FFP,False,False
2007,VIC,232,Scullin,17587,STEER,Simon J,2,CEC,Citizens Electoral Council,386.0,81621.0,0.004729175089744061,CEC,False,False
2007,VIC,232,Scullin,17250,WILLIAMS,Charles,3,LP,Liberal,19910.0,81621.0,0.24393232133887113,LP,True,False
2007,VIC,232,Scullin,17943,HUDE,Peter,4,DEM,Australian Democrats,868.0,81621.0,0.010634518077455557,DEM,False,False
2007,VIC,232,Scullin,18116,JENKINS,Harry,5,ALP,Australian Labor Party,51680.0,81621.0,0.6331703850724691,ALP,True,False
2007,VIC,232,Scullin,18375,LAOS,Linda,6,GRN,Australian Greens,4918.0,81621.0,0.06025410127295672,GRN,True,False
2007,VIC,233,Wannon,18417,OWEN,Lisa,1,GRN,Australian Greens,5953.0,85302.0,0.069787343790298,GRN,True,False
2007,VIC,233,Wannon,17666,PECH,Daniel,2,FFP,Family First,3663.0,85302.0,0.04294154884996835,FFP,False,False
2007,VIC,233,Wannon,17271,HAWKER,David,3,LP,Liberal,44834.0,85302.0,0.5255914281025064,LP,True,False
2007,VIC,233,Wannon,18089,MOORE,Antony,4,ALP,Australian Labor Party,30852.0,85302.0,0.36167967925722727,ALP,True,False
2007,VIC,234,Wills,17941,CLARKE,Edward,1,DEM,Australian Democrats,2005.0,86217.0,0.02325527448183073,DEM,False,False
2007,VIC,234,Wills,18356,COLLIS,David,2,GRN,Australian Greens,11912.0,86217.0,0.13816300729554495,GRN,True,False
2007,VIC,234,Wills,18065,THOMSON,Kelvin,3,ALP,Australian Labor Party,49050.0,86217.0,0.5689133233585024,ALP,True,False
2007,VIC,234,Wills,17254,TOMISICH,Claude,4,LP,Liberal,21166.0,86217.0,0.24549682777178514,LP,True,False
2007,VIC,234,Wills,17670,KELADA,Ihab,5,FFP,Family First,1233.0,86217.0,0.01430112390827795,FFP,False,False
2007,VIC,234,Wills,17574,ISHERWOOD,Craig William,6,CEC,Citizens Electoral Council,227.0,86217.0,0.002632891425124975,CEC,False,False
2007,VIC,234,Wills,17798,ALCORN,Zane,7,SAL,Socialist Alliance,624.0,86217.0,0.007237551758933853,SAL,False,False
2007,WA,235,Brand,17187,TREMAIN,Brent,1,CDP,Christian Democratic Party,2061.0,82632.0,0.02494191112401975,CDP,False,False
2007,WA,235,Brand,18138,NEWHOUSE,Andrew,2,FFP,Family First,1482.0,82632.0,0.01793494045890212,FFP,False,False
2007,WA,235,Brand,17370,TOTTEN,Rob,3,CEC,Citizens Electoral Council,295.0,82632.0,0.0035700455029528512,CEC,False,False
2007,WA,235,Brand,17789,GROSSMITH,Huw,4,LDP,LDP,350.0,82632.0,0.004235647206893213,LDP,False,False
2007,WA,235,Brand,17762,SCOTT,Robin,5,ON,One Nation WA,1321.0,82632.0,0.015986542743731243,ON,False,False
2007,WA,235,Brand,17456,GRAY,Gary,6,ALP,Australian Labor Party,38131.0,82632.0,0.46145561041727173,ALP,True,False
2007,WA,235,Brand,17215,EDMAN,Phil,7,LP,Liberal,31882.0,82632.0,0.3858311550004841,LP,True,False
2007,WA,235,Brand,17389,JECKS,Dawn,8,GRN,The Greens,7110.0,82632.0,0.08604414754574499,GRN,True,False
2007,WA,236,Canning,17465,HUGHES,John,1,ALP,Australian Labor Party,31699.0,85798.0,0.36946082659269447,ALP,True,False
2007,WA,236,Canning,17369,McCARTHY,Brian F,2,CEC,Citizens Electoral Council,261.0,85798.0,0.0030420289517238165,CEC,False,False
2007,WA,236,Canning,17405,HARDIE,Denise,3,GRN,The Greens,6396.0,85798.0,0.0745471922422434,GRN,True,False
2007,WA,236,Canning,17188,SWARTS,Kevin,4,CDP,Christian Democratic Party,2427.0,85798.0,0.02828737266602951,CDP,False,False
2007,WA,236,Canning,18173,GRASSO,Rodney,5,FFP,Family First,1112.0,85798.0,0.012960675074011049,FFP,False,False
2007,WA,236,Canning,17223,RANDALL,Don,6,LP,Liberal,42639.0,85798.0,0.4969696263316161,LP,True,False
2007,WA,236,Canning,17772,DEANE,Brian,7,ON,One Nation WA,1264.0,85798.0,0.014732278141681624,ON,False,False
2007,WA,237,Cowan,17796,LEE,Ken,1,LDP,LDP,1003.0,84858.0,0.011819745928492305,LDP,False,False
2007,WA,237,Cowan,17364,BLAKEWAY,Roger,2,CEC,Citizens Electoral Council,195.0,84858.0,0.002297956586297108,CEC,False,False
2007,WA,237,Cowan,17392,HERRMANN,Johannes,3,GRN,The Greens,4778.0,84858.0,0.05630582856065427,GRN,True,False
2007,WA,237,Cowan,17211,SIMPKINS,Luke,4,LP,Liberal,38872.0,84858.0,0.4580829149873907,LP,True,False
2007,WA,237,Cowan,17183,FIRTH,Martin,5,CDP,Christian Democratic Party,1584.0,84858.0,0.018666478116382664,CDP,False,False
2007,WA,237,Cowan,18468,RAMSAY,Norm,6,IND,Independent,558.0,84858.0,0.006575691154634801,IND,False,True
2007,WA,237,Cowan,17759,TIERNEY,Dave,7,ON,One Nation WA,783.0,84858.0,0.009227179523439157,ON,False,False
2007,WA,237,Cowan,18163,HAMERSLEY,Rhonda,8,FFP,Family First,1452.0,84858.0,0.017110938273350775,FFP,False,False
2007,WA,237,Cowan,17463,PRIME,Liz,9,ALP,Australian Labor Party,35633.0,84858.0,0.4199132668693582,ALP,True,False
2007,WA,238,Curtin,17388,HEMSLEY,Lee,1,GRN,The Greens,10649.0,79152.0,0.13453860925813624,GRN,True,False
2007,WA,238,Curtin,17466,GRANT,Peter,2,ALP,Australian Labor Party,19419.0,79152.0,0.24533808368708307,ALP,True,False
2007,WA,238,Curtin,17182,FORDER,Gail,3,CDP,Christian Democratic Party,1004.0,79152.0,0.012684455225389125,CDP,False,False
2007,WA,238,Curtin,18119,CUSTERS,Bev,4,FFP,Family First,394.0,79152.0,0.004977764301596927,FFP,False,False
2007,WA,238,Curtin,17770,CAINE,Albert,5,ON,One Nation WA,329.0,79152.0,0.004156559531028906,ON,False,False
2007,WA,238,Curtin,17212,BISHOP,Julie,6,LP,Liberal,46912.0,79152.0,0.5926824337982616,LP,True,False
2007,WA,238,Curtin,17240,HELEL,Shahar,7,IND,Independent,445.0,79152.0,0.005622094198504144,IND,False,True
2007,WA,239,Forrest,17484,MACFARLANE,Peter,1,ALP,Australian Labor Party,25883.0,85750.0,0.30184256559766764,ALP,True,False
2007,WA,239,Forrest,18179,KNOLL,Leighton,2,FFP,Family First,1150.0,85750.0,0.013411078717201166,FFP,False,False
2007,WA,239,Forrest,17220,MARINO,Nola,3,LP,Liberal,38928.0,85750.0,0.45397084548104955,LP,True,False
2007,WA,239,Forrest,17191,LEWIS,John,4,CDP,Christian Democratic Party,1643.0,85750.0,0.019160349854227404,CDP,False,False
2007,WA,239,Forrest,17765,YARDLEY,Jodie,5,ON,One Nation WA,928.0,85750.0,0.010822157434402332,ON,False,False
2007,WA,239,Forrest,18544,BRUNNING,Noel,6,IND,Independent,9924.0,85750.0,0.11573177842565598,IND,False,True
2007,WA,239,Forrest,17371,TUFFNELL,Ian,7,CEC,Citizens Electoral Council,144.0,85750.0,0.0016793002915451896,CEC,False,False
2007,WA,239,Forrest,17396,GIBSON,Kingsley,8,GRN,The Greens,7150.0,85750.0,0.08338192419825073,GRN,True,False
2007,WA,240,Fremantle,17390,WALKER,Steve,1,GRN,The Greens,11645.0,79901.0,0.14574285678527177,GRN,True,False
2007,WA,240,Fremantle,17470,PARKE,Melissa,2,ALP,Australian Labor Party,36102.0,79901.0,0.45183414475413325,ALP,True,False
2007,WA,240,Fremantle,17365,ELLISON,Paul,3,CEC,Citizens Electoral Council,242.0,79901.0,0.003028748075743733,CEC,False,False
2007,WA,240,Fremantle,18152,DU PLESSIS,Andriette,4,FFP,Family First,1145.0,79901.0,0.014330233664159397,FFP,False,False
2007,WA,240,Fremantle,17998,WAINWRIGHT,Sam,5,SAL,Socialist Alliance,361.0,79901.0,0.0045180911377830065,SAL,False,False
2007,WA,240,Fremantle,17221,JAMIESON,John,6,LP,Liberal,28042.0,79901.0,0.3509593121487841,LP,True,False
2007,WA,240,Fremantle,17185,HEGGERS,Bill,7,CDP,Christian Democratic Party,1376.0,79901.0,0.01722131137282387,CDP,False,False
2007,WA,240,Fremantle,17757,BATEMAN,Sue,8,ON,One Nation WA,988.0,79901.0,0.01236530206130086,ON,False,False
2007,WA,305,Hasluck,17377,VINCENT,Neil A,1,CEC,Citizens Electoral Council,687.0,73462.0,0.009351773706133784,CEC,False,False
2007,WA,305,Hasluck,17403,BREMMER,Jane,2,GRN,The Greens,6258.0,73462.0,0.08518689934932346,GRN,True,False
2007,WA,305,Hasluck,17790,CHIA,Siou Hong,3,LDP,LDP,292.0,73462.0,0.003974844137104898,LDP,False,False
2007,WA,305,Hasluck,17471,JACKSON,Sharryn,4,ALP,Australian Labor Party,30471.0,73462.0,0.41478587569083336,ALP,True,False
2007,WA,305,Hasluck,18171,BOLT,Stephen,5,FFP,Family First,863.0,73462.0,0.011747570172333997,FFP,False,False
2007,WA,305,Hasluck,17222,HENRY,Stuart,6,LP,Liberal,31541.0,73462.0,0.4293512292069369,LP,True,False
2007,WA,305,Hasluck,17781,GAUGG,Bill,7,ON,One Nation WA,1121.0,73462.0,0.015259589992104762,ON,False,False
2007,WA,305,Hasluck,17190,MERRELLS,Rob,8,CDP,Christian Democratic Party,2229.0,73462.0,0.030342217745228824,CDP,False,False
2007,WA,241,Kalgoorlie,17474,THIEL,Sharon,1,ALP,Australian Labor Party,26653.0,65571.0,0.4064754235866465,ALP,True,False
2007,WA,241,Kalgoorlie,17379,BURT,Ian,2,CEC,Citizens Electoral Council,275.0,65571.0,0.004193927193423922,CEC,False,False
2007,WA,241,Kalgoorlie,17197,PATTERSON,Ross,3,CDP,Christian Democratic Party,962.0,65571.0,0.014671119854813865,CDP,False,False
2007,WA,241,Kalgoorlie,17224,HAASE,Barry,4,LP,Liberal,31565.0,65571.0,0.48138658858336764,LP,True,False
2007,WA,241,Kalgoorlie,17397,CHAPPLE,Robin,5,GRN,The Greens,4045.0,65571.0,0.06168885635418096,GRN,True,False
2007,WA,241,Kalgoorlie,18187,ROSE,Ian,6,FFP,Family First,820.0,65571.0,0.01250552835857315,FFP,False,False
2007,WA,241,Kalgoorlie,17793,DALTON,Charles,7,LDP,LDP,176.0,65571.0,0.00268411340379131,LDP,False,False
2007,WA,241,Kalgoorlie,17786,MAJOR,Derek,8,ON,One Nation WA,1075.0,65571.0,0.016394442665202603,ON,False,False
2007,WA,242,Moore,17462,BURGESS,Geraldine,1,ALP,Australian Labor Party,22902.0,70271.0,0.32590969247627044,ALP,True,False
2007,WA,242,Moore,17181,DUNJEY,Lachlan,2,CDP,Christian Democratic Party,1556.0,70271.0,0.022142846978127535,CDP,False,False
2007,WA,242,Moore,17766,GAULT,George,3,ON,One Nation WA,719.0,70271.0,0.01023181682344068,ON,False,False
2007,WA,242,Moore,17391,PERICIC-HERRMANN,Annette,4,GRN,The Greens,5906.0,70271.0,0.08404605029101621,GRN,True,False
2007,WA,242,Moore,17216,WASHER,Mal,5,LP,Liberal,38262.0,70271.0,0.5444920379672981,LP,True,False
2007,WA,242,Moore,17363,HARVEY,Arthur,6,CEC,Citizens Electoral Council,115.0,70271.0,0.001636521466892459,CEC,False,False
2007,WA,242,Moore,18122,CROKER,Douglas,7,FFP,Family First,811.0,70271.0,0.011541033996954646,FFP,False,False
2007,WA,243,O'Connor,17352,WALTON,Michael John,1,IND,Independent,1128.0,76067.0,0.014829032300471952,IND,False,True
2007,WA,243,O'Connor,18123,CARSON,Stephen,2,FFP,Family First,991.0,76067.0,0.013027988483836617,FFP,False,False
2007,WA,243,O'Connor,17761,PARAVICINI,Ross,3,ON,One Nation WA,1214.0,76067.0,0.01595961455033063,ON,False,False
2007,WA,243,O'Connor,17530,GARDINER,Philip Warren,4,NP,Nationals,13459.0,76067.0,0.17693612210288298,NP,True,False
2007,WA,243,O'Connor,17468,ROSE,Dominic,5,ALP,Australian Labor Party,15541.0,76067.0,0.2043067295936477,ALP,True,False
2007,WA,243,O'Connor,17184,FORSYTH,Mac,6,CDP,Christian Democratic Party,2235.0,76067.0,0.02938199219109469,CDP,False,False
2007,WA,243,O'Connor,14741,GIUDICE,George,7,IND,Independent,986.0,76067.0,0.012962256957682043,IND,False,True
2007,WA,243,O'Connor,17375,SUDHOLZ,Judy F,8,CEC,Citizens Electoral Council,212.0,76067.0,0.0027870167089539483,CEC,False,False
2007,WA,243,O'Connor,17393,PRICE,Adrian,9,GRN,The Greens,5188.0,76067.0,0.06820303153798625,GRN,True,False
2007,WA,243,O'Connor,17581,CROWE,Darius,10,IND,Independent,237.0,76067.0,0.0031156743397268197,IND,False,True
2007,WA,243,O'Connor,17208,TUCKEY,Wilson,11,LP,Liberal,34876.0,76067.0,0.45849054123338634,LP,True,False
2007,WA,244,Pearce,18251,BRANWHITE,Steve,1,IND,Independent,1533.0,84683.0,0.01810280693881889,IND,False,True
2007,WA,244,Pearce,17189,MEWHOR,Paul,2,CDP,Christian Democratic Party,1683.0,84683.0,0.019874118772362812,CDP,False,False
2007,WA,244,Pearce,17778,GUNNYON,David,3,ON,One Nation WA,1375.0,84683.0,0.016237025140819292,ON,False,False
2007,WA,244,Pearce,17219,MOYLAN,Judi,4,LP,Liberal,43874.0,84683.0,0.5180969025660405,LP,True,False
2007,WA,244,Pearce,18157,BOLT,David,5,FFP,Family First,1239.0,84683.0,0.014631035745072801,FFP,False,False
2007,WA,244,Pearce,17378,McLEAN,Ron J,6,CEC,Citizens Electoral Council,275.0,84683.0,0.003247405028163858,CEC,False,False
2007,WA,244,Pearce,17413,DOLS,Yvonne,7,GRN,The Greens,7277.0,84683.0,0.08593224141799416,GRN,True,False
2007,WA,244,Pearce,17475,MYSON,Christopher,8,ALP,Australian Labor Party,27111.0,84683.0,0.3201469007947286,ALP,True,False
2007,WA,244,Pearce,18020,TRUMAN,Annolies,9,SAL,Socialist Alliance,316.0,84683.0,0.003731563595999197,SAL,False,False
2007,WA,245,Perth,18482,BROOKS,Stephen J,1,IND,Independent,1413.0,78266.0,0.01805381647203128,IND,False,True
2007,WA,245,Perth,17480,SMITH,Stephen,2,ALP,Australian Labor Party,36684.0,78266.0,0.4687092735031815,ALP,True,False
2007,WA,245,Perth,18017,LATHAM,Chris,3,SAL,Socialist Alliance,464.0,78266.0,0.005928500242761863,SAL,False,False
2007,WA,245,Perth,17186,CONNELLY,Paul,4,CDP,Christian Democratic Party,1594.0,78266.0,0.02036644264431554,CDP,False,False
2007,WA,245,Perth,17381,GIRVAN,Orm,5,CEC,Citizens Electoral Council,162.0,78266.0,0.002069864308895306,CEC,False,False
2007,WA,245,Perth,18167,FAIRFULL,Sharon,6,FFP,Family First,838.0,78266.0,0.010707075869470778,FFP,False,False
2007,WA,245,Perth,17965,EDMONDS,Marie,7,ON,One Nation WA,628.0,78266.0,0.008023918432013902,ON,False,False
2007,WA,245,Perth,17225,NIKOLIC,Daniel,8,LP,Liberal,28163.0,78266.0,0.35983696624332406,LP,True,False
2007,WA,245,Perth,17410,DOUGLAS-MEYER,Damian,9,GRN,The Greens,8320.0,78266.0,0.10630414228400582,GRN,True,False
2007,WA,246,Stirling,17795,WARD,Sam,1,LDP,LDP,666.0,80951.0,0.008227199169868192,LDP,False,False
2007,WA,246,Stirling,17797,HYND,Denise,2,WWW,What Women Want (Australia),590.0,80951.0,0.0072883596249583085,WWW,False,False
2007,WA,246,Stirling,17374,HALLAM,Keith,3,CEC,Citizens Electoral Council,160.0,80951.0,0.0019765043050734396,CEC,False,False
2007,WA,246,Stirling,17473,TINLEY,Peter,4,ALP,Australian Labor Party,32737.0,80951.0,0.40440513396993244,ALP,True,False
2007,WA,246,Stirling,18207,HOPKINSON,Symia,5,FFP,Family First,524.0,80951.0,0.006473051599115515,FFP,False,False
2007,WA,246,Stirling,17210,KEENAN,Michael,6,LP,Liberal,38220.0,80951.0,0.47213746587441785,LP,True,False
2007,WA,246,Stirling,17395,DESIATOV,Tamara,7,GRN,The Greens,6123.0,80951.0,0.07563834912477918,GRN,True,False
2007,WA,246,Stirling,17791,PATRICK,Alex,8,ON,One Nation WA,524.0,80951.0,0.006473051599115515,ON,False,False
2007,WA,246,Stirling,17177,MORAN,Ray,9,CDP,Christian Democratic Party,1407.0,80951.0,0.01738088473273956,CDP,False,False
2007,WA,247,Swan,17394,LISSON,Kim,1,GRN,The Greens,7365.0,72676.0,0.10134019483736034,GRN,True,False
2007,WA,247,Swan,18151,FOWLER,Damon,2,FFP,Family First,579.0,72676.0,0.007966866640981892,FFP,False,False
2007,WA,247,Swan,17176,GILBERT,Tasman,3,CDP,Christian Democratic Party,1210.0,72676.0,0.016649237712587375,CDP,False,False
2007,WA,247,Swan,18564,ROSS,Linda,4,IND,Independent,656.0,72676.0,0.009026363586328362,IND,False,True
2007,WA,247,Swan,17214,IRONS,Steve,5,LP,Liberal,32183.0,72676.0,0.4428284440530574,LP,True,False
2007,WA,247,Swan,17783,DIXON,Mark,6,LDP,LDP,243.0,72676.0,0.00334360724310639,LDP,False,False
2007,WA,247,Swan,17469,WILKIE,Kim,7,ALP,Australian Labor Party,29544.0,72676.0,0.40651659419891023,ALP,True,False
2007,WA,247,Swan,17366,GAY,Norman R,8,CEC,Citizens Electoral Council,92.0,72676.0,0.001265892454180197,CEC,False,False
2007,WA,247,Swan,17319,LOPEZ,Joe,9,SEP,Socialist Equality Party,157.0,72676.0,0.0021602729924596843,SEP,False,False
2007,WA,247,Swan,17773,HARRIS,Joy,10,ON,One Nation WA,647.0,72676.0,0.008902526281028125,ON,False,False
2007,WA,248,Tangney,17406,IVAN,Christine,1,GRN,The Greens,6896.0,77499.0,0.08898179331346211,GRN,True,False
2007,WA,248,Tangney,17213,JENSEN,Dennis,2,LP,Liberal,39406.0,77499.0,0.5084710770461555,LP,True,False
2007,WA,248,Tangney,17774,BOON,Lloyd,3,ON,One Nation WA,613.0,77499.0,0.007909779481025562,ON,False,False
2007,WA,248,Tangney,18145,SALADINE,Lisa,4,FFP,Family First,815.0,77499.0,0.010516264725996465,FFP,False,False
2007,WA,248,Tangney,17467,REYNOLDS,Mark,5,ALP,Australian Labor Party,24832.0,77499.0,0.3204170376391953,ALP,True,False
2007,WA,248,Tangney,17485,JACKSON,Katherine,6,IND,Independent,3070.0,77499.0,0.03961341436663699,IND,False,True
2007,WA,248,Tangney,17178,CHEW,Ka-ren,7,CDP,Christian Democratic Party,1867.0,77499.0,0.024090633427528096,CDP,False,False
2010,ACT,101,Canberra,20863,JONES,Giulia,1,LP,Liberal,41732.0,112156.0,0.3720888762081387,LP,True,False
2010,ACT,101,Canberra,20864,ELLERMAN,Sue,2,GRN,The Greens,20816.0,112156.0,0.1855986304789757,GRN,True,False
2010,ACT,101,Canberra,21228,BRODTMANN,Gai,3,ALP,Australian Labor Party,49608.0,112156.0,0.44231249331288564,ALP,True,False
2010,ACT,102,Fraser,20858,MILLIGAN,James Keith,1,LP,Liberal,36148.0,111541.0,0.32407814166987925,LP,True,False
2010,ACT,102,Fraser,21307,HEDGES-PHILLIPS,Quintin,2,SPA,Secular Party of Australia,2175.0,111541.0,0.01949955621699644,SPA,False,False
2010,ACT,102,Fraser,21210,LEIGH,Andrew,3,ALP,Australian Labor Party,51092.0,111541.0,0.4580557821787504,ALP,True,False
2010,ACT,102,Fraser,20860,ESGUERRA,Indra,4,GRN,The Greens,22126.0,111541.0,0.1983665199343739,GRN,True,False
2010,NSW,103,Banks,20846,SPIGHT,Paul,1,GRN,The Greens,8062.0,83869.0,0.09612610142007177,GRN,True,False
2010,NSW,103,Banks,20888,PARSONS,Michael,2,ON,One Nation,1595.0,83869.0,0.019017753878071756,ON,False,False
2010,NSW,103,Banks,21087,MELHAM,Daryl,3,ALP,Labor,36034.0,83869.0,0.4296462340077979,ALP,True,False
2010,NSW,103,Banks,21561,DELEZIO,Ron,4,LP,Liberal,38178.0,83869.0,0.4552099106940586,LP,True,False
2010,NSW,104,Barton,21158,McCLELLAND,Robert,1,ALP,Labor,38149.0,78683.0,0.48484424843994256,ALP,True,False
2010,NSW,104,Barton,21619,FRANCIS,Simone,2,GRN,The Greens,8536.0,78683.0,0.10848594995106949,GRN,True,False
2010,NSW,104,Barton,21616,La MELA,John,3,LP,Liberal,31998.0,78683.0,0.40666980160898797,LP,True,False
2010,NSW,105,Bennelong,20839,WATERSON,Victor,1,ON,One Nation,725.0,85684.0,0.008461323000793613,ON,False,False
2010,NSW,105,Bennelong,21113,WORSLEY,Julie,2,CDP,Christian Democratic Party (Fred Nile Group),1824.0,85684.0,0.02128752159096214,CDP,False,False
2010,NSW,105,Bennelong,20879,RAYE,Sue,3,ASXP,Australian Sex Party,1105.0,85684.0,0.012896223332244059,ASXP,False,False
2010,NSW,105,Bennelong,21939,MOCKLER,Mary Louise,4,CA,Carers Alliance,478.0,85684.0,0.005578637785350824,XEN,False,False
2010,NSW,105,Bennelong,21685,CHAVURA,Stephen,5,FFP,Family First,570.0,85684.0,0.006652350497175669,FFP,False,False
2010,NSW,105,Bennelong,21270,POUNDER,Bill,6,TCS,The Climate Sceptics,275.0,85684.0,0.003209467345128612,TCS,False,False
2010,NSW,105,Bennelong,20943,PETERS,Lindsay,7,GRN,The Greens,6808.0,85684.0,0.07945474067503851,GRN,True,False
2010,NSW,105,Bennelong,21132,McKEW,Maxine,8,ALP,Labor,31803.0,85684.0,0.37116614537136455,ALP,True,False
2010,NSW,105,Bennelong,21807,LEVINE,Martin,9,BAP,Building Australia,170.0,85684.0,0.0019840343588067785,BAP,False,False
2010,NSW,105,Bennelong,21648,ALEXANDER,John,10,LP,Liberal,41582.0,85684.0,0.485294804164138,LP,True,False
2010,NSW,105,Bennelong,21712,PETERSEN,Terje,11,LDP,Liberal Democrats (LDP),344.0,85684.0,0.004014751878997246,LDP,False,False
2010,NSW,106,Berowra,21101,EVANS,Steve,1,CDP,Christian Democratic Party (Fred Nile Group),2350.0,85724.0,0.02741355979655639,CDP,False,False
2010,NSW,106,Berowra,21587,RUDDOCK,Philip,2,LP,Liberal,51416.0,85724.0,0.5997853576594653,LP,True,False
2010,NSW,106,Berowra,21741,WRIGHT-TURNER,Toni,3,GRN,The Greens,9762.0,85724.0,0.11387709392935468,GRN,True,False
2010,NSW,106,Berowra,21923,STOVE,Michael,4,ALP,Labor,18901.0,85724.0,0.22048667817647333,ALP,True,False
2010,NSW,106,Berowra,21629,ELLIS,Christian,5,FFP,Family First,840.0,85724.0,0.009798889459194625,FFP,False,False
2010,NSW,106,Berowra,17744,GALLAGHER,Mick,6,IND,Independent,2455.0,85724.0,0.02863842097895572,IND,False,True
2010,NSW,107,Blaxland,21170,PHILLIPS,Richard,1,SEP,Socialist Equality Party,2058.0,73830.0,0.027874847622917514,SEP,False,False
2010,NSW,107,Blaxland,21793,MICHELS,Malikeh,2,GRN,The Greens,4625.0,73830.0,0.0626439116890153,GRN,True,False
2010,NSW,107,Blaxland,21935,BALL,David Daniel,3,IND,Independent,1153.0,73830.0,0.015616957876202086,IND,False,True
2010,NSW,107,Blaxland,20712,CHARAF,Abdul,4,IND,Independent,2131.0,73830.0,0.028863605580387378,IND,False,True
2010,NSW,107,Blaxland,21180,CLARE,Jason,5,ALP,Labor,37641.0,73830.0,0.5098334010564811,ALP,True,False
2010,NSW,107,Blaxland,21433,MAJEWSKI,Mark,6,LP,Liberal,24583.0,73830.0,0.33296762833536503,LP,True,False
2010,NSW,107,Blaxland,21326,POULSEN,Ronald,7,,,288.0,73830.0,0.003900853311661926,,False,False
2010,NSW,107,Blaxland,20711,VINNICOMBE,Bob,8,ON,One Nation,1351.0,73830.0,0.01829879452796966,ON,False,False
2010,NSW,108,Bradfield,21039,GEMMELL,Susie,1,GRN,The Greens,14231.0,87116.0,0.1633569034390927,GRN,True,False
2010,NSW,108,Bradfield,21112,GALLARD,Sarah,2,ALP,Labor,16742.0,87116.0,0.1921805408880114,ALP,True,False
2010,NSW,108,Bradfield,21644,FLETCHER,Paul,3,LP,Liberal,56143.0,87116.0,0.6444625556728959,LP,True,False
2010,NSW,109,Calare,21130,NORSWORTHY,Jessyka,1,CDP,Christian Democratic Party (Fred Nile Group),1957.0,89242.0,0.02192913650523296,CDP,False,False
2010,NSW,109,Calare,20959,BLANCH,Paul,2,IND,Independent,4137.0,89242.0,0.04635709643441429,IND,False,True
2010,NSW,109,Calare,21140,DUFFY,Kevin,3,CLR,Country Labor,25926.0,89242.0,0.29051343537796104,CLR,False,False
2010,NSW,109,Calare,21806,ROMANO,Karen,4,IND,Independent,3276.0,89242.0,0.03670917281100827,IND,False,True
2010,NSW,109,Calare,21936,BUCKINGHAM,Jeremy,5,GRN,The Greens,5354.0,89242.0,0.059994173147172855,GRN,True,False
2010,NSW,109,Calare,21115,COBB,John,6,NP,The Nationals,46775.0,89242.0,0.5241366172878241,NP,True,False
2010,NSW,109,Calare,21725,ROSS,Macgregor,7,IND,Independent,1817.0,89242.0,0.020360368436386455,IND,False,True
2010,NSW,110,Charlton,21259,COMBET,Greg,1,ALP,Labor,44159.0,83080.0,0.5315238324506499,ALP,True,False
2010,NSW,110,Charlton,21630,LAWLER,Ann,2,CEC,Citizens Electoral Council of Australia,881.0,83080.0,0.010604236880115551,CEC,False,False
2010,NSW,110,Charlton,21621,McDONALD,John Andrew,3,LP,Liberal,25514.0,83080.0,0.30710158883004335,LP,True,False
2010,NSW,110,Charlton,21384,McKENZIE,Ian,4,GRN,The Greens,7339.0,83080.0,0.08833654309099663,GRN,True,False
2010,NSW,110,Charlton,18426,BARRY,Patrick,5,IND,Independent,2846.0,83080.0,0.03425613866153106,IND,False,True
2010,NSW,110,Charlton,21083,PICKSTONE,Mitchell,6,CDP,Christian Democratic Party (Fred Nile Group),2341.0,83080.0,0.028177660086663458,CDP,False,False
2010,NSW,111,Chifley,21154,ROBERTSON,Debbie,1,GRN,The Greens,6776.0,80371.0,0.08430901693396872,GRN,True,False
2010,NSW,111,Chifley,21355,COOKSLEY,Terry,2,AFN,Australia First Party,943.0,80371.0,0.011733087805302907,AFN,False,False
2010,NSW,111,Chifley,21231,HUSIC,Ed,3,ALP,Labor,41456.0,80371.0,0.5158079406751191,ALP,True,False
2010,NSW,111,Chifley,21678,DARLEY,Keith,4,DEM,Australian Democrats,1174.0,80371.0,0.01460725883714275,DEM,False,False
2010,NSW,111,Chifley,21117,VINCENT,Dave,5,CDP,Christian Democratic Party (Fred Nile Group),4068.0,80371.0,0.05061527167759515,CDP,False,False
2010,NSW,111,Chifley,20886,KEDWELL,Louise,6,ON,One Nation,1585.0,80371.0,0.019721043660026628,ON,False,False
2010,NSW,111,Chifley,21658,PRIEST,Venus,7,LP,Liberal,24369.0,80371.0,0.3032063804108447,LP,True,False
2010,NSW,112,Cook,12125,STRANG,Graeme,1,IND,Independent,1568.0,89588.0,0.017502344063937133,IND,False,True
2010,NSW,112,Cook,21258,SCAYSBROOK,Peter,2,ALP,Labor,25806.0,89588.0,0.28805197124614906,ALP,True,False
2010,NSW,112,Cook,21572,MORRISON,Scott,3,LP,Liberal,51852.0,89588.0,0.578782872706166,LP,True,False
2010,NSW,112,Cook,21642,FOY,Merelyn,4,FFP,Family First,719.0,89588.0,0.008025628432379337,FFP,False,False
2010,NSW,112,Cook,20882,WAIZER,Naomi,5,GRN,The Greens,6924.0,89588.0,0.07728713667008974,GRN,True,False
2010,NSW,112,Cook,21009,SMITH,Beth,6,CDP,Christian Democratic Party (Fred Nile Group),1722.0,89588.0,0.01922132428450239,CDP,False,False
2010,NSW,112,Cook,21814,PUTRAL,Richard,7,ON,One Nation,997.0,89588.0,0.011128722596776355,ON,False,False
2010,NSW,113,Cowper,21230,SEKFY,Paul,1,ALP,Labor,23696.0,85168.0,0.2782265639676874,ALP,True,False
2010,NSW,113,Cowper,21770,KING,Dominic,2,GRN,The Greens,7745.0,85168.0,0.0909379109524704,GRN,True,False
2010,NSW,113,Cowper,21915,ARKAN,John Singh,3,IND,Independent,8446.0,85168.0,0.09916870185985346,IND,False,True
2010,NSW,113,Cowper,21045,LIONS,Deborah A J,4,CDP,Christian Democratic Party (Fred Nile Group),2039.0,85168.0,0.02394091677625399,CDP,False,False
2010,NSW,113,Cowper,21014,HARTSUYKER,Luke,5,NP,The Nationals,43242.0,85168.0,0.5077259064437347,NP,True,False
2010,NSW,114,Cunningham,21442,CLIFFORD,Philip,1,LP,Liberal,29241.0,89014.0,0.3284988878153998,LP,True,False
2010,NSW,114,Cunningham,21294,BIRD,Sharon,2,ALP,Labor,43769.0,89014.0,0.4917091693441481,ALP,True,False
2010,NSW,114,Cunningham,20718,FLANAGAN,John,3,NCP,Non-Custodial Parents Party (Equal Parenting),1240.0,89014.0,0.013930392971892061,NCP,True,False
2010,NSW,114,Cunningham,21222,TAKACS,George,4,GRN,The Greens,13461.0,89014.0,0.15122340306019277,GRN,True,False
2010,NSW,114,Cunningham,21537,MOORE,Jess,5,SAL,Socialist Alliance,1303.0,89014.0,0.014638146808367223,SAL,False,False
2010,NSW,115,Dobell,21064,AVASALU,Rhonda,1,CDP,Christian Democratic Party (Fred Nile Group),2005.0,82714.0,0.02424015281572648,CDP,False,False
2010,NSW,115,Dobell,21602,McNAMARA,John,2,LP,Liberal,33287.0,82714.0,0.40243489614817324,LP,True,False
2010,NSW,115,Dobell,21273,THOMSON,Craig,3,ALP,Labor,38268.0,82714.0,0.46265444785646925,ALP,True,False
2010,NSW,115,Dobell,21597,BRETT,Gavin,4,FFP,Family First,2033.0,82714.0,0.02457866866552216,FFP,False,False
2010,NSW,115,Dobell,21627,RICKARD,Scott,5,GRN,The Greens,7121.0,82714.0,0.08609183451410886,GRN,True,False
2010,NSW,117,Eden-Monaro,21921,QUILTY,Olga,1,LDP,Liberal Democrats (LDP),1152.0,85363.0,0.013495308271733656,LDP,False,False
2010,NSW,117,Eden-Monaro,21706,KELLY,Mike,2,ALP,Labor,37225.0,85363.0,0.43607886320771294,ALP,True,False
2010,NSW,117,Eden-Monaro,21920,GAZARD,David,3,LP,Liberal,35714.0,85363.0,0.41837798577838176,LP,True,False
2010,NSW,117,Eden-Monaro,20714,FRAGIACOMO,Frank,4,IND,Independent,559.0,85363.0,0.006548504621440202,IND,False,True
2010,NSW,117,Eden-Monaro,21924,BUCKLEY,Ray,5,IND,Independent,1019.0,85363.0,0.011937256188278294,IND,False,True
2010,NSW,117,Eden-Monaro,21724,GRADWELL,Tom,6,FFP,Family First,761.0,85363.0,0.008914869439921277,FFP,False,False
2010,NSW,117,Eden-Monaro,21684,BENNETT,Ursula,7,CDP,Christian Democratic Party (Fred Nile Group),637.0,85363.0,0.0074622494523388355,CDP,False,False
2010,NSW,117,Eden-Monaro,21922,MOORE,Catherine,8,GRN,The Greens,8296.0,85363.0,0.09718496304019306,GRN,True,False
2010,NSW,118,Farrer,21608,CROTHERS,Mathew Bruce,1,SPA,Secular Party of Australia,1099.0,82947.0,0.01324942433119944,SPA,False,False
2010,NSW,118,Farrer,21804,CARRUTHERS,Peter,2,GRN,The Greens,4880.0,82947.0,0.05883274862261444,GRN,True,False
2010,NSW,118,Farrer,21567,CLANCY,Jason C,3,,,724.0,82947.0,0.008728465164502635,,False,False
2010,NSW,118,Farrer,21637,LEY,Sussan,4,LP,Liberal,42646.0,82947.0,0.514135532327872,LP,True,False
2010,NSW,118,Farrer,21284,EMMERY,Christian,5,CLR,Country Labor,20981.0,82947.0,0.25294465140390854,CLR,False,False
2010,NSW,118,Farrer,20779,BURGE,Louise,6,IND,Independent,9350.0,82947.0,0.11272258188964038,IND,False,True
2010,NSW,118,Farrer,20812,BINGLE,Stephen,7,DEM,Australian Democrats,603.0,82947.0,0.0072697023400484645,DEM,False,False
2010,NSW,118,Farrer,21255,MALE,James,8,CDP,Christian Democratic Party (Fred Nile Group),2664.0,82947.0,0.032116893920214114,CDP,False,False
2010,NSW,119,Fowler,20997,HEAD,Mike,1,SEP,Socialist Equality Party,2700.0,76882.0,0.03511875341432325,SEP,False,False
2010,NSW,119,Fowler,21665,DANG,Thomas,2,LP,Liberal,28402.0,76882.0,0.36942327202726255,LP,True,False
2010,NSW,119,Fowler,21261,HAYES,Chris,3,ALP,Labor,40636.0,76882.0,0.5285502458312739,ALP,True,False
2010,NSW,119,Fowler,20818,WESTERBERG,Signe,4,GRN,The Greens,5144.0,76882.0,0.06690772872714029,GRN,True,False
2010,NSW,120,Gilmore,21129,BRUMERSKYJ,Bohdan,1,CDP,Christian Democratic Party (Fred Nile Group),2310.0,86499.0,0.026705511046370478,CDP,False,False
2010,NSW,120,Gilmore,20735,van der WIJNGAART,Ben,2,GRN,The Greens,8279.0,86499.0,0.09571208915710008,GRN,True,False
2010,NSW,120,Gilmore,21750,CUNNINGHAM,Elizabeth,3,FFP,Family First,781.0,86499.0,0.009029006115677638,FFP,False,False
2010,NSW,120,Gilmore,21253,REILLY,Neil,4,ALP,Labor,30430.0,86499.0,0.35179597451993666,ALP,True,False
2010,NSW,120,Gilmore,21727,GASH,Joanna,5,LP,Liberal,44050.0,86499.0,0.5092544422478873,LP,True,False
2010,NSW,120,Gilmore,21663,WILLIAMS,Annette,6,SPA,Secular Party of Australia,275.0,86499.0,0.003179227505520295,SPA,False,False
2010,NSW,120,Gilmore,21738,KEYS,Don,7,LDP,Liberal Democrats (LDP),374.0,86499.0,0.0043237494075076014,LDP,False,False
2010,NSW,121,Grayndler,21624,COGAN,James Michael,1,SEP,Socialist Equality Party,1041.0,83239.0,0.012506156969689689,SEP,False,False
2010,NSW,121,Grayndler,21682,HINMAN,Pip,2,SAL,Socialist Alliance,1022.0,83239.0,0.012277898581193911,SAL,False,False
2010,NSW,121,Grayndler,21672,DORE,Alexander,3,LP,Liberal,20178.0,83239.0,0.24241040858251542,LP,True,False
2010,NSW,121,Grayndler,21656,ALBANESE,Anthony,4,ALP,Labor,38369.0,83239.0,0.46094979516813034,ALP,True,False
2010,NSW,121,Grayndler,21865,BYRNE,Sam,5,GRN,The Greens,21555.0,83239.0,0.258953134948762,GRN,True,False
2010,NSW,121,Grayndler,21860,GAROFANI,Perry Lodovico,6,DEM,Australian Democrats,1074.0,83239.0,0.01290260574970867,DEM,False,False
2010,NSW,122,Greenway,21246,ROWLAND,Michelle,1,ALP,Labor,33567.0,79308.0,0.42324860039340295,ALP,True,False
2010,NSW,122,Greenway,21609,DIAZ,Jaymes,2,LP,Liberal,32788.0,79308.0,0.41342613607706663,LP,True,False
2010,NSW,122,Greenway,21965,SANTOS,Michael,3,IND,Independent,770.0,79308.0,0.009708982700358098,IND,False,True
2010,NSW,122,Greenway,20742,PETTITT,Tony,4,AFN,Australia First Party,780.0,79308.0,0.009835073384778332,AFN,False,False
2010,NSW,122,Greenway,21010,GREEN,Allan,5,CDP,Christian Democratic Party (Fred Nile Group),2922.0,79308.0,0.036843697987592676,CDP,False,False
2010,NSW,122,Greenway,21948,BAIADA,John,6,BAP,Building Australia,815.0,79308.0,0.010276390780249155,BAP,False,False
2010,NSW,122,Greenway,21373,VILLAVER,Ronaldo,7,DEM,Australian Democrats,529.0,79308.0,0.0066701972058304335,DEM,False,False
2010,NSW,122,Greenway,21668,DE LIMA,Joaquim Eduardo,8,LDP,Liberal Democrats (LDP),542.0,79308.0,0.006834115095576739,LDP,False,False
2010,NSW,122,Greenway,22018,TANDA,Amarjit,9,IND,Independent,530.0,79308.0,0.006682806274272457,IND,False,True
2010,NSW,122,Greenway,20843,TAYLOR,Paul,10,GRN,The Greens,4769.0,79308.0,0.060132647400010085,GRN,True,False
2010,NSW,122,Greenway,21632,MULLER,Iris,11,FFP,Family First,1296.0,79308.0,0.016341352700862462,FFP,False,False
2010,NSW,124,Hughes,21851,BUSSA,Peter,1,ON,One Nation,1599.0,86307.0,0.01852688657930411,ON,False,False
2010,NSW,124,Hughes,21467,KELLY,Craig,2,LP,Liberal,42424.0,86307.0,0.491547614909567,LP,True,False
2010,NSW,124,Hughes,21701,ROBERTS,Susan,3,GRN,The Greens,5430.0,86307.0,0.06291494316799333,GRN,True,False
2010,NSW,124,Hughes,21491,HURLEY,Stan,4,FFP,Family First,1183.0,86307.0,0.01370688356680223,FFP,False,False
2010,NSW,124,Hughes,21004,NAILON,Scott,5,CDP,Christian Democratic Party (Fred Nile Group),2112.0,86307.0,0.02447078452500956,CDP,False,False
2010,NSW,124,Hughes,21618,NGUYEN,Don,6,LDP,Liberal Democrats (LDP),948.0,86307.0,0.01098404532656679,LDP,False,False
2010,NSW,124,Hughes,21256,THOMAS,Brent,7,ALP,Labor,32611.0,86307.0,0.377848841924757,ALP,True,False
2010,NSW,125,Hume,21625,LIPTAK,Charles,1,FFP,Family First,2075.0,88016.0,0.023575259043810217,FFP,False,False
2010,NSW,125,Hume,21849,BUTLER,Greg,2,DEM,Australian Democrats,1280.0,88016.0,0.014542810398109434,DEM,False,False
2010,NSW,125,Hume,21245,SAVILLE,Robin,3,ALP,Labor,28044.0,88016.0,0.3186238865660789,ALP,True,False
2010,NSW,125,Hume,21652,MILAT,Lisa,4,LDP,Liberal Democrats (LDP),1197.0,88016.0,0.013599800036357025,LDP,False,False
2010,NSW,125,Hume,21840,WATCHIRS,Kevin,5,GRN,The Greens,6737.0,88016.0,0.07654290129067443,GRN,True,False
2010,NSW,125,Hume,21049,BUTTIGIEG,Karen,6,CDP,Christian Democratic Party (Fred Nile Group),1546.0,88016.0,0.01756498818396655,CDP,False,False
2010,NSW,125,Hume,21647,SCHULTZ,Alby,7,LP,Liberal,47137.0,88016.0,0.5355503544810034,LP,True,False
2010,NSW,126,Hunter,20850,PARKER,Chris,1,GRN,The Greens,7251.0,81314.0,0.08917283616597388,GRN,True,False
2010,NSW,126,Hunter,21697,LEAYR,Jennifer,2,ON,One Nation,2721.0,81314.0,0.03346287232210935,ON,False,False
2010,NSW,126,Hunter,21454,FITZGIBBON,Joel,3,ALP,Labor,44159.0,81314.0,0.5430676144329389,ALP,True,False
2010,NSW,126,Hunter,21219,RILEY,Wayne Gregory,4,CDP,Christian Democratic Party (Fred Nile Group),1938.0,81314.0,0.023833534200752637,CDP,False,False
2010,NSW,126,Hunter,21167,JOHNSEN,Michael,5,NP,The Nationals,25245.0,81314.0,0.31046314287822513,NP,True,False
2010,NSW,127,Kingsford Smith,21662,FENELEY,Michael,1,LP,Liberal,33836.0,82029.0,0.41248826634482927,LP,True,False
2010,NSW,127,Kingsford Smith,21368,GARRETT,Peter,2,ALP,Labor,35957.0,82029.0,0.4383449755574248,ALP,True,False
2010,NSW,127,Kingsford Smith,21138,HAMBIDES,Zac,3,SEP,Socialist Equality Party,576.0,82029.0,0.00702190688658889,SEP,False,False
2010,NSW,127,Kingsford Smith,21932,CARMONT,Josh,4,DEM,Australian Democrats,1047.0,82029.0,0.012763778663643345,DEM,False,False
2010,NSW,127,Kingsford Smith,21181,SHUREY,Lindsay,5,GRN,The Greens,9885.0,82029.0,0.12050616245474162,GRN,True,False
2010,NSW,127,Kingsford Smith,20729,CUNNINGHAM,John Lawrence,6,ON,One Nation,728.0,82029.0,0.008874910092772068,ON,False,False
2010,NSW,128,Lindsay,21283,BRADBURY,David,1,ALP,Labor,37076.0,83227.0,0.4454804330325495,ALP,True,False
2010,NSW,128,Lindsay,21928,BROWN,Geoff,2,IND,Independent,1583.0,83227.0,0.019020269864346906,IND,False,True
2010,NSW,128,Lindsay,21021,GREEN,Andrew,3,CDP,Christian Democratic Party (Fred Nile Group),2502.0,83227.0,0.030062359570812356,CDP,False,False
2010,NSW,128,Lindsay,20715,SAUNDERS,Mick,4,AFN,Australia First Party,976.0,83227.0,0.011726963605560695,AFN,False,False
2010,NSW,128,Lindsay,21667,PHILLIPS,John,5,FFP,Family First,1032.0,83227.0,0.012399822173092866,FFP,False,False
2010,NSW,128,Lindsay,21841,WRIGHT,Suzie,6,GRN,The Greens,3944.0,83227.0,0.04738846768476576,GRN,True,False
2010,NSW,128,Lindsay,21622,SCOTT,Fiona,7,LP,Liberal,36114.0,83227.0,0.4339216840688719,LP,True,False
2010,NSW,130,Lyne,21912,OAKESHOTT,Robert,1,IND,Independent,40061.0,84967.0,0.4714889309967399,IND,False,True
2010,NSW,130,Lyne,21301,LIPS,Frederik,2,ALP,Labor,11459.0,84967.0,0.13486412371862017,ALP,True,False
2010,NSW,130,Lyne,20996,GILLESPIE,David,3,NP,The Nationals,29216.0,84967.0,0.3438511422081514,NP,True,False
2010,NSW,130,Lyne,17316,WRIGHT,Barry,4,IND,Independent,586.0,84967.0,0.006896795226382007,IND,False,True
2010,NSW,130,Lyne,20833,OXENFORD,Ian,5,GRN,The Greens,3645.0,84967.0,0.04289900785010651,GRN,True,False
2010,NSW,131,Macarthur,21918,McCULLOCH,Kate Melissa,1,ON,One Nation,2338.0,78203.0,0.029896551283198854,ON,False,False
2010,NSW,131,Macarthur,21596,BLEASDALE,Nick,2,ALP,Labor,30151.0,78203.0,0.3855478690075828,ALP,True,False
2010,NSW,131,Macarthur,21955,CAMMARERI,Domenic,3,BAP,Building Australia,512.0,78203.0,0.00654706341188957,BAP,False,False
2010,NSW,131,Macarthur,21649,MATHESON,Russell,4,LP,Liberal,37069.0,78203.0,0.4740099484674501,LP,True,False
2010,NSW,131,Macarthur,21085,NORSWORTHY,Nolene,5,CDP,Christian Democratic Party (Fred Nile Group),1377.0,78203.0,0.017608020152679565,CDP,False,False
2010,NSW,131,Macarthur,21094,Di BLASIO,Jessica,6,GRN,The Greens,4347.0,78203.0,0.0555861028349296,GRN,True,False
2010,NSW,131,Macarthur,21688,MEAD,Clinton,7,DEM,Australian Democrats,652.0,78203.0,0.008337276063578123,DEM,False,False
2010,NSW,131,Macarthur,21664,HERBERT,Grant,8,FFP,Family First,1757.0,78203.0,0.022467168778691354,FFP,False,False
2010,NSW,132,Mackellar,21398,KING,Jonathan,1,GRN,The Greens,14609.0,87100.0,0.16772675086107922,GRN,True,False
2010,NSW,132,Mackellar,21419,BEATTIE,Linda,2,ALP,Labor,18381.0,87100.0,0.2110332950631458,ALP,True,False
2010,NSW,132,Mackellar,21550,BISHOP,Bronwyn,3,LP,Liberal,54110.0,87100.0,0.6212399540757749,LP,True,False
2010,NSW,133,Macquarie,21784,WHELAN,Peter,1,LDP,Liberal Democrats (LDP),2087.0,87405.0,0.023877352554201706,LDP,False,False
2010,NSW,133,Macquarie,21795,BELL,Amy,2,IND,Independent,1778.0,87405.0,0.020342085693038157,IND,False,True
2010,NSW,133,Macquarie,21293,McCALLUM,Carmel,3,GRN,The Greens,12317.0,87405.0,0.1409187117441794,GRN,True,False
2010,NSW,133,Macquarie,21796,TREMETHICK,Terry,4,CA,Carers Alliance,591.0,87405.0,0.00676162690921572,XEN,False,False
2010,NSW,133,Macquarie,21792,TEMPLEMAN,Susan,5,ALP,Labor,28284.0,87405.0,0.3235970482237858,ALP,True,False
2010,NSW,133,Macquarie,20927,BATES,John,6,AFN,Australia First Party,676.0,87405.0,0.007734111320862651,AFN,False,False
2010,NSW,133,Macquarie,21780,PORTELLI,Luke,7,CDP,Christian Democratic Party (Fred Nile Group),1883.0,87405.0,0.02154338996624907,CDP,False,False
2010,NSW,133,Macquarie,21786,CORNELIUS,Jason,8,FFP,Family First,922.0,87405.0,0.01054859561809965,FFP,False,False
2010,NSW,133,Macquarie,21790,MARKUS,Louise,9,LP,Liberal,38867.0,87405.0,0.4446770779703678,LP,True,False
2010,NSW,315,McMahon,21131,O'NEILL,Astrid,1,GRN,The Greens,6428.0,79860.0,0.0804908590032557,GRN,True,False
2010,NSW,315,McMahon,21703,ELISHE,Jamal,2,LP,Liberal,28950.0,79860.0,0.36250939143501126,LP,True,False
2010,NSW,315,McMahon,21008,POULARAS,Manny,3,CDP,Christian Democratic Party (Fred Nile Group),3549.0,79860.0,0.044440270473328325,CDP,False,False
2010,NSW,315,McMahon,21260,BOWEN,Chris,4,ALP,Labor,40933.0,79860.0,0.5125594790884047,ALP,True,False
2010,NSW,134,Mitchell,21034,PRENTICE,Brendon Phillip,1,CDP,Christian Democratic Party (Fred Nile Group),2855.0,83729.0,0.03409810221070358,CDP,False,False
2010,NSW,134,Mitchell,21408,GOULD,Nigel,2,ALP,Labor,22046.0,83729.0,0.2633018428501475,ALP,True,False
2010,NSW,134,Mitchell,21595,HAWKE,Alex,3,LP,Liberal,52465.0,83729.0,0.6266048800296193,LP,True,False
2010,NSW,134,Mitchell,20867,DAWSON,Colin,4,GRN,The Greens,6363.0,83729.0,0.07599517490952955,GRN,True,False
2010,NSW,135,New England,21190,SMITH,Greg,1,CLR,Country Labor,7414.0,91172.0,0.08131882595533717,CLR,False,False
2010,NSW,135,New England,21350,SCHULTZ,Pat,2,GRN,The Greens,3252.0,91172.0,0.035668845698240685,GRN,True,False
2010,NSW,135,New England,20823,DETTMANN,Brian Charles,3,ON,One Nation,794.0,91172.0,0.00870881410959505,ON,False,False
2010,NSW,135,New England,21214,COATES,Tim,4,NP,The Nationals,22991.0,91172.0,0.25217171938753125,NP,True,False
2010,NSW,135,New England,21562,WITTEN,Richard Innes,5,CEC,Citizens Electoral Council of Australia,306.0,91172.0,0.0033562935989119467,CEC,False,False
2010,NSW,135,New England,13274,WINDSOR,Tony,6,IND,Independent,56415.0,91172.0,0.6187755012503839,IND,False,True
2010,NSW,136,Newcastle,21605,LUKE,Brad,1,LP,Liberal,25680.0,81964.0,0.31330828168464203,LP,True,False
2010,NSW,136,Newcastle,21143,OSBORNE,Michael,2,GRN,The Greens,12677.0,81964.0,0.15466546288614513,GRN,True,False
2010,NSW,136,Newcastle,20822,WINTER,Dean,3,DEM,Australian Democrats,1419.0,81964.0,0.01731247864916305,DEM,False,False
2010,NSW,136,Newcastle,20999,HOLT,Noel,4,SEP,Socialist Equality Party,627.0,81964.0,0.007649699868234835,SEP,False,False
2010,NSW,136,Newcastle,21005,CAINE,Milton,5,CDP,Christian Democratic Party (Fred Nile Group),1479.0,81964.0,0.01804450734468791,CDP,False,False
2010,NSW,136,Newcastle,21396,GRIERSON,Sharon,6,ALP,Labor,39253.0,81964.0,0.47890537309062514,ALP,True,False
2010,NSW,136,Newcastle,21634,ALCORN,Zane,7,SAL,Socialist Alliance,829.0,81964.0,0.010114196476501879,SAL,False,False
2010,NSW,137,North Sydney,21692,HOCKEY,Joe,1,LP,Liberal,51179.0,85709.0,0.5971251560512898,LP,True,False
2010,NSW,137,North Sydney,21705,WEBB,Leta,2,ALP,Labor,18961.0,85709.0,0.22122530889404846,ALP,True,False
2010,NSW,137,North Sydney,20815,PEARCE,Daniel,3,DEM,Australian Democrats,1275.0,85709.0,0.014875917348236475,DEM,False,False
2010,NSW,137,North Sydney,20924,ROBJOHNS,Andrew,4,GRN,The Greens,13314.0,85709.0,0.15533957927405523,GRN,True,False
2010,NSW,137,North Sydney,21709,LE,Daniel,5,FFP,Family First,980.0,85709.0,0.011434038432369996,FFP,False,False
2010,NSW,138,Page,21681,JOHNSON,Jeff,1,GRN,The Greens,7325.0,85384.0,0.08578890658671413,GRN,True,False
2010,NSW,138,Page,21495,SAFFIN,Janelle,2,ALP,Labor,39043.0,85384.0,0.45726365595427715,ALP,True,False
2010,NSW,138,Page,21484,HOGAN,Kevin,3,NP,The Nationals,36263.0,85384.0,0.4247048627377495,NP,True,False
2010,NSW,138,Page,21450,SUMMERVILLE,Merle Desley,4,IND,Independent,896.0,85384.0,0.0104937693244636,IND,False,True
2010,NSW,138,Page,21504,MELLAND,Julia,5,DEM,Australian Democrats,598.0,85384.0,0.007003654080389768,DEM,False,False
2010,NSW,138,Page,9663,BEHN,Doug,6,IND,Independent,1259.0,85384.0,0.014745151316405884,IND,False,True
2010,NSW,139,Parkes,21017,PARMETER,Matt,1,GRN,The Greens,5028.0,89735.0,0.056031648743522594,GRN,True,False
2010,NSW,139,Parkes,21968,CLEMENTS,John,2,IND,Independent,9146.0,89735.0,0.10192232685128434,IND,False,True
2010,NSW,139,Parkes,21089,BROOKS,Andrew,3,CLR,Country Labor,19081.0,89735.0,0.2126372095614866,CLR,False,False
2010,NSW,139,Parkes,21023,COULTON,Mark,4,NP,The Nationals,53154.0,89735.0,0.5923441243661893,NP,True,False
2010,NSW,139,Parkes,21199,COLLESS,Mick,5,IND,Independent,3326.0,89735.0,0.037064690477517134,IND,False,True
2010,NSW,140,Parramatta,21006,GORDON,Chris,1,SEP,Socialist Equality Party,1203.0,78317.0,0.015360649667377452,SEP,False,False
2010,NSW,140,Parramatta,21211,PATEL,Kalpesh,2,IND,Independent,1436.0,78317.0,0.018335738090069845,IND,False,True
2010,NSW,140,Parramatta,21461,OWENS,Julie,3,ALP,Labor,34818.0,78317.0,0.4445778055849943,ALP,True,False
2010,NSW,140,Parramatta,20908,BRADLEY,Phil,4,GRN,The Greens,6237.0,78317.0,0.07963788194134096,GRN,True,False
2010,NSW,140,Parramatta,21051,SHARAH,Alex,5,CDP,Christian Democratic Party (Fred Nile Group),2404.0,78317.0,0.030695762095075144,CDP,False,False
2010,NSW,140,Parramatta,21489,RODEN,Duncan,6,SAL,Socialist Alliance,330.0,78317.0,0.004213644547160897,SAL,False,False
2010,NSW,140,Parramatta,21479,CAMENZULI,Charles,7,LP,Liberal,31889.0,78317.0,0.40717851807398137,LP,True,False
2010,NSW,249,Paterson,21690,LEAYR,Kevin,1,ON,One Nation,1044.0,82386.0,0.01267205593183308,ON,False,False
2010,NSW,249,Paterson,21102,BALFOUR,Anna,2,CDP,Christian Democratic Party (Fred Nile Group),870.0,82386.0,0.010560046609860898,CDP,False,False
2010,NSW,249,Paterson,21673,LAMBERT,Veronica,3,FFP,Family First,674.0,82386.0,0.008181001626489938,FFP,False,False
2010,NSW,249,Paterson,20730,DAVIS,Jan,4,GRN,The Greens,4936.0,82386.0,0.0599130920301993,GRN,True,False
2010,NSW,249,Paterson,21675,BALDWIN,Bob,5,LP,Liberal,42262.0,82386.0,0.512975505547059,LP,True,False
2010,NSW,249,Paterson,21418,ARNEMAN,Jim,6,ALP,Labor,31522.0,82386.0,0.3826135508460175,ALP,True,False
2010,NSW,249,Paterson,18109,HENNELLY,Paul,7,,,379.0,82386.0,0.004600296166824461,,False,False
2010,NSW,249,Paterson,20728,WIEDENHORN,Josef,8,IND,Independent,699.0,82386.0,0.008484451241715825,IND,False,True
2010,NSW,144,Reid,21422,SHAILER,Bill,1,CDP,Christian Democratic Party (Fred Nile Group),2445.0,79628.0,0.030705279549907066,CDP,False,False
2010,NSW,144,Reid,21438,MURPHY,John,2,ALP,Labor,33051.0,79628.0,0.41506756417340634,ALP,True,False
2010,NSW,144,Reid,21757,BUTLER,Adam,3,GRN,The Greens,8903.0,79628.0,0.1118074044306023,GRN,True,False
2010,NSW,144,Reid,21717,COOPER,Peter,4,LP,Liberal,34328.0,79628.0,0.43110463656000403,LP,True,False
2010,NSW,144,Reid,21291,KENNETT,Carolyn,5,SEP,Socialist Equality Party,901.0,79628.0,0.011315115286080273,SEP,False,False
2010,NSW,145,Richmond,21447,van LIESHOUT,Joan,1,LP,Liberal,15424.0,80835.0,0.19080843693944455,LP,True,False
2010,NSW,145,Richmond,21416,ELLIOT,Justine,2,ALP,Labor,31679.0,80835.0,0.3918970742871281,ALP,True,False
2010,NSW,145,Richmond,21843,HARTLEY,Matthew,3,IND,Independent,805.0,80835.0,0.00995855755551432,IND,False,True
2010,NSW,145,Richmond,21949,ROBINSON,David,4,DEM,Australian Democrats,502.0,80835.0,0.006210181233376632,DEM,False,False
2010,NSW,145,Richmond,21816,FAULKNER,Nic,5,IND,Independent,536.0,80835.0,0.006630791117708913,IND,False,True
2010,NSW,145,Richmond,21262,HUNTER,Alan,6,NP,The Nationals,17146.0,80835.0,0.21211109049297952,NP,True,False
2010,NSW,145,Richmond,21866,BOYD,Julie,7,IND,Independent,940.0,80835.0,0.011628626213892497,IND,False,True
2010,NSW,145,Richmond,21720,EBONO,Joe,8,GRN,The Greens,13056.0,80835.0,0.16151419558359623,GRN,True,False
2010,NSW,145,Richmond,21686,HEGEDUS,Stephen M,9,IND,Independent,747.0,80835.0,0.00924104657635925,IND,False,True
2010,NSW,250,Riverina,21565,QUILTY,Tim,1,LDP,Liberal Democrats (LDP),1703.0,87989.0,0.0193546920637807,LDP,False,False
2010,NSW,250,Riverina,21544,LEVER,Rhonda,2,FFP,Family First,1081.0,87989.0,0.012285626612417461,FFP,False,False
2010,NSW,250,Riverina,21980,HOGG,Matthew,3,IND,Independent,5148.0,87989.0,0.058507313414176775,IND,False,True
2010,NSW,250,Riverina,21095,McCORMACK,Michael,4,NP,The Nationals,39389.0,87989.0,0.4476582300060235,NP,True,False
2010,NSW,250,Riverina,20717,HESKETH,Craig,5,ON,One Nation,1411.0,87989.0,0.016036095421018536,ON,False,False
2010,NSW,250,Riverina,21128,HAKELIS,Robyn,6,CLR,Country Labor,19559.0,87989.0,0.22228914978008615,CLR,False,False
2010,NSW,250,Riverina,21553,NEGLINE,Andrew,7,LP,Liberal,14536.0,87989.0,0.16520246849037948,LP,True,False
2010,NSW,250,Riverina,21125,MULHOLLAND,Sylvia,8,CDP,Christian Democratic Party (Fred Nile Group),1201.0,87989.0,0.013649433451908761,CDP,False,False
2010,NSW,250,Riverina,21674,FLETCHER,David,9,GRN,The Greens,3961.0,87989.0,0.04501699076020866,GRN,True,False
2010,NSW,146,Robertson,21079,BATTEN,Melissa,1,IND,Independent,1513.0,85341.0,0.017728875921303944,IND,False,True
2010,NSW,146,Robertson,21145,FREEMANTLE,Graham,2,CDP,Christian Democratic Party (Fred Nile Group),1544.0,85341.0,0.018092124535686246,CDP,False,False
2010,NSW,146,Robertson,21797,FREEWATER,Peter,3,GRN,The Greens,7671.0,85341.0,0.08988645551376244,GRN,True,False
2010,NSW,146,Robertson,21435,O'NEILL,Deborah,4,ALP,Labor,33935.0,85341.0,0.39764005577623884,ALP,True,False
2010,NSW,146,Robertson,21617,JAMESON,Darren,5,LP,Liberal,37151.0,85341.0,0.43532417009409313,LP,True,False
2010,NSW,146,Robertson,21931,CASSAR,Jake,6,IND,Independent,1077.0,85341.0,0.012619959925475446,IND,False,True
2010,NSW,146,Robertson,20765,PARKES,Don F,7,ON,One Nation,568.0,85341.0,0.006655652031262816,ON,False,False
2010,NSW,146,Robertson,21925,MEARES,Michelle,8,IND,Independent,552.0,85341.0,0.006468168875452596,IND,False,True
2010,NSW,146,Robertson,21581,JAKOB,Michael,9,FFP,Family First,749.0,85341.0,0.008776555231365932,FFP,False,False
2010,NSW,146,Robertson,21613,BEIGER,Nicole,10,LDP,Liberal Democrats (LDP),581.0,85341.0,0.00680798209535862,LDP,False,False
2010,NSW,148,Shortland,21773,PARSONS,Phillipa,1,GRN,The Greens,8646.0,83713.0,0.10328144971509802,GRN,True,False
2010,NSW,148,Shortland,21547,NARAYANAN,Deborah,2,LP,Liberal,27758.0,83713.0,0.33158529738511344,LP,True,False
2010,NSW,148,Shortland,21423,HALL,Jill,3,ALP,Labor,44987.0,83713.0,0.5373956255300849,ALP,True,False
2010,NSW,148,Shortland,21569,WILLIAMS,Peter,4,SPA,Secular Party of Australia,596.0,83713.0,0.007119563269743051,SPA,False,False
2010,NSW,148,Shortland,20734,ALCHIN,Milton M,5,ON,One Nation,1726.0,83713.0,0.02061806409996058,ON,False,False
2010,NSW,149,Sydney,21660,PATERSON,Brett,1,DEM,Australian Democrats,1256.0,79377.0,0.01582322335185255,DEM,False,False
2010,NSW,149,Sydney,21588,OWEN,Christopher David,2,SPA,Secular Party of Australia,718.0,79377.0,0.00904544137470552,SPA,False,False
2010,NSW,149,Sydney,21559,PLIBERSEK,Tanya,3,ALP,Labor,34362.0,79377.0,0.43289617899391514,ALP,True,False
2010,NSW,149,Sydney,21576,HICKEY,Tony,4,GRN,The Greens,18852.0,79377.0,0.23749952757095885,GRN,True,False
2010,NSW,149,Sydney,21568,WEISS,Gordon,5,LP,Liberal,22307.0,79377.0,0.28102598989631755,LP,True,False
2010,NSW,149,Sydney,15520,WARD,Jane,6,IND,Independent,1226.0,79377.0,0.015445280118926137,IND,False,True
2010,NSW,149,Sydney,21754,DOHERTY,Denis,7,CAL,Communist,656.0,79377.0,0.008264358693324262,CAL,False,False
2010,NSW,150,Throsby,21448,ARKWRIGHT,Juliet,1,LP,Liberal,25330.0,83571.0,0.3030955714302808,LP,True,False
2010,NSW,150,Throsby,21431,JONES,Stephen,2,ALP,Labor,42227.0,83571.0,0.5052829330748705,ALP,True,False
2010,NSW,150,Throsby,20920,MORAN,Peter,3,GRN,The Greens,9973.0,83571.0,0.11933565471275921,GRN,True,False
2010,NSW,150,Throsby,21105,HAY,Alan,4,NP,The Nationals,4446.0,83571.0,0.053200272821911906,NP,True,False
2010,NSW,150,Throsby,20733,HARTMAN,Wayne,5,NCP,Non-Custodial Parents Party (Equal Parenting),1595.0,83571.0,0.019085567960177574,NCP,True,False
2010,NSW,151,Warringah,21243,GUTMAN,Alexander Jacob,1,ASXP,Australian Sex Party,2075.0,84972.0,0.024419808878218707,ASXP,False,False
2010,NSW,151,Warringah,21783,DRAKE-BROCKMAN,Matthew,2,GRN,The Greens,13883.0,84972.0,0.16338323212352304,GRN,True,False
2010,NSW,151,Warringah,21425,ZOCHLING,Hugh,3,ALP,Labor,18385.0,84972.0,0.2163653909523137,ALP,True,False
2010,NSW,151,Warringah,21590,ABBOTT,Tony,4,LP,Liberal,50063.0,84972.0,0.589170550298922,LP,True,False
2010,NSW,151,Warringah,21601,COOKE,Kenneth,5,SPA,Secular Party of Australia,566.0,84972.0,0.006661017747022549,SPA,False,False
2010,NSW,251,Watson,21582,BURKE,Tony,1,ALP,Labor,38707.0,76757.0,0.5042797399585706,ALP,True,False
2010,NSW,251,Watson,20842,SHARMA,Mark,2,IND,Independent,2136.0,76757.0,0.027828080826504422,IND,False,True
2010,NSW,251,Watson,21598,NAM,Ken,3,LP,Liberal,28527.0,76757.0,0.37165339968993055,LP,True,False
2010,NSW,251,Watson,20930,DONAYRE,Christine,4,GRN,The Greens,7387.0,76757.0,0.09623877952499446,GRN,True,False
2010,NSW,152,Wentworth,20808,ROBERTSON,Matthew,1,GRN,The Greens,15114.0,86676.0,0.17437352900456873,GRN,True,False
2010,NSW,152,Wentworth,15478,SHEIL,Pat,2,IND,Independent,515.0,86676.0,0.005941667820388573,IND,False,True
2010,NSW,152,Wentworth,21977,DUNCAN,Malcolm Bruce,3,IND,Independent,484.0,86676.0,0.005584014029258387,IND,False,True
2010,NSW,152,Wentworth,21808,NEAL,Stuart,4,CA,Carers Alliance,389.0,86676.0,0.004487978217730398,XEN,False,False
2010,NSW,152,Wentworth,21564,AUGUST,John,5,SPA,Secular Party of Australia,275.0,86676.0,0.003172735243896811,SPA,False,False
2010,NSW,152,Wentworth,21557,TURNBULL,Malcolm,6,LP,Liberal,51634.0,86676.0,0.5957127693940653,LP,True,False
2010,NSW,152,Wentworth,21548,LEWIS,Steven,7,ALP,Labor,18265.0,86676.0,0.21072730629009184,ALP,True,False
2010,NSW,153,Werriwa,21271,MOORE,Lauren,1,GRN,The Greens,9567.0,75314.0,0.1270281753724407,GRN,True,False
2010,NSW,153,Werriwa,21606,ESKAROS,Sam,2,LP,Liberal,29165.0,75314.0,0.38724539926175744,LP,True,False
2010,NSW,153,Werriwa,21591,FERGUSON,Laurie,3,ALP,Labor,36582.0,75314.0,0.48572642536580185,ALP,True,False
2010,NT,306,Lingiari,21510,FLYNN,Peter,1,CEC,Citizens Electoral Council,1663.0,42927.0,0.038740186828802384,CEC,False,False
2010,NT,306,Lingiari,21511,ABBOTT,Leo,2,CLP,Country Liberals (NT),14708.0,42927.0,0.3426281827288187,CLP,True,False
2010,NT,306,Lingiari,21508,SHAW,Barbara,3,GRN,The Greens,5403.0,42927.0,0.1258648403102942,GRN,True,False
2010,NT,306,Lingiari,21926,LECHLEITNER,Kenny,4,IND,Independent,1910.0,42927.0,0.0444941412164838,IND,False,True
2010,NT,306,Lingiari,21517,FINTER,Deirdre,5,IND,Independent,2038.0,42927.0,0.047475947538845015,IND,False,True
2010,NT,306,Lingiari,21513,SNOWDON,Warren Edward,6,ALP,Australian Labor Party (Northern Territory) Branch,17205.0,42927.0,0.4007967013767559,ALP,True,False
2010,NT,307,Solomon,21311,KEARNEY,John,1,ON,One Nation,1505.0,50956.0,0.02953528534421854,ON,False,False
2010,NT,307,Solomon,21440,YOUNG,Emma,2,GRN,The Greens,6772.0,50956.0,0.13289897166182588,GRN,True,False
2010,NT,307,Solomon,21480,HALE,Damian Francis,3,ALP,Australian Labor Party (Northern Territory) Branch,18384.0,50956.0,0.3607818510087134,ALP,True,False
2010,NT,307,Solomon,21477,GRIGGS,Natasha,4,CLP,Country Liberals (NT),23627.0,50956.0,0.46367454274275843,CLP,True,False
2010,NT,307,Solomon,21468,CAMPBELL,Trudy,5,CEC,Citizens Electoral Council,668.0,50956.0,0.013109349242483711,CEC,False,False
2010,QLD,304,Blair,20743,ZABEL,Neil Leslie,1,LNQ,Liberal National Party of Queensland,27525.0,73409.0,0.37495402471086653,LNQ,False,False
2010,QLD,304,Blair,21577,OLYSLAGERS,Joshua,2,FFP,Family First,3605.0,73409.0,0.049108419948507676,FFP,False,False
2010,QLD,304,Blair,21570,NEUMANN,Shayne Kenneth,3,ALP,Australian Labor Party,30890.0,73409.0,0.42079309076543747,ALP,True,False
2010,QLD,304,Blair,20750,KING,Brad,4,IND,Independent,3267.0,73409.0,0.04450407988121347,IND,False,True
2010,QLD,304,Blair,21575,PETERSEN,Patricia May,5,GRN,The Greens,8122.0,73409.0,0.11064038469397486,GRN,True,False
2010,QLD,310,Bonner,21929,WELLNER,Utz,1,DLP,D.L.P. - Democratic Labor Party,931.0,82165.0,0.01133085863810625,DLP,False,False
2010,QLD,310,Bonner,21761,ROSIN,Darryl Charles,2,GRN,The Greens,9188.0,82165.0,0.11182376924481227,GRN,True,False
2010,QLD,310,Bonner,20751,VASTA,Ross Xavier,3,LNQ,Liberal National Party of Queensland,38105.0,82165.0,0.4637619424329094,LNQ,False,False
2010,QLD,310,Bonner,21753,REA,Kerry,4,ALP,Australian Labor Party,29639.0,82165.0,0.36072536968295504,ALP,True,False
2010,QLD,310,Bonner,21764,SOWDEN,Greg,5,IND,Independent,1984.0,82165.0,0.024146534412462728,IND,False,True
2010,QLD,310,Bonner,21919,FERRANDO,Carolyn Maree,6,FFP,Family First,2318.0,82165.0,0.028211525588754335,FFP,False,False
2010,QLD,155,Bowman,20782,LAMING,Andrew,1,LNQ,Liberal National Party of Queensland,45585.0,81945.0,0.5562877539813289,LNQ,False,False
2010,QLD,155,Bowman,21653,KEOGH,David,2,GRN,The Greens,8174.0,81945.0,0.09974983220452743,GRN,True,False
2010,QLD,155,Bowman,21641,PETERS,Jenny,3,ALP,Australian Labor Party,24719.0,81945.0,0.3016535481115382,ALP,True,False
2010,QLD,155,Bowman,21846,CHIDGEY,Dave,4,ON,One Nation,865.0,81945.0,0.010555860638232962,ON,False,False
2010,QLD,155,Bowman,21659,WINDOLF,Karina,5,FFP,Family First,1834.0,81945.0,0.022380865214473123,FFP,False,False
2010,QLD,155,Bowman,21666,KENT,John Aaron,6,DLP,D.L.P. - Democratic Labor Party,768.0,81945.0,0.009372139849899323,DLP,False,False
2010,QLD,156,Brisbane,21478,BARTLETT,Andrew,1,GRN,The Greens,17244.0,81049.0,0.21276018211205566,GRN,True,False
2010,QLD,156,Brisbane,21857,SAUNDERS,Ewan,2,SAL,Socialist Alliance,717.0,81049.0,0.008846500265271626,SAL,False,False
2010,QLD,156,Brisbane,21475,BEVIS,Arch,3,ALP,Australian Labor Party,24623.0,81049.0,0.30380387173191525,ALP,True,False
2010,QLD,156,Brisbane,21481,WHITE,Mark A,4,FFP,Family First,1274.0,81049.0,0.015718886105935914,FFP,False,False
2010,QLD,156,Brisbane,20740,GAMBARO,Teresa,5,LNQ,Liberal National Party of Queensland,37191.0,81049.0,0.45887055978482155,LNQ,False,False
2010,QLD,157,Capricornia,21460,BAMBRICK,Paul,1,GRN,The Greens,4435.0,80380.0,0.05517541677034088,GRN,True,False
2010,QLD,157,Capricornia,21289,JEFFERY,Steve,2,SPA,Secular Party of Australia,414.0,80380.0,0.005150534958945011,SPA,False,False
2010,QLD,157,Capricornia,20956,MOWEN,Bevan,3,IND,Independent,1402.0,80380.0,0.017442149788504602,IND,False,True
2010,QLD,157,Capricornia,21464,CORNELOUP,Sandra,4,FFP,Family First,2802.0,80380.0,0.03485941776561333,FFP,False,False
2010,QLD,157,Capricornia,21456,LIVERMORE,Kirsten,5,ALP,Australian Labor Party,36793.0,80380.0,0.45773824334411545,ALP,True,False
2010,QLD,157,Capricornia,20817,LANDRY,Michelle,6,LNQ,Liberal National Party of Queensland,32489.0,80380.0,0.404192585220204,LNQ,False,False
2010,QLD,157,Capricornia,20872,GULEY,Shane Melvyn,7,IND,Independent,2045.0,80380.0,0.025441652152276686,IND,False,True
2010,QLD,158,Dawson,20804,INGREY,Bill,1,CEC,Citizens Electoral Council,1287.0,82949.0,0.015515557752353856,CEC,False,False
2010,QLD,158,Dawson,20803,CHRISTENSEN,George Robert,2,LNQ,Liberal National Party of Queensland,37940.0,82949.0,0.4573894802830655,LNQ,False,False
2010,QLD,158,Dawson,21730,HERRINGTON,Damian,3,FFP,Family First,4100.0,82949.0,0.04942796175963544,FFP,False,False
2010,QLD,158,Dawson,21734,DYKYJ,Jonathon,4,GRN,The Greens,6406.0,82949.0,0.07722817634932308,GRN,True,False
2010,QLD,158,Dawson,21726,BRUNKER,Mike,5,ALP,Australian Labor Party,33216.0,82949.0,0.40043882385562213,ALP,True,False
2010,QLD,252,Dickson,21357,DUTTON,Peter,1,LNQ,Liberal National Party of Queensland,39880.0,81451.0,0.4896195258498975,LNQ,False,False
2010,QLD,252,Dickson,21593,REVIE,Alan Bruce,2,FFP,Family First,2340.0,81451.0,0.028728929049367104,FFP,False,False
2010,QLD,252,Dickson,21584,COLBERT,David,3,GRN,The Greens,8888.0,81451.0,0.10912082110716873,GRN,True,False
2010,QLD,252,Dickson,21589,HUNTER,Bob,4,LDP,Liberal Democrats (LDP),521.0,81451.0,0.006396483775521479,LDP,False,False
2010,QLD,252,Dickson,21580,McNAMARA,Fiona,5,ALP,Australian Labor Party,27264.0,81451.0,0.33472885538544644,ALP,True,False
2010,QLD,252,Dickson,21839,JENKINSON,Rebecca,6,IND,Independent,2558.0,81451.0,0.03140538483259874,IND,False,True
2010,QLD,159,Fadden,21812,WATSON,Rana,1,ALP,Australian Labor Party,20110.0,73592.0,0.27326339819545603,ALP,True,False
2010,QLD,159,Fadden,21722,ROSSITER,Ian,2,ON,One Nation,1181.0,73592.0,0.01604793999347755,ON,False,False
2010,QLD,159,Fadden,21817,MAIZEY,Graeme,3,GRN,The Greens,6863.0,73592.0,0.09325741928470486,GRN,True,False
2010,QLD,159,Fadden,21805,ROBERT,Stuart,4,LNQ,Liberal National Party of Queensland,42925.0,73592.0,0.5832835090770736,LNQ,False,False
2010,QLD,159,Fadden,21870,NICHOLSON,Barrie Sinclair,5,FFP,Family First,2513.0,73592.0,0.03414773344928797,FFP,False,False
2010,QLD,160,Fairfax,21607,McINTYRE,Dan,1,ALP,Australian Labor Party,21589.0,79066.0,0.27305036298788354,ALP,True,False
2010,QLD,160,Fairfax,21612,McCARTHY,Narelle Louise,2,GRN,The Greens,14228.0,79066.0,0.1799509270735841,GRN,True,False
2010,QLD,160,Fairfax,21614,HUNT,Ron,3,FFP,Family First,4147.0,79066.0,0.05244985202236106,FFP,False,False
2010,QLD,160,Fairfax,20738,SOMLYAY,Alex,4,LNQ,Liberal National Party of Queensland,39102.0,79066.0,0.4945488579161713,LNQ,False,False
2010,QLD,161,Fisher,21466,CUMMINS,Chris,1,ALP,Australian Labor Party,22332.0,73652.0,0.30320968880682125,ALP,True,False
2010,QLD,161,Fisher,21458,ROBERTSON,Robyn Leanne,2,FFP,Family First,5421.0,73652.0,0.0736028892630207,FFP,False,False
2010,QLD,161,Fisher,21463,CLARIDGE,Garry,3,GRN,The Greens,11664.0,73652.0,0.158366371585293,GRN,True,False
2010,QLD,161,Fisher,20759,SLIPPER,Peter,4,LNQ,Liberal National Party of Queensland,34235.0,73652.0,0.46482105034486504,LNQ,False,False
2010,QLD,311,Flynn,21775,HANCOCK-MILLS,Di,1,FFP,Family First,3586.0,79892.0,0.044885595553997897,FFP,False,False
2010,QLD,311,Flynn,20809,O'DOWD,Ken,2,LNQ,Liberal National Party of Queensland,37584.0,79892.0,0.4704350873679467,LNQ,False,False
2010,QLD,311,Flynn,21779,McMAHON,John F G,3,DLP,D.L.P. - Democratic Labor Party,640.0,79892.0,0.008010814599709608,DLP,False,False
2010,QLD,311,Flynn,21781,TREVOR,Chris,4,ALP,Australian Labor Party,31894.0,79892.0,0.39921393881740347,ALP,True,False
2010,QLD,311,Flynn,17322,SCOTT,Duncan,5,IND,Independent,3025.0,79892.0,0.037863615881439945,IND,False,True
2010,QLD,311,Flynn,21772,GODDARD,Anne,6,GRN,The Greens,3163.0,79892.0,0.039590947779502325,GRN,True,False
2010,QLD,162,Forde,21855,MAIZEY,Petrina,1,GRN,The Greens,8583.0,70258.0,0.12216402402573373,GRN,True,False
2010,QLD,162,Forde,21769,VAN MANEN,Bert,2,LNQ,Liberal National Party of Queensland,30967.0,70258.0,0.440761194454724,LNQ,False,False
2010,QLD,162,Forde,21853,RAGUSE,Brett,3,ALP,Australian Labor Party,26268.0,70258.0,0.37387913120214067,ALP,True,False
2010,QLD,162,Forde,21861,RAASSINA,Melissa Leigh,4,FFP,Family First,4440.0,70258.0,0.06319565031740158,FFP,False,False
2010,QLD,163,Griffith,21763,ROMANS,Gregory,1,LDP,Liberal Democrats (LDP),1866.0,80412.0,0.02320549171765408,LDP,False,False
2010,QLD,163,Griffith,20891,CHITTS,Hamish,2,,,601.0,80412.0,0.007474008854399841,,False,False
2010,QLD,163,Griffith,21755,WEBB,Jesse Alexander,3,FFP,Family First,1163.0,80412.0,0.014463015470327812,FFP,False,False
2010,QLD,163,Griffith,20820,DOCHERTY,Rebecca,4,LNQ,Liberal National Party of Queensland,28784.0,80412.0,0.3579565239019052,LNQ,False,False
2010,QLD,163,Griffith,21765,ROSE,Emma-Kate,5,GRN,The Greens,12378.0,80412.0,0.15393224891807192,GRN,True,False
2010,QLD,163,Griffith,20824,PUKALLUS,Jan,6,CEC,Citizens Electoral Council,175.0,80412.0,0.0021762920957071083,CEC,False,False
2010,QLD,163,Griffith,21767,RUDD,Kevin,7,ALP,Australian Labor Party,35445.0,80412.0,0.44079241904193406,ALP,True,False
2010,QLD,164,Groom,21549,KIRKWOOD,Rose,1,FFP,Family First,4696.0,84501.0,0.0555733068247713,FFP,False,False
2010,QLD,164,Groom,21542,FORSBERG,Frida Katherine,2,GRN,The Greens,6165.0,84501.0,0.07295771647672808,GRN,True,False
2010,QLD,164,Groom,21540,MEIBUSCH,Chris,3,ALP,Australian Labor Party,19153.0,84501.0,0.22666003952615946,ALP,True,False
2010,QLD,164,Groom,15609,JEANNERET,Rod,4,IND,Independent,2730.0,84501.0,0.03230730997266305,IND,False,True
2010,QLD,164,Groom,20756,MACFARLANE,Ian,5,LNQ,Liberal National Party of Queensland,51757.0,84501.0,0.6125016271996782,LNQ,False,False
2010,QLD,165,Herbert,21574,MOONEY,Tony,1,ALP,Australian Labor Party,31729.0,79018.0,0.40154142094206385,ALP,True,False
2010,QLD,165,Herbert,20757,JONES,Ewen,2,LNQ,Liberal National Party of Queensland,36086.0,79018.0,0.45668075628337845,LNQ,False,False
2010,QLD,165,Herbert,21927,PUNSHON,Michael John,3,FFP,Family First,4208.0,79018.0,0.05325368903287858,FFP,False,False
2010,QLD,165,Herbert,21578,RUBENACH,Mike,4,GRN,The Greens,6995.0,79018.0,0.08852413374167911,GRN,True,False
2010,QLD,166,Hinkler,21640,FITZGIBBON,Jenny,1,GRN,The Greens,4611.0,80763.0,0.057092975743843095,GRN,True,False
2010,QLD,166,Hinkler,21655,MCNEVEN,Belinda,2,ALP,Australian Labor Party,26246.0,80763.0,0.3249755457325756,ALP,True,False
2010,QLD,166,Hinkler,21643,VERSACE,Trevor John,3,FFP,Family First,2562.0,80763.0,0.0317224471602095,FFP,False,False
2010,QLD,166,Hinkler,21951,D'OLIVEIRA,Cy,4,IND,Independent,1264.0,80763.0,0.01565073115164122,IND,False,True
2010,QLD,166,Hinkler,20748,NEVILLE,Paul,5,LNQ,Liberal National Party of Queensland,44382.0,80763.0,0.5495338211804911,LNQ,False,False
2010,QLD,166,Hinkler,21815,WONE,Adrian,6,IND,Independent,1698.0,80763.0,0.02102447903123955,IND,False,True
2010,QLD,167,Kennedy,21838,TURNOUR,Andrew,1,ALP,Australian Labor Party,16513.0,81722.0,0.20206309194586525,ALP,True,False
2010,QLD,167,Kennedy,21847,JONES,Jess,2,GRN,The Greens,3669.0,81722.0,0.04489611120628472,GRN,True,False
2010,QLD,167,Kennedy,21850,DYKSTRA,Fred W,3,FFP,Family First,1633.0,81722.0,0.019982379285871613,FFP,False,False
2010,QLD,167,Kennedy,13270,KATTER,Bob,4,IND,Independent,38170.0,81722.0,0.4670712904725778,IND,False,True
2010,QLD,167,Kennedy,20781,MORRISON,Ed,5,LNQ,Liberal National Party of Queensland,21737.0,81722.0,0.26598712708940064,LNQ,False,False
2010,QLD,168,Leichhardt,20713,SACKLEY,Jen,1,IND,Independent,2556.0,79812.0,0.032025259359494816,IND,False,True
2010,QLD,168,Leichhardt,21844,BATZKE,Yodie,2,IND,Independent,1700.0,79812.0,0.021300055129554452,IND,False,True
2010,QLD,168,Leichhardt,20754,ENTSCH,Warren,3,LNQ,Liberal National Party of Queensland,37828.0,79812.0,0.47396381496516815,LNQ,False,False
2010,QLD,168,Leichhardt,21695,McSWEENEY,Shannon Royce,4,FFP,Family First,1461.0,79812.0,0.018305517967222976,FFP,False,False
2010,QLD,168,Leichhardt,21694,ST JOHN-WOOD,Neville,5,GRN,The Greens,7232.0,79812.0,0.09061294040996341,GRN,True,False
2010,QLD,168,Leichhardt,21689,TURNOUR,Jim,6,ALP,Australian Labor Party,27662.0,79812.0,0.34658948529043254,ALP,True,False
2010,QLD,168,Leichhardt,20954,LANE,Steve,7,IND,Independent,1373.0,79812.0,0.017202926878163684,IND,False,True
2010,QLD,169,Lilley,21563,HERSCHELL,Andrew,1,FFP,Family First,2696.0,86945.0,0.031008108574386108,FFP,False,False
2010,QLD,169,Lilley,21151,CROWHURST,Douglas,2,IND,Independent,2111.0,86945.0,0.024279717062510784,IND,False,True
2010,QLD,169,Lilley,21552,SWAN,Wayne,3,ALP,Australian Labor Party,35724.0,86945.0,0.4108804416585198,ALP,True,False
2010,QLD,169,Lilley,21560,JEREMIJENKO,Andrew Martin,4,GRN,The Greens,10579.0,86945.0,0.12167462188740008,GRN,True,False
2010,QLD,169,Lilley,20739,McGARVIE,Rod,5,LNQ,Liberal National Party of Queensland,35835.0,86945.0,0.41215711081718326,LNQ,False,False
2010,QLD,302,Longman,21453,SULLIVAN,Jon,1,ALP,Australian Labor Party,28396.0,75450.0,0.3763552021206097,ALP,True,False
2010,QLD,302,Longman,21500,JACKSON,Andrew Phillip,2,DLP,D.L.P. - Democratic Labor Party,518.0,75450.0,0.006865473823724321,DLP,False,False
2010,QLD,302,Longman,21782,VAN BOECKEL,Michael,3,IND,Independent,856.0,75450.0,0.011345261762756792,IND,False,True
2010,QLD,302,Longman,21469,BLAIR,Rod,4,GRN,The Greens,6878.0,75450.0,0.09115970841616965,GRN,True,False
2010,QLD,302,Longman,21490,McERLANE,Claire,5,FFP,Family First,3206.0,75450.0,0.04249171636845593,FFP,False,False
2010,QLD,302,Longman,20853,FOX,Bob,6,IND,Independent,872.0,75450.0,0.011557322730284958,IND,False,True
2010,QLD,302,Longman,20752,ROY,Wyatt,7,LNQ,Liberal National Party of Queensland,33011.0,75450.0,0.43752153744201455,LNQ,False,False
2010,QLD,302,Longman,21473,VAN VEEN,Joshua,8,LDP,Liberal Democrats (LDP),671.0,75450.0,0.008893306825712393,LDP,False,False
2010,QLD,302,Longman,21503,REECE,John Raymond,9,IND,Independent,1042.0,75450.0,0.013810470510271703,IND,False,True
2010,QLD,170,Maranoa,20736,SCOTT,Bruce,1,LNQ,Liberal National Party of Queensland,57100.0,87145.0,0.6552297894314074,LNQ,False,False
2010,QLD,170,Maranoa,21474,NEWSON,Grant,2,GRN,The Greens,4490.0,87145.0,0.05152332319697057,GRN,True,False
2010,QLD,170,Maranoa,21476,MCKAY,Greg,3,FFP,Family First,3560.0,87145.0,0.040851454472431006,FFP,False,False
2010,QLD,170,Maranoa,21472,KEATING,Geoff,4,ALP,Australian Labor Party,17398.0,87145.0,0.19964427104251534,ALP,True,False
2010,QLD,170,Maranoa,21135,NASON,Charles,5,IND,Independent,4597.0,87145.0,0.05275116185667566,IND,False,True
2010,QLD,171,McPherson,21698,REEVES,Matthew,1,FFP,Family First,3777.0,78048.0,0.048393296432964326,FFP,False,False
2010,QLD,171,McPherson,21691,BYRON,Dan,2,ALP,Australian Labor Party,22526.0,78048.0,0.2886172611726117,ALP,True,False
2010,QLD,171,McPherson,20749,ANDREWS,Karen,3,LNQ,Liberal National Party of Queensland,42069.0,78048.0,0.5390144526445264,LNQ,False,False
2010,QLD,171,McPherson,21702,O'CALLAGHAN,Ben,4,GRN,The Greens,9676.0,78048.0,0.1239749897498975,GRN,True,False
2010,QLD,172,Moncrieff,21707,HOUGH,Robert,1,ALP,Australian Labor Party,17776.0,75715.0,0.23477514363072047,ALP,True,False
2010,QLD,172,Moncrieff,21710,SPAIN,Sally Maree,2,GRN,The Greens,8756.0,75715.0,0.11564419203592419,GRN,True,False
2010,QLD,172,Moncrieff,20758,CIOBO,Steven,3,LNQ,Liberal National Party of Queensland,46832.0,75715.0,0.6185300138677937,LNQ,False,False
2010,QLD,172,Moncrieff,21713,TAYLER,James Grahame,4,FFP,Family First,2351.0,75715.0,0.031050650465561647,FFP,False,False
2010,QLD,173,Moreton,21546,CHRISTIAN,Steve,1,FFP,Family First,2787.0,81059.0,0.03438236346364994,FFP,False,False
2010,QLD,173,Moreton,21543,JENKINS,Elissa,2,GRN,The Greens,12882.0,81059.0,0.15892127956180066,GRN,True,False
2010,QLD,173,Moreton,21541,PERRETT,Graham,3,ALP,Australian Labor Party,29190.0,81059.0,0.36010806943090834,ALP,True,False
2010,QLD,173,Moreton,21551,NIGHTINGALE,Lee David,4,DLP,D.L.P. - Democratic Labor Party,1018.0,81059.0,0.012558753500536646,DLP,False,False
2010,QLD,173,Moreton,20744,COLE,Malcolm Edward,5,LNQ,Liberal National Party of Queensland,35182.0,81059.0,0.4340295340431044,LNQ,False,False
2010,QLD,174,Oxley,20741,SMITH,Tarnya Lisa,1,LNQ,Liberal National Party of Queensland,27431.0,71534.0,0.38346800123018426,LNQ,False,False
2010,QLD,174,Oxley,21610,STIELER,Timothy,2,FFP,Family First,3682.0,71534.0,0.05147202728772332,FFP,False,False
2010,QLD,174,Oxley,21586,RIPOLL,Bernie,3,ALP,Australian Labor Party,31985.0,71534.0,0.44713003606676543,ALP,True,False
2010,QLD,174,Oxley,21604,HOBAN,Des,4,GRN,The Greens,8436.0,71534.0,0.11792993541532698,GRN,True,False
2010,QLD,175,Petrie,21505,D'ATH,Yvette,1,ALP,Australian Labor Party,32677.0,76364.0,0.4279110575663925,ALP,True,False
2010,QLD,175,Petrie,21497,ADDISON,Lawrence,2,DLP,D.L.P. - Democratic Labor Party,715.0,76364.0,0.009363050652139751,DLP,False,False
2010,QLD,175,Petrie,21482,JEREMIJENKO,Peter,3,GRN,The Greens,6949.0,76364.0,0.09099837619820858,GRN,True,False
2010,QLD,175,Petrie,21493,VINCENT,Sally,4,FFP,Family First,3829.0,76364.0,0.05014142789796239,FFP,False,False
2010,QLD,175,Petrie,21486,BUCKLEY,Gabriel Jon,5,LDP,Liberal Democrats (LDP),1604.0,76364.0,0.021004661882562465,LDP,False,False
2010,QLD,175,Petrie,20770,TEASDALE,Dean,6,LNQ,Liberal National Party of Queensland,30590.0,76364.0,0.40058142580273426,LNQ,False,False
2010,QLD,176,Rankin,21862,TODD,Alexandra,1,FFP,Family First,5231.0,79929.0,0.06544558295487245,FFP,False,False
2010,QLD,176,Rankin,21852,SMITH,Luke,2,LNQ,Liberal National Party of Queensland,29652.0,79929.0,0.3709792440791202,LNQ,False,False
2010,QLD,176,Rankin,21859,COTTER,Neil,3,GRN,The Greens,8956.0,79929.0,0.11204944388144478,GRN,True,False
2010,QLD,176,Rankin,21854,EMERSON,Craig,4,ALP,Australian Labor Party,36090.0,79929.0,0.45152572908456257,ALP,True,False
2010,QLD,177,Ryan,21545,MILES,Steven,1,ALP,Australian Labor Party,22274.0,89034.0,0.2501740907967743,ALP,True,False
2010,QLD,177,Ryan,21554,BAYLEY,Sandra,2,GRN,The Greens,16884.0,89034.0,0.18963542017656176,GRN,True,False
2010,QLD,177,Ryan,21555,VINCENT,Allan,3,FFP,Family First,1600.0,89034.0,0.01797066289282746,FFP,False,False
2010,QLD,177,Ryan,20737,PRENTICE,Jane,4,LNQ,Liberal National Party of Queensland,40713.0,89034.0,0.4572747489723027,LNQ,False,False
2010,QLD,177,Ryan,17736,JOHNSON,Michael,5,IND,Independent,7563.0,89034.0,0.0849450771615338,IND,False,True
2010,QLD,178,Wide Bay,20745,TRUSS,Warren,1,LNQ,Liberal National Party of Queensland,47977.0,81513.0,0.5885809625458516,LNQ,False,False
2010,QLD,178,Wide Bay,21715,FERRARO,Santo,2,ON,One Nation,1875.0,81513.0,0.023002465864340658,ON,False,False
2010,QLD,178,Wide Bay,21661,HERSCHELL,Ken,3,FFP,Family First,3049.0,81513.0,0.03740507649086649,FFP,False,False
2010,QLD,178,Wide Bay,21646,McDONALD,Jim,4,GRN,The Greens,8967.0,81513.0,0.11000699274962276,GRN,True,False
2010,QLD,178,Wide Bay,21638,ANSELL,Nikolee,5,ALP,Australian Labor Party,19645.0,81513.0,0.2410045023493185,ALP,True,False
2010,QLD,316,Wright,20746,BUCHHOLZ,Scott,1,LNQ,Liberal National Party of Queensland,40031.0,75407.0,0.5308658347368281,LNQ,False,False
2010,QLD,316,Wright,21600,BRIDLE,Anna,2,GRN,The Greens,9010.0,75407.0,0.11948492845491798,GRN,True,False
2010,QLD,316,Wright,21592,RAMSAY,Andrew,3,ALP,Australian Labor Party,20946.0,75407.0,0.2777726205789913,ALP,True,False
2010,QLD,316,Wright,20726,DEGEN,Ken,4,IND,Independent,2497.0,75407.0,0.033113636665031095,IND,False,True
2010,QLD,316,Wright,21611,FREDERICKS,Jeremy John,5,FFP,Family First,2923.0,75407.0,0.038762979564231435,FFP,False,False
2010,SA,179,Adelaide,21457,WEEDALL,Gemma,1,SAL,Socialist Alliance,786.0,86957.0,0.009038950285773428,SAL,False,False
2010,SA,179,Adelaide,20845,WESTLEY,Luke,2,LP,Liberal,32673.0,86957.0,0.37573743344411603,LP,True,False
2010,SA,179,Adelaide,20984,NEAL,Suzanne Patricia,3,FFP,Family First,1900.0,86957.0,0.02184987982566096,FFP,False,False
2010,SA,179,Adelaide,22029,NICHOLLS,Marie,4,DEM,Australian Democrats,819.0,86957.0,0.009418448198534908,DEM,False,False
2010,SA,179,Adelaide,20987,ELLIS,Kate,5,ALP,Australian Labor Party,38162.0,86957.0,0.43886058626677554,ALP,True,False
2010,SA,179,Adelaide,20989,STEELE,Christopher,6,LDP,Liberal Democrats (LDP),716.0,86957.0,0.008233954713249078,LDP,False,False
2010,SA,179,Adelaide,21364,BEACH,Ruth,7,GRN,The Greens,11901.0,86957.0,0.13686074726589004,GRN,True,False
2010,SA,180,Barker,21067,McDONNELL,Simone,1,ALP,Australian Labor Party,26433.0,94270.0,0.2803967327887981,ALP,True,False
2010,SA,180,Barker,21969,DAVIES,Steven Donald,2,TCS,The Climate Sceptics,1591.0,94270.0,0.01687705526678689,TCS,False,False
2010,SA,180,Barker,20829,SECKER,Patrick,3,LP,Liberal,51810.0,94270.0,0.5495915985997666,LP,True,False
2010,SA,180,Barker,21015,HONEYCHURCH,Trevor,4,FFP,Family First,5829.0,94270.0,0.06183303277819031,FFP,False,False
2010,SA,180,Barker,21417,MOFFAT,Sean,5,GRN,The Greens,8607.0,94270.0,0.09130158056645804,GRN,True,False
2010,SA,182,Boothby,20941,DIGANCE,Annabel,1,ALP,Australian Labor Party,30515.0,85359.0,0.35749012992185947,ALP,True,False
2010,SA,182,Boothby,17355,McGHEE,Ray,2,IND,Independent,1689.0,85359.0,0.019787017186236953,IND,False,True
2010,SA,182,Boothby,21959,SKILLITZI,Stephen,3,TCS,The Climate Sceptics,316.0,85359.0,0.0037020115043522065,TCS,False,False
2010,SA,182,Boothby,20884,SOUTHCOTT,Andrew,4,LP,Liberal,38248.0,85359.0,0.44808397474197215,LP,True,False
2010,SA,182,Boothby,20938,RESCE,Meredith,5,FFP,Family First,2120.0,85359.0,0.024836279712742652,FFP,False,False
2010,SA,182,Boothby,22030,SALERNO,Thomas,6,DEM,Australian Democrats,517.0,85359.0,0.00605677198655092,DEM,False,False
2010,SA,182,Boothby,20955,NOACK,Michael Daniel,7,LDP,Liberal Democrats (LDP),339.0,85359.0,0.0039714617087829055,LDP,False,False
2010,SA,182,Boothby,21409,BLINCO,Fiona,8,GRN,The Greens,11305.0,85359.0,0.13244063309082815,GRN,True,False
2010,SA,182,Boothby,21842,CHAPMAN,Avi,9,SPA,Secular Party of Australia,310.0,85359.0,0.003631720146674633,SPA,False,False
2010,SA,183,Grey,21339,MELVILLE-SMITH,Andrew Colin,1,GRN,The Greens,6876.0,88492.0,0.077701939158342,GRN,True,False
2010,SA,183,Grey,20998,SANSBURY,Tauto,2,ALP,Australian Labor Party,27514.0,88492.0,0.31092076119875245,ALP,True,False
2010,SA,183,Grey,20832,RAMSEY,Rowan,3,LP,Liberal,49361.0,88492.0,0.5578018351941418,LP,True,False
2010,SA,183,Grey,20995,HOLLAND,Sylvia,4,FFP,Family First,4741.0,88492.0,0.05357546444876373,FFP,False,False
2010,SA,185,Hindmarsh,21343,FISHER,Matthew,1,GRN,The Greens,10773.0,89224.0,0.12074105621805792,GRN,True,False
2010,SA,185,Hindmarsh,20825,WOOD,Jassmine,2,LP,Liberal,34831.0,89224.0,0.39037702860216983,LP,True,False
2010,SA,185,Hindmarsh,21957,PAECH,Adrian Graeme,3,TCS,The Climate Sceptics,554.0,89224.0,0.006209091724199767,TCS,False,False
2010,SA,185,Hindmarsh,21336,GEORGANAS,Steve,4,ALP,Australian Labor Party,39736.0,89224.0,0.4453510266296064,ALP,True,False
2010,SA,185,Hindmarsh,22031,CROKE,Greg,5,DEM,Australian Democrats,767.0,89224.0,0.008596341791446247,DEM,False,False
2010,SA,185,Hindmarsh,20958,RANDALL,Bob,6,FFP,Family First,2563.0,89224.0,0.02872545503451986,FFP,False,False
2010,SA,186,Kingston,22032,BAKER,Ron,1,DEM,Australian Democrats,1748.0,91834.0,0.019034344578260774,DEM,False,False
2010,SA,186,Kingston,21452,MOORE,Palitja,2,GRN,The Greens,11264.0,91834.0,0.12265609687044014,GRN,True,False
2010,SA,186,Kingston,20957,ZANKER,Chris,3,LP,Liberal,26652.0,91834.0,0.29021930875274954,LP,True,False
2010,SA,186,Kingston,20967,RISHWORTH,Amanda,4,ALP,Australian Labor Party,46882.0,91834.0,0.5105080906853671,ALP,True,False
2010,SA,186,Kingston,20962,DOECKE,Geoff,5,FFP,Family First,5288.0,91834.0,0.05758215911318248,FFP,False,False
2010,SA,187,Makin,21670,ROSE,Jasemin,1,GRN,The Greens,8604.0,85233.0,0.10094681637393967,GRN,True,False
2010,SA,187,Makin,21044,GAMEAU,Michael,2,LDP,Liberal Democrats (LDP),1081.0,85233.0,0.012682881043727195,LDP,False,False
2010,SA,187,Makin,21963,STEWART,Robert Gordon,3,TCS,The Climate Sceptics,409.0,85233.0,0.0047986108666830925,TCS,False,False
2010,SA,187,Makin,21327,HORVAT,Anton,4,ON,One Nation,662.0,85233.0,0.007766944727980946,ON,False,False
2010,SA,187,Makin,20945,ZAPPIA,Tony,5,ALP,Australian Labor Party,43114.0,85233.0,0.5058369410908921,ALP,True,False
2010,SA,187,Makin,20852,DAVIES,Liz,6,LP,Liberal,25740.0,85233.0,0.3019957058885643,LP,True,False
2010,SA,187,Makin,22033,RICH,Wayne Roderick,7,DEM,Australian Democrats,534.0,85233.0,0.0062651789799725455,DEM,False,False
2010,SA,187,Makin,20939,POTTER,Mark,8,FFP,Family First,5089.0,85233.0,0.05970692102824023,FFP,False,False
2010,SA,188,Mayo,21007,HICKS,Bruce,1,FFP,Family First,5337.0,91903.0,0.05807209775524194,FFP,False,False
2010,SA,188,Mayo,20816,BRIGGS,Jamie,2,LP,Liberal,42976.0,91903.0,0.46762347257434467,LP,True,False
2010,SA,188,Mayo,21845,PHILLIPS,Andrew James,3,IND,Independent,993.0,91903.0,0.010804870352436808,IND,False,True
2010,SA,188,Mayo,21335,ATKINSON,Diane,4,GRN,The Greens,15593.0,91903.0,0.16966801954234356,GRN,True,False
2010,SA,188,Mayo,21944,SPRAGG,Bill,5,IND,Independent,2404.0,91903.0,0.02615801442825588,IND,False,True
2010,SA,188,Mayo,21011,DAVIS,Sam,6,ALP,Australian Labor Party,22997.0,91903.0,0.2502312220493346,ALP,True,False
2010,SA,188,Mayo,22034,OSMOND,Rebekkah,7,DEM,Australian Democrats,948.0,91903.0,0.010315223659728192,DEM,False,False
2010,SA,188,Mayo,21967,MICHELMORE,John Wesley,8,TCS,The Climate Sceptics,655.0,91903.0,0.00712707963831431,TCS,False,False
2010,SA,189,Port Adelaide,21348,MICENKO,Kalyna,1,GRN,The Greens,13659.0,90379.0,0.15113024043195875,GRN,True,False
2010,SA,189,Port Adelaide,21002,HAMBOUR,Bruce,2,FFP,Family First,6467.0,90379.0,0.07155423273105478,FFP,False,False
2010,SA,189,Port Adelaide,21003,BUTLER,Mark,3,ALP,Australian Labor Party,48638.0,90379.0,0.5381559875634827,ALP,True,False
2010,SA,189,Port Adelaide,20826,McKENNA,Nigel,4,LP,Liberal,21615.0,90379.0,0.2391595392735038,LP,True,False
2010,SA,190,Sturt,20988,CLEGG,Dale,1,FFP,Family First,3346.0,88285.0,0.03789998300957127,FFP,False,False
2010,SA,190,Sturt,20991,SARRE,Rick,2,ALP,Australian Labor Party,31989.0,88285.0,0.36233788299258085,ALP,True,False
2010,SA,190,Sturt,20993,CLARK,Jess,3,LDP,Liberal Democrats (LDP),697.0,88285.0,0.00789488588095373,LDP,False,False
2010,SA,190,Sturt,20834,PYNE,Christopher,4,LP,Liberal,42418.0,88285.0,0.4804666704423175,LP,True,False
2010,SA,190,Sturt,21401,FIEBIG,Peter,5,GRN,The Greens,8834.0,88285.0,0.10006229823865889,GRN,True,False
2010,SA,190,Sturt,22035,ANDREWS,Darren,6,DEM,Australian Democrats,558.0,88285.0,0.006320439485756358,DEM,False,False
2010,SA,190,Sturt,21290,KING,Jack,7,ON,One Nation,443.0,88285.0,0.005017839950161409,ON,False,False
2010,SA,191,Wakefield,21411,ALCORN,Jane,1,GRN,The Greens,9948.0,88013.0,0.11302875711542613,GRN,True,False
2010,SA,191,Wakefield,21047,CHAMPION,Nick,2,ALP,Australian Labor Party,43299.0,88013.0,0.4919614147909968,ALP,True,False
2010,SA,191,Wakefield,20937,STRAUSS,David,3,LP,Liberal,27679.0,88013.0,0.31448763250883394,LP,True,False
2010,SA,191,Wakefield,22036,HASSAN,Darren,4,DEM,Australian Democrats,1129.0,88013.0,0.012827650460727393,DEM,False,False
2010,SA,191,Wakefield,21074,COOMBE,Paul,5,FFP,Family First,5958.0,88013.0,0.06769454512401576,FFP,False,False
2010,TAS,192,Bass,21024,TITMUS,Steve,1,LP,Liberal,26010.0,65502.0,0.39708711184391315,LP,True,False
2010,TAS,192,Bass,21013,LYONS,Geoff,2,ALP,Australian Labor Party,28448.0,65502.0,0.43430734939391163,ALP,True,False
2010,TAS,192,Bass,20780,COLGRAVE,Sancia Geraldine,3,GRN,Australian Greens,10206.0,65502.0,0.15581203627370158,GRN,True,False
2010,TAS,192,Bass,21751,WATTS,Adrian,4,CEC,Citizens Electoral Council,838.0,65502.0,0.012793502488473635,CEC,False,False
2010,TAS,193,Braddon,20953,CARPENTER,Garry William,1,LP,Liberal,25779.0,65505.0,0.39354247767346007,LP,True,False
2010,TAS,193,Braddon,20778,JORDAN,Scott,2,GRN,Australian Greens,7836.0,65505.0,0.11962445614838561,GRN,True,False
2010,TAS,193,Braddon,20935,SIDEBOTTOM,Sid,3,ALP,Australian Labor Party,31890.0,65505.0,0.48683306617815436,ALP,True,False
2010,TAS,194,Denison,20881,WILKIE,Andrew,1,IND,Independent,13788.0,64859.0,0.21258422115666292,IND,False,True
2010,TAS,194,Denison,20931,JACKSON,Jonathan,2,ALP,Australian Labor Party,23215.0,64859.0,0.3579302795294408,ALP,True,False
2010,TAS,194,Denison,20862,BARNES,Mel,3,SAL,Socialist Alliance,856.0,64859.0,0.013197859973172575,SAL,False,False
2010,TAS,194,Denison,20950,SIMPKINS,Cameron John,4,LP,Liberal,14688.0,64859.0,0.2264604758013537,LP,True,False
2010,TAS,194,Denison,20774,COUSER,Geoffrey Alan,5,GRN,Australian Greens,12312.0,64859.0,0.18982716353937001,GRN,True,False
2010,TAS,195,Franklin,20772,HEATLEY,Wendy,1,GRN,Australian Greens,13675.0,65531.0,0.208679861439624,GRN,True,False
2010,TAS,195,Franklin,21693,FORSTER,John,2,IND,Independent,1839.0,65531.0,0.02806305412705437,IND,False,True
2010,TAS,195,Franklin,20948,HOWLETT,Jane,3,LP,Liberal,21938.0,65531.0,0.33477285559506187,LP,True,False
2010,TAS,195,Franklin,20944,COLLINS,Julie,4,ALP,Australian Labor Party,28079.0,65531.0,0.42848422883825976,ALP,True,False
2010,TAS,196,Lyons,21635,NOYES,Lucas,1,SPA,Secular Party of Australia,1085.0,65755.0,0.01650064633868147,SPA,False,False
2010,TAS,196,Lyons,21019,HUTCHINSON,Eric Russell,2,LP,Liberal,21493.0,65755.0,0.3268648771956505,LP,True,False
2010,TAS,196,Lyons,20926,ADAMS,Dick,3,ALP,Australian Labor Party,32164.0,65755.0,0.48914911413580714,ALP,True,False
2010,TAS,196,Lyons,20777,CASSIDY,Karen Frances,4,GRN,Australian Greens,11013.0,65755.0,0.16748536232986086,GRN,True,False
2010,VIC,197,Aston,21100,HANNA,Rachel,1,FFP,Family First,4153.0,84817.0,0.04896424065930179,FFP,False,False
2010,VIC,197,Aston,21092,EVANS,Rupert,2,ALP,Australian Labor Party,32725.0,84817.0,0.3858306707381775,ALP,True,False
2010,VIC,197,Aston,21084,TUDGE,Alan,3,LP,Liberal,39733.0,84817.0,0.4684556162090147,LP,True,False
2010,VIC,197,Aston,21165,CRAIG,Salore,4,GRN,Australian Greens,8206.0,84817.0,0.09674947239350602,GRN,True,False
2010,VIC,198,Ballarat,21671,COATES,Belinda,1,GRN,Australian Greens,10140.0,89439.0,0.11337336061449703,GRN,True,False
2010,VIC,198,Ballarat,21098,BANWELL,Mark,2,LP,Liberal,30364.0,89439.0,0.33949395677500865,LP,True,False
2010,VIC,198,Ballarat,21122,RAINEY,Jim,3,FFP,Family First,2646.0,89439.0,0.02958440948579479,FFP,False,False
2010,VIC,198,Ballarat,21104,KING,Catherine,4,ALP,Australian Labor Party,46289.0,89439.0,0.5175482731246995,ALP,True,False
2010,VIC,199,Batman,21038,CONLON,Andrew,1,FFP,Family First,2465.0,77463.0,0.031821643881595085,FFP,False,False
2010,VIC,199,Batman,21028,SOURIS,George,2,LP,Liberal,15412.0,77463.0,0.19895950324671133,LP,True,False
2010,VIC,199,Batman,21225,BHATHAL,Alexandra Kaur,3,GRN,Australian Greens,18189.0,77463.0,0.23480887649587545,GRN,True,False
2010,VIC,199,Batman,21121,SARAZEN,Con,4,DEM,Australian Democrats,823.0,77463.0,0.010624427145863187,DEM,False,False
2010,VIC,199,Batman,21035,FERGUSON,Martin John,5,ALP,Australian Labor Party,40574.0,77463.0,0.5237855492299549,ALP,True,False
2010,VIC,200,Bendigo,21029,GIBBONS,Steve,1,ALP,Australian Labor Party,43965.0,92265.0,0.47650788489676477,ALP,True,False
2010,VIC,200,Bendigo,21176,DIMOZANTOS,Kymberlie,2,GRN,Australian Greens,11341.0,92265.0,0.12291768276161058,GRN,True,False
2010,VIC,200,Bendigo,21026,HUNTER,Craig,3,LP,Liberal,33067.0,92265.0,0.35839158944345095,LP,True,False
2010,VIC,200,Bendigo,21053,HOWARD,Alan,4,FFP,Family First,3892.0,92265.0,0.04218284289817374,FFP,False,False
2010,VIC,201,Bruce,21346,KABOS,Mike,1,LP,Liberal,28580.0,76747.0,0.3723924062178326,LP,True,False
2010,VIC,201,Bruce,21353,ZIBELL,Stefan,2,GRN,Australian Greens,7222.0,76747.0,0.09410139810025148,GRN,True,False
2010,VIC,201,Bruce,21298,HEMMERSBACH,Felicity,3,FFP,Family First,3151.0,76747.0,0.0410569794259059,FFP,False,False
2010,VIC,201,Bruce,21331,GRIFFIN,Alan,4,ALP,Australian Labor Party,37794.0,76747.0,0.49244921625601,ALP,True,False
2010,VIC,203,Calwell,21171,THOMPSON,Lenka,1,GRN,Australian Greens,10386.0,87554.0,0.1186239349430066,GRN,True,False
2010,VIC,203,Calwell,21156,BYRNE,Peter,2,SEP,Socialist Equality Party,1181.0,87554.0,0.013488818329259657,SEP,False,False
2010,VIC,203,Calwell,21168,TRUSCOTT,Jeff,3,FFP,Family First,3851.0,87554.0,0.04398428398474084,FFP,False,False
2010,VIC,203,Calwell,21159,VAMVAKINOU,Maria,4,ALP,Australian Labor Party,49580.0,87554.0,0.5662790963291225,ALP,True,False
2010,VIC,203,Calwell,21153,TSENG,Wayne,5,LP,Liberal,22556.0,87554.0,0.2576238664138703,LP,True,False
2010,VIC,204,Casey,21201,SMITH,Tony,1,LP,Liberal,40588.0,83897.0,0.48378368714018377,LP,True,False
2010,VIC,204,Casey,21204,HISHEH,Sami,2,ALP,Australian Labor Party,29565.0,83897.0,0.352396390812544,ALP,True,False
2010,VIC,204,Casey,21212,HARRISON,Daniel,3,FFP,Family First,4083.0,83897.0,0.048666817645446205,FFP,False,False
2010,VIC,204,Casey,21216,POWELL,Brendan,4,GRN,Australian Greens,9661.0,83897.0,0.11515310440182605,GRN,True,False
2010,VIC,205,Chisholm,21076,GOODMAN,Phil,1,FFP,Family First,2107.0,77450.0,0.027204648160103293,FFP,False,False
2010,VIC,205,Chisholm,21069,BURKE,Anna Elizabeth,2,ALP,Australian Labor Party,34492.0,77450.0,0.4453453841187863,ALP,True,False
2010,VIC,205,Chisholm,21056,EVANS,Nimrod,3,SPA,Secular Party of Australia,562.0,77450.0,0.007256294383473209,SPA,False,False
2010,VIC,205,Chisholm,21172,FERGEUS,Josh,4,GRN,Australian Greens,9196.0,77450.0,0.11873466752743705,GRN,True,False
2010,VIC,205,Chisholm,21050,NGUYEN,John,5,LP,Liberal,31093.0,77450.0,0.4014590058102001,LP,True,False
2010,VIC,207,Corangamite,21276,LAWRENCE,Mike,1,GRN,Australian Greens,10713.0,93699.0,0.11433419780360517,GRN,True,False
2010,VIC,207,Corangamite,21234,HENDERSON,Sarah,2,LP,Liberal,42155.0,93699.0,0.44989807788770425,LP,True,False
2010,VIC,207,Corangamite,21312,CHEESEMAN,Darren,3,ALP,Australian Labor Party,37043.0,93699.0,0.3953403985101228,ALP,True,False
2010,VIC,207,Corangamite,21516,BROWN,Sally-Anne,4,IND,Independent,1418.0,93699.0,0.015133565993233653,IND,False,True
2010,VIC,207,Corangamite,21316,WOJCZUK,Ann,5,FFP,Family First,1850.0,93699.0,0.01974407410964898,FFP,False,False
2010,VIC,207,Corangamite,21302,TIMMINS,Nathan,6,LDP,Liberal Democrats (LDP),520.0,93699.0,0.005549685695685119,LDP,False,False
2010,VIC,208,Corio,21161,BROWN,Gavin,1,GRN,Australian Greens,10355.0,82661.0,0.12527068387752385,GRN,True,False
2010,VIC,208,Corio,21164,BULL,Sue,2,SAL,Socialist Alliance,971.0,82661.0,0.011746772964275776,SAL,False,False
2010,VIC,208,Corio,21061,MARLES,Richard Donald,3,ALP,Australian Labor Party,42578.0,82661.0,0.5150917603222801,ALP,True,False
2010,VIC,208,Corio,21066,AMBERLEY,Scott,4,FFP,Family First,3028.0,82661.0,0.036631543291274,FFP,False,False
2010,VIC,208,Corio,21048,GIBSON,Don,5,LP,Liberal,25729.0,82661.0,0.3112592395446462,LP,True,False
2010,VIC,209,Deakin,21040,LAKE,Peter,1,FFP,Family First,2532.0,80000.0,0.03165,FFP,False,False
2010,VIC,209,Deakin,21155,HOWELL,David,2,GRN,Australian Greens,10338.0,80000.0,0.129225,GRN,True,False
2010,VIC,209,Deakin,21303,WALSH,Benjamin,3,LDP,Liberal Democrats (LDP),505.0,80000.0,0.0063125,LDP,False,False
2010,VIC,209,Deakin,21030,BARRESI,Phil,4,LP,Liberal,33553.0,80000.0,0.4194125,LP,True,False
2010,VIC,209,Deakin,21036,SYMON,Mike,5,ALP,Australian Labor Party,31941.0,80000.0,0.3992625,ALP,True,False
2010,VIC,209,Deakin,21432,NORWICK,Alex,6,AFN,Australia First Party,295.0,80000.0,0.0036875,AFN,False,False
2010,VIC,209,Deakin,20896,SEVILOGLOU,Abraham,7,IND,Independent,836.0,80000.0,0.01045,IND,False,True
2010,VIC,210,Dunkley,21075,DE ZILWA,Yasmin,1,FFP,Family First,2276.0,85800.0,0.026526806526806525,FFP,False,False
2010,VIC,210,Dunkley,21032,CONSTAS,Helen,2,ALP,Australian Labor Party,32889.0,85800.0,0.3833216783216783,ALP,True,False
2010,VIC,210,Dunkley,21148,TILLER,Simon,3,GRN,Australian Greens,10033.0,85800.0,0.11693473193473193,GRN,True,False
2010,VIC,210,Dunkley,21027,BILLSON,Bruce,4,LP,Liberal,40602.0,85800.0,0.47321678321678323,LP,True,False
2010,VIC,211,Flinders,21118,GAGLIANO-VENTURA,Francis,1,ALP,Australian Labor Party,28747.0,90501.0,0.317642898973492,ALP,True,False
2010,VIC,211,Flinders,21124,SMITH,Reade,2,FFP,Family First,2198.0,90501.0,0.024287024452768476,FFP,False,False
2010,VIC,211,Flinders,21107,HUNT,Greg,3,LP,Liberal,49146.0,90501.0,0.543043723273776,LP,True,False
2010,VIC,211,Flinders,21224,BROWN,Robert,4,GRN,Australian Greens,10410.0,90501.0,0.11502635329996354,GRN,True,False
2010,VIC,212,Gellibrand,21236,ROXON,Nicola,1,ALP,Australian Labor Party,48971.0,83263.0,0.5881483972472767,ALP,True,False
2010,VIC,212,Gellibrand,21300,SOLIN,Rodney,2,GRN,Australian Greens,12779.0,83263.0,0.1534775350395734,GRN,True,False
2010,VIC,212,Gellibrand,21221,BAPTIST,Tania,3,SEP,Socialist Equality Party,475.0,83263.0,0.005704814863745001,SEP,False,False
2010,VIC,212,Gellibrand,21292,COURTICE,Ben,4,SAL,Socialist Alliance,528.0,83263.0,0.006341352101173391,SAL,False,False
2010,VIC,212,Gellibrand,21287,MUMBY,Liz,5,FFP,Family First,1440.0,83263.0,0.017294596639563793,FFP,False,False
2010,VIC,212,Gellibrand,21198,McCONNELL,David,6,LP,Liberal,19070.0,83263.0,0.2290333041086677,LP,True,False
2010,VIC,213,Gippsland,21136,JEFFERIS,Heath,1,FFP,Family First,2963.0,88712.0,0.033400216430697086,FFP,False,False
2010,VIC,213,Gippsland,21304,BUCKLEY,Ben,2,LDP,Liberal Democrats (LDP),4895.0,88712.0,0.05517855532509694,LDP,False,False
2010,VIC,213,Gippsland,21109,McCUBBIN,Darren,3,ALP,Australian Labor Party,28008.0,88712.0,0.31571827937595814,ALP,True,False
2010,VIC,213,Gippsland,21351,BOND,Michael,4,GRN,Australian Greens,5826.0,88712.0,0.06567318964739832,GRN,True,False
2010,VIC,213,Gippsland,21093,CHESTER,Darren,5,NP,The Nationals,47020.0,88712.0,0.5300297592208495,NP,True,False
2010,VIC,214,Goldstein,21566,EDEN,Nick,1,ALP,Australian Labor Party,25227.0,84558.0,0.29833960122046405,ALP,True,False
2010,VIC,214,Goldstein,21556,FORSTER,Anthony,2,FFP,Family First,1187.0,84558.0,0.014037701932401428,FFP,False,False
2010,VIC,214,Goldstein,21571,ROBB,Andrew,3,LP,Liberal,44436.0,84558.0,0.5255091180018449,LP,True,False
2010,VIC,214,Goldstein,21539,PILLING,Neil,4,GRN,Australian Greens,13708.0,84558.0,0.16211357884528962,GRN,True,False
2010,VIC,309,Gorton,21235,MAJOR,Sean Robert,1,FFP,Family First,6153.0,97985.0,0.06279532581517579,FFP,False,False
2010,VIC,309,Gorton,21226,O'CONNOR,Brendan,2,ALP,Australian Labor Party,58767.0,97985.0,0.5997550645506965,ALP,True,False
2010,VIC,309,Gorton,21232,WILSON,Steve,3,GRN,Australian Greens,9949.0,97985.0,0.10153594938000714,GRN,True,False
2010,VIC,309,Gorton,21202,RYDER,Damon,4,LP,Liberal,23116.0,97985.0,0.23591366025412053,LP,True,False
2010,VIC,215,Higgins,21639,CLARK,Tony,1,ALP,Australian Labor Party,22700.0,81347.0,0.2790514708594048,ALP,True,False
2010,VIC,215,Higgins,21962,FAWCETT,David Michael,2,IND,Independent,1225.0,81347.0,0.015058945013337923,IND,False,True
2010,VIC,215,Higgins,21645,HIBBINS,Samuel,3,GRN,Australian Greens,14559.0,81347.0,0.17897402485647904,GRN,True,False
2010,VIC,215,Higgins,21651,TRUTER,Ashley,4,FFP,Family First,777.0,81347.0,0.00955167369417434,FFP,False,False
2010,VIC,215,Higgins,21583,O'DWYER,Kelly,5,LP,Liberal,42086.0,81347.0,0.517363885576604,LP,True,False
2010,VIC,216,Holt,21322,DI MASCOLO,Frank,1,GRN,Australian Greens,8745.0,95545.0,0.09152755246219059,GRN,True,False
2010,VIC,216,Holt,21185,BALANCY,Ricardo,2,LP,Liberal,29254.0,95545.0,0.3061803338740907,LP,True,False
2010,VIC,216,Holt,21192,HITCHINS,Mark,3,SPA,Secular Party of Australia,776.0,95545.0,0.008121827411167513,SPA,False,False
2010,VIC,216,Holt,21195,GEORGE,Ian,4,FFP,Family First,4772.0,95545.0,0.04994505206970538,FFP,False,False
2010,VIC,216,Holt,21193,BYRNE,Anthony,5,ALP,Australian Labor Party,51998.0,95545.0,0.5442252341828457,ALP,True,False
2010,VIC,217,Hotham,21141,CADER,Fazal,1,LP,Liberal,26110.0,79360.0,0.3290070564516129,LP,True,False
2010,VIC,217,Hotham,21208,PAYNE,Geoff,2,GRN,Australian Greens,8086.0,79360.0,0.10189012096774193,GRN,True,False
2010,VIC,217,Hotham,21150,REARDON,Trent,3,SPA,Secular Party of Australia,556.0,79360.0,0.007006048387096774,SPA,False,False
2010,VIC,217,Hotham,21133,ONG,Gary,4,FFP,Family First,1688.0,79360.0,0.02127016129032258,FFP,False,False
2010,VIC,217,Hotham,21126,CREAN,Simon,5,ALP,Australian Labor Party,42920.0,79360.0,0.5408266129032258,ALP,True,False
2010,VIC,218,Indi,20732,LAPPIN,Alan,1,IND,Independent,4945.0,84671.0,0.05840252270553082,IND,False,True
2010,VIC,218,Indi,21218,O'CONNOR,Jenny,2,GRN,Australian Greens,8000.0,84671.0,0.09448335321420558,GRN,True,False
2010,VIC,218,Indi,21207,LESCHEN,Zuvele Elena,3,ALP,Australian Labor Party,23034.0,84671.0,0.2720411947420014,ALP,True,False
2010,VIC,218,Indi,21200,CAREY,Mark,4,DEM,Australian Democrats,947.0,84671.0,0.011184466936731585,DEM,False,False
2010,VIC,218,Indi,21203,MIRABELLA,Sophie,5,LP,Liberal,44555.0,84671.0,0.5262132253073661,LP,True,False
2010,VIC,218,Indi,21215,CAVEDON,Robert,6,FFP,Family First,3190.0,84671.0,0.037675237094164475,FFP,False,False
2010,VIC,219,Isaacs,21295,WHEATLEY,Heather,1,FFP,Family First,3377.0,91315.0,0.03698187592399934,FFP,False,False
2010,VIC,219,Isaacs,21257,DREYFUS,Mark,2,ALP,Australian Labor Party,45131.0,91315.0,0.4942342441000931,ALP,True,False
2010,VIC,219,Isaacs,21120,McCLELLAND,Dale,3,LP,Liberal,31472.0,91315.0,0.34465312380222307,LP,True,False
2010,VIC,219,Isaacs,15530,FORD,Gordon W,4,IND,Independent,1355.0,91315.0,0.014838745003559108,IND,False,True
2010,VIC,219,Isaacs,21424,CARMAN,Chris,5,GRN,Australian Greens,9980.0,91315.0,0.1092920111701254,GRN,True,False
2010,VIC,220,Jagajaga,21248,SGARLATA,Joe,1,FFP,Family First,2109.0,85943.0,0.024539520379786604,FFP,False,False
2010,VIC,220,Jagajaga,21244,MACKLIN,Jenny,2,ALP,Australian Labor Party,40682.0,85943.0,0.4733602503985199,ALP,True,False
2010,VIC,220,Jagajaga,21217,BAUCH,Joh,3,LP,Liberal,29745.0,85943.0,0.3461014858685408,LP,True,False
2010,VIC,220,Jagajaga,21299,KEARNEY,Chris,4,GRN,Australian Greens,12847.0,85943.0,0.14948279673737244,GRN,True,False
2010,VIC,220,Jagajaga,21227,HARRIS,Peter,5,SPA,Secular Party of Australia,560.0,85943.0,0.006515946615780226,SPA,False,False
2010,VIC,221,Kooyong,21071,HURD,Steve,1,ALP,Australian Labor Party,22268.0,81287.0,0.27394294290599974,ALP,True,False
2010,VIC,221,Kooyong,21166,BENSON,Des,2,GRN,Australian Greens,15019.0,81287.0,0.184765091589061,GRN,True,False
2010,VIC,221,Kooyong,21057,FRYDENBERG,Josh,3,LP,Liberal,42728.0,81287.0,0.5256437068657965,LP,True,False
2010,VIC,221,Kooyong,21086,LAIDLER,John,4,FFP,Family First,1272.0,81287.0,0.01564825863914279,FFP,False,False
2010,VIC,223,La Trobe,20914,LEAHY,Martin,1,ASXP,Australian Sex Party,2539.0,88997.0,0.028529051541063184,ASXP,False,False
2010,VIC,223,La Trobe,21197,WOOD,Jason,2,LP,Liberal,39053.0,88997.0,0.4388125442430644,LP,True,False
2010,VIC,223,La Trobe,21213,BARROW,David,3,FFP,Family First,1917.0,88997.0,0.021540051911862198,FFP,False,False
2010,VIC,223,La Trobe,21205,SMYTH,Laura,4,ALP,Australian Labor Party,33970.0,88997.0,0.381698259491893,ALP,True,False
2010,VIC,223,La Trobe,21266,REIHER,Jim,5,GRN,Australian Greens,10931.0,88997.0,0.12282436486623144,GRN,True,False
2010,VIC,223,La Trobe,21238,BENNETT,Shem,6,LDP,Liberal Democrats (LDP),587.0,88997.0,0.006595727945885817,LDP,False,False
2010,VIC,222,Lalor,21043,SHEEHAN,Paul,1,SPA,Secular Party of Australia,881.0,103188.0,0.008537814474551304,SPA,False,False
2010,VIC,222,Lalor,21938,SHAW,Brian William,2,IND,Independent,659.0,103188.0,0.006386401519556537,IND,False,True
2010,VIC,222,Lalor,21033,INGRAM,Sheridan,3,LP,Liberal,23791.0,103188.0,0.2305597550102725,LP,True,False
2010,VIC,222,Lalor,21081,McLEAN,Lori,4,FFP,Family First,2880.0,103188.0,0.027910222118851028,FFP,False,False
2010,VIC,222,Lalor,21055,GILLARD,Julia,5,ALP,Australian Labor Party,66298.0,103188.0,0.6424971895956895,ALP,True,False
2010,VIC,222,Lalor,21404,RUDD,Van,6,,,516.0,103188.0,0.005000581462960809,,False,False
2010,VIC,222,Lalor,21945,AUSSIE-STONE,Marc,7,IND,Independent,410.0,103188.0,0.003973330232197542,IND,False,True
2010,VIC,222,Lalor,21188,TAYLOR,Peter,8,GRN,Australian Greens,7045.0,103188.0,0.06827344264836996,GRN,True,False
2010,VIC,222,Lalor,20731,CLARKE,Joanne,9,IND,Independent,708.0,103188.0,0.006861262937550878,IND,False,True
2010,VIC,224,Mallee,21162,HEALY,Helen,1,GRN,Australian Greens,6400.0,81453.0,0.0785729193522645,GRN,True,False
2010,VIC,224,Mallee,21078,FORREST,John,2,NP,The Nationals,54399.0,81453.0,0.6678575374755994,NP,True,False
2010,VIC,224,Mallee,21106,CARTER,Carl,3,FFP,Family First,4456.0,81453.0,0.054706395099014156,FFP,False,False
2010,VIC,224,Mallee,21097,SCATES,Bob,4,ALP,Australian Labor Party,16198.0,81453.0,0.19886314807312191,ALP,True,False
2010,VIC,225,Maribyrnong,21369,SHORTEN,Bill,1,ALP,Australian Labor Party,42404.0,76572.0,0.553779449407094,ALP,True,False
2010,VIC,225,Maribyrnong,21400,MOYLE,Colin,2,FFP,Family First,1988.0,76572.0,0.025962492817217783,FFP,False,False
2010,VIC,225,Maribyrnong,21441,LONG,Tim,3,GRN,Australian Greens,9077.0,76572.0,0.11854202580577756,GRN,True,False
2010,VIC,225,Maribyrnong,21439,LIVESAY,Robert,4,DEM,Australian Democrats,841.0,76572.0,0.010983126991589615,DEM,False,False
2010,VIC,225,Maribyrnong,21058,D'SOUZA,Conrad,5,LP,Liberal,22262.0,76572.0,0.29073290497832105,LP,True,False
2010,VIC,226,McEwen,21088,MITCHELL,Rob,1,ALP,Australian Labor Party,45374.0,105107.0,0.431693417184393,ALP,True,False
2010,VIC,226,McEwen,21721,BINI,Mark,2,LDP,Liberal Democrats (LDP),1332.0,105107.0,0.012672800098946788,LDP,False,False
2010,VIC,226,McEwen,21157,MEACHER,Steve,3,GRN,Australian Greens,12440.0,105107.0,0.1183555805036772,GRN,True,False
2010,VIC,226,McEwen,21042,CAINE,Cameron,4,LP,Liberal,42054.0,105107.0,0.40010655807891005,LP,True,False
2010,VIC,226,McEwen,21054,GORDON,Robert,5,SPA,Secular Party of Australia,549.0,105107.0,0.005223248689430771,SPA,False,False
2010,VIC,226,McEwen,21110,CLARKSON,Belinda,6,FFP,Family First,3358.0,105107.0,0.031948395444642126,FFP,False,False
2010,VIC,227,McMillan,21324,MAXFIELD,Christine,1,ALP,Australian Labor Party,30212.0,84960.0,0.3556026365348399,ALP,True,False
2010,VIC,227,McMillan,20716,GATT,Leigh Samuel,2,IND,Independent,1844.0,84960.0,0.021704331450094164,IND,False,True
2010,VIC,227,McMillan,21332,STOKES,Linden,3,FFP,Family First,2776.0,84960.0,0.03267419962335216,FFP,False,False
2010,VIC,227,McMillan,21320,BROADBENT,Russell,4,LP,Liberal,41870.0,84960.0,0.4928201506591337,LP,True,False
2010,VIC,227,McMillan,21345,McKELVIE,Malcolm,5,GRN,Australian Greens,8258.0,84960.0,0.09719868173258003,GRN,True,False
2010,VIC,228,Melbourne,21654,PEARSON,Georgia,1,FFP,Family First,1389.0,89327.0,0.01554960986040055,FFP,False,False
2010,VIC,228,Melbourne,21657,BANDT,Adam,2,GRN,Australian Greens,32308.0,89327.0,0.3616823580776249,GRN,True,False
2010,VIC,228,Melbourne,20847,MURRAY,Joel,3,ASXP,Australian Sex Party,1633.0,89327.0,0.018281146797720735,ASXP,False,False
2010,VIC,228,Melbourne,21631,COLLYER,David,4,DEM,Australian Democrats,602.0,89327.0,0.0067392837551916,DEM,False,False
2010,VIC,228,Melbourne,21636,GREEN,Penelope,5,SPA,Secular Party of Australia,613.0,89327.0,0.0068624268138412796,SPA,False,False
2010,VIC,228,Melbourne,21650,BOWTELL,Cath,6,ALP,Australian Labor Party,34022.0,89327.0,0.38087028557994784,ALP,True,False
2010,VIC,228,Melbourne,21633,OLSEN,Simon,7,LP,Liberal,18760.0,89327.0,0.2100148891152731,LP,True,False
2010,VIC,230,Melbourne Ports,21579,EKENDAHL,Kevin,1,LP,Liberal,32057.0,84821.0,0.3779370674714988,LP,True,False
2010,VIC,230,Melbourne Ports,21573,PLOWRIGHT,Sue,2,GRN,Australian Greens,17528.0,84821.0,0.20664693884769103,GRN,True,False
2010,VIC,230,Melbourne Ports,21599,DANBY,Michael David,3,ALP,Australian Labor Party,32391.0,84821.0,0.38187477157779326,ALP,True,False
2010,VIC,230,Melbourne Ports,20849,VEGA,Christian,4,ASXP,Australian Sex Party,1851.0,84821.0,0.021822426050152676,ASXP,False,False
2010,VIC,230,Melbourne Ports,21585,STORER,Gregory,5,SPA,Secular Party of Australia,362.0,84821.0,0.004267811037361031,SPA,False,False
2010,VIC,230,Melbourne Ports,21615,EMMERSON,Daniel,6,FFP,Family First,632.0,84821.0,0.007450985015503236,FFP,False,False
2010,VIC,229,Menzies,21123,SMITHIES,Ken,1,FFP,Family First,2892.0,81913.0,0.03530575122385946,FFP,False,False
2010,VIC,229,Menzies,21173,PADGHAM,Chris,2,GRN,Australian Greens,8802.0,81913.0,0.1074554710485515,GRN,True,False
2010,VIC,229,Menzies,21103,ANDREWS,Kevin,3,LP,Liberal,43932.0,81913.0,0.5363251254379646,LP,True,False
2010,VIC,229,Menzies,21119,BANERJI,Joy,4,ALP,Australian Labor Party,26287.0,81913.0,0.3209136522896244,ALP,True,False
2010,VIC,231,Murray,21059,STONE,Sharman,1,LP,Liberal,52337.0,80548.0,0.6497616328152158,LP,True,False
2010,VIC,231,Murray,21082,CLARKE-HANNAFORD,William,2,SPA,Secular Party of Australia,380.0,80548.0,0.00471768386552118,SPA,False,False
2010,VIC,231,Murray,20760,DAVY,Jeff,3,CEC,Citizens Electoral Council,493.0,80548.0,0.006120574067636689,CEC,False,False
2010,VIC,231,Murray,21091,MORTENSEN,Hugh,4,ALP,Australian Labor Party,18842.0,80548.0,0.23392262998460545,ALP,True,False
2010,VIC,231,Murray,21099,MOORE,Serena,5,FFP,Family First,2958.0,80548.0,0.036723444405820135,FFP,False,False
2010,VIC,231,Murray,21930,McDONALD,Ewan,6,CDP,Christian Democratic Party,632.0,80548.0,0.007846253165814172,CDP,False,False
2010,VIC,231,Murray,21175,CHRISTOE,Ian,7,GRN,Australian Greens,4906.0,80548.0,0.060907781695386604,GRN,True,False
2010,VIC,232,Scullin,21096,STRATOV,Ivan,1,FFP,Family First,4226.0,79380.0,0.05323759133282943,FFP,False,False
2010,VIC,232,Scullin,21077,JENKINS,Harry,2,ALP,Australian Labor Party,49310.0,79380.0,0.6211892164273116,ALP,True,False
2010,VIC,232,Scullin,21183,SEKHON,Gurm,3,GRN,Australian Greens,6702.0,79380.0,0.08442932728647014,GRN,True,False
2010,VIC,232,Scullin,21062,WILLIAMS,Max,4,LP,Liberal,19142.0,79380.0,0.24114386495338877,LP,True,False
2010,VIC,233,Wannon,21810,PURCELL,James,1,IND,Independent,4652.0,83251.0,0.05587920865815425,IND,False,True
2010,VIC,233,Wannon,21669,LEUTTON,Ralph,2,IND,Independent,2582.0,83251.0,0.031014642466757156,IND,False,True
2010,VIC,233,Wannon,21063,TEHAN,Dan,3,LP,Liberal,38813.0,83251.0,0.4662166220225583,LP,True,False
2010,VIC,233,Wannon,21960,MARSH,Allan,4,IND,Independent,1080.0,83251.0,0.012972817143337617,IND,False,True
2010,VIC,233,Wannon,21070,McNAMARA,Judith,5,ALP,Australian Labor Party,24502.0,83251.0,0.29431478300560954,ALP,True,False
2010,VIC,233,Wannon,21080,CONCEPCION,Jahzeel,6,FFP,Family First,1795.0,83251.0,0.021561302566936134,FFP,False,False
2010,VIC,233,Wannon,21436,OWEN,Lisa,7,GRN,Australian Greens,5016.0,83251.0,0.060251528510168045,GRN,True,False
2010,VIC,233,Wannon,21376,O'BRIEN,Robert,8,IND,Independent,745.0,83251.0,0.008948841455357893,IND,False,True
2010,VIC,233,Wannon,20940,RAINSFORD,Katrina,9,IND,Independent,4066.0,83251.0,0.04884025417112107,IND,False,True
2010,VIC,234,Wills,21060,TOMISICH,Claude,1,LP,Liberal,20080.0,84388.0,0.23794852348675166,LP,True,False
2010,VIC,234,Wills,21073,THOMSON,Kelvin,2,ALP,Australian Labor Party,43718.0,84388.0,0.5180594397307674,ALP,True,False
2010,VIC,234,Wills,21142,MUMBY,Daniel,3,FFP,Family First,1320.0,84388.0,0.01564203441247571,FFP,False,False
2010,VIC,234,Wills,20762,ISHERWOOD,Craig,4,CEC,Citizens Electoral Council,429.0,84388.0,0.005083661184054605,CEC,False,False
2010,VIC,234,Wills,21220,HAWKINS,Trent,5,SAL,Socialist Alliance,726.0,84388.0,0.00860311892686164,SAL,False,False
2010,VIC,234,Wills,21144,ROBERTON,Paul Richard,6,DEM,Australian Democrats,734.0,84388.0,0.008697919135422097,DEM,False,False
2010,VIC,234,Wills,21184,RILEY,Mark,7,GRN,Australian Greens,17381.0,84388.0,0.20596530312366687,GRN,True,False
2010,WA,235,Brand,20799,JECKS,Dawn,1,GRN,The Greens,11504.0,78028.0,0.14743425437022606,GRN,True,False
2010,WA,235,Brand,20857,GORDIN,Donna,2,LP,Liberal,30731.0,78028.0,0.3938457989439688,LP,True,False
2010,WA,235,Brand,21242,BURDETT,Robert,3,CDP,Christian Democratic Party,1771.0,78028.0,0.02269698057107705,CDP,False,False
2010,WA,235,Brand,21275,NEWHOUSE,Andrew,4,FFP,Family First,2190.0,78028.0,0.02806684779822628,FFP,False,False
2010,WA,235,Brand,20909,GRAY,Gary,5,ALP,Australian Labor Party,31832.0,78028.0,0.40795611831650175,ALP,True,False
2010,WA,236,Canning,20913,MacTIERNAN,Alannah,1,ALP,Australian Labor Party,32330.0,80121.0,0.4035146840403889,ALP,True,False
2010,WA,236,Canning,20865,RANDALL,Don,2,LP,Liberal,36999.0,80121.0,0.46178904407084287,LP,True,False
2010,WA,236,Canning,21308,VERNEDE,Darren,3,FFP,Family First,1231.0,80121.0,0.015364261554398972,FFP,False,False
2010,WA,236,Canning,20806,HARDIE,Denise,4,GRN,The Greens,6645.0,80121.0,0.0829370577002284,GRN,True,False
2010,WA,236,Canning,21297,VAN BURGEL,Jamie,5,CDP,Christian Democratic Party,2470.0,80121.0,0.030828372087218083,CDP,False,False
2010,WA,236,Canning,20936,TUFFNELL,Ian,6,CEC,Citizens Electoral Council,446.0,80121.0,0.005566580546922779,CEC,False,False
2010,WA,237,Cowan,20783,PHILLIPS,Rob,1,GRN,The Greens,10033.0,80054.0,0.1253279036650261,GRN,True,False
2010,WA,237,Cowan,20895,HOPKINS,Chas,2,ALP,Australian Labor Party,25975.0,80054.0,0.32446848377345294,ALP,True,False
2010,WA,237,Cowan,21277,KINGSTON,David,3,CDP,Christian Democratic Party,2081.0,80054.0,0.025994953406450645,CDP,False,False
2010,WA,237,Cowan,20848,SIMPKINS,Luke,4,LP,Liberal,40077.0,80054.0,0.5006245784095735,LP,True,False
2010,WA,237,Cowan,21286,LEACH,Alan,5,FFP,Family First,1888.0,80054.0,0.02358408074549679,FFP,False,False
2010,WA,238,Curtin,20851,BISHOP,Julie,1,LP,Liberal,50024.0,81827.0,0.6113385557334376,LP,True,False
2010,WA,238,Curtin,20789,CRISP,George,2,GRN,The Greens,14498.0,81827.0,0.17717868185317803,GRN,True,False
2010,WA,238,Curtin,20933,VAN DER MERWE,Sophie,3,ALP,Australian Labor Party,15771.0,81827.0,0.19273589402031113,ALP,True,False
2010,WA,238,Curtin,21240,SEYMOUR,Pat,4,CDP,Christian Democratic Party,1534.0,81827.0,0.018746868393073192,CDP,False,False
2010,WA,312,Durack,20970,CRAIGIE,Lynne,1,NP,The Nationals,12742.0,71998.0,0.17697713825384037,NP,True,False
2010,WA,312,Durack,20866,HAASE,Barry,2,LP,Liberal,32446.0,71998.0,0.45065140698352735,LP,True,False
2010,WA,312,Durack,20964,HILL,Shane,3,ALP,Australian Labor Party,17299.0,71998.0,0.24027056307119643,ALP,True,False
2010,WA,312,Durack,21390,FORSYTH,Mac,4,CDP,Christian Democratic Party,1121.0,71998.0,0.015569876941026139,CDP,False,False
2010,WA,312,Durack,20800,MATHESON,Julie,5,GRN,The Greens,6661.0,71998.0,0.09251645879052196,GRN,True,False
2010,WA,312,Durack,21374,FOREMAN,Jane,6,FFP,Family First,1729.0,71998.0,0.024014555959887773,FFP,False,False
2010,WA,239,Forrest,20790,PETERSEN,Luke,1,GRN,The Greens,10863.0,80600.0,0.13477667493796527,GRN,True,False
2010,WA,239,Forrest,20916,JARVIS,Jackie,2,ALP,Australian Labor Party,22724.0,80600.0,0.28193548387096773,ALP,True,False
2010,WA,239,Forrest,20855,MARINO,Nola,3,LP,Liberal,39460.0,80600.0,0.48957816377171215,LP,True,False
2010,WA,239,Forrest,21249,HERRIDGE,Lee,4,CDP,Christian Democratic Party,1158.0,80600.0,0.014367245657568238,CDP,False,False
2010,WA,239,Forrest,21288,CUSTERS,Bev,5,FFP,Family First,1573.0,80600.0,0.019516129032258064,FFP,False,False
2010,WA,239,Forrest,21090,HILL,Cale John,6,NP,The Nationals,4822.0,80600.0,0.05982630272952853,NP,True,False
2010,WA,240,Fremantle,20856,TAYLOR,Matt,1,LP,Liberal,31755.0,82336.0,0.3856757675864749,LP,True,False
2010,WA,240,Fremantle,20786,DAVIS,Kate,2,GRN,The Greens,14531.0,82336.0,0.1764841624562767,GRN,True,False
2010,WA,240,Fremantle,21263,PARSONS,Larry,3,FFP,Family First,1409.0,82336.0,0.017112806062961523,FFP,False,False
2010,WA,240,Fremantle,21223,ROBERTSON,Scott James,4,CDP,Christian Democratic Party,1294.0,82336.0,0.015716090167120094,CDP,False,False
2010,WA,240,Fremantle,20885,PARKE,Melissa,5,ALP,Australian Labor Party,32063.0,82336.0,0.3894165371162068,ALP,True,False
2010,WA,240,Fremantle,21990,McENCROE,Keith John,6,DLP,D.L.P. - Democratic Labor Party,622.0,82336.0,0.007554411193159736,DLP,False,False
2010,WA,240,Fremantle,21187,ANDREW,Sanna,7,SAL,Socialist Alliance,662.0,82336.0,0.008040225417800233,SAL,False,False
2010,WA,305,Hasluck,20793,SMITH,Glenice,1,GRN,The Greens,10539.0,82496.0,0.12775164856477889,GRN,True,False
2010,WA,305,Hasluck,21940,MIDDLETON,Andrew Charles,2,TCS,The Climate Sceptics,539.0,82496.0,0.006533650116369278,TCS,False,False
2010,WA,305,Hasluck,21254,BREWER,Linda E,3,CDP,Christian Democratic Party,2505.0,82496.0,0.03036510861132661,CDP,False,False
2010,WA,305,Hasluck,21265,McCOURT,Jim,4,FFP,Family First,1861.0,82496.0,0.02255866951124903,FFP,False,False
2010,WA,305,Hasluck,20876,WYATT,Ken,5,LP,Liberal,34638.0,82496.0,0.41987490302560126,LP,True,False
2010,WA,305,Hasluck,20892,JACKSON,Sharryn,6,ALP,Australian Labor Party,30957.0,82496.0,0.37525455779674166,ALP,True,False
2010,WA,305,Hasluck,21988,HENRY,Dot,7,IND,Independent,1457.0,82496.0,0.017661462373933283,IND,False,True
2010,WA,242,Moore,21848,GAULT,George,1,ON,One Nation,1471.0,82203.0,0.01789472403683564,ON,False,False
2010,WA,242,Moore,20854,WASHER,Mal,2,LP,Liberal,44518.0,82203.0,0.5415617434886805,LP,True,False
2010,WA,242,Moore,21237,BIRCH,Meg,3,CDP,Christian Democratic Party,1804.0,82203.0,0.021945671082563897,CDP,False,False
2010,WA,242,Moore,21264,BARRETT,Paul,4,FFP,Family First,1573.0,82203.0,0.019135554663455106,FFP,False,False
2010,WA,242,Moore,20787,YOUNG,Sheridan,5,GRN,The Greens,11159.0,82203.0,0.1357493035533983,GRN,True,False
2010,WA,242,Moore,20890,BROWN,Jeremy,6,ALP,Australian Labor Party,21678.0,82203.0,0.26371300317506663,ALP,True,False
2010,WA,243,O'Connor,20796,HUNTLEY,Andy,1,GRN,The Greens,7232.0,81584.0,0.08864483232006276,GRN,True,False
2010,WA,243,O'Connor,20925,ROBINSON,Jean,2,CEC,Citizens Electoral Council,375.0,81584.0,0.004596489507746617,CEC,False,False
2010,WA,243,O'Connor,20880,TUCKEY,Wilson,3,LP,Liberal,31294.0,81584.0,0.38358011374779366,LP,True,False
2010,WA,243,O'Connor,21313,SCALLAN,Pat,4,FFP,Family First,1164.0,81584.0,0.0142675034320455,FFP,False,False
2010,WA,243,O'Connor,21296,YOUNG,Jacky,5,CDP,Christian Democratic Party,2221.0,81584.0,0.027223475191213965,CDP,False,False
2010,WA,243,O'Connor,21139,CROOK,Tony,6,NP,The Nationals,23538.0,81584.0,0.28851245342223963,NP,True,False
2010,WA,243,O'Connor,21981,STOKES,Geoffrey,7,IND,Independent,1298.0,81584.0,0.01590998234948029,IND,False,True
2010,WA,243,O'Connor,20917,BISHOP,Ian,8,ALP,Australian Labor Party,13962.0,81584.0,0.17113649735242203,ALP,True,False
2010,WA,243,O'Connor,20767,SMITHSON,Neil Ramsay,9,IND,Independent,500.0,81584.0,0.006128652676995489,IND,False,True
2010,WA,244,Pearce,20894,LEADBETTER,Bill,1,ALP,Australian Labor Party,23214.0,78641.0,0.2951895321778716,ALP,True,False
2010,WA,244,Pearce,20861,MOYLAN,Judi,2,LP,Liberal,39248.0,78641.0,0.49907808903752493,LP,True,False
2010,WA,244,Pearce,20934,PEPPER,Chris,3,CEC,Citizens Electoral Council,456.0,78641.0,0.005798502053636144,CEC,False,False
2010,WA,244,Pearce,20975,MOIR,Darren Gregory,4,NP,The Nationals,1999.0,78641.0,0.0254193105377602,NP,True,False
2010,WA,244,Pearce,20794,WARDEN,Toni,5,GRN,The Greens,10414.0,78641.0,0.132424562251243,GRN,True,False
2010,WA,244,Pearce,21267,ROSE,Ian,6,FFP,Family First,1619.0,78641.0,0.020587225493063414,FFP,False,False
2010,WA,244,Pearce,21252,BROADSTOCK,Janet Elizabeth,7,CDP,Christian Democratic Party,1691.0,78641.0,0.0215027784489007,CDP,False,False
2010,WA,245,Perth,20792,HALLETT,Jonathan,1,GRN,The Greens,12948.0,80194.0,0.16145846322667531,GRN,True,False
2010,WA,245,Perth,21241,CONNELLY,Paul Michael,2,CDP,Christian Democratic Party,2093.0,80194.0,0.02609920941716338,CDP,False,False
2010,WA,245,Perth,20904,SMITH,Stephen Francis,3,ALP,Australian Labor Party,32228.0,80194.0,0.40187545202883007,ALP,True,False
2010,WA,245,Perth,21278,IRVINE,Nigel Peter,4,FFP,Family First,1243.0,80194.0,0.01549991271167419,FFP,False,False
2010,WA,245,Perth,21179,BAINBRIDGE,Alex,5,SAL,Socialist Alliance,618.0,80194.0,0.00770631219293214,SAL,False,False
2010,WA,245,Perth,20878,FERRANTE,Joe,6,LP,Liberal,31064.0,80194.0,0.3873606504227249,LP,True,False
2010,WA,246,Stirling,20807,MARTIN,Chris,1,GRN,The Greens,10399.0,80607.0,0.12900864689170916,GRN,True,False
2010,WA,246,Stirling,20952,DURACK,Louise,2,ALP,Australian Labor Party,25688.0,80607.0,0.3186820003225526,ALP,True,False
2010,WA,246,Stirling,21979,RE,Elizabeth,3,IND,Independent,1824.0,80607.0,0.02262830771521084,IND,False,True
2010,WA,246,Stirling,21247,WHATELY,Jenny,4,CDP,Christian Democratic Party,1630.0,80607.0,0.020221568846378105,CDP,False,False
2010,WA,246,Stirling,21269,CLIFFORD,Peter,5,FFP,Family First,838.0,80607.0,0.010396119443720769,FFP,False,False
2010,WA,246,Stirling,20868,KEENAN,Michael,6,LP,Liberal,40228.0,80607.0,0.4990633567804285,LP,True,False
2010,WA,247,Swan,20889,HAMMOND,Tim,1,ALP,Australian Labor Party,28023.0,79439.0,0.35276123818275656,ALP,True,False
2010,WA,247,Swan,20727,LOPEZ,Joe,2,SEP,Socialist Equality Party,398.0,79439.0,0.005010133561600725,SEP,False,False
2010,WA,247,Swan,20791,LEIGHTON,Rebecca,3,GRN,The Greens,9380.0,79439.0,0.11807802213018795,GRN,True,False
2010,WA,247,Swan,21250,KLOMP,Steve,4,CDP,Christian Democratic Party,1646.0,79439.0,0.020720301111544707,CDP,False,False
2010,WA,247,Swan,21280,DRENNAN,Barry,5,FFP,Family First,981.0,79439.0,0.01234909805007616,FFP,False,False
2010,WA,247,Swan,20883,IRONS,Steve,6,LP,Liberal,36951.0,79439.0,0.465149359886202,LP,True,False
2010,WA,247,Swan,21405,TREASURE,Bret,7,ASXP,Australian Sex Party,2060.0,79439.0,0.025931847077631895,ASXP,False,False
2010,WA,248,Tangney,20788,BEST,Peter,1,GRN,The Greens,11311.0,83873.0,0.13485865534796657,GRN,True,False
2010,WA,248,Tangney,20893,DOEPEL,David,2,ALP,Australian Labor Party,21637.0,83873.0,0.2579733644915527,ALP,True,False
2010,WA,248,Tangney,21282,RAPP,Moyna,3,FFP,Family First,1399.0,83873.0,0.016679980446627638,FFP,False,False
2010,WA,248,Tangney,20859,JENSEN,Dennis,4,LP,Liberal,46712.0,83873.0,0.5569372742122017,LP,True,False
2010,WA,248,Tangney,21239,CHEW,Ka-ren,5,CDP,Christian Democratic Party,2814.0,83873.0,0.03355072550165131,CDP,False,False
2013,ACT,101,Canberra,24857,SEFTON,Tom,1,LP,Liberal,43919.0,115968.0,0.3787165424944812,LP,True,False
2013,ACT,101,Canberra,24895,MELROSE,Julie,2,GRN,Australian Greens,14691.0,115968.0,0.12668149834437087,GRN,True,False
2013,ACT,101,Canberra,24239,HANLEY,Tony,3,PUP,Palmer United Party,3725.0,115968.0,0.03212092991169978,UAPP,False,False
2013,ACT,101,Canberra,24118,MAHER,Damien,4,BTA,Bullet Train For Australia,4756.0,115968.0,0.04101131346578366,BTA,False,False
2013,ACT,101,Canberra,24122,BRODTMANN,Gai,5,ALP,Australian Labor Party,47613.0,115968.0,0.4105701572847682,ALP,True,False
2013,ACT,101,Canberra,24238,BURT,Nicolle,6,SPA,Secular Party of Australia,1264.0,115968.0,0.010899558498896247,SPA,False,False
2013,ACT,102,Fraser,24908,CHURCHILL,Darren Mark,1,DEM,Australian Democrats,2444.0,125535.0,0.019468674074959176,DEM,False,False
2013,ACT,102,Fraser,24865,LEE,Elizabeth,2,LP,Liberal,39693.0,125535.0,0.31619070378778824,LP,True,False
2013,ACT,102,Fraser,24147,LEIGH,Andrew,3,ALP,Australian Labor Party,56063.0,125535.0,0.446592583741586,ALP,True,False
2013,ACT,102,Fraser,24246,ALCAZAR,Freddy Alejandro,4,PUP,Palmer United Party,3063.0,125535.0,0.024399569841080177,UAPP,False,False
2013,ACT,102,Fraser,24251,ROSS,Jill Elizabeth,5,RUA,Rise Up Australia Party,1508.0,125535.0,0.012012586131357788,RUA,False,False
2013,ACT,102,Fraser,24135,HUGGINS,Sam,6,BTA,Bullet Train For Australia,5099.0,125535.0,0.040618154299597725,BTA,False,False
2013,ACT,102,Fraser,24890,VERWEY,Adam,7,GRN,Australian Greens,17665.0,125535.0,0.14071772812363087,GRN,True,False
2013,NSW,103,Banks,24568,MELHAM,Daryl,1,ALP,Labor,34835.0,84875.0,0.4104270986745214,ALP,True,False
2013,NSW,103,Banks,24115,WELLHAM,Jake John,2,PUP,Palmer United Party,2125.0,84875.0,0.025036818851251842,UAPP,False,False
2013,NSW,103,Banks,24777,KHEDR,Sayed,3,IND,Independent,768.0,84875.0,0.00904860088365243,IND,False,True
2013,NSW,103,Banks,24607,RICHARDSON,Ross,4,KAP,Katter's Australian Party,553.0,84875.0,0.006515463917525773,KAP,False,False
2013,NSW,103,Banks,23257,SPIGHT,Paul,5,GRN,The Greens,4242.0,84875.0,0.04997938144329897,GRN,True,False
2013,NSW,103,Banks,24575,FALANGA,Mark,6,CDP,Christian Democratic Party (Fred Nile Group),1983.0,84875.0,0.023363770250368187,CDP,False,False
2013,NSW,103,Banks,23964,HADDAD,Robert Michael,7,DLP,Democratic Labour Party (DLP),470.0,84875.0,0.005537555228276878,DLP,False,False
2013,NSW,103,Banks,23182,COLEMAN,David,8,LP,Liberal,39899.0,84875.0,0.47009131075110455,LP,True,False
2013,NSW,104,Barton,24129,CARUANA,Edward,1,PUP,Palmer United Party,3114.0,80001.0,0.03892451344358196,UAPP,False,False
2013,NSW,104,Barton,23183,VARVARIS,Nickolas,2,LP,Liberal,33881.0,80001.0,0.423507206159923,LP,True,False
2013,NSW,104,Barton,24923,NAGI,Michael,3,IND,Independent,3071.0,80001.0,0.03838702016224797,IND,False,True
2013,NSW,104,Barton,24555,THEO,Perry,4,ON,One Nation,686.0,80001.0,0.008574892813839828,ON,False,False
2013,NSW,104,Barton,24550,McMAHON,Steve,5,ALP,Labor,32345.0,80001.0,0.40430744615692304,ALP,True,False
2013,NSW,104,Barton,24554,FRENCH,Kylie Mary,6,CDP,Christian Democratic Party (Fred Nile Group),1549.0,80001.0,0.019362257971775352,CDP,False,False
2013,NSW,104,Barton,23220,BROOKER,Jackie,7,GRN,The Greens,4788.0,80001.0,0.059849251884351445,GRN,True,False
2013,NSW,104,Barton,24559,WYSE,Rodney Tim,8,KAP,Katter's Australian Party,567.0,80001.0,0.007087411407357408,KAP,False,False
2013,NSW,105,Bennelong,23256,PETERS,Lindsay,1,GRN,The Greens,7454.0,88522.0,0.08420505637016787,GRN,True,False
2013,NSW,105,Bennelong,24738,LI,Jason Yat-Sen,2,ALP,Labor,28726.0,88522.0,0.3245069022389914,ALP,True,False
2013,NSW,105,Bennelong,24757,WORSLEY,Julie,3,CDP,Christian Democratic Party (Fred Nile Group),2135.0,88522.0,0.024118298276134747,CDP,False,False
2013,NSW,105,Bennelong,24119,MARKS,Robert James,4,PUP,Palmer United Party,1589.0,88522.0,0.0179503400284675,UAPP,False,False
2013,NSW,105,Bennelong,24094,McCAFFREY,Lachlan Patrick,5,DLP,Democratic Labour Party (DLP),617.0,88522.0,0.006970018752400533,DLP,False,False
2013,NSW,105,Bennelong,23197,ALEXANDER,John,6,LP,Liberal,46907.0,88522.0,0.529890874584849,LP,True,False
2013,NSW,105,Bennelong,24715,AUGUST,John,7,SPA,Secular Party of Australia,602.0,88522.0,0.006800569349992092,SPA,False,False
2013,NSW,105,Bennelong,24778,WATERSON,Victor,8,AFN,Australia First Party,492.0,88522.0,0.00555794039899686,AFN,False,False
2013,NSW,106,Berowra,17744,GALLAGHER,Mick,1,IND,Independent,3374.0,86647.0,0.03893960552586933,IND,False,True
2013,NSW,106,Berowra,24589,THEW,Leighton,2,CDP,Christian Democratic Party (Fred Nile Group),2135.0,86647.0,0.02464020681616213,CDP,False,False
2013,NSW,106,Berowra,23175,STOREY,John,3,GRN,The Greens,8684.0,86647.0,0.10022274285318591,GRN,True,False
2013,NSW,106,Berowra,23168,SMYTHE,Deborah,4,SPP,Stable Population Party,492.0,86647.0,0.005678211594169446,SPP,False,False
2013,NSW,106,Berowra,23203,RUDDOCK,Philip,5,LP,Liberal,53236.0,86647.0,0.6144009602178956,LP,True,False
2013,NSW,106,Berowra,24164,GRAVES,Paul Frederick,6,PUP,Palmer United Party,2324.0,86647.0,0.026821471026117465,UAPP,False,False
2013,NSW,106,Berowra,24544,STOVE,Michael Joseph,7,ALP,Labor,16402.0,86647.0,0.18929680196660012,ALP,True,False
2013,NSW,107,Blaxland,24541,TALEB,Nafez,1,KAP,Katter's Australian Party,1921.0,78177.0,0.024572444580886962,KAP,False,False
2013,NSW,107,Blaxland,23213,KHOURI,Anthony,2,LP,Liberal,25579.0,78177.0,0.32719342005960833,LP,True,False
2013,NSW,107,Blaxland,24128,BURROWS,Zali,3,PUP,Palmer United Party,2119.0,78177.0,0.02710515880629853,UAPP,False,False
2013,NSW,107,Blaxland,24623,CLARE,Jason,4,ALP,Labor,43568.0,78177.0,0.55729946147844,ALP,True,False
2013,NSW,107,Blaxland,24537,NASR,Juliat,5,CDP,Christian Democratic Party (Fred Nile Group),1757.0,78177.0,0.022474640879030918,CDP,False,False
2013,NSW,107,Blaxland,24329,KY,John,6,GRN,The Greens,2416.0,78177.0,0.030904230144415876,GRN,True,False
2013,NSW,107,Blaxland,24348,ZALLOUA,Boutros,7,DLP,Democratic Labour Party (DLP),817.0,78177.0,0.010450644051319442,DLP,False,False
2013,NSW,108,Bradfield,24211,BUCHANAN,Blake,1,PUP,Palmer United Party,2366.0,88684.0,0.026678995083667854,UAPP,False,False
2013,NSW,108,Bradfield,24065,HARROLD,Paul,2,DLP,Democratic Labour Party (DLP),992.0,88684.0,0.011185783230345947,DLP,False,False
2013,NSW,108,Bradfield,24569,ARCHER,John,3,CDP,Christian Democratic Party (Fred Nile Group),1671.0,88684.0,0.018842181227729918,CDP,False,False
2013,NSW,108,Bradfield,24551,HAVILAND,Chris,4,ALP,Labor,14720.0,88684.0,0.16598258986964953,ALP,True,False
2013,NSW,108,Bradfield,23200,FLETCHER,Paul,5,LP,Liberal,57506.0,88684.0,0.6484371476252763,LP,True,False
2013,NSW,108,Bradfield,23308,McINNES,Pippa,6,GRN,The Greens,11429.0,88684.0,0.12887330296333047,GRN,True,False
2013,NSW,109,Calare,23245,COBB,John,1,NP,The Nationals,52650.0,91323.0,0.5765250813048192,NP,True,False
2013,NSW,109,Calare,24662,KIRKLAND,Billie,2,KAP,Katter's Australian Party,1293.0,91323.0,0.01415853618475083,KAP,False,False
2013,NSW,109,Calare,24626,LYONS,Ian Scott,3,CDP,Christian Democratic Party (Fred Nile Group),1628.0,91323.0,0.01782683442287266,CDP,False,False
2013,NSW,109,Calare,24593,JENNINGS,Jess,4,ALP,Labor,23185.0,91323.0,0.2538790885100139,ALP,True,False
2013,NSW,109,Calare,21725,ROSS,Macgregor,5,IND,Independent,2388.0,91323.0,0.02614894385861174,IND,False,True
2013,NSW,109,Calare,24137,CAIN,Brian Eric,6,PUP,Palmer United Party,4356.0,91323.0,0.047698827239578204,UAPP,False,False
2013,NSW,109,Calare,23346,MALLARD,David,7,GRN,The Greens,4054.0,91323.0,0.044391883753271355,GRN,True,False
2013,NSW,109,Calare,24087,CRAIG,Anthony Gerard,8,DLP,Democratic Labour Party (DLP),759.0,91323.0,0.008311159291744686,DLP,False,False
2013,NSW,109,Calare,24669,SCHULTZE,Peter,9,AFN,Australia First Party,1010.0,91323.0,0.011059645434337462,AFN,False,False
2013,NSW,110,Charlton,24657,CONROY,Pat,1,ALP,Labor,40125.0,86400.0,0.4644097222222222,ALP,True,False
2013,NSW,110,Charlton,23196,BAKER,Kevin,2,LP,Liberal,24646.0,86400.0,0.2852546296296296,LP,True,False
2013,NSW,110,Charlton,24673,CAMILLERI,Steve,3,CDP,Christian Democratic Party (Fred Nile Group),2671.0,86400.0,0.030914351851851853,CDP,False,False
2013,NSW,110,Charlton,23680,KOCHER,Dessie,4,GRN,The Greens,5820.0,86400.0,0.06736111111111111,GRN,True,False
2013,NSW,110,Charlton,24685,BURSTON,Brian,5,ON,One Nation,2266.0,86400.0,0.026226851851851852,ON,False,False
2013,NSW,110,Charlton,24141,REID,Bronwyn Elizabeth,6,PUP,Palmer United Party,9412.0,86400.0,0.10893518518518519,UAPP,False,False
2013,NSW,110,Charlton,24691,ANTHONEY,Trevor,7,BTA,Bullet Train For Australia,1460.0,86400.0,0.016898148148148148,BTA,False,False
2013,NSW,111,Chifley,24190,KHAN,Ammar,1,IND,Independent,1749.0,82301.0,0.021251260616517418,IND,False,True
2013,NSW,111,Chifley,24631,HUSIC,Ed,2,ALP,Labor,43044.0,82301.0,0.5230070108504149,ALP,True,False
2013,NSW,111,Chifley,23215,WHITE,Isabelle,3,LP,Liberal,26479.0,82301.0,0.32173363628631485,LP,True,False
2013,NSW,111,Chifley,24106,WRIGHT,Michael,4,DLP,Democratic Labour Party (DLP),810.0,82301.0,0.009841921726345975,DLP,False,False
2013,NSW,111,Chifley,24674,VINCENT,Dave,5,CDP,Christian Democratic Party (Fred Nile Group),2862.0,82301.0,0.03477479009975577,CDP,False,False
2013,NSW,111,Chifley,24766,NORWICK,Alex,6,AFN,Australia First Party,396.0,82301.0,0.004811606177324699,AFN,False,False
2013,NSW,111,Chifley,24439,HAMMOND,Ben,7,GRN,The Greens,2198.0,82301.0,0.02670684438828204,GRN,True,False
2013,NSW,111,Chifley,24763,POWER,Elizabeth May,8,ON,One Nation,1402.0,82301.0,0.0170350299510334,ON,False,False
2013,NSW,111,Chifley,24273,BUTTEL,Christopher Ernest,9,PUP,Palmer United Party,3361.0,82301.0,0.040837899904010884,UAPP,False,False
2013,NSW,112,Cook,24602,SCAYSBROOK,Peter William,1,ALP,Labor,22850.0,92299.0,0.24756497903552585,ALP,True,False
2013,NSW,112,Cook,24136,PALISE,Matthew Gary,2,PUP,Palmer United Party,3765.0,92299.0,0.04079134118462822,UAPP,False,False
2013,NSW,112,Cook,24617,SMITH,Beth,3,CDP,Christian Democratic Party (Fred Nile Group),1981.0,92299.0,0.021462854418791102,CDP,False,False
2013,NSW,112,Cook,24618,SALEAM,Jim,4,AFN,Australia First Party,617.0,92299.0,0.006684796151637613,AFN,False,False
2013,NSW,112,Cook,24642,COX,Mithra,5,GRN,The Greens,6058.0,92299.0,0.06563451391672716,GRN,True,False
2013,NSW,112,Cook,23219,MORRISON,Scott,6,LP,Liberal,55707.0,92299.0,0.6035493342289733,LP,True,False
2013,NSW,112,Cook,12125,STRANG,Graeme,7,IND,Independent,1321.0,92299.0,0.014312181063716834,IND,False,True
2013,NSW,113,Cowper,23327,VERNON,Carol,1,GRN,The Greens,10685.0,86378.0,0.12370047928870777,GRN,True,False
2013,NSW,113,Cowper,24622,McALPINE,Bethany,2,CDP,Christian Democratic Party (Fred Nile Group),2224.0,86378.0,0.025747296765380075,CDP,False,False
2013,NSW,113,Cowper,23249,HARTSUYKER,Luke,3,NP,The Nationals,45820.0,86378.0,0.5304591446896201,NP,True,False
2013,NSW,113,Cowper,24182,JEANNERET,Rodney Norman,4,PUP,Palmer United Party,5739.0,86378.0,0.06644052883836161,UAPP,False,False
2013,NSW,113,Cowper,24594,NAVARRO,Alfredo,5,CLR,Country Labor,21910.0,86378.0,0.2536525504179305,CLR,False,False
2013,NSW,114,Cunningham,23188,CLIFFORD,Philip,1,LP,Liberal,30685.0,91177.0,0.3365432071684745,LP,True,False
2013,NSW,114,Cunningham,24153,ATLEE,Christopher James,2,PUP,Palmer United Party,4253.0,91177.0,0.046645535606567444,UAPP,False,False
2013,NSW,114,Cunningham,23258,WILSON,Helen,3,GRN,The Greens,10730.0,91177.0,0.11768318764600721,GRN,True,False
2013,NSW,114,Cunningham,24615,GEORGE,Rob,4,CDP,Christian Democratic Party (Fred Nile Group),2204.0,91177.0,0.02417276286782851,CDP,False,False
2013,NSW,114,Cunningham,24668,BIRD,Sharon,5,ALP,Labor,41522.0,91177.0,0.4553999363874661,ALP,True,False
2013,NSW,114,Cunningham,24627,BURSILL,John Leslie,6,KAP,Katter's Australian Party,886.0,91177.0,0.009717362931441043,KAP,False,False
2013,NSW,114,Cunningham,23156,FLANAGAN,John,7,NCP,Non-Custodial Parents Party (Equal Parenting),897.0,91177.0,0.009838007392215142,NCP,True,False
2013,NSW,115,Dobell,23373,OWEN,Greg,1,CEC,Citizens Electoral Council,711.0,86140.0,0.00825400510796378,CEC,False,False
2013,NSW,115,Dobell,21273,THOMSON,Craig,2,IND,Independent,3444.0,86140.0,0.039981425586254934,IND,False,True
2013,NSW,115,Dobell,24573,KUNDE,Christian,3,BTA,Bullet Train For Australia,622.0,86140.0,0.007220803343394474,BTA,False,False
2013,NSW,115,Dobell,24570,McBRIDE,Emma,4,ALP,Labor,30248.0,86140.0,0.35114929185047594,ALP,True,False
2013,NSW,115,Dobell,24791,BRACKEN,Nathan,5,IND,Independent,7090.0,86140.0,0.08230787090782447,IND,False,True
2013,NSW,115,Dobell,24186,McGILL,Kate Angelique,6,PUP,Palmer United Party,2920.0,86140.0,0.03389830508474576,UAPP,False,False
2013,NSW,115,Dobell,24576,ERVIN,Hadden,7,CDP,Christian Democratic Party (Fred Nile Group),1250.0,86140.0,0.014511260738332947,CDP,False,False
2013,NSW,115,Dobell,23243,McNAMARA,Karen,8,LP,Liberal,35617.0,86140.0,0.41347805897376366,LP,True,False
2013,NSW,115,Dobell,23244,WYNN,Sue,9,GRN,The Greens,4238.0,86140.0,0.04919897840724402,GRN,True,False
2013,NSW,117,Eden-Monaro,23189,HENDY,Peter,1,LP,Liberal,40431.0,89313.0,0.4526888582849081,LP,True,False
2013,NSW,117,Eden-Monaro,23171,TYE,Martin,2,SPP,Stable Population Party,601.0,89313.0,0.0067291435737238696,SPP,False,False
2013,NSW,117,Eden-Monaro,24547,KELLY,Mike,3,ALP,Labor,34638.0,89313.0,0.38782708004433847,ALP,True,False
2013,NSW,117,Eden-Monaro,24255,LYNCH,Dean,4,PUP,Palmer United Party,4655.0,89313.0,0.052120072105964414,UAPP,False,False
2013,NSW,117,Eden-Monaro,23239,MOORE,Catherine,5,GRN,The Greens,6725.0,89313.0,0.07529698924008824,GRN,True,False
2013,NSW,117,Eden-Monaro,23410,GOUMAS,Costas,6,CEC,Citizens Electoral Council,179.0,89313.0,0.0020041875202937982,CEC,False,False
2013,NSW,117,Eden-Monaro,24751,THALER,Andrew,7,IND,Independent,1223.0,89313.0,0.013693415292286678,IND,False,True
2013,NSW,117,Eden-Monaro,24578,CATTON,Warren,8,CDP,Christian Democratic Party (Fred Nile Group),861.0,89313.0,0.009640253938396426,CDP,False,False
2013,NSW,118,Farrer,24689,DAVIS,Narelle,1,RUA,Rise Up Australia Party,1646.0,82996.0,0.01983228107378669,RUA,False,False
2013,NSW,118,Farrer,24229,CATTELL,Brendan,2,DLP,Democratic Labour Party (DLP),1509.0,82996.0,0.018181599113210274,DLP,False,False
2013,NSW,118,Farrer,24707,TREWIN,Ken,3,KAP,Katter's Australian Party,3091.0,82996.0,0.037242758687165645,KAP,False,False
2013,NSW,118,Farrer,23181,LEY,Sussan,4,LP,Liberal,47977.0,82996.0,0.578064003084486,LP,True,False
2013,NSW,118,Farrer,24237,EMMERTON,Ronald James,5,PUP,Palmer United Party,3392.0,82996.0,0.04086943949105981,UAPP,False,False
2013,NSW,118,Farrer,24524,HICKEY,Gavin,6,ALP,Labor,19708.0,82996.0,0.23745722685430623,ALP,True,False
2013,NSW,118,Farrer,24709,POWELL,Tracey,7,BTA,Bullet Train For Australia,1048.0,82996.0,0.012627114559737819,BTA,False,False
2013,NSW,118,Farrer,24704,HORWILL,Frank,8,CDP,Christian Democratic Party (Fred Nile Group),982.0,82996.0,0.011831895513036773,CDP,False,False
2013,NSW,118,Farrer,23238,SOBEY,Christina,9,GRN,The Greens,3643.0,82996.0,0.04389368162321076,GRN,True,False
2013,NSW,119,Fowler,24633,ATTIA,Matt,1,CDP,Christian Democratic Party (Fred Nile Group),3559.0,78628.0,0.04526377371928575,CDP,False,False
2013,NSW,119,Fowler,23236,SILAPHET,Benjamin,2,GRN,The Greens,2684.0,78628.0,0.03413542249580302,GRN,True,False
2013,NSW,119,Fowler,24591,McLEAN,Darren C,3,KAP,Katter's Australian Party,848.0,78628.0,0.010784962100015262,KAP,False,False
2013,NSW,119,Fowler,23240,NGUYEN,Andrew,4,LP,Liberal,21043.0,78628.0,0.26762730833799664,LP,True,False
2013,NSW,119,Fowler,24548,HAYES,Chris,5,ALP,Labor,47772.0,78628.0,0.607569822455105,ALP,True,False
2013,NSW,119,Fowler,24162,PASTOORS,Bradley Charles,6,PUP,Palmer United Party,2722.0,78628.0,0.034618710891794274,UAPP,False,False
2013,NSW,120,Gilmore,24639,RYAN,Steve,1,CDP,Christian Democratic Party (Fred Nile Group),3030.0,90709.0,0.03340352115005126,CDP,False,False
2013,NSW,120,Gilmore,24600,REILLY,Neil Ernest,2,ALP,Labor,31789.0,90709.0,0.35045034120098334,ALP,True,False
2013,NSW,120,Gilmore,23663,BARRATT,Terry,3,GRN,The Greens,8438.0,90709.0,0.09302274305746949,GRN,True,False
2013,NSW,120,Gilmore,24144,HARRIS,Lyndal Gai,4,PUP,Palmer United Party,5726.0,90709.0,0.06312493798851272,UAPP,False,False
2013,NSW,120,Gilmore,23190,SUDMALIS,Ann,5,LP,Liberal,41726.0,90709.0,0.45999845660298316,LP,True,False
2013,NSW,121,Grayndler,24695,GREEN,Joshua,1,CDP,Christian Democratic Party (Fred Nile Group),1828.0,89009.0,0.020537249042231684,CDP,False,False
2013,NSW,121,Grayndler,24718,SCULLY,Joel,2,BTA,Bullet Train For Australia,1171.0,89009.0,0.013155972991495242,BTA,False,False
2013,NSW,121,Grayndler,23192,SPENCER,Cedric,3,LP,Liberal,21981.0,89009.0,0.2469525553595704,LP,True,False
2013,NSW,121,Grayndler,23301,GREENLAND,Hall,4,GRN,The Greens,20498.0,89009.0,0.23029131885539664,GRN,True,False
2013,NSW,121,Grayndler,24207,BALASINGHAM,Mohanadas,5,PUP,Palmer United Party,1522.0,89009.0,0.01709939444325855,UAPP,False,False
2013,NSW,121,Grayndler,24610,ALBANESE,Anthony,6,ALP,Labor,42009.0,89009.0,0.4719635093080475,ALP,True,False
2013,NSW,122,Greenway,23185,DIAZ,Jaymes,1,LP,Liberal,34488.0,86141.0,0.40036684041281156,LP,True,False
2013,NSW,122,Greenway,24422,CAVANOUGH,Jamie,2,VCE,Australian Voice,545.0,86141.0,0.006326836233616977,VCE,False,False
2013,NSW,122,Greenway,24148,WOOTTON,Jodie Camille,3,PUP,Palmer United Party,3483.0,86141.0,0.0404337075260329,UAPP,False,False
2013,NSW,122,Greenway,24655,LILLICRAP,Tom,4,ASXP,Sex Party,1516.0,86141.0,0.01759905271589603,ASXP,False,False
2013,NSW,122,Greenway,24644,ROWLAND,Michelle,5,ALP,Labor,38319.0,86141.0,0.4448404360293008,ALP,True,False
2013,NSW,122,Greenway,24670,BELCASTRO,Anthony Gino,6,KAP,Katter's Australian Party,681.0,86141.0,0.007905643073565434,KAP,False,False
2013,NSW,122,Greenway,24658,GREEN,Allan,7,CDP,Christian Democratic Party (Fred Nile Group),3253.0,86141.0,0.037763666546708305,CDP,False,False
2013,NSW,122,Greenway,24187,BRENTIN,Chris,8,GRN,The Greens,3175.0,86141.0,0.03685817438850257,GRN,True,False
2013,NSW,122,Greenway,24648,NICHOLS,Maree,9,RUA,Rise Up Australia Party,681.0,86141.0,0.007905643073565434,RUA,False,False
2013,NSW,124,Hughes,24204,PETERS,John,1,PUP,Palmer United Party,5224.0,88575.0,0.05897826700536269,UAPP,False,False
2013,NSW,124,Hughes,24612,MEGARRITY,Alison Patricia,2,ALP,Labor,28406.0,88575.0,0.32069997177533166,ALP,True,False
2013,NSW,124,Hughes,24613,COLSELL,Peter M,3,CDP,Christian Democratic Party (Fred Nile Group),2561.0,88575.0,0.02891335026813435,CDP,False,False
2013,NSW,124,Hughes,23255,WESTERBERG,Signe,4,GRN,The Greens,3948.0,88575.0,0.04457239627434378,GRN,True,False
2013,NSW,124,Hughes,23198,KELLY,Craig,5,LP,Liberal,48436.0,88575.0,0.5468360146768275,LP,True,False
2013,NSW,125,Hume,23400,COSGROVE,Lindsay D,1,CEC,Citizens Electoral Council,1273.0,90994.0,0.013989933402202342,CEC,False,False
2013,NSW,125,Hume,24601,NICHOLSON,Bruce,2,KAP,Katter's Australian Party,1658.0,90994.0,0.018220981603182626,KAP,False,False
2013,NSW,125,Hume,24730,HARKER-MORTLOCK,James Robert,3,IND,Independent,2096.0,90994.0,0.023034485790271887,IND,False,True
2013,NSW,125,Hume,24787,PILBROW,Michael,4,CLR,Country Labor,23711.0,90994.0,0.2605776205024507,CLR,False,False
2013,NSW,125,Hume,23222,TAYLOR,Angus,5,LP,Liberal,49105.0,90994.0,0.5396509659977581,LP,True,False
2013,NSW,125,Hume,24163,CORNELIUS,Jason Peter,6,PUP,Palmer United Party,4015.0,90994.0,0.04412378838165154,UAPP,False,False
2013,NSW,125,Hume,24698,VAN DER BYL,Adrian,7,CDP,Christian Democratic Party (Fred Nile Group),1397.0,90994.0,0.015352660614985603,CDP,False,False
2013,NSW,125,Hume,23770,CHEVALIER,Zaza,8,GRN,The Greens,5218.0,90994.0,0.05734444029276656,GRN,True,False
2013,NSW,125,Hume,24808,STYLES,Lynette,9,ON,One Nation,2521.0,90994.0,0.02770512341473064,ON,False,False
2013,NSW,126,Hunter,23297,ATWELL,David,1,GRN,The Greens,5066.0,85941.0,0.05894741741427258,GRN,True,False
2013,NSW,126,Hunter,23251,JOHNSEN,Michael,2,NP,The Nationals,30170.0,85941.0,0.3510547934047777,NP,True,False
2013,NSW,126,Hunter,23343,LAWLER,Ann,3,CEC,Citizens Electoral Council,833.0,85941.0,0.009692696152011264,CEC,False,False
2013,NSW,126,Hunter,24549,FOX,Bill,4,ON,One Nation,3245.0,85941.0,0.037758462200812186,ON,False,False
2013,NSW,126,Hunter,24224,STEFANAC,Jennifer Susan,5,PUP,Palmer United Party,6552.0,85941.0,0.07623834956539952,UAPP,False,False
2013,NSW,126,Hunter,24543,FITZGIBBON,Joel,6,ALP,Labor,38241.0,85941.0,0.4449680594826683,ALP,True,False
2013,NSW,126,Hunter,24552,STRETTON,Richard,7,CDP,Christian Democratic Party (Fred Nile Group),1834.0,85941.0,0.021340221780058413,CDP,False,False
2013,NSW,127,Kingsford Smith,24562,SHIHA,Jacquie,1,CDP,Christian Democratic Party (Fred Nile Group),1379.0,86103.0,0.016015702124200087,CDP,False,False
2013,NSW,127,Kingsford Smith,24545,SOMERFIELD,Danielle,2,RUA,Rise Up Australia Party,357.0,86103.0,0.004146196996620327,RUA,False,False
2013,NSW,127,Kingsford Smith,24553,THISTLETHWAITE,Matt,3,ALP,Labor,36177.0,86103.0,0.4201595763213825,ALP,True,False
2013,NSW,127,Kingsford Smith,24240,HAPP,Diane Olga,4,PUP,Palmer United Party,1611.0,86103.0,0.018710149472143826,UAPP,False,False
2013,NSW,127,Kingsford Smith,23187,FENELEY,Michael,5,LP,Liberal,37455.0,86103.0,0.4350022647294519,LP,True,False
2013,NSW,127,Kingsford Smith,23227,LUCAS,Geordie,6,FUT,Future Party,693.0,86103.0,0.008048500052262987,FUT,False,False
2013,NSW,127,Kingsford Smith,23751,MACDONALD,James,7,GRN,The Greens,8431.0,86103.0,0.09791761030393831,GRN,True,False
2013,NSW,128,Lindsay,24682,LAWSON,Jeffrey Wayne,1,ON,One Nation,1901.0,87658.0,0.021686554564329552,ON,False,False
2013,NSW,128,Lindsay,23595,LENTON,David,2,GRN,The Greens,2679.0,87658.0,0.0305619566953387,GRN,True,False
2013,NSW,128,Lindsay,24754,SAUNDERS,Mick,3,AFN,Australia First Party,610.0,87658.0,0.006958862853361929,AFN,False,False
2013,NSW,128,Lindsay,24179,WILCOX,Andrew William,4,PUP,Palmer United Party,4517.0,87658.0,0.05152980903055055,UAPP,False,False
2013,NSW,128,Lindsay,24677,BRADBURY,David,5,ALP,Labor,34212.0,87658.0,0.3902895343265874,ALP,True,False
2013,NSW,128,Lindsay,23170,BROWN,Geoff,6,SPP,Stable Population Party,408.0,87658.0,0.004654452531428962,SPP,False,False
2013,NSW,128,Lindsay,23201,SCOTT,Fiona,7,LP,Liberal,40882.0,87658.0,0.46638070683793836,LP,True,False
2013,NSW,128,Lindsay,24686,GREEN,Andrew,8,CDP,Christian Democratic Party (Fred Nile Group),2449.0,87658.0,0.027938123160464533,CDP,False,False
2013,NSW,130,Lyne,24619,KLOSE,John Walter,1,CDP,Christian Democratic Party (Fred Nile Group),2054.0,86245.0,0.02381587338396429,CDP,False,False
2013,NSW,130,Lyne,24608,HUTH,Craig,2,ON,One Nation,2208.0,86245.0,0.025601484144008348,ON,False,False
2013,NSW,130,Lyne,24637,BUCKLEY CLARE,Brian,3,KAP,Katter's Australian Party,814.0,86245.0,0.009438228303090034,KAP,False,False
2013,NSW,130,Lyne,24595,ALLEY,Peter,4,ALP,Labor,18352.0,86245.0,0.21278914719693895,ALP,True,False
2013,NSW,130,Lyne,23214,OXENFORD,Ian,5,GRN,The Greens,5340.0,86245.0,0.06191663284828106,GRN,True,False
2013,NSW,130,Lyne,23252,GILLESPIE,David,6,NP,The Nationals,45871.0,86245.0,0.5318685141167604,NP,True,False
2013,NSW,130,Lyne,24143,WILKIE,Troy Alexander,7,PUP,Palmer United Party,4727.0,86245.0,0.05480897443330048,UAPP,False,False
2013,NSW,130,Lyne,23348,GOUGH,Michael,8,CEC,Citizens Electoral Council,318.0,86245.0,0.003687170270740333,CEC,False,False
2013,NSW,130,Lyne,24758,ATTKINS,Steve,9,IND,Independent,6561.0,86245.0,0.07607397530291611,IND,False,True
2013,NSW,131,Macarthur,24771,WILLIAMS,Mick,1,KAP,Katter's Australian Party,1751.0,85009.0,0.020597819054453056,KAP,False,False
2013,NSW,131,Macarthur,23221,MATHESON,Russell,2,LP,Liberal,46185.0,85009.0,0.5432954157795057,LP,True,False
2013,NSW,131,Macarthur,24741,RAMSAY,Sarah,3,CDP,Christian Democratic Party (Fred Nile Group),2189.0,85009.0,0.025750214683151196,CDP,False,False
2013,NSW,131,Macarthur,24218,GROSCHE,Goetz Robert Uwe,4,PUP,Palmer United Party,4916.0,85009.0,0.057829171028949876,UAPP,False,False
2013,NSW,131,Macarthur,24733,FULTON,Ian,5,ALP,Labor,26039.0,85009.0,0.30630874378007034,ALP,True,False
2013,NSW,131,Macarthur,24104,DARLEY-JONES,Patrick,6,GRN,The Greens,3929.0,85009.0,0.04621863567386983,GRN,True,False
2013,NSW,132,Mackellar,23313,KING,Jonathan,1,GRN,The Greens,12843.0,90532.0,0.1418614412583396,GRN,True,False
2013,NSW,132,Mackellar,24149,DRUMMOND,Debra Gayle,2,PUP,Palmer United Party,3771.0,90532.0,0.041653779878937834,UAPP,False,False
2013,NSW,132,Mackellar,24783,NERO,Silvana,3,CDP,Christian Democratic Party (Fred Nile Group),1791.0,90532.0,0.01978306013343348,CDP,False,False
2013,NSW,132,Mackellar,24546,HEDGE,Chris,4,ALP,Labor,15606.0,90532.0,0.17238103653956613,ALP,True,False
2013,NSW,132,Mackellar,23184,BISHOP,Bronwyn,5,LP,Liberal,56521.0,90532.0,0.6243206821897229,LP,True,False
2013,NSW,133,Macquarie,24716,PIPER,Tony,1,CDP,Christian Democratic Party (Fred Nile Group),2720.0,89924.0,0.030247764779146834,CDP,False,False
2013,NSW,133,Macquarie,23211,MARKUS,Louise,2,LP,Liberal,42590.0,89924.0,0.4736221698323028,LP,True,False
2013,NSW,133,Macquarie,24690,TEMPLEMAN,Susan,3,ALP,Labor,27872.0,89924.0,0.3099506249721987,ALP,True,False
2013,NSW,133,Macquarie,24102,ELARO,Teresa,4,DLP,Democratic Labour Party (DLP),499.0,89924.0,0.0055491303767626,DLP,False,False
2013,NSW,133,Macquarie,24191,MAXWELL,Philip Daniel,5,PUP,Palmer United Party,3731.0,89924.0,0.041490592055513545,UAPP,False,False
2013,NSW,133,Macquarie,24782,HODGSON,Matt,6,AFN,Australia First Party,750.0,89924.0,0.008340376317779459,AFN,False,False
2013,NSW,133,Macquarie,24740,WHEELER,Danielle,7,GRN,The Greens,9986.0,89924.0,0.11104933054579423,GRN,True,False
2013,NSW,133,Macquarie,24696,LITTLEJOHN,Mark,8,ASXP,Sex Party,1776.0,89924.0,0.019750011120501756,ASXP,False,False
2013,NSW,315,McMahon,23207,KING,Ray,1,LP,Liberal,33430.0,82359.0,0.4059058512123751,LP,True,False
2013,NSW,315,McMahon,24167,DOBRINCIC,Matthew Markus,2,PUP,Palmer United Party,2862.0,82359.0,0.03475030051360507,UAPP,False,False
2013,NSW,315,McMahon,24583,BOWEN,Chris,3,ALP,Labor,41334.0,82359.0,0.5018759334134703,ALP,True,False
2013,NSW,315,McMahon,24482,O'NEILL,Astrid,4,GRN,The Greens,2410.0,82359.0,0.02926213285736835,GRN,True,False
2013,NSW,315,McMahon,24605,POULARAS,Manny,5,CDP,Christian Democratic Party (Fred Nile Group),2323.0,82359.0,0.028205782003181194,CDP,False,False
2013,NSW,134,Mitchell,24572,ALLEN,Darryl,1,CDP,Christian Democratic Party (Fred Nile Group),2794.0,86608.0,0.03226029927951229,CDP,False,False
2013,NSW,134,Mitchell,23260,BELLSTEDT,Michael,2,GRN,The Greens,5554.0,86608.0,0.0641280251246998,GRN,True,False
2013,NSW,134,Mitchell,24157,SCHULTZ,Murray,3,PUP,Palmer United Party,2792.0,86608.0,0.032237206724552006,UAPP,False,False
2013,NSW,134,Mitchell,24066,DODD,Nathan,4,DLP,Democratic Labour Party (DLP),987.0,86608.0,0.011396175872898578,DLP,False,False
2013,NSW,134,Mitchell,23206,HAWKE,Alex,5,LP,Liberal,56706.0,86608.0,0.6547432107888417,LP,True,False
2013,NSW,134,Mitchell,24556,PUNCH,Andrew Thomas,6,ALP,Labor,17775.0,86608.0,0.20523508220949566,ALP,True,False
2013,NSW,135,New England,24270,GIRLE,Phillip John,1,PUP,Palmer United Party,4746.0,91289.0,0.051988739059470476,UAPP,False,False
2013,NSW,135,New England,24534,DETTMANN,Brian Charles,2,ON,One Nation,1566.0,91289.0,0.01715431212961036,ON,False,False
2013,NSW,135,New England,23606,SCHULTZ,Pat,3,GRN,The Greens,4184.0,91289.0,0.04583246612406752,GRN,True,False
2013,NSW,135,New England,24752,TABER,Rob,4,IND,Independent,12574.0,91289.0,0.1377383912629123,IND,False,True
2013,NSW,135,New England,24268,McINTYRE,Jamie,5,IND,Independent,6059.0,91289.0,0.06637163294591901,IND,False,True
2013,NSW,135,New England,23247,JOYCE,Barnaby,6,NP,The Nationals,49486.0,91289.0,0.5420806449846093,NP,True,False
2013,NSW,135,New England,23368,WITTEN,Richard Innes,7,CEC,Citizens Electoral Council,353.0,91289.0,0.0038668404736605724,CEC,False,False
2013,NSW,135,New England,24533,HEWITT,Stephen,8,CLR,Country Labor,10825.0,91289.0,0.11857945645148922,CLR,False,False
2013,NSW,135,New England,24535,EVANS,Aaron Michael,9,CDP,Christian Democratic Party (Fred Nile Group),1496.0,91289.0,0.016387516568261238,CDP,False,False
2013,NSW,136,Newcastle,24646,CHEHOFF,Michael,1,AFN,Australia First Party,922.0,85495.0,0.01078425638926253,AFN,False,False
2013,NSW,136,Newcastle,24629,ALCORN,Zane,2,SAL,Socialist Alliance,616.0,85495.0,0.007205099713433534,SAL,False,False
2013,NSW,136,Newcastle,24205,McLELLAN,Yegon Dally,3,PUP,Palmer United Party,3518.0,85495.0,0.04114860518158957,UAPP,False,False
2013,NSW,136,Newcastle,24139,HOLDING,Rod,4,IND,Independent,674.0,85495.0,0.007883501959178899,IND,False,True
2013,NSW,136,Newcastle,24746,SCURRY,Susanna,5,IND,Independent,1026.0,85495.0,0.012000701795426633,IND,False,True
2013,NSW,136,Newcastle,24638,CAINE,Milton,6,CDP,Christian Democratic Party (Fred Nile Group),1091.0,85495.0,0.012760980174279197,CDP,False,False
2013,NSW,136,Newcastle,23242,ABBOTT,Jaimie,7,LP,Liberal,29632.0,85495.0,0.34659336803321833,LP,True,False
2013,NSW,136,Newcastle,23911,HIGGINS,Lawrence Joseph,8,AIN,Australian Independents,367.0,85495.0,0.004292648692906018,AIN,False,False
2013,NSW,136,Newcastle,24660,CLAYDON,Sharon,9,ALP,Labor,37391.0,85495.0,0.43734721328732673,ALP,True,False
2013,NSW,136,Newcastle,23601,OSBORNE,Michael,10,GRN,The Greens,10258.0,85495.0,0.11998362477337857,GRN,True,False
2013,NSW,137,North Sydney,24271,KHAN,Raheam,1,PUP,Palmer United Party,1493.0,88448.0,0.01687997467438495,UAPP,False,False
2013,NSW,137,North Sydney,23223,HOCKEY,Joe,2,LP,Liberal,53991.0,88448.0,0.6104264652677279,LP,True,False
2013,NSW,137,North Sydney,23673,HAINES,Alison,3,GRN,The Greens,13579.0,88448.0,0.15352523516642547,GRN,True,False
2013,NSW,137,North Sydney,24082,McCAFFREY,Angus,4,DLP,Democratic Labour Party (DLP),766.0,88448.0,0.008660455861070912,DLP,False,False
2013,NSW,137,North Sydney,24744,HAYES,Peter,5,ALP,Labor,17727.0,88448.0,0.2004228473227207,ALP,True,False
2013,NSW,137,North Sydney,24894,GUTHRIE,Maureen,6,CDP,Christian Democratic Party (Fred Nile Group),892.0,88448.0,0.010085021707670044,CDP,False,False
2013,NSW,138,Page,23363,HOGAN,Kevin,1,NP,The Nationals,40088.0,85935.0,0.46649211613428754,NP,True,False
2013,NSW,138,Page,24588,SAFFIN,Janelle,2,ALP,Labor,33336.0,85935.0,0.3879211031593646,ALP,True,False
2013,NSW,138,Page,24599,ORDISH,Carol,3,CDP,Christian Democratic Party (Fred Nile Group),1394.0,85935.0,0.0162215628090999,CDP,False,False
2013,NSW,138,Page,24215,JANES,Stephen Bruce,4,PUP,Palmer United Party,4135.0,85935.0,0.04811776342584512,UAPP,False,False
2013,NSW,138,Page,24720,BANKS,Desley,5,GRN,The Greens,5601.0,85935.0,0.06517716879036481,GRN,True,False
2013,NSW,138,Page,24596,SMITH,Rod,6,ON,One Nation,1381.0,85935.0,0.016070285681037993,ON,False,False
2013,NSW,139,Parkes,23248,COULTON,Mark,1,NP,The Nationals,58020.0,90639.0,0.6401218018733658,NP,True,False
2013,NSW,139,Parkes,23254,PARMETER,Matt,2,GRN,The Greens,4691.0,90639.0,0.05175476340206754,GRN,True,False
2013,NSW,139,Parkes,24178,GORMAN,Neil John,3,PUP,Palmer United Party,6724.0,90639.0,0.07418440185791988,UAPP,False,False
2013,NSW,139,Parkes,24538,RYAN,Michelle,4,CDP,Christian Democratic Party (Fred Nile Group),2354.0,90639.0,0.025971160317302705,CDP,False,False
2013,NSW,139,Parkes,24536,BYRON,Brendan,5,CLR,Country Labor,18850.0,90639.0,0.2079678725493441,CLR,False,False
2013,NSW,140,Parramatta,24126,WILLIAMS,Miechele,1,DLP,Democratic Labour Party (DLP),1626.0,80615.0,0.020169943558891026,DLP,False,False
2013,NSW,140,Parramatta,24174,LOKE,Ganesh Sahadev,2,PUP,Palmer United Party,1760.0,80615.0,0.021832165229795943,UAPP,False,False
2013,NSW,140,Parramatta,21211,PATEL,Kalpesh,3,IND,Independent,1204.0,80615.0,0.014935185759474043,IND,False,True
2013,NSW,140,Parramatta,24653,OWENS,Julie,4,ALP,Labor,33261.0,80615.0,0.412590708925138,ALP,True,False
2013,NSW,140,Parramatta,24343,BRADLEY,Phil,5,GRN,The Greens,4261.0,80615.0,0.05285616820690939,GRN,True,False
2013,NSW,140,Parramatta,23208,ZAITER,Martin,6,LP,Liberal,35724.0,80615.0,0.44314333560751723,LP,True,False
2013,NSW,140,Parramatta,24889,ROLLINSON,Tania,7,ON,One Nation,822.0,80615.0,0.010196613533461515,ON,False,False
2013,NSW,140,Parramatta,24684,SHARAH,Alex,8,CDP,Christian Democratic Party (Fred Nile Group),1957.0,80615.0,0.024275879178812874,CDP,False,False
2013,NSW,249,Paterson,24540,BALFOUR,Anna,1,CDP,Christian Democratic Party (Fred Nile Group),1854.0,87117.0,0.021281724577292608,CDP,False,False
2013,NSW,249,Paterson,24172,PACKETT,Jayson Geoffrey,2,PUP,Palmer United Party,5451.0,87117.0,0.06257102517304315,UAPP,False,False
2013,NSW,249,Paterson,23339,DAVIS,Peter J,3,CEC,Citizens Electoral Council,390.0,87117.0,0.004476738179689383,CEC,False,False
2013,NSW,249,Paterson,24542,HOLZ,Bob,4,RUA,Rise Up Australia Party,877.0,87117.0,0.010066921496378434,RUA,False,False
2013,NSW,249,Paterson,23600,BROWN,John,5,GRN,The Greens,5812.0,87117.0,0.06671487769321717,GRN,True,False
2013,NSW,249,Paterson,24539,MARSHALL,Bay,6,ALP,Labor,25811.0,87117.0,0.29627971578451967,ALP,True,False
2013,NSW,249,Paterson,23186,BALDWIN,Bob,7,LP,Liberal,46922.0,87117.0,0.5386089970958596,LP,True,False
2013,NSW,144,Reid,24586,MURPHY,John,1,ALP,Labor,34817.0,85824.0,0.4056790641312453,ALP,True,False
2013,NSW,144,Reid,23913,PALMER,Raymond,2,AIN,Australian Independents,1215.0,85824.0,0.014156879194630873,AIN,False,False
2013,NSW,144,Reid,24278,TYRRELL,Pauline,3,GRN,The Greens,5968.0,85824.0,0.06953765846383296,GRN,True,False
2013,NSW,144,Reid,24659,IZADEEN,Bishrul Hafi Ameer,4,KAP,Katter's Australian Party,297.0,85824.0,0.003460570469798658,KAP,False,False
2013,NSW,144,Reid,24185,ASHRAF,Mohammed Nadeem,5,PUP,Palmer United Party,1298.0,85824.0,0.015123974645786726,UAPP,False,False
2013,NSW,144,Reid,24060,DUNN,Emily,6,DLP,Democratic Labour Party (DLP),580.0,85824.0,0.006758016405667412,DLP,False,False
2013,NSW,144,Reid,23205,LAUNDY,Craig,7,LP,Liberal,40430.0,85824.0,0.4710803504847129,LP,True,False
2013,NSW,144,Reid,24723,SHAILER,Bill,8,CDP,Christian Democratic Party (Fred Nile Group),1219.0,85824.0,0.014203486204325131,CDP,False,False
2013,NSW,145,Richmond,24532,ORDISH,John,1,CDP,Christian Democratic Party (Fred Nile Group),1224.0,85278.0,0.014353057060437628,CDP,False,False
2013,NSW,145,Richmond,23849,SKINNER,Kev,2,IND,Independent,1971.0,85278.0,0.023112643354675298,IND,False,True
2013,NSW,145,Richmond,23246,FRASER,Matthew,3,NP,The Nationals,32066.0,85278.0,0.3760172611928047,NP,True,False
2013,NSW,145,Richmond,24531,ELLIOT,Justine,4,ALP,Labor,28575.0,85278.0,0.33508056005065784,ALP,True,False
2013,NSW,145,Richmond,23286,WALKER,Dawn,5,GRN,The Greens,15083.0,85278.0,0.17686859447923262,GRN,True,False
2013,NSW,145,Richmond,24359,ALLEN,Charles Philip Fitzsimonds,6,PUP,Palmer United Party,6359.0,85278.0,0.07456788386219189,UAPP,False,False
2013,NSW,250,Riverina,24598,LAMONT,Andrew John,1,BTA,Bullet Train For Australia,2405.0,87973.0,0.0273379332295136,BTA,False,False
2013,NSW,250,Riverina,24592,SHARP,Lorraine,2,AFN,Australia First Party,1287.0,87973.0,0.014629488593091062,AFN,False,False
2013,NSW,250,Riverina,24105,FUNNELL,Paul,3,DLP,Democratic Labour Party (DLP),3137.0,87973.0,0.03565866800040922,DLP,False,False
2013,NSW,250,Riverina,23253,McCORMACK,Michael,4,NP,The Nationals,52062.0,87973.0,0.5917952098939447,NP,True,False
2013,NSW,250,Riverina,24590,PECH,Keith,5,CDP,Christian Democratic Party (Fred Nile Group),1314.0,87973.0,0.014936400941197867,CDP,False,False
2013,NSW,250,Riverina,24611,DUNN,Norm,6,KAP,Katter's Australian Party,1044.0,87973.0,0.011867277460129812,KAP,False,False
2013,NSW,250,Riverina,24587,KURYLOWICZ,Tim,7,ALP,Labor,17970.0,87973.0,0.204267218351085,ALP,True,False
2013,NSW,250,Riverina,24625,PRANGNELL,Ros,8,GRN,The Greens,3169.0,87973.0,0.0360224159685358,GRN,True,False
2013,NSW,250,Riverina,24180,STEWART,Lex,9,PUP,Palmer United Party,4545.0,87973.0,0.051663578597978925,UAPP,False,False
2013,NSW,250,Riverina,24584,HEATH,Kim,10,RUA,Rise Up Australia Party,1040.0,87973.0,0.01182180896411399,RUA,False,False
2013,NSW,146,Robertson,21931,CASSAR,Jake,1,IND,Independent,2480.0,89140.0,0.027821404532196545,IND,False,True
2013,NSW,146,Robertson,24098,SHEERAN,Paul Henry,2,DLP,Democratic Labour Party (DLP),474.0,89140.0,0.0053174781242988555,DLP,False,False
2013,NSW,146,Robertson,23216,WICKS,Lucy,3,LP,Liberal,38704.0,89140.0,0.43419340363473186,LP,True,False
2013,NSW,146,Robertson,24219,WHITAKER,Steven Spencer,4,PUP,Palmer United Party,2082.0,89140.0,0.023356517837110163,UAPP,False,False
2013,NSW,146,Robertson,24616,BEECHAM,Holly,5,CDP,Christian Democratic Party (Fred Nile Group),1115.0,89140.0,0.012508413731209334,CDP,False,False
2013,NSW,146,Robertson,24774,McKINNA,Lawrie,6,IND,Independent,7763.0,89140.0,0.08708772717074265,IND,False,True
2013,NSW,146,Robertson,23224,DA COSTA,Kate,7,GRN,The Greens,4966.0,89140.0,0.05571011891406776,GRN,True,False
2013,NSW,146,Robertson,24085,McFARLAND,Douglas,8,AIN,Australian Independents,510.0,89140.0,0.00572133722234687,AIN,False,False
2013,NSW,146,Robertson,24603,O'NEILL,Deborah,9,ALP,Labor,31046.0,89140.0,0.34828359883329596,ALP,True,False
2013,NSW,148,Shortland,24663,HALL,Jill Griffiths,1,ALP,Labor,41892.0,86044.0,0.4868671842313235,ALP,True,False
2013,NSW,148,Shortland,24680,WEATHERSTONE,Andrew,2,CDP,Christian Democratic Party (Fred Nile Group),1081.0,86044.0,0.012563339686671936,CDP,False,False
2013,NSW,148,Shortland,23193,CHURCH,John,3,LP,Liberal,32532.0,86044.0,0.3780856306075961,LP,True,False
2013,NSW,148,Shortland,23674,OAKLEY,Jane,4,GRN,The Greens,5198.0,86044.0,0.06041095253591186,GRN,True,False
2013,NSW,148,Shortland,24181,BALDWIN,Philip Robert,5,PUP,Palmer United Party,5341.0,86044.0,0.062072892938496584,UAPP,False,False
2013,NSW,149,Sydney,15520,WARD,Jane,1,IND,Independent,1408.0,88151.0,0.015972592483352428,IND,False,True
2013,NSW,149,Sydney,23191,O'CONNOR,Sean,2,LP,Liberal,26901.0,88151.0,0.3051695386325737,LP,True,False
2013,NSW,149,Sydney,24557,BOYLE,Peter,3,SAL,Socialist Alliance,613.0,88151.0,0.006953976699073181,SAL,False,False
2013,NSW,149,Sydney,24560,MASON,Lesley,4,CDP,Christian Democratic Party (Fred Nile Group),723.0,88151.0,0.008201835486835089,CDP,False,False
2013,NSW,149,Sydney,23152,RZETELSKI,Joanna,5,IND,Independent,602.0,88151.0,0.006829190820296991,IND,False,True
2013,NSW,149,Sydney,24194,KELLY,Timothy Daniel,6,PUP,Palmer United Party,1261.0,88151.0,0.014304999376070606,UAPP,False,False
2013,NSW,149,Sydney,24567,GARTNER,Leah,7,BTA,Bullet Train For Australia,791.0,88151.0,0.008973239101087906,BTA,False,False
2013,NSW,149,Sydney,23685,HILES,Dianne,8,GRN,The Greens,15273.0,88151.0,0.17325952059534208,GRN,True,False
2013,NSW,149,Sydney,24530,PLIBERSEK,Tanya,9,ALP,Labor,40579.0,88151.0,0.46033510680536804,ALP,True,False
2013,NSW,150,Throsby,24504,KING,May Lee,1,PUP,Palmer United Party,3885.0,84393.0,0.046034623724716506,UAPP,False,False
2013,NSW,150,Throsby,23395,MORAN,Peter,2,GRN,The Greens,4613.0,84393.0,0.054660931593852574,GRN,True,False
2013,NSW,150,Throsby,23194,MALLINSON,Larissa,3,LP,Liberal,23498.0,84393.0,0.27843541525955945,LP,True,False
2013,NSW,150,Throsby,24636,KADWELL,John,4,CDP,Christian Democratic Party (Fred Nile Group),1938.0,84393.0,0.022963989904375957,CDP,False,False
2013,NSW,150,Throsby,24624,JONES,Stephen,5,ALP,Labor,37980.0,84393.0,0.4500373253705876,ALP,True,False
2013,NSW,150,Throsby,24059,BOULTON,Brian Edward,6,DLP,Democratic Labour Party (DLP),407.0,84393.0,0.004822674866398872,DLP,False,False
2013,NSW,150,Throsby,24671,TURNER,Glenn,7,KAP,Katter's Australian Party,473.0,84393.0,0.005604730250139229,KAP,False,False
2013,NSW,150,Throsby,23241,HARTMAN,Wayne,8,NCP,Non-Custodial Parents Party (Equal Parenting),435.0,84393.0,0.005154455938288721,NCP,True,False
2013,NSW,150,Throsby,24915,MATTERS,Paul Raymond,9,IND,Independent,1948.0,84393.0,0.023082483144336616,IND,False,True
2013,NSW,150,Throsby,23250,ANDERSON,Gary,10,NP,The Nationals,8539.0,84393.0,0.10118137760240778,NP,True,False
2013,NSW,150,Throsby,24666,VENESS,Elrond,11,BTA,Bullet Train For Australia,677.0,84393.0,0.008021992345336699,BTA,False,False
2013,NSW,151,Warringah,24564,ZANETTI,Jules Felix,1,ALP,Labor,17259.0,89327.0,0.19321145902134854,ALP,True,False
2013,NSW,151,Warringah,24183,STEWART,Brodie Martin O'Connor,2,PUP,Palmer United Party,1961.0,89327.0,0.02195304891018393,UAPP,False,False
2013,NSW,151,Warringah,24580,BLOOMFIELD,Mike,3,RUA,Rise Up Australia Party,472.0,89327.0,0.005283956698422649,RUA,False,False
2013,NSW,151,Warringah,23602,KITCHING,Will,4,GRN,The Greens,13873.0,89327.0,0.1553057866042742,GRN,True,False
2013,NSW,151,Warringah,24585,FALANGA,Ula,5,CDP,Christian Democratic Party (Fred Nile Group),630.0,89327.0,0.007052738813572604,CDP,False,False
2013,NSW,151,Warringah,23210,ABBOTT,Tony,6,LP,Liberal,54388.0,89327.0,0.6088640612580742,LP,True,False
2013,NSW,151,Warringah,23209,COTTEE,Mike,7,SPP,Stable Population Party,744.0,89327.0,0.008328948694123837,SPP,False,False
2013,NSW,251,Watson,23212,DELEZIO,Ron,1,LP,Liberal,30617.0,79030.0,0.38740984436290016,LP,True,False
2013,NSW,251,Watson,24328,BLOCH,Barbara,2,GRN,The Greens,4171.0,79030.0,0.05277742629381248,GRN,True,False
2013,NSW,251,Watson,24604,RAWSON,Stephen,3,DLP,Democratic Labour Party (DLP),897.0,79030.0,0.011350120207516133,DLP,False,False
2013,NSW,251,Watson,24349,NASSER,Zaher,4,PUP,Palmer United Party,1970.0,79030.0,0.02492724281918259,UAPP,False,False
2013,NSW,251,Watson,24632,BURKE,Tony,5,ALP,Labor,39126.0,79030.0,0.4950778185499177,ALP,True,False
2013,NSW,251,Watson,24640,KAMLADE,Paul,6,RUA,Rise Up Australia Party,376.0,79030.0,0.0047576869543211435,RUA,False,False
2013,NSW,251,Watson,24621,FRASER,David,7,CDP,Christian Democratic Party (Fred Nile Group),1873.0,79030.0,0.02369986081234974,CDP,False,False
2013,NSW,152,Wentworth,24579,SMITH,Di,1,ALP,Labor,17840.0,92084.0,0.19373615394639676,ALP,True,False
2013,NSW,152,Wentworth,24236,FOXMAN,Marsha,2,PUP,Palmer United Party,998.0,92084.0,0.010837930585117936,UAPP,False,False
2013,NSW,152,Wentworth,23199,TURNBULL,Malcolm,3,LP,Liberal,58306.0,92084.0,0.6331827461882629,LP,True,False
2013,NSW,152,Wentworth,24597,THOMAS,Beresford,4,CDP,Christian Democratic Party (Fred Nile Group),431.0,92084.0,0.004680509100386604,CDP,False,False
2013,NSW,152,Wentworth,15478,SHEIL,Pat,5,IND,Independent,1054.0,92084.0,0.011446070978671648,IND,False,True
2013,NSW,152,Wentworth,23357,ROBERTSON,Matthew,6,GRN,The Greens,13455.0,92084.0,0.14611658920116416,GRN,True,False
2013,NSW,153,Werriwa,24784,RAMSAY,John,1,CDP,Christian Democratic Party (Fred Nile Group),2936.0,77379.0,0.037943111180035925,CDP,False,False
2013,NSW,153,Werriwa,24123,BYRNE,Michael,2,DLP,Democratic Labour Party (DLP),1562.0,77379.0,0.020186355471122654,DLP,False,False
2013,NSW,153,Werriwa,23217,JOHNS,Kent,3,LP,Liberal,30693.0,77379.0,0.39665800798666306,LP,True,False
2013,NSW,153,Werriwa,24770,HARRIS,Marella,4,ON,One Nation,1519.0,77379.0,0.019630649142532212,ON,False,False
2013,NSW,153,Werriwa,24739,FERGUSON,Laurie,5,ALP,Labor,34117.0,77379.0,0.44090773982605097,ALP,True,False
2013,NSW,153,Werriwa,23657,GRIFFITHS,Daniel,6,GRN,The Greens,2532.0,77379.0,0.03272205637188384,GRN,True,False
2013,NSW,153,Werriwa,24216,THIRUP,Katryna Marie,7,PUP,Palmer United Party,3363.0,77379.0,0.04346140425696895,UAPP,False,False
2013,NSW,153,Werriwa,24806,BALL,Kerryn,8,KAP,Katter's Australian Party,657.0,77379.0,0.008490675764742371,KAP,False,False
2013,NT,306,Lingiari,23273,FLYNN,Peter,1,CEC,Citizens Electoral Council,1639.0,46019.0,0.03561572394011169,CEC,False,False
2013,NT,306,Lingiari,24775,SHAW,Barbara,2,GRN,Australian Greens,3572.0,46019.0,0.07762011343140876,GRN,True,False
2013,NT,306,Lingiari,24971,GOULD,Alf,3,IND,Independent,748.0,46019.0,0.01625415589213151,IND,False,True
2013,NT,306,Lingiari,24864,MacFARLANE,Tina,4,CLP,Country Liberals (NT),17593.0,46019.0,0.3822986157891306,CLP,True,False
2013,NT,306,Lingiari,24197,McCARTHY,Regina,5,RUA,Rise Up Australia Party,917.0,46019.0,0.019926552076316304,RUA,False,False
2013,NT,306,Lingiari,23798,HEDLAND,Trevor,6,PUP,Palmer United Party,1918.0,46019.0,0.041678437167257006,UAPP,False,False
2013,NT,306,Lingiari,24213,LECHLEITNER,Kenneth Immanuel,7,FNPP,A.F.N.P.P.,1340.0,46019.0,0.029118407614246288,FNPP,False,False
2013,NT,306,Lingiari,23522,SNOWDON,Warren,8,ALP,Australian Labor Party (Northern Territory) Branch,18292.0,46019.0,0.39748799408939783,ALP,True,False
2013,NT,307,Solomon,24993,METCALF,Krystal,1,ASXP,Sex Party,1847.0,53422.0,0.03457377110553705,ASXP,False,False
2013,NT,307,Solomon,23176,CAMPBELL,Trudy,2,CEC,Citizens Electoral Council,217.0,53422.0,0.004061996930103702,CEC,False,False
2013,NT,307,Solomon,24760,WILLIAMS,Todd,3,GRN,Australian Greens,4269.0,53422.0,0.07991089813185578,GRN,True,False
2013,NT,307,Solomon,24755,BURGESS,Martin,4,VEP,Voluntary Euthanasia Party,597.0,53422.0,0.01117517127775074,VEP,False,False
2013,NT,307,Solomon,23495,GOSLING,Luke,5,ALP,Australian Labor Party (Northern Territory) Branch,18929.0,53422.0,0.3543296769121336,ALP,True,False
2013,NT,307,Solomon,24223,SELLICK,Paul,6,RUA,Rise Up Australia Party,527.0,53422.0,0.009864849687394706,RUA,False,False
2013,NT,307,Solomon,24230,SPAIN,Stephen Christopher,7,PUP,Palmer United Party,2691.0,53422.0,0.05037250570925836,UAPP,False,False
2013,NT,307,Solomon,23502,GRIGGS,Natasha,8,CLP,Country Liberals (NT),23875.0,53422.0,0.4469132567107184,CLP,True,False
2013,NT,307,Solomon,24220,CUMMINGS,Eileen,9,FNPP,A.F.N.P.P.,470.0,53422.0,0.008797873535247651,FNPP,False,False
2013,QLD,304,Blair,24847,DENMAN,Elwyn,1,FFP,Family First,2257.0,78979.0,0.02857721672849745,FFP,False,False
2013,QLD,304,Blair,23727,NEUMANN,Shayne Kenneth,2,ALP,Australian Labor Party,32818.0,78979.0,0.41552817837653044,ALP,True,False
2013,QLD,304,Blair,24330,CHORLEY,Dale,3,KAP,Katter's Australian Party,2491.0,78979.0,0.031540029628129,KAP,False,False
2013,QLD,304,Blair,23677,MACKIN,Anthony,4,RUA,Rise Up Australia Party,504.0,78979.0,0.00638144316843718,RUA,False,False
2013,QLD,304,Blair,23799,HARDING,Teresa,5,LNP,Liberal National Party of Queensland,26734.0,78979.0,0.3384950429861102,LNP,True,False
2013,QLD,304,Blair,23402,STANTON,Anthony John,6,PUP,Palmer United Party,9805.0,78979.0,0.12414692513199711,UAPP,False,False
2013,QLD,304,Blair,23858,RUDKIN,Clare,7,GRN,The Greens,3359.0,78979.0,0.04253029286265969,GRN,True,False
2013,QLD,304,Blair,23302,DEGUARA,Shannon,8,AIN,Australian Independents,1011.0,78979.0,0.012800871117638866,AIN,False,False
2013,QLD,310,Bonner,23903,VASTA,Ross,1,LNP,Liberal National Party of Queensland,40186.0,85876.0,0.46795379384228425,LNP,True,False
2013,QLD,310,Bonner,24849,PENNY,Jeff,2,FFP,Family First,1789.0,85876.0,0.02083236294191625,FFP,False,False
2013,QLD,310,Bonner,23605,WIRTH,Jarrod,3,UNP,Uniting Australia Party,386.0,85876.0,0.004494853043923797,UNP,False,False
2013,QLD,310,Bonner,23926,NELSON,Dave,4,GRN,The Greens,5876.0,85876.0,0.06842423960128557,GRN,True,False
2013,QLD,310,Bonner,23440,MacANALLY,James Derek,5,PUP,Palmer United Party,6712.0,85876.0,0.07815920629745214,UAPP,False,False
2013,QLD,310,Bonner,23711,FRASER HARDY,Laura,6,ALP,Australian Labor Party,30927.0,85876.0,0.360135544273138,ALP,True,False
2013,QLD,155,Bowman,24851,O'SHEA,Andrew,1,FFP,Family First,1868.0,86910.0,0.021493499021976756,FFP,False,False
2013,QLD,155,Bowman,23915,LAMING,Andrew,2,LNP,Liberal National Party of Queensland,42828.0,86910.0,0.4927856403175699,LNP,True,False
2013,QLD,155,Bowman,23745,BRISKEY,Darryl,3,ALP,Australian Labor Party,25967.0,86910.0,0.298780347485905,ALP,True,False
2013,QLD,155,Bowman,23928,ALLMAN-PAYNE,Penny,4,GRN,The Greens,5198.0,86910.0,0.0598089978138304,GRN,True,False
2013,QLD,155,Bowman,23438,WAYNE,John Charles,5,PUP,Palmer United Party,11049.0,86910.0,0.12713151536071798,UAPP,False,False
2013,QLD,156,Brisbane,23586,ROLES,John,1,SPP,Stable Population Party,564.0,86857.0,0.006493431732617981,SPP,False,False
2013,QLD,156,Brisbane,23585,ROSE,Tony,2,SPA,Secular Party of Australia,602.0,86857.0,0.006930932452191533,SPA,False,False
2013,QLD,156,Brisbane,23789,GAMBARO,Teresa,3,LNP,Liberal National Party of Queensland,41681.0,86857.0,0.47988072348803207,LNP,True,False
2013,QLD,156,Brisbane,24396,CICCHINI,Connie,4,KAP,Katter's Australian Party,951.0,86857.0,0.010949031166169682,KAP,False,False
2013,QLD,156,Brisbane,23404,FORD,Veronica Mary Ann,5,PUP,Palmer United Party,3643.0,86857.0,0.04194250319490657,UAPP,False,False
2013,QLD,156,Brisbane,23874,JACOBS,Rachael,6,GRN,The Greens,12452.0,86857.0,0.14336207789815444,GRN,True,False
2013,QLD,156,Brisbane,24874,JOYNER,Sharyn,7,FFP,Family First,801.0,86857.0,0.009222054641537239,FFP,False,False
2013,QLD,156,Brisbane,23719,McNAMARA,Fiona,8,ALP,Australian Labor Party,26163.0,86857.0,0.3012192454263905,ALP,True,False
2013,QLD,157,Capricornia,23740,FREELEAGUS,Peter,1,ALP,Australian Labor Party,31450.0,84913.0,0.3703790938961054,ALP,True,False
2013,QLD,157,Capricornia,23697,LEWIS,Paul,2,RUA,Rise Up Australia Party,439.0,84913.0,0.005169997526880454,RUA,False,False
2013,QLD,157,Capricornia,23459,ISON,Derek James,3,PUP,Palmer United Party,6747.0,84913.0,0.07945779798146338,UAPP,False,False
2013,QLD,157,Capricornia,23910,BAMBRICK,Paul,4,GRN,The Greens,2910.0,84913.0,0.03427037085016429,GRN,True,False
2013,QLD,157,Capricornia,24970,DIAMOND,Bruce,5,,,1777.0,84913.0,0.02092730206211063,,False,False
2013,QLD,157,Capricornia,24835,ALLEY,Hazel,6,FFP,Family First,3274.0,84913.0,0.0385571113963704,FFP,False,False
2013,QLD,157,Capricornia,23862,LANDRY,Michelle,7,LNP,Liberal National Party of Queensland,33608.0,84913.0,0.3957933414200417,LNP,True,False
2013,QLD,157,Capricornia,24442,WILLIAMS,Robbie,8,KAP,Katter's Australian Party,4708.0,84913.0,0.05544498486686373,KAP,False,False
2013,QLD,158,Dawson,24000,DYKYJ,Jonathon,1,GRN,The Greens,4396.0,87623.0,0.05016947605080858,GRN,True,False
2013,QLD,158,Dawson,23996,CHRISTENSEN,George,2,LNP,Liberal National Party of Queensland,40507.0,87623.0,0.46228729899683874,LNP,True,False
2013,QLD,158,Dawson,24817,TEMPLE,Lindsay,3,FFP,Family First,1663.0,87623.0,0.018979035184825903,FFP,False,False
2013,QLD,158,Dawson,23409,FERGUSON,Ian Maurice,4,PUP,Palmer United Party,8777.0,87623.0,0.10016776417150748,UAPP,False,False
2013,QLD,158,Dawson,23287,HARRIS,Andrew,5,CEC,Citizens Electoral Council,345.0,87623.0,0.003937322392522511,CEC,False,False
2013,QLD,158,Dawson,23993,TAHA,Bronwyn,6,ALP,Australian Labor Party,26030.0,87623.0,0.29706812138365496,ALP,True,False
2013,QLD,158,Dawson,24577,ENGLERT,Justin,7,KAP,Katter's Australian Party,5905.0,87623.0,0.06739098181984182,KAP,False,False
2013,QLD,252,Dickson,23834,DUTTON,Peter,1,LNP,Liberal National Party of Queensland,41163.0,85732.0,0.48013577194046564,LNP,True,False
2013,QLD,252,Dickson,23622,TAYLOR,Geoffrey,2,RUA,Rise Up Australia Party,585.0,85732.0,0.006823589791443102,RUA,False,False
2013,QLD,252,Dickson,24862,McDOWELL,Michael,3,FFP,Family First,1542.0,85732.0,0.017986282834880792,FFP,False,False
2013,QLD,252,Dickson,23904,D'LISLE,Tyrone,4,GRN,The Greens,5507.0,85732.0,0.06423505808799515,GRN,True,False
2013,QLD,252,Dickson,23720,GILLIVER,Michael,5,ALP,Australian Labor Party,26848.0,85732.0,0.31316194653105023,ALP,True,False
2013,QLD,252,Dickson,23411,TAVERNER,Mark Jonathon,6,PUP,Palmer United Party,8390.0,85732.0,0.0978631082909532,UAPP,False,False
2013,QLD,252,Dickson,24656,CORNWELL,Jim,7,KAP,Katter's Australian Party,1697.0,85732.0,0.01979424252321187,KAP,False,False
2013,QLD,159,Fadden,23960,MAIZEY,Petrina,1,GRN,The Greens,3995.0,80135.0,0.04985337243401759,GRN,True,False
2013,QLD,159,Fadden,24833,FREDERICKS,Jeremy John,2,FFP,Family First,1305.0,80135.0,0.016285019030386223,FFP,False,False
2013,QLD,159,Fadden,23394,MacANALLY,James Patrick,3,PUP,Palmer United Party,11759.0,80135.0,0.14673987645847633,UAPP,False,False
2013,QLD,159,Fadden,24507,LAWRENCE,Billy,4,KAP,Katter's Australian Party,1088.0,80135.0,0.013577088662881388,KAP,False,False
2013,QLD,159,Fadden,24780,CARROLL,Maurie,5,IND,Independent,712.0,80135.0,0.008885006551444438,IND,False,True
2013,QLD,159,Fadden,24510,BOYD,Stewart,6,ON,One Nation,510.0,80135.0,0.00636426031072565,ON,False,False
2013,QLD,159,Fadden,23759,LESSIO,Nicole,7,ALP,Australian Labor Party,17804.0,80135.0,0.22217507955325388,ALP,True,False
2013,QLD,159,Fadden,23815,ROBERT,Stuart,8,LNP,Liberal National Party of Queensland,42962.0,80135.0,0.5361202969988145,LNP,True,False
2013,QLD,160,Fairfax,24404,HOLT,Mike,1,ON,One Nation,709.0,84607.0,0.008379921283108962,ON,False,False
2013,QLD,160,Fairfax,23162,BYRNES,Trudy,2,IND,Independent,1016.0,84607.0,0.01200846265675417,IND,False,True
2013,QLD,160,Fairfax,23396,PALMER,Clive Frederick,3,PUP,Palmer United Party,22409.0,84607.0,0.26485988157008283,UAPP,False,False
2013,QLD,160,Fairfax,23792,O'BRIEN,Ted,4,LNP,Liberal National Party of Queensland,34959.0,84607.0,0.4131927618282175,LNP,True,False
2013,QLD,160,Fairfax,24815,MEYER,Angela,5,FFP,Family First,1416.0,84607.0,0.016736203860200694,FFP,False,False
2013,QLD,160,Fairfax,23746,HUGHES,Elaine Lexie,6,ALP,Australian Labor Party,15429.0,84607.0,0.18236079756994103,ALP,True,False
2013,QLD,160,Fairfax,23946,KNOBEL,David,7,GRN,The Greens,7046.0,84607.0,0.0832791612987105,GRN,True,False
2013,QLD,160,Fairfax,24322,SAWYER,Ray,8,KAP,Katter's Australian Party,1623.0,84607.0,0.01918280993298427,KAP,False,False
2013,QLD,161,Fisher,24325,MELDON,Mark,1,KAP,Katter's Australian Party,2520.0,77855.0,0.03236786333568814,KAP,False,False
2013,QLD,161,Fisher,23307,MAGUIRE,Mark,2,AIN,Australian Independents,890.0,77855.0,0.011431507289191446,AIN,False,False
2013,QLD,161,Fisher,23794,BROUGH,Mal,3,LNP,Liberal National Party of Queensland,34619.0,77855.0,0.4446599447691221,LNP,True,False
2013,QLD,161,Fisher,24814,MOORE,Tony,4,FFP,Family First,1593.0,77855.0,0.02046111360863143,FFP,False,False
2013,QLD,161,Fisher,23741,GISSANE,Bill,5,ALP,Australian Labor Party,16297.0,77855.0,0.2093250272943292,ALP,True,False
2013,QLD,161,Fisher,23416,SCHOCH,William Matthew,6,PUP,Palmer United Party,13559.0,77855.0,0.17415708689229978,UAPP,False,False
2013,QLD,161,Fisher,23691,CHRISTENSEN,Rod,7,RUA,Rise Up Australia Party,305.0,77855.0,0.00391753901483527,RUA,False,False
2013,QLD,161,Fisher,23667,TERRY,Jarreau,8,IND,Independent,957.0,77855.0,0.012292081433433948,IND,False,True
2013,QLD,161,Fisher,20759,SLIPPER,Peter,9,,,1207.0,77855.0,0.015503178986577612,,False,False
2013,QLD,161,Fisher,23937,CLARIDGE,Garry,10,GRN,The Greens,5908.0,77855.0,0.07588465737589108,GRN,True,False
2013,QLD,311,Flynn,24885,TOMSETT,Craig,1,IND,Independent,1573.0,85530.0,0.018391207763357887,IND,False,True
2013,QLD,311,Flynn,23806,O'DOWD,Ken,2,LNP,Liberal National Party of Queensland,39362.0,85530.0,0.46021279083362565,LNP,True,False
2013,QLD,311,Flynn,17322,SCOTT,Duncan George,3,IND,Independent,792.0,85530.0,0.009259908803928445,IND,False,True
2013,QLD,311,Flynn,23659,DICKINS,Kingsley,4,RUA,Rise Up Australia Party,584.0,85530.0,0.006828013562492693,RUA,False,False
2013,QLD,311,Flynn,23869,THOMPSON,Serena,5,GRN,The Greens,1890.0,85530.0,0.02209750964573834,GRN,True,False
2013,QLD,311,Flynn,24822,MOLDRE,Renae,6,FFP,Family First,1287.0,85530.0,0.015047351806383724,FFP,False,False
2013,QLD,311,Flynn,23426,ENSBY,Steven Philip,7,PUP,Palmer United Party,7908.0,85530.0,0.0924587863907401,UAPP,False,False
2013,QLD,311,Flynn,24501,LOVE,Richard Laing,8,KAP,Katter's Australian Party,3536.0,85530.0,0.04134221910440781,KAP,False,False
2013,QLD,311,Flynn,23776,TREVOR,Chris,9,ALP,Australian Labor Party,28598.0,85530.0,0.3343622120893254,ALP,True,False
2013,QLD,162,Forde,23942,JENNINGS,Jonathan,1,RUA,Rise Up Australia Party,745.0,75860.0,0.009820722383337727,RUA,False,False
2013,QLD,162,Forde,24479,van MANEN,Bert,2,LNP,Liberal National Party of Queensland,32271.0,75860.0,0.42540205641972056,LNP,True,False
2013,QLD,162,Forde,23973,BEATTIE,Peter Douglas,3,ALP,Australian Labor Party,25794.0,75860.0,0.3400210914843132,ALP,True,False
2013,QLD,162,Forde,24441,DOUGLAS,Keith,4,VCE,Australian Voice,262.0,75860.0,0.003453730556287899,VCE,False,False
2013,QLD,162,Forde,23747,BREWSTER,Blair Matthew,5,PUP,Palmer United Party,9445.0,75860.0,0.12450566833640918,UAPP,False,False
2013,QLD,162,Forde,24514,SLOSS,Joshua,6,IND,Independent,698.0,75860.0,0.009201160031637226,IND,False,True
2013,QLD,162,Forde,23708,PUKALLUS,Jan,7,CEC,Citizens Electoral Council,130.0,75860.0,0.001713683100448194,CEC,False,False
2013,QLD,162,Forde,24483,SPAIN,Sally,8,GRN,The Greens,3162.0,75860.0,0.041682045873978384,GRN,True,False
2013,QLD,162,Forde,24845,BEST,Amanda,9,FFP,Family First,1701.0,75860.0,0.022422884260479833,FFP,False,False
2013,QLD,162,Forde,24498,HUNTER,Paul Roger,10,KAP,Katter's Australian Party,1652.0,75860.0,0.02177695755338782,KAP,False,False
2013,QLD,163,Griffith,23675,CHURCH,Sherrilyn,1,RUA,Rise Up Australia Party,418.0,86409.0,0.004837459060977444,RUA,False,False
2013,QLD,163,Griffith,23439,McNICOL,Jan,2,SPP,Stable Population Party,165.0,86409.0,0.001909523313543728,SPP,False,False
2013,QLD,163,Griffith,23153,SOWDEN,Greg,3,IND,Independent,705.0,86409.0,0.008158872339686839,IND,False,True
2013,QLD,163,Griffith,24471,MURRAY,Luke,4,KAP,Katter's Australian Party,595.0,86409.0,0.0068858567973243525,KAP,False,False
2013,QLD,163,Griffith,23714,FLENADY,Liam,5,SAL,Socialist Alliance,377.0,86409.0,0.004362971449733246,SAL,False,False
2013,QLD,163,Griffith,23744,RUDD,Kevin,6,ALP,Australian Labor Party,34878.0,86409.0,0.4036385098774433,ALP,True,False
2013,QLD,163,Griffith,23598,REID,Anne,7,SPA,Secular Party of Australia,445.0,86409.0,0.0051499265122846,SPA,False,False
2013,QLD,163,Griffith,23859,EBBS,Geoff,8,GRN,The Greens,8799.0,86409.0,0.1018296705204319,GRN,True,False
2013,QLD,163,Griffith,23830,GLASSON,Bill,9,LNP,Liberal National Party of Queensland,36481.0,86409.0,0.4221898181902348,LNP,True,False
2013,QLD,163,Griffith,23427,HUNTER,Karin Margaret,10,PUP,Palmer United Party,2903.0,86409.0,0.03359603744980268,UAPP,False,False
2013,QLD,163,Griffith,24853,KERTESZ,Adam,11,FFP,Family First,643.0,86409.0,0.0074413544885370735,FFP,False,False
2013,QLD,164,Groom,23279,THIES,Robert Henry,1,CEC,Citizens Electoral Council,743.0,88003.0,0.008442893992250265,CEC,False,False
2013,QLD,164,Groom,23713,MURRAY,Troy,2,ALP,Australian Labor Party,19451.0,88003.0,0.2210265559128666,ALP,True,False
2013,QLD,164,Groom,24350,WHITTY,Chris,3,KAP,Katter's Australian Party,3243.0,88003.0,0.03685101644262127,KAP,False,False
2013,QLD,164,Groom,23796,MACFARLANE,Ian,4,LNP,Liberal National Party of Queensland,48966.0,88003.0,0.5564128495619467,LNP,True,False
2013,QLD,164,Groom,23860,SMITH,Trevor,5,GRN,The Greens,3823.0,88003.0,0.04344170085110735,GRN,True,False
2013,QLD,164,Groom,23655,ARMITAGE,Rick,6,RUA,Rise Up Australia Party,1210.0,88003.0,0.013749531265979569,RUA,False,False
2013,QLD,164,Groom,23407,MATHIESON,Ewen James,7,PUP,Palmer United Party,8225.0,88003.0,0.09346272286172062,UAPP,False,False
2013,QLD,164,Groom,24816,TODD,Alex J,8,FFP,Family First,2342.0,88003.0,0.026612729111507562,FFP,False,False
2013,QLD,165,Herbert,24177,HAMILTON,Gail,1,GRN,The Greens,4463.0,85253.0,0.05235006392736913,GRN,True,False
2013,QLD,165,Herbert,24352,MOIR,Steve,2,ON,One Nation,710.0,85253.0,0.00832815267497918,ON,False,False
2013,QLD,165,Herbert,23703,MAROLLA,Nino,3,RUA,Rise Up Australia Party,549.0,85253.0,0.006439656082483901,RUA,False,False
2013,QLD,165,Herbert,24306,WALKER,Bronwyn,4,KAP,Katter's Australian Party,6890.0,85253.0,0.08081827032479795,KAP,False,False
2013,QLD,165,Herbert,23811,JONES,Ewen,5,LNP,Liberal National Party of Queensland,36952.0,85253.0,0.4334392924589164,LNP,True,False
2013,QLD,165,Herbert,23712,O'TOOLE,Cathy,6,ALP,Australian Labor Party,25051.0,85253.0,0.2938430319167654,ALP,True,False
2013,QLD,165,Herbert,24863,PUNSHON,Michael,7,FFP,Family First,1106.0,85253.0,0.012973150504967567,FFP,False,False
2013,QLD,165,Herbert,24383,GEORGE,Costa,8,ASXP,Sex Party,1576.0,85253.0,0.018486152979953784,ASXP,False,False
2013,QLD,165,Herbert,24242,BELL,Margaret,9,VCE,Australian Voice,383.0,85253.0,0.004492510527488769,VCE,False,False
2013,QLD,165,Herbert,23505,BREWSTER,Martin David,10,PUP,Palmer United Party,7573.0,85253.0,0.08882971860227792,UAPP,False,False
2013,QLD,166,Hinkler,23716,DONALDSON,Leanne,1,ALP,Australian Labor Party,23442.0,84928.0,0.2760220422004521,ALP,True,False
2013,QLD,166,Hinkler,24317,DALGLEISH,David,2,KAP,Katter's Australian Party,3887.0,84928.0,0.04576818010550113,KAP,False,False
2013,QLD,166,Hinkler,24916,SCHIRMER,Reid,3,IND,Independent,706.0,84928.0,0.008312923888470233,IND,False,True
2013,QLD,166,Hinkler,24821,SULLIVAN,Troy Bradly,4,FFP,Family First,1590.0,84928.0,0.01872174076865109,FFP,False,False
2013,QLD,166,Hinkler,23837,PITT,Keith,5,LNP,Liberal National Party of Queensland,38005.0,84928.0,0.447496703089676,LNP,True,False
2013,QLD,166,Hinkler,23877,SIMPSON,Mark,6,GRN,The Greens,2308.0,84928.0,0.027175960813865863,GRN,True,False
2013,QLD,166,Hinkler,23413,MESSENGER,Robert Desmond,7,PUP,Palmer United Party,14990.0,84928.0,0.17650244913338356,UAPP,False,False
2013,QLD,167,Kennedy,23412,BRAZIER,Ronald George,1,PUP,Palmer United Party,6419.0,84101.0,0.07632489506664605,UAPP,False,False
2013,QLD,167,Kennedy,24927,TUXFORD,Chester Gordon,2,IND,Independent,571.0,84101.0,0.006789455535605998,IND,False,True
2013,QLD,167,Kennedy,23949,STIRLING,Jenny,3,GRN,The Greens,2727.0,84101.0,0.03242529815341078,GRN,True,False
2013,QLD,167,Kennedy,24318,KATTER,Bob,4,KAP,Katter's Australian Party,24691.0,84101.0,0.293587472206038,KAP,False,False
2013,QLD,167,Kennedy,23634,HECHT,Pam,5,RUA,Rise Up Australia Party,508.0,84101.0,0.0060403562383324816,RUA,False,False
2013,QLD,167,Kennedy,24831,VOGLER,Dan,6,FFP,Family First,1064.0,84101.0,0.012651454798397166,FFP,False,False
2013,QLD,167,Kennedy,23808,IKIN,Noeline,7,LNP,Liberal National Party of Queensland,34344.0,84101.0,0.4083661311993912,LNP,True,False
2013,QLD,167,Kennedy,24078,TURNOUR,Andrew,8,ALP,Australian Labor Party,13777.0,84101.0,0.16381493680217835,ALP,True,False
2013,QLD,168,Leichhardt,24823,MILES,Frank,1,FFP,Family First,1876.0,85716.0,0.021886228942087825,FFP,False,False
2013,QLD,168,Leichhardt,23650,EDWARDS,Dale,2,RUA,Rise Up Australia Party,476.0,85716.0,0.005553222268887955,RUA,False,False
2013,QLD,168,Leichhardt,24332,RYAN,George,3,KAP,Katter's Australian Party,3677.0,85716.0,0.042897475383825656,KAP,False,False
2013,QLD,168,Leichhardt,23419,GIBSON,Bruce,4,PUP,Palmer United Party,7326.0,85716.0,0.08546829063418732,UAPP,False,False
2013,QLD,168,Leichhardt,23930,KLOOT,Johanna,5,GRN,The Greens,5646.0,85716.0,0.06586868262634747,GRN,True,False
2013,QLD,168,Leichhardt,23801,ENTSCH,Warren,6,LNP,Liberal National Party of Queensland,38795.0,85716.0,0.4525992813477064,LNP,True,False
2013,QLD,168,Leichhardt,23748,GORDON,Billy,7,ALP,Australian Labor Party,27920.0,85716.0,0.3257268187969574,ALP,True,False
2013,QLD,169,Lilley,24393,RYAN,James Michael,1,KAP,Katter's Australian Party,1899.0,90101.0,0.021076347654299065,KAP,False,False
2013,QLD,169,Lilley,23857,FORSTER,Nic,2,GRN,The Greens,6908.0,90101.0,0.07666951532169454,GRN,True,False
2013,QLD,169,Lilley,23418,FIGUEROA,Benedict,3,PUP,Palmer United Party,6193.0,90101.0,0.0687339763154682,UAPP,False,False
2013,QLD,169,Lilley,23817,McGARVIE,Rod,4,LNP,Liberal National Party of Queensland,37232.0,90101.0,0.4132251584333137,LNP,True,False
2013,QLD,169,Lilley,23721,SWAN,Wayne,5,ALP,Australian Labor Party,36228.0,90101.0,0.40208210785673854,ALP,True,False
2013,QLD,169,Lilley,24871,VINCENT,Allan,6,FFP,Family First,1297.0,90101.0,0.014394956770735065,FFP,False,False
2013,QLD,169,Lilley,23264,CONTARINO,Nick,7,CEC,Citizens Electoral Council,344.0,90101.0,0.0038179376477508573,CEC,False,False
2013,QLD,302,Longman,23855,ROY,Wyatt,1,LNP,Liberal National Party of Queensland,37570.0,83790.0,0.4483828619166965,LNP,True,False
2013,QLD,302,Longman,24407,KENNEDY,Brad,2,KAP,Katter's Australian Party,2364.0,83790.0,0.028213390619405657,KAP,False,False
2013,QLD,302,Longman,23441,VAN DER WEEGEN,Clemens Joseph,3,PUP,Palmer United Party,10714.0,83790.0,0.1278672872657835,UAPP,False,False
2013,QLD,302,Longman,24749,WELLS,Caleb,4,IND,Independent,895.0,83790.0,0.010681465568683613,IND,False,True
2013,QLD,302,Longman,23774,CAISLEY,Michael,5,ALP,Australian Labor Party,25683.0,83790.0,0.306516290726817,ALP,True,False
2013,QLD,302,Longman,24861,SMITH,Will,6,FFP,Family First,1977.0,83790.0,0.02359470103831006,FFP,False,False
2013,QLD,302,Longman,24461,GOEYTES,Ayla,7,ASXP,Sex Party,1283.0,83790.0,0.015312089748179974,ASXP,False,False
2013,QLD,302,Longman,23892,FAIRWEATHER,Helen,8,GRN,The Greens,3304.0,83790.0,0.039431913116123644,GRN,True,False
2013,QLD,170,Maranoa,24846,SPELLMAN,John,1,FFP,Family First,2481.0,89908.0,0.027594874760866663,FFP,False,False
2013,QLD,170,Maranoa,24068,CEDRIC-THOMPSON,Nick,2,ALP,Australian Labor Party,14649.0,89908.0,0.1629332206255283,ALP,True,False
2013,QLD,170,Maranoa,24073,NEWSON,Grant,3,GRN,The Greens,2762.0,89908.0,0.030720291853895094,GRN,True,False
2013,QLD,170,Maranoa,24071,SCOTT,Bruce,4,LNP,Liberal National Party of Queensland,51622.0,89908.0,0.5741647016950661,LNP,True,False
2013,QLD,170,Maranoa,24067,CLOUSTON,George Mousley,5,RUA,Rise Up Australia Party,861.0,89908.0,0.009576455932731237,RUA,False,False
2013,QLD,170,Maranoa,23594,BJELKE-PETERSEN,John,6,PUP,Palmer United Party,12506.0,89908.0,0.13909774436090225,UAPP,False,False
2013,QLD,170,Maranoa,24512,WALTON,Rowell,7,KAP,Katter's Australian Party,5027.0,89908.0,0.055912710771010364,KAP,False,False
2013,QLD,171,McPherson,24829,GREEN,Simon,1,FFP,Family First,3084.0,82927.0,0.037189335198427535,FFP,False,False
2013,QLD,171,McPherson,23456,DOUGLAS,Susan Kim,2,PUP,Palmer United Party,13203.0,82927.0,0.15921231926875445,UAPP,False,False
2013,QLD,171,McPherson,24911,BLAKE,Charles,3,VCE,Australian Voice Party,491.0,82927.0,0.00592087016291437,VCE,False,False
2013,QLD,171,McPherson,23760,HISLOP,Gail,4,ALP,Australian Labor Party,18866.0,82927.0,0.22750129632086052,ALP,True,False
2013,QLD,171,McPherson,23826,ANDREWS,Karen,5,LNP,Liberal National Party of Queensland,41594.0,82927.0,0.5015736732306728,LNP,True,False
2013,QLD,171,McPherson,23888,WYATT,David Michael,6,GRN,The Greens,5689.0,82927.0,0.06860250581837038,GRN,True,False
2013,QLD,172,Moncrieff,24830,NICHOLSON,Barrie Sinclair,1,FFP,Family First,1744.0,79540.0,0.021926074930852402,FFP,False,False
2013,QLD,172,Moncrieff,23285,SPAJIC,Paul,2,CEC,Citizens Electoral Council,330.0,79540.0,0.0041488559215489065,CEC,False,False
2013,QLD,172,Moncrieff,24057,CIOBO,Steven,3,LNP,Liberal National Party of Queensland,44295.0,79540.0,0.5568896152879055,LNP,True,False
2013,QLD,172,Moncrieff,23424,PFORR,Grant James,4,PUP,Palmer United Party,10882.0,79540.0,0.13681166708574302,UAPP,False,False
2013,QLD,172,Moncrieff,24397,BERIC,Veronica Bernadette,5,ON,One Nation,600.0,79540.0,0.007543374402816193,ON,False,False
2013,QLD,172,Moncrieff,24056,McPHERSON,Toni,6,GRN,The Greens,5127.0,79540.0,0.06445813427206437,GRN,True,False
2013,QLD,172,Moncrieff,24058,MUNRO,Jason David,7,ALP,Australian Labor Party,16562.0,79540.0,0.20822227809906965,ALP,True,False
2013,QLD,173,Moreton,23718,PERRETT,Graham Douglas,1,ALP,Australian Labor Party,31932.0,82449.0,0.38729396354109813,ALP,True,False
2013,QLD,173,Moreton,23261,GRUNERT,Wayne J M,2,CEC,Citizens Electoral Council,208.0,82449.0,0.0025227716527792938,CEC,False,False
2013,QLD,173,Moreton,24315,MALLCOTT,Chris Allan,3,KAP,Katter's Australian Party,1070.0,82449.0,0.012977719559970406,KAP,False,False
2013,QLD,173,Moreton,23645,MUSCAT,Hayden,4,FUT,Future Party,481.0,82449.0,0.005833909447052117,FUT,False,False
2013,QLD,173,Moreton,24848,FERRANDO,Carolyn,5,FFP,Family First,1250.0,82449.0,0.015160887336414026,FFP,False,False
2013,QLD,173,Moreton,23807,COLE,Malcolm,6,LNP,Liberal National Party of Queensland,34824.0,82449.0,0.42237019248262564,LNP,True,False
2013,QLD,173,Moreton,23431,DAVEY,Jeremy Peter,7,PUP,Palmer United Party,4147.0,82449.0,0.050297759827287174,UAPP,False,False
2013,QLD,173,Moreton,23696,FRY,Bruce Mayburn,8,RUA,Rise Up Australia Party,303.0,82449.0,0.00367499909034676,RUA,False,False
2013,QLD,173,Moreton,23866,JENKINS,Elissa,9,GRN,The Greens,8234.0,82449.0,0.09986779706242647,GRN,True,False
2013,QLD,174,Oxley,23810,NGUYEN,Andrew,1,LNP,Liberal National Party of Queensland,29064.0,75618.0,0.384352931841625,LNP,True,False
2013,QLD,174,Oxley,23415,KARG,Frank,2,DLP,Democratic Labour Party (DLP),1075.0,75618.0,0.01421619191197863,DLP,False,False
2013,QLD,174,Oxley,24166,STEPHENSON,Martin,3,GRN,The Greens,4072.0,75618.0,0.05384961252611812,GRN,True,False
2013,QLD,174,Oxley,24309,HEWLETT,Kathleen,4,KAP,Katter's Australian Party,1499.0,75618.0,0.019823322489354388,KAP,False,False
2013,QLD,174,Oxley,23633,MOERLAND,Scott,5,RUA,Rise Up Australia Party,400.0,75618.0,0.005289745827712978,RUA,False,False
2013,QLD,174,Oxley,23583,TANG,Ricky Yue Mun,6,PUP,Palmer United Party,5368.0,75618.0,0.07098838900790817,UAPP,False,False
2013,QLD,174,Oxley,23755,RIPOLL,Bernie,7,ALP,Australian Labor Party,32589.0,75618.0,0.43096881694834566,ALP,True,False
2013,QLD,174,Oxley,24818,McCORMACK,Carrie,8,FFP,Family First,1551.0,75618.0,0.020510989446957072,FFP,False,False
2013,QLD,175,Petrie,23689,JENNINGS,Elise,1,RUA,Rise Up Australia Party,920.0,82573.0,0.011141656473665726,RUA,False,False
2013,QLD,175,Petrie,23561,PROHASKA,Thor Leopold,2,PUP,Palmer United Party,8422.0,82573.0,0.1019945987187095,UAPP,False,False
2013,QLD,175,Petrie,24080,MARSHALL,John,3,GRN,The Greens,3729.0,82573.0,0.045160040206847274,GRN,True,False
2013,QLD,175,Petrie,24419,THOMSON,Chris,4,KAP,Katter's Australian Party,1336.0,82573.0,0.01617962287914936,KAP,False,False
2013,QLD,175,Petrie,24854,SPENCE,Tasman,5,FFP,Family First,1774.0,82573.0,0.021484020200307607,FFP,False,False
2013,QLD,175,Petrie,23800,HOWARTH,Luke,6,LNP,Liberal National Party of Queensland,33570.0,82573.0,0.40654935632712874,LNP,True,False
2013,QLD,175,Petrie,23374,CORNELL,Geoff,7,CEC,Citizens Electoral Council,192.0,82573.0,0.002325215264069369,CEC,False,False
2013,QLD,175,Petrie,23733,D'ATH,Yvette,8,ALP,Australian Labor Party,32630.0,82573.0,0.39516548993012246,ALP,True,False
2013,QLD,176,Rankin,23919,COTTER,Neil,1,GRN,The Greens,4405.0,83202.0,0.0529434388596428,GRN,True,False
2013,QLD,176,Rankin,24417,CLAYDON,Chris,2,KAP,Katter's Australian Party,1697.0,83202.0,0.020396144323453762,KAP,False,False
2013,QLD,176,Rankin,23436,ROGAN,William Tracy,3,PUP,Palmer United Party,9228.0,83202.0,0.1109107954135718,UAPP,False,False
2013,QLD,176,Rankin,23730,CHALMERS,Jim,4,ALP,Australian Labor Party,35098.0,83202.0,0.42184082113410737,ALP,True,False
2013,QLD,176,Rankin,23831,LIN,David,5,LNP,Liberal National Party of Queensland,30260.0,83202.0,0.36369318045239296,LNP,True,False
2013,QLD,176,Rankin,24838,LAWRIE,Chris,6,FFP,Family First,2514.0,83202.0,0.030215619816831327,FFP,False,False
2013,QLD,177,Ryan,23724,HAMWOOD,Damien Scott,1,ALP,Australian Labor Party,23385.0,91658.0,0.25513321259464533,ALP,True,False
2013,QLD,177,Ryan,23899,WORRINGHAM,Charles,2,GRN,The Greens,13235.0,91658.0,0.1443954701171747,GRN,True,False
2013,QLD,177,Ryan,23814,PRENTICE,Jane,3,LNP,Liberal National Party of Queensland,47366.0,91658.0,0.5167688581465884,LNP,True,False
2013,QLD,177,Ryan,23442,GUNNIS,Craig Geoffrey,4,PUP,Palmer United Party,4558.0,91658.0,0.04972833795195182,UAPP,False,False
2013,QLD,177,Ryan,24392,WALKER,Peter Andrew,5,KAP,Katter's Australian Party,1140.0,91658.0,0.012437539549193742,KAP,False,False
2013,QLD,177,Ryan,23454,SWEEDMAN,Michael C,6,SPA,Secular Party of Australia,761.0,91658.0,0.008302603155207401,SPA,False,False
2013,QLD,177,Ryan,24877,DEMEDIO,Lisa,7,FFP,Family First,1213.0,91658.0,0.013233978485238605,FFP,False,False
2013,QLD,178,Wide Bay,23822,TRUSS,Warren,1,LNP,Liberal National Party of Queensland,41767.0,85459.0,0.4887372892264127,LNP,True,False
2013,QLD,178,Wide Bay,24401,DALE,Gordon,2,KAP,Katter's Australian Party,5022.0,85459.0,0.05876502182333049,KAP,False,False
2013,QLD,178,Wide Bay,23902,RINGROSE,Joy,3,GRN,The Greens,5596.0,85459.0,0.06548169297557893,GRN,True,False
2013,QLD,178,Wide Bay,23414,ANDERSON,Stephen Alfred,4,PUP,Palmer United Party,13574.0,85459.0,0.15883640108122024,UAPP,False,False
2013,QLD,178,Wide Bay,24827,CHAPMAN,John,5,FFP,Family First,1286.0,85459.0,0.015048151745281364,FFP,False,False
2013,QLD,178,Wide Bay,23692,DICKINS,Grace,6,RUA,Rise Up Australia Party,517.0,85459.0,0.006049684644098339,RUA,False,False
2013,QLD,178,Wide Bay,23723,STANTON,Lucy,7,ALP,Australian Labor Party,17697.0,85459.0,0.20708175850407798,ALP,True,False
2013,QLD,316,Wright,24850,LYNCH,Stephen,1,FFP,Family First,2087.0,80740.0,0.02584840227891999,FFP,False,False
2013,QLD,316,Wright,23658,MAUNDER,Tony,2,RUA,Rise Up Australia Party,565.0,80740.0,0.006997770621748824,RUA,False,False
2013,QLD,316,Wright,23873,SUMMERS,Judith,3,GRN,The Greens,4358.0,80740.0,0.05397572454793163,GRN,True,False
2013,QLD,316,Wright,24333,NEUENDORF,David,4,KAP,Katter's Australian Party,4332.0,80740.0,0.0536537032449839,KAP,False,False
2013,QLD,316,Wright,23405,ISON,Angie Elaine,5,PUP,Palmer United Party,11691.0,80740.0,0.14479811741392123,UAPP,False,False
2013,QLD,316,Wright,23237,WRIGHT,Matthew,6,IND,Independent,1810.0,80740.0,0.022417636859053753,IND,False,True
2013,QLD,316,Wright,23725,MURAKAMI,Sharon,7,ALP,Australian Labor Party,17267.0,80740.0,0.2138593014614813,ALP,True,False
2013,QLD,316,Wright,23804,BUCHHOLZ,Scott,8,LNP,Liberal National Party of Queensland,38630.0,80740.0,0.4784493435719594,LNP,True,False
2013,SA,179,Adelaide,24884,LAZAROU,Liah,1,SAL,Socialist Alliance,980.0,91456.0,0.01071553533939818,SAL,False,False
2013,SA,179,Adelaide,23971,ELLIS,Kate,2,ALP,Australian Labor Party,38650.0,91456.0,0.42260759272218335,ALP,True,False
2013,SA,179,Adelaide,24370,SCALI,Vincent,3,PUP,Palmer United Party,1943.0,91456.0,0.021245188943317006,UAPP,False,False
2013,SA,179,Adelaide,23637,GARCIA,Carmen,4,LP,Liberal,38463.0,91456.0,0.4205628936319104,LP,True,False
2013,SA,179,Adelaide,25001,LEE,Peter,5,FFP,Family First,2169.0,91456.0,0.023716322603219035,FFP,False,False
2013,SA,179,Adelaide,24875,BEACH,Ruth,6,GRN,Australian Greens,9251.0,91456.0,0.10115246675997201,GRN,True,False
2013,SA,180,Barker,24852,KEOUGH,Mark,1,GRN,Australian Greens,5224.0,92524.0,0.056461026328304006,GRN,True,False
2013,SA,180,Barker,25019,LAMBERT,Kristin,2,FFP,Family First,7368.0,92524.0,0.07963339241710259,FFP,False,False
2013,SA,180,Barker,24300,JHANDI,Balwinder Singh,3,PUP,Palmer United Party,3623.0,92524.0,0.039157407807703944,UAPP,False,False
2013,SA,180,Barker,24745,HANNEMANN,Miles,4,NP,National Party,4021.0,92524.0,0.04345899442306861,NP,True,False
2013,SA,180,Barker,23974,GOLDING,Phil,5,ALP,Australian Labor Party,16993.0,92524.0,0.18366045566555705,ALP,True,False
2013,SA,180,Barker,23218,SAGE,Richard,6,IND,Independent,6617.0,92524.0,0.07151657948208033,IND,False,True
2013,SA,180,Barker,23648,PASIN,Tony,7,LP,Liberal,48678.0,92524.0,0.5261121438761834,LP,True,False
2013,SA,182,Boothby,24953,THOMAS,Stephen,1,GRN,Australian Greens,11287.0,94307.0,0.11968358658424083,GRN,True,False
2013,SA,182,Boothby,23820,SOUTHCOTT,Andrew,2,LP,Liberal,47484.0,94307.0,0.5035045118602013,LP,True,False
2013,SA,182,Boothby,24491,COX,Sally Dawn,3,PUP,Palmer United Party,2835.0,94307.0,0.030061395230470696,UAPP,False,False
2013,SA,182,Boothby,24124,DIGANCE,Annabel,4,ALP,Australian Labor Party,29018.0,94307.0,0.3076972016923452,ALP,True,False
2013,SA,182,Boothby,25009,EDMONDS,Natasha,5,FFP,Family First,3683.0,94307.0,0.039053304632742,FFP,False,False
2013,SA,183,Grey,24001,BROWNE,Ben,1,ALP,Australian Labor Party,24205.0,88651.0,0.27303696517805776,ALP,True,False
2013,SA,183,Grey,24511,REES,Kristian,2,PUP,Palmer United Party,4457.0,88651.0,0.05027580061138622,UAPP,False,False
2013,SA,183,Grey,24999,KAMINSKI,Cheryl,3,FFP,Family First,4878.0,88651.0,0.055024760013987435,FFP,False,False
2013,SA,183,Grey,24859,SENTANCE,Alison,4,GRN,Australian Greens,3289.0,88651.0,0.037100540321034166,GRN,True,False
2013,SA,183,Grey,23709,RAMSEY,Rowan,5,LP,Liberal,49334.0,88651.0,0.5564968246269077,LP,True,False
2013,SA,183,Grey,23160,FIDGE,Greg,6,IND,Independent,2488.0,88651.0,0.028065109248626638,IND,False,True
2013,SA,185,Hindmarsh,24870,PAYNE,Andrew,1,GRN,Australian Greens,8360.0,94523.0,0.08844408239264517,GRN,True,False
2013,SA,185,Hindmarsh,23656,WILLIAMS,Matt,2,LP,Liberal,43639.0,94523.0,0.46167599420246924,LP,True,False
2013,SA,185,Hindmarsh,24518,MELISSOURGOS,George Peter,3,PUP,Palmer United Party,2332.0,94523.0,0.02467124403584313,UAPP,False,False
2013,SA,185,Hindmarsh,24944,McCABE,David,4,DLP,DLP Democratic Labour,834.0,94523.0,0.008823249367878717,DLP,False,False
2013,SA,185,Hindmarsh,24520,McKAY,Kym,5,KAP,Katter's Australian Party,599.0,94523.0,0.0063370819800471845,KAP,False,False
2013,SA,185,Hindmarsh,23968,GEORGANAS,Steve,6,ALP,Australian Labor Party,35876.0,94523.0,0.3795478349184854,ALP,True,False
2013,SA,185,Hindmarsh,25005,RANDALL,Bob,7,FFP,Family First,2883.0,94523.0,0.030500513102631105,FFP,False,False
2013,SA,186,Kingston,24189,SNOSWELL,Andy,1,RUA,Rise Up Australia Party,1191.0,87950.0,0.013541785105173393,RUA,False,False
2013,SA,186,Kingston,24899,MOORE,Palitja,2,GRN,Australian Greens,6062.0,87950.0,0.06892552586696987,GRN,True,False
2013,SA,186,Kingston,24294,FROST,Mitchell Thomas,3,PUP,Palmer United Party,3709.0,87950.0,0.0421716884593519,UAPP,False,False
2013,SA,186,Kingston,23819,MILLS,Damien,4,LP,Liberal,28492.0,87950.0,0.3239567936327459,LP,True,False
2013,SA,186,Kingston,25006,DOECKE,Geoff,5,FFP,Family First,5168.0,87950.0,0.05876065946560546,FFP,False,False
2013,SA,186,Kingston,24116,RISHWORTH,Amanda,6,ALP,Australian Labor Party,43328.0,87950.0,0.4926435474701535,ALP,True,False
2013,SA,187,Makin,24108,ZAPPIA,Tony,1,ALP,Australian Labor Party,41873.0,91908.0,0.45559690124907515,ALP,True,False
2013,SA,187,Makin,24452,GRAHAM,Andrew Morgan,2,PUP,Palmer United Party,3818.0,91908.0,0.04154154154154154,UAPP,False,False
2013,SA,187,Makin,24456,JAMESON,Robert,3,KAP,Katter's Australian Party,705.0,91908.0,0.007670714192453323,KAP,False,False
2013,SA,187,Makin,23640,LAWRIE,Sue,4,LP,Liberal,34192.0,91908.0,0.3720241981111546,LP,True,False
2013,SA,187,Makin,24878,HARRISON,Ami,5,GRN,Australian Greens,5429.0,91908.0,0.05906993950472211,GRN,True,False
2013,SA,187,Makin,25028,POTTER,Mark,6,FFP,Family First,5891.0,91908.0,0.06409670540105322,FFP,False,False
2013,SA,188,Mayo,24998,HICKS,Bruce,1,FFP,Family First,6525.0,91410.0,0.0713816869051526,FFP,False,False
2013,SA,188,Mayo,24502,BRAR,Bikkar Singh,2,PUP,Palmer United Party,3434.0,91410.0,0.03756700579805273,UAPP,False,False
2013,SA,188,Mayo,23992,FAHY,Norah,3,ALP,Australian Labor Party,19325.0,91410.0,0.21141013018269336,ALP,True,False
2013,SA,188,Mayo,24887,GROSSER,Ian,4,GRN,Australian Greens,12931.0,91410.0,0.14146154687670934,GRN,True,False
2013,SA,188,Mayo,23672,BRIGGS,Jamie,5,LP,Liberal,49195.0,91410.0,0.538179630237392,LP,True,False
2013,SA,189,Port Adelaide,25011,HAMBOUR,Bruce,1,FFP,Family First,6843.0,90999.0,0.07519862855635777,FFP,False,False
2013,SA,189,Port Adelaide,24395,HUYNH,Ngoc Chau,2,PUP,Palmer United Party,5227.0,90999.0,0.057440191650457696,UAPP,False,False
2013,SA,189,Port Adelaide,24489,COOKSLEY,Terry,3,AFN,Australia First Party,1116.0,90999.0,0.012263871031549797,AFN,False,False
2013,SA,189,Port Adelaide,23768,MCKENNA,Nigel,4,LP,Liberal,23955.0,90999.0,0.26324465104012135,LP,True,False
2013,SA,189,Port Adelaide,24931,POPOVIC,Dusan,5,GRN,Australian Greens,7834.0,90999.0,0.08608885811931999,GRN,True,False
2013,SA,189,Port Adelaide,24121,BUTLER,Mark,6,ALP,Australian Labor Party,46024.0,90999.0,0.5057637996021934,ALP,True,False
2013,SA,190,Sturt,23647,PYNE,Christopher,1,LP,Liberal,49429.0,90867.0,0.5439708585074889,LP,True,False
2013,SA,190,Sturt,25003,BARNES,Kylie,2,FFP,Family First,3565.0,90867.0,0.039233164955374336,FFP,False,False
2013,SA,190,Sturt,24101,SARRE,Rick,3,ALP,Australian Labor Party,26258.0,90867.0,0.28897179394059447,ALP,True,False
2013,SA,190,Sturt,24509,SCALI,Gabriella Alexandra,4,PUP,Palmer United Party,2713.0,90867.0,0.029856823709377443,UAPP,False,False
2013,SA,190,Sturt,24873,WALKER,Anne,5,GRN,Australian Greens,8902.0,90867.0,0.09796735888716476,GRN,True,False
2013,SA,191,Wakefield,23736,ZORICH,Tom,1,LP,Liberal,34425.0,90850.0,0.37892129884424874,LP,True,False
2013,SA,191,Wakefield,24844,CLAY,Sherree,2,GRN,Australian Greens,4683.0,90850.0,0.05154650522839846,GRN,True,False
2013,SA,191,Wakefield,23742,ALDRIDGE,Mark,3,IND,Independent,3729.0,90850.0,0.04104567969179967,IND,False,True
2013,SA,191,Wakefield,24405,MUSOLINO,Tony,4,KAP,Katter's Australian Party,964.0,90850.0,0.010610897083104018,KAP,False,False
2013,SA,191,Wakefield,24420,MUSOLINO,Dino,5,PUP,Palmer United Party,3890.0,90850.0,0.042817831590533845,UAPP,False,False
2013,SA,191,Wakefield,24198,CHAMPION,Nick,6,ALP,Australian Labor Party,37723.0,90850.0,0.4152228948816731,ALP,True,False
2013,SA,191,Wakefield,25010,COOMBE,Paul,7,FFP,Family First,5436.0,90850.0,0.059834892680242155,FFP,False,False
2013,TAS,192,Bass,24794,KROEZE,Ray,1,AUC,Australian Christians,963.0,65344.0,0.014737389813907934,AUC,False,False
2013,TAS,192,Bass,23294,NIKOLIC,Andrew,2,LP,Liberal,31267.0,65344.0,0.4784984084231146,LP,True,False
2013,TAS,192,Bass,23546,DOBSON,Christopher Lee,3,PUP,Palmer United Party,3520.0,65344.0,0.05386875612144956,UAPP,False,False
2013,TAS,192,Bass,24170,BERGMAN,Christine,4,FFP,Family First,1407.0,65344.0,0.021532198824681683,FFP,False,False
2013,TAS,192,Bass,23464,LYONS,Geoff,5,ALP,Australian Labor Party,22643.0,65344.0,0.3465199559255632,ALP,True,False
2013,TAS,192,Bass,23452,LANDON-LANE,Lucy,6,GRN,Australian Greens,5160.0,65344.0,0.07896669931439765,GRN,True,False
2013,TAS,192,Bass,24643,CHOI,Jin-oh,7,SPA,Secular Party of Australia,384.0,65344.0,0.005876591576885406,SPA,False,False
2013,TAS,193,Braddon,23449,HOUGHTON,Melissa,1,GRN,Australian Greens,3410.0,65956.0,0.051701134089392926,GRN,True,False
2013,TAS,193,Braddon,23529,SIDEBOTTOM,Sid,2,ALP,Australian Labor Party,24791.0,65956.0,0.37587179331675663,ALP,True,False
2013,TAS,193,Braddon,23554,MORGAN,Kevin,3,PUP,Palmer United Party,6125.0,65956.0,0.09286494026320577,UAPP,False,False
2013,TAS,193,Braddon,23875,SHAW,Bernard,4,RUA,Rise Up Australia Party,726.0,65956.0,0.011007338225483656,RUA,False,False
2013,TAS,193,Braddon,23270,WHITELEY,Brett,5,LP,Liberal,30904.0,65956.0,0.46855479410516104,LP,True,False
2013,TAS,194,Denison,23274,DENISON,Tanya,1,LP,Liberal,15058.0,64825.0,0.23228692634014655,LP,True,False
2013,TAS,194,Denison,20881,WILKIE,Andrew,2,IND,Independent,24688.0,64825.0,0.380840725028924,IND,False,True
2013,TAS,194,Denison,23446,REYNOLDS,Anna,3,GRN,Australian Greens,5133.0,64825.0,0.07918241419205553,GRN,True,False
2013,TAS,194,Denison,24765,WILLIAMS,Wayne,4,DLP,DLP Democratic Labour,554.0,64825.0,0.008546085615117624,DLP,False,False
2013,TAS,194,Denison,24902,BUTLER,Bob,5,ASXP,Sex Party,877.0,64825.0,0.013528731199382953,ASXP,False,False
2013,TAS,194,Denison,23280,HOULT,Brandon,6,SPP,Stable Population Party,124.0,64825.0,0.001912842267643656,SPP,False,False
2013,TAS,194,Denison,24151,McCALLUM,Trevlyn,7,FFP,Family First,593.0,64825.0,0.009147705360586194,FFP,False,False
2013,TAS,194,Denison,23540,THURLEY,Debra Joyce,8,PUP,Palmer United Party,1576.0,64825.0,0.02431160817585808,UAPP,False,False
2013,TAS,194,Denison,23453,AUSTIN,Jane,9,ALP,Australian Labor Party,16043.0,64825.0,0.24748168145005786,ALP,True,False
2013,TAS,194,Denison,23783,DEVLIN,Graeme,10,RUA,Rise Up Australia Party,179.0,64825.0,0.0027612803702275358,RUA,False,False
2013,TAS,195,Franklin,23455,COLLINS,Julie,1,ALP,Australian Labor Party,26893.0,67344.0,0.3993377286766453,ALP,True,False
2013,TAS,195,Franklin,23542,ZUCCO,Marti,2,PUP,Palmer United Party,4108.0,67344.0,0.061000237586124974,UAPP,False,False
2013,TAS,195,Franklin,23271,BLACK,Bernadette,3,LP,Liberal,26070.0,67344.0,0.3871168923734854,LP,True,False
2013,TAS,195,Franklin,24399,DOWNES,Josh,4,FFP,Family First,1264.0,67344.0,0.018769303872653836,FFP,False,False
2013,TAS,195,Franklin,24298,UGALDE,Sarah,5,KAP,Katter's Australian Party,478.0,67344.0,0.0070978854834877645,KAP,False,False
2013,TAS,195,Franklin,23447,WOODRUFF,Rosalie,6,GRN,Australian Greens,8201.0,67344.0,0.12177773818009029,GRN,True,False
2013,TAS,195,Franklin,23818,BOWDEN,Olwyn,7,RUA,Rise Up Australia Party,330.0,67344.0,0.004900213827512473,RUA,False,False
2013,TAS,196,Lyons,23278,HUTCHINSON,Eric,1,LP,Liberal,29662.0,66825.0,0.4438757949869061,LP,True,False
2013,TAS,196,Lyons,24171,JAMES,Gaye,2,FFP,Family First,1707.0,66825.0,0.025544332210998878,FFP,False,False
2013,TAS,196,Lyons,23550,VON STIEGLITZ,Quentin,3,PUP,Palmer United Party,4697.0,66825.0,0.0702880658436214,UAPP,False,False
2013,TAS,196,Lyons,23451,BRINKLOW,Pip,4,GRN,Australian Greens,5563.0,66825.0,0.08324728769173213,GRN,True,False
2013,TAS,196,Lyons,23821,ROGERS,Julian,5,RUA,Rise Up Australia Party,589.0,66825.0,0.00881406659184437,RUA,False,False
2013,TAS,196,Lyons,23460,ADAMS,Dick,6,ALP,Australian Labor Party,24607.0,66825.0,0.3682304526748971,ALP,True,False
2013,VIC,197,Aston,23382,EVANS,Rupert,1,ALP,Australian Labor Party,27850.0,85341.0,0.3263378680821645,ALP,True,False
2013,VIC,197,Aston,24155,SPEER,Jennifer,2,RUA,Rise Up Australia Party,581.0,85341.0,0.00680798209535862,RUA,False,False
2013,VIC,197,Aston,23387,RAYMOND,Steve,3,GRN,The Greens,5017.0,85341.0,0.05878768704374216,GRN,True,False
2013,VIC,197,Aston,23474,TUDGE,Alan,4,LP,Liberal,44030.0,85341.0,0.5159302093952497,LP,True,False
2013,VIC,197,Aston,23621,WATT,Bradley Walter,5,PUP,Palmer United Party,3206.0,85341.0,0.03756693734547287,UAPP,False,False
2013,VIC,197,Aston,24975,FOSTER,Tony,6,FFP,Family First Party,2362.0,85341.0,0.027677200876483753,FFP,False,False
2013,VIC,197,Aston,23850,JENKINS,Charity,7,ASXP,Sex Party,2295.0,85341.0,0.026892115161528455,ASXP,False,False
2013,VIC,198,Ballarat,23570,FOSTER,Anne,1,AUC,Australian Christians,1139.0,93663.0,0.012160618387196651,AUC,False,False
2013,VIC,198,Ballarat,24150,ROJAS,Ana,2,RUA,Rise Up Australia Party,229.0,93663.0,0.0024449355668727246,RUA,False,False
2013,VIC,198,Ballarat,24206,DUNNE,Shane Edward,3,KAP,Katter's Australian Party,849.0,93663.0,0.00906441177412639,KAP,False,False
2013,VIC,198,Ballarat,23965,MATHIESON,Joshua,4,ASXP,Sex Party,2135.0,93663.0,0.02279448661691383,ASXP,False,False
2013,VIC,198,Ballarat,23344,HODGINS-MAY,Stephanie,5,GRN,The Greens,8911.0,93663.0,0.09513895561747969,GRN,True,False
2013,VIC,198,Ballarat,23473,FITZGIBBON,John,6,LP,Liberal,35592.0,93663.0,0.3800006405944717,LP,True,False
2013,VIC,198,Ballarat,23978,VEREKER,Stephen,7,DLP,DLP Democratic Labour,1022.0,93663.0,0.010911459167440718,DLP,False,False
2013,VIC,198,Ballarat,23678,MURPHY,Gerard Anthony,8,PUP,Palmer United Party,3396.0,93663.0,0.03625764709650556,UAPP,False,False
2013,VIC,198,Ballarat,24973,CLARK,Shane,9,FFP,Family First Party,1139.0,93663.0,0.012160618387196651,FFP,False,False
2013,VIC,198,Ballarat,23305,KING,Catherine,10,ALP,Australian Labor Party,39251.0,93663.0,0.4190662267917961,ALP,True,False
2013,VIC,199,Batman,24154,WINTERTON,Pat,1,RUA,Rise Up Australia Party,1121.0,89114.0,0.012579392688017596,RUA,False,False
2013,VIC,199,Batman,24960,SMITHIES,Ken,2,FFP,Family First Party,1126.0,89114.0,0.01263550059474381,FFP,False,False
2013,VIC,199,Batman,24747,SUTTON,Philip,3,,,726.0,89114.0,0.008146868056646543,,False,False
2013,VIC,199,Batman,23565,SOURIS,George,4,LP,Liberal,20017.0,89114.0,0.22462239378773258,LP,True,False
2013,VIC,199,Batman,23861,SLIWCZYNSKI,Lianna,5,ASXP,Sex Party,2301.0,89114.0,0.025820858675404536,ASXP,False,False
2013,VIC,199,Batman,23319,BHATHAL,Alexandra Kaur,6,GRN,The Greens,23522.0,89114.0,0.2639540364028099,GRN,True,False
2013,VIC,199,Batman,23652,GUARDIANI,Franco,7,PUP,Palmer United Party,2253.0,89114.0,0.025282222770832866,UAPP,False,False
2013,VIC,199,Batman,23296,FEENEY,David,8,ALP,Australian Labor Party,36798.0,89114.0,0.4129317503422582,ALP,True,False
2013,VIC,199,Batman,23984,LAVIN,Rosemary,9,AJP,Animal Justice Party,1250.0,89114.0,0.014026976681553964,AJP,False,False
2013,VIC,200,Bendigo,23775,SHEEDY,Sarah,1,NP,The Nationals,4644.0,92519.0,0.05019509506155492,NP,True,False
2013,VIC,200,Bendigo,23318,CHESTERS,Lisa,2,ALP,Australian Labor Party,33829.0,92519.0,0.36564381370313126,ALP,True,False
2013,VIC,200,Bendigo,23466,BICKLEY,Greg,3,LP,Liberal,36701.0,92519.0,0.39668608610123324,LP,True,False
2013,VIC,200,Bendigo,23329,SLADE,Lachlan,4,GRN,The Greens,8600.0,92519.0,0.09295387974362022,GRN,True,False
2013,VIC,200,Bendigo,23876,CRUTCHFIELD,Charlie,5,ASXP,Sex Party,2220.0,92519.0,0.023995071282655454,ASXP,False,False
2013,VIC,200,Bendigo,24996,HOWARD,Alan,6,FFP,Family First Party,1036.0,92519.0,0.011197699931905879,FFP,False,False
2013,VIC,200,Bendigo,23699,LEUNIG,Rod,7,CYA,Country Alliance,538.0,92519.0,0.0058150217793101954,CYA,False,False
2013,VIC,200,Bendigo,24681,ABIKHAIR,Daniel Edward,8,IND,Independent,545.0,92519.0,0.005890681913985236,IND,False,True
2013,VIC,200,Bendigo,24748,RAHMANI,Matine,9,IND,Independent,259.0,92519.0,0.0027994249829764698,IND,False,True
2013,VIC,200,Bendigo,24158,CADDY,Sandra,10,RUA,Rise Up Australia Party,499.0,92519.0,0.005393486743263546,RUA,False,False
2013,VIC,200,Bendigo,23618,DONLON,Anita Erika,11,PUP,Palmer United Party,2336.0,92519.0,0.025248867800127542,UAPP,False,False
2013,VIC,200,Bendigo,24203,STINGEL,Stephen John,12,KAP,Katter's Australian Party,745.0,92519.0,0.0080524000475578,KAP,False,False
2013,VIC,200,Bendigo,23559,MCDONALD,Ewan,13,AUC,Australian Christians,567.0,92519.0,0.006128470908678217,AUC,False,False
2013,VIC,201,Bruce,24988,FILLIPONI,Rebecca,1,FFP,Family First Party,2186.0,82645.0,0.026450480972835623,FFP,False,False
2013,VIC,201,Bruce,23632,TUYAU,Paul Robert Jose,2,PUP,Palmer United Party,2173.0,82645.0,0.026293181680682436,UAPP,False,False
2013,VIC,201,Bruce,23317,GRIFFIN,Alan,3,ALP,Australian Labor Party,34626.0,82645.0,0.4189727146227842,ALP,True,False
2013,VIC,201,Bruce,23574,CICCHIELLO,Emanuele,4,LP,Liberal,35501.0,82645.0,0.4295601669792486,LP,True,False
2013,VIC,201,Bruce,24002,GONSALVEZ,Geraldine Marie Antoinette,5,DLP,DLP Democratic Labour,1334.0,82645.0,0.01614132736402686,DLP,False,False
2013,VIC,201,Bruce,24196,WHITE,Robert George,6,RUA,Rise Up Australia Party,652.0,82645.0,0.007889164498759756,RUA,False,False
2013,VIC,201,Bruce,23354,KELEHER,Lynette,7,GRN,The Greens,5491.0,82645.0,0.06644080101639542,GRN,True,False
2013,VIC,201,Bruce,24955,UTH,Kiry,8,IND,Independent,682.0,82645.0,0.008252162865267107,IND,False,True
2013,VIC,203,Calwell,24316,WATSON,Brett,1,KAP,Katter's Australian Party,1915.0,85972.0,0.02227469408644675,KAP,False,False
2013,VIC,203,Calwell,24989,GRAHAM,Paul,2,FFP,Family First Party,2175.0,85972.0,0.025298934536825943,FFP,False,False
2013,VIC,203,Calwell,23738,LETCHER,Bryce Newton,3,PUP,Palmer United Party,3728.0,85972.0,0.04336295538082166,UAPP,False,False
2013,VIC,203,Calwell,23299,VAMVAKINOU,Maria,4,ALP,Australian Labor Party,42819.0,85972.0,0.49805750709533336,ALP,True,False
2013,VIC,203,Calwell,23894,SPIROVSKA,Nevena,5,ASXP,Sex Party,2367.0,85972.0,0.027532219792490577,ASXP,False,False
2013,VIC,203,Calwell,23580,KHAN,Ali,6,LP,Liberal,24490.0,85972.0,0.28486018703764016,LP,True,False
2013,VIC,203,Calwell,23581,BENGTSSON,Maria,7,AUC,Australian Christians,2121.0,85972.0,0.024670823058670265,AUC,False,False
2013,VIC,203,Calwell,24131,ROZARIO,Charles,8,RUA,Rise Up Australia Party,415.0,85972.0,0.004827153026566789,RUA,False,False
2013,VIC,203,Calwell,23953,OMAR,Omar Jabir,9,DLP,DLP Democratic Labour,1310.0,85972.0,0.015237519192295166,DLP,False,False
2013,VIC,203,Calwell,23328,NEVILL,Joanna,10,GRN,The Greens,4632.0,85972.0,0.05387800679290932,GRN,True,False
2013,VIC,204,Casey,23338,MEACHER,Steve,1,GRN,The Greens,9641.0,88529.0,0.10890216765127811,GRN,True,False
2013,VIC,204,Casey,24972,COOMBES,Gary,2,FFP,Family First Party,2370.0,88529.0,0.026770888635362422,FFP,False,False
2013,VIC,204,Casey,23362,FARRELL,Cathy,3,ALP,Australian Labor Party,24651.0,88529.0,0.27845112900857344,ALP,True,False
2013,VIC,204,Casey,23734,LEAKE,Jeffrey Andrew,4,CYA,Country Alliance,986.0,88529.0,0.011137593330998882,CYA,False,False
2013,VIC,204,Casey,24232,BROWN,Mike,5,AUC,Australian Christians,1126.0,88529.0,0.012718996035197506,AUC,False,False
2013,VIC,204,Casey,24762,McRAE,Jeanette,6,IND,Independent,1358.0,88529.0,0.015339606230726655,IND,False,True
2013,VIC,204,Casey,24145,BARBIERI,Paul,7,RUA,Rise Up Australia Party,446.0,88529.0,0.00503789718623276,RUA,False,False
2013,VIC,204,Casey,23624,WILDE,Milton,8,PUP,Palmer United Party,4413.0,88529.0,0.04984807238306092,UAPP,False,False
2013,VIC,204,Casey,23592,SMITH,Tony,9,LP,Liberal,43538.0,88529.0,0.4917936495385693,LP,True,False
2013,VIC,205,Chisholm,23359,FERGEUS,Josh,1,GRN,The Greens,8133.0,86109.0,0.09445005748528028,GRN,True,False
2013,VIC,205,Chisholm,23311,BURKE,Anna Elizabeth,2,ALP,Australian Labor Party,34015.0,86109.0,0.39502258765053594,ALP,True,False
2013,VIC,205,Chisholm,23890,GROSSI,Luzio,3,ASXP,Sex Party,1762.0,86109.0,0.020462437143620296,ASXP,False,False
2013,VIC,205,Chisholm,24140,VASSILIOU,Melanie,4,RUA,Rise Up Australia Party,650.0,86109.0,0.007548572158543242,RUA,False,False
2013,VIC,205,Chisholm,23478,NGUYEN,John,5,LP,Liberal,37990.0,86109.0,0.4411850096970119,LP,True,False
2013,VIC,205,Chisholm,23610,WOODS,Brian Clifford,6,PUP,Palmer United Party,1405.0,86109.0,0.016316529050389623,UAPP,False,False
2013,VIC,205,Chisholm,24978,MYSZKA,Martin,7,FFP,Family First Party,949.0,86109.0,0.011020915351473133,FFP,False,False
2013,VIC,205,Chisholm,23575,JAYARATNE,Vidura Nalin,8,SPA,Secular Party of Australia,345.0,86109.0,0.004006549837996028,SPA,False,False
2013,VIC,205,Chisholm,23961,SHEA,Pat,9,DLP,DLP Democratic Labour,860.0,86109.0,0.00998734162514952,DLP,False,False
2013,VIC,207,Corangamite,23376,DAVIES,Lloyd,1,GRN,The Greens,11007.0,92801.0,0.11860863568280514,GRN,True,False
2013,VIC,207,Corangamite,24165,RASHLEIGH,Helen,2,RUA,Rise Up Australia Party,273.0,92801.0,0.0029417786446266745,RUA,False,False
2013,VIC,207,Corangamite,23566,BARRON,Alan,3,AUC,Australian Christians,499.0,92801.0,0.005377097229555716,AUC,False,False
2013,VIC,207,Corangamite,24956,WHITEHEAD,Adrian,4,IND,Independent,694.0,92801.0,0.007478367690003341,IND,False,True
2013,VIC,207,Corangamite,23366,CHEESEMAN,Darren,5,ALP,Australian Labor Party,29728.0,92801.0,0.3203413756317281,ALP,True,False
2013,VIC,207,Corangamite,24994,WRAY,Peter,6,FFP,Family First Party,908.0,92801.0,0.009784377323520221,FFP,False,False
2013,VIC,207,Corangamite,23882,MILLARD,Jayden,7,ASXP,Sex Party,1726.0,92801.0,0.01859893751144923,ASXP,False,False
2013,VIC,207,Corangamite,23717,JACKMAN,Warren,8,CYA,Country Alliance,408.0,92801.0,0.004396504348013491,CYA,False,False
2013,VIC,207,Corangamite,23661,ROJEK,Buddy Igor,9,PUP,Palmer United Party,2026.0,92801.0,0.021831661296753267,UAPP,False,False
2013,VIC,207,Corangamite,23763,BLACK,Andrew,10,NP,The Nationals,598.0,92801.0,0.006443896078706049,NP,True,False
2013,VIC,207,Corangamite,23526,HENDERSON,Sarah,11,LP,Liberal,44778.0,92801.0,0.48251635219448064,LP,True,False
2013,VIC,207,Corangamite,24515,STEEL,Nick,12,APP,Australian Protectionist Party,156.0,92801.0,0.0016810163683580997,APP,False,False
2013,VIC,208,Corio,23651,HARRINGTON,Anthony John,1,PUP,Palmer United Party,5122.0,90253.0,0.05675157612489336,UAPP,False,False
2013,VIC,208,Corio,24161,LEGRAND,Yann,2,RUA,Rise Up Australia Party,364.0,90253.0,0.004033106932733538,RUA,False,False
2013,VIC,208,Corio,23303,MARLES,Richard,3,ALP,Australian Labor Party,39267.0,90253.0,0.4350769503506809,ALP,True,False
2013,VIC,208,Corio,24981,FENN,Brendan,4,FFP,Family First Party,1461.0,90253.0,0.016187827551438733,FFP,False,False
2013,VIC,208,Corio,23467,READ,Peter,5,LP,Liberal,31768.0,90253.0,0.35198829955790945,LP,True,False
2013,VIC,208,Corio,23599,BULL,Sue,6,SAL,Socialist Alliance,679.0,90253.0,0.007523295624522176,SAL,False,False
2013,VIC,208,Corio,23560,ATHERTON,Patrick,7,AUC,Australian Christians,549.0,90253.0,0.006082900291403056,AUC,False,False
2013,VIC,208,Corio,23336,LACEY,Greg,8,GRN,The Greens,6593.0,90253.0,0.07305020331734126,GRN,True,False
2013,VIC,208,Corio,23173,ASHER,Stephanie,9,IND,Independent,1958.0,90253.0,0.02169456970959414,IND,False,True
2013,VIC,208,Corio,23854,MARTIN,Justine Deborah,10,ASXP,Sex Party,2492.0,90253.0,0.02761127053948345,ASXP,False,False
2013,VIC,209,Deakin,23593,DOBBY,Ian,1,AUC,Australian Christians,1698.0,88240.0,0.019242973708068902,AUC,False,False
2013,VIC,209,Deakin,24142,DE ZILWA,Yasmin,2,RUA,Rise Up Australia Party,327.0,88240.0,0.0037058023572076157,RUA,False,False
2013,VIC,209,Deakin,23700,SMITH,Toni,3,CYA,Country Alliance,261.0,88240.0,0.002957842248413418,CYA,False,False
2013,VIC,209,Deakin,23590,SUKKAR,Michael,4,LP,Liberal,40482.0,88240.0,0.45877153218495015,LP,True,False
2013,VIC,209,Deakin,23644,GUARDIANI,Mario,5,PUP,Palmer United Party,1949.0,88240.0,0.022087488667271078,UAPP,False,False
2013,VIC,209,Deakin,24234,RASKOVY,Steve,6,KAP,Katter's Australian Party,293.0,88240.0,0.0033204895738893924,KAP,False,False
2013,VIC,209,Deakin,24134,CARBONARI,John,7,AFN,Australia First Party,212.0,88240.0,0.0024025385312783317,AFN,False,False
2013,VIC,209,Deakin,23172,BARCLAY,Mike,8,IND,Independent,1519.0,88240.0,0.01721441523118767,IND,False,True
2013,VIC,209,Deakin,23881,BARBER,Stephen,9,ASXP,Sex Party,1856.0,88240.0,0.021033544877606527,ASXP,False,False
2013,VIC,209,Deakin,24961,WESTBROOK,Hannah,10,FFP,Family First Party,1200.0,88240.0,0.013599274705349048,FFP,False,False
2013,VIC,209,Deakin,23356,POWELL,Brendan,11,GRN,The Greens,9560.0,88240.0,0.10834088848594742,GRN,True,False
2013,VIC,209,Deakin,23321,SYMON,Mike,12,ALP,Australian Labor Party,28883.0,88240.0,0.3273232094288305,ALP,True,False
2013,VIC,210,Dunkley,23337,TILLER,Simon,1,GRN,The Greens,8199.0,87934.0,0.0932403848340801,GRN,True,False
2013,VIC,210,Dunkley,23342,KILKENNY,Sonya,2,ALP,Australian Labor Party,27155.0,87934.0,0.30881115381991037,ALP,True,False
2013,VIC,210,Dunkley,23726,RYDER,Kate Dolina,3,PUP,Palmer United Party,3707.0,87934.0,0.042156617463097325,UAPP,False,False
2013,VIC,210,Dunkley,24997,EASTMAN,Cameron,4,FFP,Family First Party,1682.0,87934.0,0.019127982350399163,FFP,False,False
2013,VIC,210,Dunkley,24950,BURT,Rod,5,IND,Independent,740.0,87934.0,0.00841540246093661,IND,False,True
2013,VIC,210,Dunkley,23509,BILLSON,Bruce,6,LP,Liberal,42869.0,87934.0,0.4875133622944481,LP,True,False
2013,VIC,210,Dunkley,24319,GENTLE,Yvonne,7,RUA,Rise Up Australia Party,477.0,87934.0,0.005424522937657788,RUA,False,False
2013,VIC,210,Dunkley,23969,PALMI,Eloise,8,ASXP,Sex Party,2589.0,87934.0,0.02944253644779039,ASXP,False,False
2013,VIC,210,Dunkley,23169,BROFF,Roy,9,IND,Independent,516.0,87934.0,0.005868037391680124,IND,False,True
2013,VIC,211,Flinders,23728,CLARK,Linda Ruth,1,PUP,Palmer United Party,5639.0,93921.0,0.06003982070037585,UAPP,False,False
2013,VIC,211,Flinders,24790,MADIGAN,Paul,2,IND,Independent,708.0,93921.0,0.007538250231577602,IND,False,True
2013,VIC,211,Flinders,23666,ZABANEH,John,3,NCP,Non-Custodial Parents Party (Equal Parenting),215.0,93921.0,0.002289157909306758,NCP,True,False
2013,VIC,211,Flinders,24176,DORIAN,Angela,4,RUA,Rise Up Australia Party,481.0,93921.0,0.005121325369193258,RUA,False,False
2013,VIC,211,Flinders,23557,BELSAR,Ashleigh,5,AUC,Australian Christians,523.0,93921.0,0.005568509704964811,AUC,False,False
2013,VIC,211,Flinders,24785,McCORMACK,Denis,6,IND,Independent,478.0,93921.0,0.005089383630923861,IND,False,True
2013,VIC,211,Flinders,23364,SINCLAIR,Joshua,7,ALP,Australian Labor Party,23666.0,93921.0,0.2519777259611801,ALP,True,False
2013,VIC,211,Flinders,24985,CLARK,David,8,FFP,Family First Party,1091.0,93921.0,0.011616145483970572,FFP,False,False
2013,VIC,211,Flinders,23497,HUNT,Greg,9,LP,Liberal,51972.0,93921.0,0.553358673779027,LP,True,False
2013,VIC,211,Flinders,23371,RUSH,Martin,10,GRN,The Greens,9148.0,93921.0,0.0974010072294801,GRN,True,False
2013,VIC,212,Gellibrand,24976,ARCH,Kerry,1,FFP,Family First Party,2266.0,87388.0,0.02593033368425871,FFP,False,False
2013,VIC,212,Gellibrand,23490,McCONNELL,David,2,LP,Liberal,23343.0,87388.0,0.2671190552478601,LP,True,False
2013,VIC,212,Gellibrand,23577,O'NEILL,Anthony,3,AUC,Australian Christians,967.0,87388.0,0.0110655925298668,AUC,False,False
2013,VIC,212,Gellibrand,23422,WATTS,Tim,4,ALP,Australian Labor Party,40236.0,87388.0,0.46042934956744636,ALP,True,False
2013,VIC,212,Gellibrand,23690,SINGLETON,Dwayne Robert,5,PUP,Palmer United Party,3413.0,87388.0,0.039055705588868034,UAPP,False,False
2013,VIC,212,Gellibrand,23428,SWIFT,Rod,6,GRN,The Greens,14623.0,87388.0,0.16733418776033324,GRN,True,False
2013,VIC,212,Gellibrand,23886,CASHION,Allan,7,ASXP,Sex Party,2540.0,87388.0,0.02906577562136678,ASXP,False,False
2013,VIC,213,Gippsland,23608,GARDNER,Peter,1,IND,Independent,1992.0,88415.0,0.022530113668495166,IND,False,True
2013,VIC,213,Gippsland,23923,LEITCH,Douglas,2,ASXP,Sex Party,2101.0,88415.0,0.02376293615336764,ASXP,False,False
2013,VIC,213,Gippsland,23306,McNEILL,Jeff,3,ALP,Australian Labor Party,20467.0,88415.0,0.23148786970536675,ALP,True,False
2013,VIC,213,Gippsland,23758,CHESTER,Darren,4,NP,The Nationals,47533.0,88415.0,0.5376123960866369,NP,True,False
2013,VIC,213,Gippsland,24980,FOSTER,Angie,5,FFP,Family First Party,1591.0,88415.0,0.017994684159927613,FFP,False,False
2013,VIC,213,Gippsland,24146,DORIAN,Peter,6,RUA,Rise Up Australia Party,367.0,88415.0,0.004150879375671549,RUA,False,False
2013,VIC,213,Gippsland,23715,MANGION,Sav,7,CYA,Country Alliance,623.0,88415.0,0.007046315670417916,CYA,False,False
2013,VIC,213,Gippsland,23613,GRAVENALL,Deborah Faye,8,PUP,Palmer United Party,3785.0,88415.0,0.042809478029746086,UAPP,False,False
2013,VIC,213,Gippsland,23568,GUERIN,Mark,9,SPA,Secular Party of Australia,201.0,88415.0,0.002273369903296952,SPA,False,False
2013,VIC,213,Gippsland,23333,CAMPBELL-SMITH,Scott,10,GRN,The Greens,5039.0,88415.0,0.05699259175479274,GRN,True,False
2013,VIC,213,Gippsland,24606,BUCKLEY,Ben,11,LDP,Liberal Democrats,4716.0,88415.0,0.05333936549228072,LDP,False,False
2013,VIC,214,Goldstein,23309,GUTTMANN,Daniel,1,ALP,Australian Labor Party,21591.0,90591.0,0.23833493393383448,ALP,True,False
2013,VIC,214,Goldstein,23683,RYDER,Keith Rodney,2,PUP,Palmer United Party,2044.0,90591.0,0.022562947754191917,UAPP,False,False
2013,VIC,214,Goldstein,23377,READ,Rose,3,GRN,The Greens,14408.0,90591.0,0.15904449669393206,GRN,True,False
2013,VIC,214,Goldstein,24233,HANNIE,Lynette,4,RUA,Rise Up Australia Party,604.0,90591.0,0.0066673289841154195,RUA,False,False
2013,VIC,214,Goldstein,23487,ROBB,Andrew,5,LP,Liberal,51193.0,90591.0,0.5651002859003654,LP,True,False
2013,VIC,214,Goldstein,24968,JOYNER,Ian,6,FFP,Family First Party,751.0,90591.0,0.008290006733560729,FFP,False,False
2013,VIC,309,Gorton,23392,JAYASURIYA,Dinesh,1,GRN,The Greens,5597.0,87614.0,0.06388248453443514,GRN,True,False
2013,VIC,309,Gorton,23865,HUNTER,Rhiannon,2,ASXP,Sex Party,2850.0,87614.0,0.03252904786906202,ASXP,False,False
2013,VIC,309,Gorton,23576,CHADHUOL,Mabor,3,AUC,Australian Christians,1132.0,87614.0,0.012920309539571302,AUC,False,False
2013,VIC,309,Gorton,23972,DEVERALA,Michael,4,DLP,DLP Democratic Labour,2392.0,87614.0,0.027301572807998723,DLP,False,False
2013,VIC,309,Gorton,24209,MACARDY,Graham,5,KAP,Katter's Australian Party,1090.0,87614.0,0.012440934097290387,KAP,False,False
2013,VIC,309,Gorton,23304,O'CONNOR,Brendan,6,ALP,Australian Labor Party,44449.0,87614.0,0.507327596046294,ALP,True,False
2013,VIC,309,Gorton,23771,BARNES,Anthony Paul,7,PUP,Palmer United Party,5238.0,87614.0,0.05978496587303399,UAPP,False,False
2013,VIC,309,Gorton,23512,HUMPHREYS,Phil,8,LP,Liberal,22328.0,87614.0,0.25484511607733923,LP,True,False
2013,VIC,309,Gorton,24986,AMBERLEY,Scott,9,FFP,Family First Party,2538.0,87614.0,0.02896797315497523,FFP,False,False
2013,VIC,215,Higgins,23480,O'DWYER,Kelly,1,LP,Liberal,47467.0,87307.0,0.5436792009804483,LP,True,False
2013,VIC,215,Higgins,24984,BALDWIN,Jamie,2,FFP,Family First Party,742.0,87307.0,0.008498745805032815,FFP,False,False
2013,VIC,215,Higgins,23332,CHAU,Wesa,3,ALP,Australian Labor Party,21027.0,87307.0,0.24083979520542453,ALP,True,False
2013,VIC,215,Higgins,24244,PRICE,Leanne,4,RUA,Rise Up Australia Party,354.0,87307.0,0.004054657702131558,RUA,False,False
2013,VIC,215,Higgins,23669,DALL,Phillip Leslie,5,PUP,Palmer United Party,1385.0,87307.0,0.015863561913706806,UAPP,False,False
2013,VIC,215,Higgins,23350,HARRISON,James,6,GRN,The Greens,14669.0,87307.0,0.16801631026149105,GRN,True,False
2013,VIC,215,Higgins,23161,WEBER,Graeme B,7,IND,Independent,1663.0,87307.0,0.019047728131764922,IND,False,True
2013,VIC,216,Holt,23642,SINGH,Jatinder,1,PUP,Palmer United Party,4931.0,89423.0,0.05514241302573163,UAPP,False,False
2013,VIC,216,Holt,23582,BALANCY,Ricardo,2,LP,Liberal,29181.0,89423.0,0.3263254420003802,LP,True,False
2013,VIC,216,Holt,23408,McCULLOUGH,Jackie,3,GRN,The Greens,3469.0,89423.0,0.03879315165002292,GRN,True,False
2013,VIC,216,Holt,24990,KEENAN,Pam,4,FFP,Family First Party,2232.0,89423.0,0.02496002147098621,FFP,False,False
2013,VIC,216,Holt,23325,BYRNE,Anthony,5,ALP,Australian Labor Party,43096.0,89423.0,0.48193417800789506,ALP,True,False
2013,VIC,216,Holt,24200,ELI,Jonathan,6,RUA,Rise Up Australia Party,933.0,89423.0,0.01043355736219988,RUA,False,False
2013,VIC,216,Holt,23932,SMITH,Lachlan John,7,ASXP,Sex Party,2514.0,89423.0,0.028113572570815114,ASXP,False,False
2013,VIC,216,Holt,23958,PALMA,Michael Joseph,8,DLP,DLP Democratic Labour,1835.0,89423.0,0.020520447759524954,DLP,False,False
2013,VIC,216,Holt,23563,HILL,Vivian,9,AUC,Australian Christians,1232.0,89423.0,0.013777216152444002,AUC,False,False
2013,VIC,217,Hotham,24241,O'NEIL,Clare,1,ALP,Australian Labor Party,40512.0,85959.0,0.47129445433287964,ALP,True,False
2013,VIC,217,Hotham,25016,NOWLAND,Stephen,2,FFP,Family First Party,1818.0,85959.0,0.021149617841063763,FFP,False,False
2013,VIC,217,Hotham,23567,CADER,Fazal,3,LP,Liberal,31929.0,85959.0,0.37144452587861654,LP,True,False
2013,VIC,217,Hotham,23349,WYATT,Lorna,4,GRN,The Greens,7327.0,85959.0,0.0852383112879396,GRN,True,False
2013,VIC,217,Hotham,23782,PORTER,Samuel Warren,5,PUP,Palmer United Party,2981.0,85959.0,0.03467932386370246,UAPP,False,False
2013,VIC,217,Hotham,24248,VASSILIOU,Peter,6,RUA,Rise Up Australia Party,1392.0,85959.0,0.016193766795797995,RUA,False,False
2013,VIC,218,Indi,24192,DUDLEY,Robert,1,RUA,Rise Up Australia Party,985.0,89043.0,0.01106207113417113,RUA,False,False
2013,VIC,218,Indi,23288,McGOWAN,Cathy,2,IND,Independent,27763.0,89043.0,0.31179317857664274,IND,False,True
2013,VIC,218,Indi,24992,LEEWORTHY,Rick,3,FFP,Family First Party,1330.0,89043.0,0.014936603663398582,FFP,False,False
2013,VIC,218,Indi,23528,MIRABELLA,Sophie,4,LP,Liberal,39785.0,89043.0,0.44680659905888165,LP,True,False
2013,VIC,218,Indi,23867,ASCHENBRENNER,Helma,5,ASXP,Sex Party,1402.0,89043.0,0.015745201756454746,ASXP,False,False
2013,VIC,218,Indi,24228,HAYES,William,6,BTA,Bullet Train For Australia,489.0,89043.0,0.00549172871533978,BTA,False,False
2013,VIC,218,Indi,23315,WALSH,Robyn,7,ALP,Australian Labor Party,10375.0,89043.0,0.11651673910357917,ALP,True,False
2013,VIC,218,Indi,23370,O'CONNOR,Jenny,8,GRN,The Greens,3041.0,89043.0,0.0341520389025527,GRN,True,False
2013,VIC,218,Indi,24201,ROURKE,Phil,9,KAP,Katter's Australian Party,615.0,89043.0,0.006906775378188066,KAP,False,False
2013,VIC,218,Indi,23643,MURPHY,Robert Denis,10,PUP,Palmer United Party,2417.0,89043.0,0.027144188762732613,UAPP,False,False
2013,VIC,218,Indi,24184,PODESTA,Jennifer,11,IND,Independent,841.0,89043.0,0.009444874948058802,IND,False,True
2013,VIC,219,Isaacs,25040,ELLIOTT,John,1,FFP,Family First Party,2503.0,86708.0,0.028867001891405637,FFP,False,False
2013,VIC,219,Isaacs,23952,LEACH,James,2,DLP,DLP Democratic Labour,1144.0,86708.0,0.01319370761636758,DLP,False,False
2013,VIC,219,Isaacs,24152,SEAMAN,Nadia,3,RUA,Rise Up Australia Party,558.0,86708.0,0.0064353923513401304,RUA,False,False
2013,VIC,219,Isaacs,23616,GILL,Avtar Singh,4,PUP,Palmer United Party,2846.0,86708.0,0.03282280758407529,UAPP,False,False
2013,VIC,219,Isaacs,23547,DOBBY,Karen,5,AUC,Australian Christians,743.0,86708.0,0.008568990173917055,AUC,False,False
2013,VIC,219,Isaacs,23335,DREYFUS,Mark,6,ALP,Australian Labor Party,35837.0,86708.0,0.41330673063615814,ALP,True,False
2013,VIC,219,Isaacs,23352,MILES,Sandra,7,GRN,The Greens,6120.0,86708.0,0.0705817225630853,GRN,True,False
2013,VIC,219,Isaacs,23872,GRAHAM,Laith,8,ASXP,Sex Party,2093.0,86708.0,0.024138487798127047,ASXP,False,False
2013,VIC,219,Isaacs,23482,SPENCER,Garry,9,LP,Liberal,34864.0,86708.0,0.4020851593855238,LP,True,False
2013,VIC,220,Jagajaga,23883,WALLIS,Nicholas,1,ASXP,Sex Party,2565.0,91605.0,0.028000654986081546,ASXP,False,False
2013,VIC,220,Jagajaga,24987,EADIE,Tahlia,2,FFP,Family First Party,1490.0,91605.0,0.016265487691719885,FFP,False,False
2013,VIC,220,Jagajaga,23298,MACKLIN,Jenny,3,ALP,Australian Labor Party,34813.0,91605.0,0.38003384094754655,ALP,True,False
2013,VIC,220,Jagajaga,23671,SNAPE,Kitten Leigh,4,PUP,Palmer United Party,2452.0,91605.0,0.026767097865837017,UAPP,False,False
2013,VIC,220,Jagajaga,23369,KEARNEY,Chris,5,GRN,The Greens,11863.0,91605.0,0.1295016647562906,GRN,True,False
2013,VIC,220,Jagajaga,23571,McGOWAN,Nick,6,LP,Liberal,38422.0,91605.0,0.41943125375252444,LP,True,False
2013,VIC,221,Kooyong,24807,HARRISON,Tiffany,1,IND,Independent,1464.0,87626.0,0.01670736995868806,IND,False,True
2013,VIC,221,Kooyong,23485,FRYDENBERG,Josh,2,LP,Liberal,48802.0,87626.0,0.5569351562321685,LP,True,False
2013,VIC,221,Kooyong,23722,McNAMARA,Luke Gerard,3,PUP,Palmer United Party,1406.0,87626.0,0.016045465957592497,UAPP,False,False
2013,VIC,221,Kooyong,24250,KRIEDEMANN,Tim,4,RUA,Rise Up Australia Party,327.0,87626.0,0.0037317691096249972,RUA,False,False
2013,VIC,221,Kooyong,23360,McLEOD,Helen,5,GRN,The Greens,14526.0,87626.0,0.1657727158605893,GRN,True,False
2013,VIC,221,Kooyong,24869,ZUBAC,Angelina,6,IND,Independent,621.0,87626.0,0.007086937666902517,IND,False,True
2013,VIC,221,Kooyong,23326,KENNEDY,John,7,ALP,Australian Labor Party,19655.0,87626.0,0.22430557140574714,ALP,True,False
2013,VIC,221,Kooyong,24969,CALDER,Jaxon,8,FFP,Family First Party,825.0,87626.0,0.00941501380868692,FFP,False,False
2013,VIC,223,La Trobe,23361,SCHILLING,Michael,1,GRN,The Greens,8905.0,88866.0,0.10020705331622892,GRN,True,False
2013,VIC,223,La Trobe,23468,WOOD,Jason,2,LP,Liberal,40925.0,88866.0,0.4605248351450498,LP,True,False
2013,VIC,223,La Trobe,23880,LEAHY,Martin,3,ASXP,Sex Party,2475.0,88866.0,0.02785092161231517,ASXP,False,False
2013,VIC,223,La Trobe,23330,SMYTH,Laura,4,ALP,Australian Labor Party,28488.0,88866.0,0.3205725474309635,ALP,True,False
2013,VIC,223,La Trobe,23956,JENKINS,Rachel,5,DLP,DLP Democratic Labour,1168.0,88866.0,0.013143384421488533,DLP,False,False
2013,VIC,223,La Trobe,24977,MARTIN,Daniel,6,FFP,Family First Party,1680.0,88866.0,0.018904868003510905,FFP,False,False
2013,VIC,223,La Trobe,23620,KENNEDY,Jason Grant,7,PUP,Palmer United Party,4514.0,88866.0,0.05079557986181442,UAPP,False,False
2013,VIC,223,La Trobe,24169,SEAMAN,Kevin,8,RUA,Rise Up Australia Party,711.0,88866.0,0.008000810208628722,RUA,False,False
2013,VIC,222,Lalor,24308,VALE,Marion,1,RUA,Rise Up Australia Party,1684.0,93381.0,0.018033647101658796,RUA,False,False
2013,VIC,222,Lalor,23564,ROGERS,Geoff,2,AUC,Australian Christians,1535.0,93381.0,0.01643803343292533,AUC,False,False
2013,VIC,222,Lalor,23520,PAGE,Jonathan,3,SPP,Stable Population Party,359.0,93381.0,0.003844465148156477,SPP,False,False
2013,VIC,222,Lalor,24084,FREEMAN,Michael,4,DLP,DLP Democratic Labour,1768.0,93381.0,0.018933187693428,DLP,False,False
2013,VIC,222,Lalor,24872,MULLINS,Nathan,5,IND,Independent,1842.0,93381.0,0.019725640119510394,IND,False,True
2013,VIC,222,Lalor,23388,SHEFFIELD-BROTHERTON,Beck,6,GRN,The Greens,5615.0,93381.0,0.06013000503314379,GRN,True,False
2013,VIC,222,Lalor,23681,ZAPPIA,Joe,7,PUP,Palmer United Party,5416.0,93381.0,0.05799895053597627,UAPP,False,False
2013,VIC,222,Lalor,24077,HARWOOD,Angel,8,ASXP,Sex Party,3004.0,93381.0,0.03216928497231771,ASXP,False,False
2013,VIC,222,Lalor,23358,RYAN,Joanne,9,ALP,Australian Labor Party,42184.0,93381.0,0.45174071813323907,ALP,True,False
2013,VIC,222,Lalor,23476,SAMARA,Nihal,10,LP,Liberal,27321.0,93381.0,0.29257557747293345,LP,True,False
2013,VIC,222,Lalor,25012,POLLARD,Daryl Andrew,11,FFP,Family First Party,2653.0,93381.0,0.02841049035671068,FFP,False,False
2013,VIC,224,Mallee,23475,CREWTHER,Chris,1,LP,Liberal,23363.0,85834.0,0.27218817717920635,LP,True,False
2013,VIC,224,Mallee,23702,CORY,Mark Robert,2,PUP,Palmer United Party,2883.0,85834.0,0.033588088636204765,UAPP,False,False
2013,VIC,224,Mallee,23918,MULCAHY,Amy,3,ASXP,Sex Party,2118.0,85834.0,0.024675536500687375,ASXP,False,False
2013,VIC,224,Mallee,24249,CIRILLO,Vince,4,KAP,Katter's Australian Party,3195.0,85834.0,0.03722301186010206,KAP,False,False
2013,VIC,224,Mallee,23231,LAHY,Chris,5,CEC,Citizens Electoral Council,241.0,85834.0,0.002807745182561689,CEC,False,False
2013,VIC,224,Mallee,24227,RIDGEWAY,Allen,6,IND,Independent,595.0,85834.0,0.006931984994291307,IND,False,True
2013,VIC,224,Mallee,23398,MACALLISTER,Jane,7,GRN,The Greens,2637.0,85834.0,0.030722091478901134,GRN,True,False
2013,VIC,224,Mallee,24231,MIDDLETON,Tim,8,RUA,Rise Up Australia Party,772.0,85834.0,0.008994104900156116,RUA,False,False
2013,VIC,224,Mallee,25025,BULLER,Neil,9,FFP,Family First Party,1356.0,85834.0,0.015797935550015147,FFP,False,False
2013,VIC,224,Mallee,23898,BROAD,Andrew,10,NP,The Nationals,33270.0,85834.0,0.38760863993289374,NP,True,False
2013,VIC,224,Mallee,23706,COLDHAM,Michael,11,CYA,Country Alliance,384.0,85834.0,0.00447375166018128,CYA,False,False
2013,VIC,224,Mallee,23316,SENIOR,Lydia,12,ALP,Australian Labor Party,15020.0,85834.0,0.17498893212479902,ALP,True,False
2013,VIC,225,Maribyrnong,23390,KEECH,Richard,1,GRN,The Greens,8920.0,90117.0,0.09898243394698003,GRN,True,False
2013,VIC,225,Maribyrnong,23552,PATERNO,Joe,2,AUC,Australian Christians,888.0,90117.0,0.009853856653017743,AUC,False,False
2013,VIC,225,Maribyrnong,23379,SHORTEN,Bill,3,ALP,Australian Labor Party,43162.0,90117.0,0.47895513610084667,ALP,True,False
2013,VIC,225,Maribyrnong,23623,CUTLER,Philip William,4,PUP,Palmer United Party,2470.0,90117.0,0.027408812987560614,UAPP,False,False
2013,VIC,225,Maribyrnong,23966,KAVANAGH,Marguerita,5,DLP,DLP Democratic Labour,1258.0,90117.0,0.013959630258441803,DLP,False,False
2013,VIC,225,Maribyrnong,23500,HATZAKORTZIAN,Ted,6,LP,Liberal,29767.0,90117.0,0.33031503489907565,LP,True,False
2013,VIC,225,Maribyrnong,24086,MYERS,Amy,7,ASXP,Sex Party,2313.0,90117.0,0.025666633376610407,ASXP,False,False
2013,VIC,225,Maribyrnong,25000,CARLSON,Hayleigh,8,FFP,Family First Party,944.0,90117.0,0.010475271036541386,FFP,False,False
2013,VIC,225,Maribyrnong,24217,TRUSCOTT,Jeff,9,RUA,Rise Up Australia Party,395.0,90117.0,0.004383190740925686,RUA,False,False
2013,VIC,226,McEwen,24963,NEWTON,Barry,1,FFP,Family First Party,2906.0,101261.0,0.028698116747810115,FFP,False,False
2013,VIC,226,McEwen,23679,DANCE,Trevor Owen,2,PUP,Palmer United Party,6822.0,101261.0,0.06737045851808693,UAPP,False,False
2013,VIC,226,McEwen,24173,VERDAN,Ferdie,3,RUA,Rise Up Australia Party,463.0,101261.0,0.004572342757823841,RUA,False,False
2013,VIC,226,McEwen,23701,CRANSON,Ian,4,CYA,Country Alliance,686.0,101261.0,0.006774572639021933,CYA,False,False
2013,VIC,226,McEwen,24202,STEVENS,Bruce,5,KAP,Katter's Australian Party,997.0,101261.0,0.009845843908316134,KAP,False,False
2013,VIC,226,McEwen,23868,NASH,Victoria,6,ASXP,Sex Party,3256.0,101261.0,0.032154531359555996,ASXP,False,False
2013,VIC,226,McEwen,23471,PETROVICH,Donna,7,LP,Liberal,40853.0,101261.0,0.4034425889532989,LP,True,False
2013,VIC,226,McEwen,23312,MITCHELL,Rob,8,ALP,Australian Labor Party,38091.0,101261.0,0.37616653993146426,ALP,True,False
2013,VIC,226,McEwen,23365,BARKER,Neil,9,GRN,The Greens,7187.0,101261.0,0.07097500518462192,GRN,True,False
2013,VIC,227,McMillan,24235,AMOR,David John,1,KAP,Katter's Australian Party,2262.0,93952.0,0.024076123978201636,KAP,False,False
2013,VIC,227,McMillan,24683,PATTON,Gary,2,SOL,Senator Online (Internet Voting Bills/Issues),209.0,93952.0,0.0022245401907356947,SOL,False,False
2013,VIC,227,McMillan,23920,STAGGARD,Benjamin,3,ASXP,Sex Party,2168.0,93952.0,0.023075613079019074,ASXP,False,False
2013,VIC,227,McMillan,23393,McKELVIE,Malcolm,4,GRN,The Greens,7157.0,93952.0,0.07617719686648501,GRN,True,False
2013,VIC,227,McMillan,24933,PARKER,John,5,IND,Independent,1245.0,93952.0,0.013251447547683924,IND,False,True
2013,VIC,227,McMillan,23988,KIS-RIGO,Andrew,6,DLP,DLP Democratic Labour,1641.0,93952.0,0.017466365803814714,DLP,False,False
2013,VIC,227,McMillan,23670,SHERRY,Matthew John,7,PUP,Palmer United Party,4380.0,93952.0,0.046619550408719346,UAPP,False,False
2013,VIC,227,McMillan,24159,BAKER,Norman,8,RUA,Rise Up Australia Party,627.0,93952.0,0.0066736205722070846,RUA,False,False
2013,VIC,227,McMillan,23472,BROADBENT,Russell,9,LP,Liberal,47316.0,93952.0,0.5036188692098093,LP,True,False
2013,VIC,227,McMillan,23331,NAUS,Anthony,10,ALP,Australian Labor Party,23537.0,93952.0,0.25052154291553136,ALP,True,False
2013,VIC,227,McMillan,20716,GATT,Leigh,11,IND,Independent,695.0,93952.0,0.007397394414168938,IND,False,True
2013,VIC,227,McMillan,23704,FISHER,Ross,12,CYA,Country Alliance,822.0,93952.0,0.008749148501362398,CYA,False,False
2013,VIC,227,McMillan,24982,CONLON,Luke,13,FFP,Family First Party,1893.0,93952.0,0.02014858651226158,FFP,False,False
2013,VIC,228,Melbourne,24371,MAIN,Anthony,1,,,1140.0,84551.0,0.01348298659980367,,False,False
2013,VIC,228,Melbourne,23493,ARMISTEAD,Sean,2,LP,Liberal,19301.0,84551.0,0.22827642487965843,LP,True,False
2013,VIC,228,Melbourne,24703,BORLAND,Kate,3,IND,Independent,443.0,84551.0,0.005239441283958794,IND,False,True
2013,VIC,228,Melbourne,24964,WALKER,Noelle,4,FFP,Family First Party,453.0,84551.0,0.005357713096237774,FFP,False,False
2013,VIC,228,Melbourne,23378,BANDT,Adam,5,GRN,The Greens,36035.0,84551.0,0.42619247554730283,GRN,True,False
2013,VIC,228,Melbourne,23323,BOWTELL,Cath,6,ALP,Australian Labor Party,22490.0,84551.0,0.265993305815425,ALP,True,False
2013,VIC,228,Melbourne,23629,VRBNJAK,Martin,7,PUP,Palmer United Party,780.0,84551.0,0.009225201357760405,UAPP,False,False
2013,VIC,228,Melbourne,23499,BAYLISS,Michael,8,SPP,Stable Population Party,173.0,84551.0,0.002046102352426346,SPP,False,False
2013,VIC,228,Melbourne,23957,MURPHY,Michael,9,DLP,DLP Democratic Labour,442.0,84551.0,0.005227614102730896,DLP,False,False
2013,VIC,228,Melbourne,23933,WALSHE,Nyree,10,AJP,Animal Justice Party,628.0,84551.0,0.007427469811119916,AJP,False,False
2013,VIC,228,Melbourne,24226,DAVIDSON,Josh,11,BTA,Bullet Train For Australia,297.0,84551.0,0.0035126728246856927,BTA,False,False
2013,VIC,228,Melbourne,24188,KHOO,Joyce Mei Lin,12,RUA,Rise Up Australia Party,165.0,84551.0,0.0019514849026031626,RUA,False,False
2013,VIC,228,Melbourne,23569,WILDING,Royston,13,SPA,Secular Party of Australia,230.0,84551.0,0.0027202516824165295,SPA,False,False
2013,VIC,228,Melbourne,23927,MANGISI,James,14,ASXP,Sex Party,1621.0,84551.0,0.019171860770422586,ASXP,False,False
2013,VIC,228,Melbourne,24954,KIRKMAN,Frazer,15,IND,Independent,183.0,84551.0,0.002164374164705326,IND,False,True
2013,VIC,228,Melbourne,24764,CUMMINS,Paul,16,AIN,Australian Independents,170.0,84551.0,0.0020106208087426526,AIN,False,False
2013,VIC,230,Melbourne Ports,23905,STAR,Melissa,1,ASXP,Sex Party,3089.0,81073.0,0.03810146411258989,ASXP,False,False
2013,VIC,230,Melbourne Ports,23314,DANBY,Michael,2,ALP,Australian Labor Party,25676.0,81073.0,0.31670223132238845,ALP,True,False
2013,VIC,230,Melbourne Ports,24966,KEENAN,Robert,3,FFP,Family First Party,490.0,81073.0,0.006043935712259322,FFP,False,False
2013,VIC,230,Melbourne Ports,23619,STODART,Toby Simon,4,PUP,Palmer United Party,1122.0,81073.0,0.013839379324806039,UAPP,False,False
2013,VIC,230,Melbourne Ports,23976,STEFANO,Vince,5,DLP,DLP Democratic Labour,540.0,81073.0,0.0066606638461633345,DLP,False,False
2013,VIC,230,Melbourne Ports,23372,BIRRELL,Ann,6,GRN,The Greens,16353.0,81073.0,0.2017071034746463,GRN,True,False
2013,VIC,230,Melbourne Ports,23584,EKENDAHL,Kevin,7,LP,Liberal,33278.0,81073.0,0.41046957680115453,LP,True,False
2013,VIC,230,Melbourne Ports,24195,QUINN,Margaret,8,RUA,Rise Up Australia Party,201.0,81073.0,0.00247924709829413,RUA,False,False
2013,VIC,230,Melbourne Ports,23587,ARMSTRONG,Steven,9,SPP,Stable Population Party,324.0,81073.0,0.003996398307698001,SPP,False,False
2013,VIC,229,Menzies,23483,ANDREWS,Kevin,1,LP,Liberal,52290.0,88806.0,0.588811566786028,LP,True,False
2013,VIC,229,Menzies,23389,CRANSTON,Richard,2,GRN,The Greens,7663.0,88806.0,0.08628921469270094,GRN,True,False
2013,VIC,229,Menzies,23351,KUMAR,Manoj,3,ALP,Australian Labor Party,22788.0,88806.0,0.2566042834943585,ALP,True,False
2013,VIC,229,Menzies,23636,GUARDIANI,Agostino,4,PUP,Palmer United Party,2353.0,88806.0,0.026495957480350427,UAPP,False,False
2013,VIC,229,Menzies,24767,ROBINSON,Ramon,5,IND,Independent,1287.0,88806.0,0.01449226403621377,IND,False,True
2013,VIC,229,Menzies,24168,BAKER,Phil,6,RUA,Rise Up Australia Party,508.0,88806.0,0.0057203342116523654,RUA,False,False
2013,VIC,229,Menzies,24979,CONLON,Andrew,7,FFP,Family First Party,1917.0,88806.0,0.021586379298696032,FFP,False,False
2013,VIC,231,Murray,23914,CHELLEW,Tristram,1,ASXP,Sex Party,2337.0,88732.0,0.026337736104223956,ASXP,False,False
2013,VIC,231,Murray,23477,STONE,Sharman,2,LP,Liberal,54490.0,88732.0,0.6140963801108957,LP,True,False
2013,VIC,231,Murray,24210,BOURKE,Michael John,3,KAP,Katter's Australian Party,2423.0,88732.0,0.027306946761033225,KAP,False,False
2013,VIC,231,Murray,24110,BUCK,Wendy,4,IND,Independent,1176.0,88732.0,0.013253392237298833,IND,False,True
2013,VIC,231,Murray,23380,STEVENS,Damien,5,GRN,The Greens,3485.0,88732.0,0.039275571383491865,GRN,True,False
2013,VIC,231,Murray,23662,THOOLEN,Catriona Cecilia,6,PUP,Palmer United Party,2964.0,88732.0,0.033403957985845015,UAPP,False,False
2013,VIC,231,Murray,24221,SUMMER,Fern,7,BTA,Bullet Train For Australia,986.0,88732.0,0.011112112879231844,BTA,False,False
2013,VIC,231,Murray,24160,HUNGERFORD,Raymond,8,RUA,Rise Up Australia Party,563.0,88732.0,0.006344948834693233,RUA,False,False
2013,VIC,231,Murray,24967,WALKER,Alan,9,FFP,Family First Party,1589.0,88732.0,0.01790785736825497,FFP,False,False
2013,VIC,231,Murray,23310,HIGGINS,Rod,10,ALP,Australian Labor Party,18403.0,88732.0,0.2073998106658252,ALP,True,False
2013,VIC,231,Murray,23228,DAVY,Jeff,11,CEC,Citizens Electoral Council,316.0,88732.0,0.003561285669206149,CEC,False,False
2013,VIC,232,Scullin,23627,COOPER,Peter Rex,1,PUP,Palmer United Party,5991.0,90496.0,0.06620182107496464,UAPP,False,False
2013,VIC,232,Scullin,23324,GILES,Andrew,2,ALP,Australian Labor Party,45484.0,90496.0,0.5026078500707214,ALP,True,False
2013,VIC,232,Scullin,24983,CONLON,Katie,3,FFP,Family First Party,2394.0,90496.0,0.02645420792079208,FFP,False,False
2013,VIC,232,Scullin,23907,ROLPH,Nathan,4,ASXP,Sex Party,2453.0,90496.0,0.027106170438472417,ASXP,False,False
2013,VIC,232,Scullin,23488,CHUGHA,Jag,5,LP,Liberal,26369.0,90496.0,0.29138304455445546,LP,True,False
2013,VIC,232,Scullin,24212,GRECO,Domenic,6,KAP,Katter's Australian Party,1025.0,90496.0,0.011326467468175389,KAP,False,False
2013,VIC,232,Scullin,23383,LJUBICIC,Rose,7,GRN,The Greens,6780.0,90496.0,0.07492043847241867,GRN,True,False
2013,VIC,233,Wannon,23549,CORBETT,Therese,1,AUC,Australian Christians,1167.0,88202.0,0.013230992494501258,AUC,False,False
2013,VIC,233,Wannon,23341,BARLING,Michael,2,ALP,Australian Labor Party,26044.0,88202.0,0.2952767510940795,ALP,True,False
2013,VIC,233,Wannon,23381,EMANUELLE,Tim,3,GRN,The Greens,5668.0,88202.0,0.06426158137003696,GRN,True,False
2013,VIC,233,Wannon,23900,JOHNSON,Chris,4,ASXP,Sex Party,2455.0,88202.0,0.02783383596743838,ASXP,False,False
2013,VIC,233,Wannon,25017,HABERFIELD,Craig,5,FFP,Family First Party,1957.0,88202.0,0.02218770549420648,FFP,False,False
2013,VIC,233,Wannon,23470,TEHAN,Dan,6,LP,Liberal,47392.0,88202.0,0.5373120790911771,LP,True,False
2013,VIC,233,Wannon,23625,FERGUSON,Bradley Ian,7,PUP,Palmer United Party,3519.0,88202.0,0.03989705448856035,UAPP,False,False
2013,VIC,234,Wills,24929,O'CALLAGHAN,Dean,1,IND,Independent,2040.0,90668.0,0.022499669122512903,IND,False,True
2013,VIC,234,Wills,23397,READ,Tim,2,GRN,The Greens,20157.0,90668.0,0.22231658357965325,GRN,True,False
2013,VIC,234,Wills,23938,TRAJSTMAN,Adrian,3,ASXP,Sex Party,2363.0,90668.0,0.02606211673357745,ASXP,False,False
2013,VIC,234,Wills,23174,WINDISCH,Margarita,4,SAL,Socialist Alliance,1024.0,90668.0,0.01129395155953589,SAL,False,False
2013,VIC,234,Wills,24991,GIGLIA,Concetta,5,FFP,Family First Party,1285.0,90668.0,0.014172585697269157,FFP,False,False
2013,VIC,234,Wills,23638,MURRAY-DUFOULON,Anne Marie,6,PUP,Palmer United Party,2158.0,90668.0,0.023801120571756297,UAPP,False,False
2013,VIC,234,Wills,23479,HEGDE,Shilpa,7,LP,Liberal,20710.0,90668.0,0.22841575859178542,LP,True,False
2013,VIC,234,Wills,23322,THOMSON,Kelvin,8,ALP,Australian Labor Party,40931.0,90668.0,0.45143821414390967,ALP,True,False
2013,WA,235,Brand,24435,NEWHOUSE,Andrew,1,FFP,Family First Party,2079.0,86876.0,0.023930659790966435,FFP,False,False
2013,WA,235,Brand,23628,LAWRENCE,Craig Walker,2,PUP,Palmer United Party,6518.0,86876.0,0.07502647451540126,UAPP,False,False
2013,WA,235,Brand,24035,GRAY,Gary,3,ALP,Australian Labor Party,35093.0,86876.0,0.40394355172890095,ALP,True,False
2013,WA,235,Brand,23385,LE-COCQ,Mick,4,CEC,Citizens Electoral Council,280.0,86876.0,0.0032229844836318433,CEC,False,False
2013,WA,235,Brand,25021,YOUNG,Paul James,5,DEM,Australian Democrats,598.0,86876.0,0.006883374004328008,DEM,False,False
2013,WA,235,Brand,24021,IRIKS,Gabrielle Lisanne,6,RUA,Rise Up Australia Party,646.0,86876.0,0.007435885630093467,RUA,False,False
2013,WA,235,Brand,24026,JECKS,Dawn,7,GRN,The Greens (WA),6343.0,86876.0,0.07301210921313137,GRN,True,False
2013,WA,235,Brand,24378,BURDETT,Bob,8,AUC,Australian Christians,1685.0,86876.0,0.019395460196141627,AUC,False,False
2013,WA,235,Brand,23836,GORDIN,Donna,9,LP,Liberal,33634.0,86876.0,0.38714950043740504,LP,True,False
2013,WA,236,Canning,23843,RANDALL,Don,1,LP,Liberal,45189.0,88493.0,0.510650559931294,LP,True,False
2013,WA,236,Canning,24031,PAGES-OLIVER,Damon,2,GRN,The Greens (WA),6547.0,88493.0,0.07398325291265975,GRN,True,False
2013,WA,236,Canning,24301,BRUNING,Derek Owen,3,AUC,Australian Christians,2742.0,88493.0,0.030985501678098833,AUC,False,False
2013,WA,236,Canning,24036,DEAN,Joanne Carol,4,ALP,Australian Labor Party,23578.0,88493.0,0.26643915337936336,ALP,True,False
2013,WA,236,Canning,25022,FORSYTH,James,5,NP,The Nationals,1707.0,88493.0,0.019289661329144676,NP,True,False
2013,WA,236,Canning,23654,LAMOTTE,Wendy Eileen,6,PUP,Palmer United Party,6088.0,88493.0,0.06879640197529747,UAPP,False,False
2013,WA,236,Canning,24425,HARPER,Alice,7,FFP,Family First Party,1197.0,88493.0,0.01352649362096437,FFP,False,False
2013,WA,236,Canning,24012,RUMBLE,Lee,8,RUA,Rise Up Australia Party,669.0,88493.0,0.007559919993671816,RUA,False,False
2013,WA,236,Canning,24437,ELDRIDGE,Richard,9,KAP,Katter's Australian Party,776.0,88493.0,0.008769055179505724,KAP,False,False
2013,WA,237,Cowan,24037,COCKMAN,Tristan,1,ALP,Australian Labor Party,27248.0,84388.0,0.32288951035692276,ALP,True,False
2013,WA,237,Cowan,24340,KINGSTON,David,2,AUC,Australian Christians,1802.0,84388.0,0.02135374697824335,AUC,False,False
2013,WA,237,Cowan,24029,MUNDY,Sheila,3,RUA,Rise Up Australia Party,869.0,84388.0,0.01029767265487984,RUA,False,False
2013,WA,237,Cowan,24032,COLLINS,Adam,4,GRN,The Greens (WA),6677.0,84388.0,0.07912262406977295,GRN,True,False
2013,WA,237,Cowan,24389,NGUYEN,Che Tam,5,FFP,Family First Party,1442.0,84388.0,0.017087737593022706,FFP,False,False
2013,WA,237,Cowan,23653,SHARMA,Vimal Kumar,6,PUP,Palmer United Party,4501.0,84388.0,0.05333696734132815,UAPP,False,False
2013,WA,237,Cowan,23846,SIMPKINS,Luke,7,LP,Liberal,41849.0,84388.0,0.4959117410058302,LP,True,False
2013,WA,238,Curtin,24028,WHATELY,Jennifer,1,RUA,Rise Up Australia Party,708.0,84800.0,0.008349056603773585,RUA,False,False
2013,WA,238,Curtin,24033,CULLITY,Judith,2,GRN,The Greens (WA),12985.0,84800.0,0.153125,GRN,True,False
2013,WA,238,Curtin,24286,FORDER,Gail,3,AUC,Australian Christians,1058.0,84800.0,0.012476415094339622,AUC,False,False
2013,WA,238,Curtin,24045,TAN,Daryl,4,ALP,Australian Labor Party,15189.0,84800.0,0.17911556603773585,ALP,True,False
2013,WA,238,Curtin,23664,BAKER,Glenn Phillip,5,PUP,Palmer United Party,2237.0,84800.0,0.026379716981132076,UAPP,False,False
2013,WA,238,Curtin,23840,BISHOP,Julie,6,LP,Liberal,52623.0,84800.0,0.6205542452830188,LP,True,False
2013,WA,312,Durack,23668,HEADLAND,Desmond John,1,PUP,Palmer United Party,4998.0,74036.0,0.06750769895726404,UAPP,False,False
2013,WA,312,Durack,24047,JAMES,Ian,2,GRN,The Greens (WA),5227.0,74036.0,0.070600788805446,GRN,True,False
2013,WA,312,Durack,23936,PRICE,Melissa,3,LP,Liberal,28143.0,74036.0,0.38012588470473824,LP,True,False
2013,WA,312,Durack,24039,FOREMAN,Shane,4,RUA,Rise Up Australia Party,810.0,74036.0,0.010940623480468962,RUA,False,False
2013,WA,312,Durack,24276,VAN STYN,Shane,5,NP,The Nationals,17145.0,74036.0,0.231576530336593,NP,True,False
2013,WA,312,Durack,23417,SUDHOLZ,Judy F,6,CEC,Citizens Electoral Council,177.0,74036.0,0.002390728834620995,CEC,False,False
2013,WA,312,Durack,24296,GOULD,Grahame,7,AUC,Australian Christians,972.0,74036.0,0.013128748176562753,AUC,False,False
2013,WA,312,Durack,24528,ROSE,Ian,8,FFP,Family First Party,763.0,74036.0,0.010305797179750392,FFP,False,False
2013,WA,312,Durack,24048,KEOGH,Daron,9,ALP,Australian Labor Party,15018.0,74036.0,0.20284726349343563,ALP,True,False
2013,WA,312,Durack,24529,TODD,Aaron,10,KAP,Katter's Australian Party,783.0,74036.0,0.010575936031119997,KAP,False,False
2013,WA,239,Forrest,24050,BORLINI,John Joseph,1,ALP,Australian Labor Party,21579.0,85423.0,0.25261346475773505,ALP,True,False
2013,WA,239,Forrest,24445,CUSTERS,Bev,2,FFP,Family First Party,1270.0,85423.0,0.014867190335155636,FFP,False,False
2013,WA,239,Forrest,23887,MARINO,Nola,3,LP,Liberal,42640.0,85423.0,0.4991629888905798,LP,True,False
2013,WA,239,Forrest,24024,MORIEN,Mark,4,RUA,Rise Up Australia Party,581.0,85423.0,0.006801446917106634,RUA,False,False
2013,WA,239,Forrest,24388,BARNETT,Wayne,5,AUC,Australian Christians,1374.0,85423.0,0.016084661039766808,AUC,False,False
2013,WA,239,Forrest,24042,TAYLER,Gordon,6,GRN,The Greens (WA),8136.0,85423.0,0.09524366973765848,GRN,True,False
2013,WA,239,Forrest,23437,TUFFNELL,Ian,7,CEC,Citizens Electoral Council,204.0,85423.0,0.0023881156128911416,CEC,False,False
2013,WA,239,Forrest,24304,ROSE,Michael,8,NP,The Nationals,5338.0,85423.0,0.062489025203984874,NP,True,False
2013,WA,239,Forrest,23781,DABROWSKI,Edward Gregory,9,PUP,Palmer United Party,4301.0,85423.0,0.05034943750512157,UAPP,False,False
2013,WA,240,Fremantle,24519,McNAUGHT,Richard,1,KAP,Katter's Australian Party,1061.0,87108.0,0.012180281948845111,KAP,False,False
2013,WA,240,Fremantle,24011,STEELE-JOHN,Jordon Alexander,2,GRN,The Greens (WA),10354.0,87108.0,0.11886393901823024,GRN,True,False
2013,WA,240,Fremantle,24323,MULDER,Owen,3,AUC,Australian Christians,1163.0,87108.0,0.013351242136198743,AUC,False,False
2013,WA,240,Fremantle,23851,VAN LIESHOUT,Teresa,4,APP,Australian Protectionist Party,205.0,87108.0,0.00235340037654406,APP,False,False
2013,WA,240,Fremantle,23626,SHARMA,Vashil Vimal,5,PUP,Palmer United Party,3451.0,87108.0,0.03961748633879782,UAPP,False,False
2013,WA,240,Fremantle,23839,HANSSEN,Matthew,6,LP,Liberal,33219.0,87108.0,0.38135418101666896,LP,True,False
2013,WA,240,Fremantle,24406,McCOURT,Jim,7,FFP,Family First Party,811.0,87108.0,0.009310281489645038,FFP,False,False
2013,WA,240,Fremantle,23384,ROWLANDS,Ron,8,CEC,Citizens Electoral Council,131.0,87108.0,0.0015038802406208385,CEC,False,False
2013,WA,240,Fremantle,24007,SCOTT,Philip,9,RUA,Rise Up Australia Party,416.0,87108.0,0.004775680764108922,RUA,False,False
2013,WA,240,Fremantle,24336,WAINWRIGHT,Sam,10,SAL,Socialist Alliance,743.0,87108.0,0.008529641364742619,SAL,False,False
2013,WA,240,Fremantle,24025,PARKE,Melissa,11,ALP,Australian Labor Party,35554.0,87108.0,0.40815998530559766,ALP,True,False
2013,WA,305,Hasluck,23991,WYATT,Ken,1,LP,Liberal,38951.0,85763.0,0.45417021326212936,LP,True,False
2013,WA,305,Hasluck,24886,MUNRO,Chris,2,ASXP,Sex Party,2236.0,85763.0,0.026071849165724147,ASXP,False,False
2013,WA,305,Hasluck,24470,STEVENS,Daniel,3,KAP,Katter's Australian Party,569.0,85763.0,0.006634562690204401,KAP,False,False
2013,WA,305,Hasluck,24040,EVANS,Adrian,4,ALP,Australian Labor Party,28081.0,85763.0,0.3274255797954829,ALP,True,False
2013,WA,305,Hasluck,23665,SCOTT,Robin David,5,PUP,Palmer United Party,5885.0,85763.0,0.0686193346781246,UAPP,False,False
2013,WA,305,Hasluck,24030,LANGLANDS,Peter,6,GRN,The Greens (WA),6546.0,85763.0,0.07632662103704395,GRN,True,False
2013,WA,305,Hasluck,24324,WHITTAKER,Jason,7,AUC,Australian Christians,2130.0,85763.0,0.02483588493872649,AUC,False,False
2013,WA,305,Hasluck,24454,SHARRIN,Kyran,8,FFP,Family First Party,1365.0,85763.0,0.01591595443256416,FFP,False,False
2013,WA,242,Moore,24016,LAWRANCE,Jason Daniel,1,ALP,Australian Labor Party,22324.0,85834.0,0.2600834168278305,ALP,True,False
2013,WA,242,Moore,23617,MORRIS,Gary John,2,PUP,Palmer United Party,5745.0,85834.0,0.06693151897849337,UAPP,False,False
2013,WA,242,Moore,24288,HOST,Rex,3,AUC,Australian Christians,1602.0,85834.0,0.018663932707318778,AUC,False,False
2013,WA,242,Moore,24095,LLOYD,Louahna Janet Kiona,4,GRN,The Greens (WA),8539.0,85834.0,0.09948272246429155,GRN,True,False
2013,WA,242,Moore,24008,PRITCHETT,Mary Patricia,5,RUA,Rise Up Australia Party,738.0,85834.0,0.008597991471910899,RUA,False,False
2013,WA,242,Moore,24995,CATALANO,Josh,6,SPRT,Australian Sports Party,1324.0,85834.0,0.015425122911666705,SPRT,False,False
2013,WA,242,Moore,23842,GOODENOUGH,Ian,7,LP,Liberal,45562.0,85834.0,0.5308152946384882,LP,True,False
2013,WA,243,O'Connor,24049,SALT,Michael John,1,ALP,Australian Labor Party,14234.0,82510.0,0.17251242273663797,ALP,True,False
2013,WA,243,O'Connor,23420,ROBINSON,Jean,2,CEC,Citizens Electoral Council,407.0,82510.0,0.004932735426008968,CEC,False,False
2013,WA,243,O'Connor,24438,BOUWMAN,Phillip,3,KAP,Katter's Australian Party,660.0,82510.0,0.007999030420555085,KAP,False,False
2013,WA,243,O'Connor,24357,WITHAM,Chub,4,NP,The Nationals,20914.0,82510.0,0.2534723063871046,NP,True,False
2013,WA,243,O'Connor,24018,KORBER,Vanessa,5,RUA,Rise Up Australia Party,595.0,82510.0,0.007211247121561023,RUA,False,False
2013,WA,243,O'Connor,24043,EVERS,Diane,6,GRN,The Greens (WA),5627.0,82510.0,0.06819779420676282,GRN,True,False
2013,WA,243,O'Connor,24375,WALSH,Mike,7,AUC,Australian Christians,2079.0,82510.0,0.025196945824748514,AUC,False,False
2013,WA,243,O'Connor,23944,WILSON,Rick,8,LP,Liberal,32284.0,82510.0,0.3912737849957581,LP,True,False
2013,WA,243,O'Connor,24428,FUHRMANN,Steven,9,FFP,Family First Party,698.0,82510.0,0.008459580656890073,FFP,False,False
2013,WA,243,O'Connor,24776,MOURITZ,Jane,10,IND,Independent,1431.0,82510.0,0.017343352320930795,IND,False,True
2013,WA,243,O'Connor,23676,LUCAS,Michael Anthony,11,PUP,Palmer United Party,3581.0,82510.0,0.043400799903042055,UAPP,False,False
2013,WA,244,Pearce,24017,NIELSEN-HARVEY,Sarah,1,GRN,The Greens (WA),9901.0,88191.0,0.11226769171457406,GRN,True,False
2013,WA,244,Pearce,24277,McALLISTER,Craig,2,NP,The Nationals,4326.0,88191.0,0.049052624417457565,NP,True,False
2013,WA,244,Pearce,23401,GAY,Norman,3,CEC,Citizens Electoral Council,439.0,88191.0,0.004977832205100293,CEC,False,False
2013,WA,244,Pearce,24451,RICHARDS,Eddie,4,KAP,Katter's Australian Party,727.0,88191.0,0.008243471556054472,KAP,False,False
2013,WA,244,Pearce,24041,WEST,Madeleine Anne,5,ALP,Australian Labor Party,22827.0,88191.0,0.25883593563969115,ALP,True,False
2013,WA,244,Pearce,25024,CORICA,Matthew,6,DEM,Australian Democrats,572.0,88191.0,0.006485922599811772,DEM,False,False
2013,WA,244,Pearce,24290,CANAS,Danielle Maree,7,AUC,Australian Christians,1746.0,88191.0,0.01979793856515971,AUC,False,False
2013,WA,244,Pearce,24013,DAVIES,Diane,8,RUA,Rise Up Australia Party,791.0,88191.0,0.008969169189599845,RUA,False,False
2013,WA,244,Pearce,23847,PORTER,Christian,9,LP,Liberal,40275.0,88191.0,0.45667925298499845,LP,True,False
2013,WA,244,Pearce,23631,HOUGH,Francis Carson,10,PUP,Palmer United Party,6587.0,88191.0,0.0746901611275527,UAPP,False,False
2013,WA,245,Perth,24313,CONNELLY,Paul Michael,1,AUC,Australian Christians,1891.0,82941.0,0.022799339289374373,AUC,False,False
2013,WA,245,Perth,23167,CLARK,Ant,2,IND,Independent,1025.0,82941.0,0.012358182322373736,IND,False,True
2013,WA,245,Perth,24023,MacTIERNAN,Alannah,3,ALP,Australian Labor Party,34215.0,82941.0,0.412522154302456,ALP,True,False
2013,WA,245,Perth,24009,HALLETT,Jonathan,4,GRN,The Greens (WA),8801.0,82941.0,0.10611157328703537,GRN,True,False
2013,WA,245,Perth,24005,EDNEY,Evelyn Patricia,5,RUA,Rise Up Australia Party,422.0,82941.0,0.005087954087845577,RUA,False,False
2013,WA,245,Perth,24434,CROLL,Lesley,6,FFP,Family First Party,669.0,82941.0,0.008065974608456613,FFP,False,False
2013,WA,245,Perth,23639,HARFOUCHE,Gabriel Hasib,7,PUP,Palmer United Party,2897.0,82941.0,0.034928443110162646,UAPP,False,False
2013,WA,245,Perth,23841,MOORE,Darryl,8,LP,Liberal,33021.0,82941.0,0.39812637899229575,LP,True,False
2013,WA,246,Stirling,24022,CLIFFORD,Tim,1,GRN,The Greens (WA),9359.0,83060.0,0.11267758247050325,GRN,True,False
2013,WA,246,Stirling,24312,HOST,Kevin,2,AUC,Australian Christians,1704.0,83060.0,0.02051529015169757,AUC,False,False
2013,WA,246,Stirling,24423,LUKE,Matueny Marial,3,FFP,Family First Party,686.0,83060.0,0.008259089814591862,FFP,False,False
2013,WA,246,Stirling,23649,THOMPSON,Wayne Gordon,4,PUP,Palmer United Party,3342.0,83060.0,0.04023597399470263,UAPP,False,False
2013,WA,246,Stirling,24951,MUBARAK,Kim,5,IND,Independent,901.0,83060.0,0.010847580062605345,IND,False,True
2013,WA,246,Stirling,23848,KEENAN,Michael,6,LP,Liberal,43039.0,83060.0,0.518167589694197,LP,True,False
2013,WA,246,Stirling,24010,ROWE,Alison,7,RUA,Rise Up Australia Party,498.0,83060.0,0.005995665783770768,RUA,False,False
2013,WA,246,Stirling,24034,CADDY,Dan,8,ALP,Australian Labor Party,23531.0,83060.0,0.2833012280279316,ALP,True,False
2013,WA,247,Swan,24003,ELLIS,Troy,1,APP,Australian Protectionist Party,718.0,81807.0,0.008776755045411762,APP,False,False
2013,WA,247,Swan,23935,IRONS,Steve,2,LP,Liberal,39972.0,81807.0,0.4886134438373244,LP,True,False
2013,WA,247,Swan,24311,KLOMP,Steve,3,AUC,Australian Christians,1465.0,81807.0,0.01790800298262985,AUC,False,False
2013,WA,247,Swan,24027,DAVIES,Paul,4,RUA,Rise Up Australia Party,488.0,81807.0,0.00596525969660298,RUA,False,False
2013,WA,247,Swan,23660,DUNCAN,Kenneth Michael,5,PUP,Palmer United Party,3463.0,81807.0,0.04233134083880353,UAPP,False,False
2013,WA,247,Swan,24038,BISSETT,John,6,ALP,Australian Labor Party,25037.0,81807.0,0.30604960455706726,ALP,True,False
2013,WA,247,Swan,24421,RAPP,Moyna,7,FFP,Family First Party,797.0,81807.0,0.009742442578263474,FFP,False,False
2013,WA,247,Swan,24494,AVERY,Noel Alexander,8,KAP,Katter's Australian Party,421.0,81807.0,0.005146258877602161,KAP,False,False
2013,WA,247,Swan,24046,SIERO,Gerard,9,GRN,The Greens (WA),9446.0,81807.0,0.11546689158629457,GRN,True,False
2013,WA,248,Tangney,24004,CARSON,Stephen Andrew,1,RUA,Rise Up Australia Party,922.0,85274.0,0.010812205361540445,RUA,False,False
2013,WA,248,Tangney,23853,JENSEN,Dennis,2,LP,Liberal,48752.0,85274.0,0.5717100171212797,LP,True,False
2013,WA,248,Tangney,23646,DRIVER,Wayne Robert,3,PUP,Palmer United Party,3738.0,85274.0,0.04383516663930389,UAPP,False,False
2013,WA,248,Tangney,24014,WILLIS,Luke Antony,4,ALP,Australian Labor Party,20744.0,85274.0,0.2432628937307972,ALP,True,False
2013,WA,248,Tangney,24402,WIESKE,John,5,AUC,Australian Christians,2236.0,85274.0,0.02622135703731501,AUC,False,False
2013,WA,248,Tangney,24006,BEST,Peter,6,GRN,The Greens (WA),8882.0,85274.0,0.10415836010976381,GRN,True,False
2016,ACT,101,Canberra,28189,BRODTMANN,Gai,1,ALP,Australian Labor Party,55091.0,128720.0,0.4279909881914232,ALP,True,False
2016,ACT,101,Canberra,28336,CAHILL,Patricia,2,GRN,The Greens,19200.0,128720.0,0.14916096954630206,GRN,True,False
2016,ACT,101,Canberra,29373,BUCKNELL,Christopher D'Arcy,3,BTA,Bullet Train For Australia,6013.0,128720.0,0.04671379738968303,BTA,False,False
2016,ACT,101,Canberra,28989,ADELAN-LANGFORD,Jessica,4,LP,Liberal,48416.0,128720.0,0.37613424487259167,LP,True,False
2016,ACT,102,Fenner,28190,LEIGH,Andrew Keith,1,ALP,Australian Labor Party,56796.0,124022.0,0.4579510086920063,ALP,True,False
2016,ACT,102,Fenner,28200,WOODMAN,Andrew,2,IND,Independent,4707.0,124022.0,0.03795294383254584,IND,False,True
2016,ACT,102,Fenner,28983,GUNNING,Robert,3,LP,Liberal,38930.0,124022.0,0.3138959216913128,LP,True,False
2016,ACT,102,Fenner,28320,SAEEDI,Carly,4,GRN,The Greens,18929.0,124022.0,0.152626146973924,GRN,True,False
2016,ACT,102,Fenner,29372,BOHM,Tim,5,BTA,Bullet Train For Australia,4660.0,124022.0,0.037573978810211094,BTA,False,False
2016,NSW,103,Banks,28951,GAMBIAN,Chris,1,ALP,Labor,35890.0,89832.0,0.3995235550805949,ALP,True,False
2016,NSW,103,Banks,29208,WU,Sharon,2,FFP,Family First,1621.0,89832.0,0.018044794727936592,FFP,False,False
2016,NSW,103,Banks,28649,CLARK,Philippa,3,GRN,The Greens,5225.0,89832.0,0.058164128595600675,GRN,True,False
2016,NSW,103,Banks,28660,COLEMAN,David,4,LP,Liberal,39423.0,89832.0,0.43885252471279723,LP,True,False
2016,NSW,103,Banks,28639,BONDAR,Greg,5,CDP,Christian Democratic Party (Fred Nile Group),4777.0,89832.0,0.05317704158874343,CDP,False,False
2016,NSW,103,Banks,29097,BARNES,Roy Owen,6,AJP,Animal Justice Party,1555.0,89832.0,0.017310089945676375,AJP,False,False
2016,NSW,103,Banks,29327,SPANSWICK,Bob,7,IND,Independent,1341.0,89832.0,0.014927865348650815,IND,False,True
2016,NSW,104,Barton,28057,TORKEL,Rasmus,1,IND,Independent,2236.0,87702.0,0.025495427698342114,IND,False,True
2016,NSW,104,Barton,28636,VARVARIS,Nickolas,2,LP,Liberal,31038.0,87702.0,0.35390298966956285,LP,True,False
2016,NSW,104,Barton,28964,BURNEY,Linda,3,ALP,Labor,41878.0,87702.0,0.4775033636633144,ALP,True,False
2016,NSW,104,Barton,28626,SUSILO,Sonny,4,CDP,Christian Democratic Party (Fred Nile Group),3714.0,87702.0,0.04234795101594034,CDP,False,False
2016,NSW,104,Barton,28632,HEBER,Brent,5,GRN,The Greens,7741.0,87702.0,0.08826480581970765,GRN,True,False
2016,NSW,104,Barton,29008,TSOUKALAS,Harry,6,SOL,Online Direct Democracy - (Empowering the People!),1095.0,87702.0,0.012485462133132653,SOL,False,False
2016,NSW,105,Bennelong,28886,HOWISON,Lyndal,1,ALP,Labor,26270.0,92231.0,0.2848283115221563,ALP,True,False
2016,NSW,105,Bennelong,28437,AUGUST,John Peter,2,PIR,Pirate Party Australia,1260.0,92231.0,0.013661350305211914,PIR,False,False
2016,NSW,105,Bennelong,28550,ALICK,Justin,3,GRN,The Greens,8424.0,92231.0,0.0913358848977025,GRN,True,False
2016,NSW,105,Bennelong,28548,WORSLEY,Julie,4,CDP,Christian Democratic Party (Fred Nile Group),5903.0,92231.0,0.06400234194576661,CDP,False,False
2016,NSW,105,Bennelong,28133,GORDON,Christopher,5,ARTS,The Arts Party,992.0,92231.0,0.010755602779976364,ARTS,False,False
2016,NSW,105,Bennelong,28568,ALEXANDER,John,6,LP,Liberal,46497.0,92231.0,0.5041363532868558,LP,True,False
2016,NSW,105,Bennelong,28065,MULCARE,Martin,7,IND,Independent,2885.0,92231.0,0.03128015526233045,IND,False,True
2016,NSW,106,Berowra,28564,LEESER,Julian,1,LP,Liberal,53678.0,94017.0,0.5709392982120255,LP,True,False
2016,NSW,106,Berowra,28927,ANDREWS,Josh,2,ALP,Labor,18693.0,94017.0,0.19882574428028973,ALP,True,False
2016,NSW,106,Berowra,17744,GALLAGHER,Mick,3,IND,Independent,2859.0,94017.0,0.03040939404575768,IND,False,True
2016,NSW,106,Berowra,28529,HEYDE,Emma,4,GRN,The Greens,10815.0,94017.0,0.11503238775966049,GRN,True,False
2016,NSW,106,Berowra,27974,WOODWARD,Roger,5,IND,Independent,826.0,94017.0,0.008785645149281512,IND,False,True
2016,NSW,106,Berowra,29078,CLARKE,Brendan Michael,6,FUT,Science Party,1933.0,94017.0,0.020560111469202377,FUT,False,False
2016,NSW,106,Berowra,28530,THEW,Leighton,7,CDP,Christian Democratic Party (Fred Nile Group),5213.0,94017.0,0.05544741908378272,CDP,False,False
2016,NSW,107,Blaxland,28931,CLARE,Jason,1,ALP,Labor,50572.0,79885.0,0.6330600237841898,ALP,True,False
2016,NSW,107,Blaxland,28694,VIRAGO,Suzan,2,GRN,The Greens,3698.0,79885.0,0.04629154409463604,GRN,True,False
2016,NSW,107,Blaxland,28163,ZABALA,Gabriela,3,SEP,Socialist Equality Party,980.0,79885.0,0.012267634724917069,SEP,False,False
2016,NSW,107,Blaxland,28704,FINDLAY,Felicity,4,LP,Liberal,19825.0,79885.0,0.2481692432872254,LP,True,False
2016,NSW,107,Blaxland,28687,NASR,Clint,5,CDP,Christian Democratic Party (Fred Nile Group),4810.0,79885.0,0.060211554109031735,CDP,False,False
2016,NSW,108,Bradfield,28795,KELLY,Peter,1,ALA,Australian Liberty Alliance,1796.0,93634.0,0.019181066706538224,ALA,False,False
2016,NSW,108,Bradfield,28533,JONES,Adrian,2,GRN,The Greens,10936.0,93634.0,0.11679518123758464,GRN,True,False
2016,NSW,108,Bradfield,28565,FLETCHER,Paul,3,LP,Liberal,57231.0,93634.0,0.6112202832304505,LP,True,False
2016,NSW,108,Bradfield,28462,BERMAN,Christine,4,IND,Independent,4248.0,93634.0,0.04536813550633317,IND,False,True
2016,NSW,108,Bradfield,28532,VALE,Chris,5,CDP,Christian Democratic Party (Fred Nile Group),3497.0,93634.0,0.037347544695302985,CDP,False,False
2016,NSW,108,Bradfield,28881,GOMPERTZ,Katie,6,ALP,Labor,15926.0,93634.0,0.1700877886237905,ALP,True,False
2016,NSW,109,Calare,28653,SKY,Delanie,1,GRN,The Greens,7238.0,100278.0,0.07217934143082232,GRN,True,False
2016,NSW,109,Calare,29294,GEE,Andrew,2,NP,The Nationals,47717.0,100278.0,0.4758471449370749,NP,True,False
2016,NSW,109,Calare,29018,DAVIS,Glen,3,LDP,Liberal Democrats,6557.0,100278.0,0.06538822074632522,LDP,False,False
2016,NSW,109,Calare,28627,GESLING,Bernie,4,CDP,Christian Democratic Party (Fred Nile Group),2386.0,100278.0,0.02379385308841421,CDP,False,False
2016,NSW,109,Calare,27985,CRAIG,Anthony Gerard,5,IND,Independent,3836.0,100278.0,0.03825365483954606,IND,False,True
2016,NSW,109,Calare,28611,BLOOMFIELD,Rod,6,XEN,Nick Xenophon Team,5412.0,100278.0,0.05396996350146593,XEN,False,False
2016,NSW,109,Calare,28915,JENNINGS,Jess,7,ALP,Labor,27132.0,100278.0,0.27056782145635133,ALP,True,False
2016,NSW,111,Chifley,28644,GREEN,Joshua,1,CDP,Christian Democratic Party (Fred Nile Group),7820.0,85569.0,0.0913882363940212,CDP,False,False
2016,NSW,111,Chifley,28684,KUMAR,Mohit,2,LP,Liberal,19394.0,85569.0,0.22664750084726945,LP,True,False
2016,NSW,111,Chifley,24190,KHAN,Ammar,3,IND,Independent,2194.0,85569.0,0.025640126681391626,IND,False,True
2016,NSW,111,Chifley,28666,JAMES,Eliza,4,GRN,The Greens,3883.0,85569.0,0.04537858336547114,GRN,True,False
2016,NSW,111,Chifley,28890,HUSIC,Ed,5,ALP,Labor,52278.0,85569.0,0.6109455527118466,ALP,True,False
2016,NSW,112,Cook,28137,BRETT,John,1,IND,Independent,3153.0,91385.0,0.03450238004048804,IND,False,True
2016,NSW,112,Cook,28570,MORRISON,Scott,2,LP,Liberal,53321.0,91385.0,0.583476500519779,LP,True,False
2016,NSW,112,Cook,28549,CAPSIS,George,3,CDP,Christian Democratic Party (Fred Nile Group),4430.0,91385.0,0.048476226951906766,CDP,False,False
2016,NSW,112,Cook,28552,HUNT,Nathan,4,GRN,The Greens,6198.0,91385.0,0.06782294687311922,GRN,True,False
2016,NSW,112,Cook,28925,ATKINS,David,5,ALP,Labor,24283.0,91385.0,0.265721945614707,ALP,True,False
2016,NSW,113,Cowper,28721,LAWRENCE,Wayne,1,CDP,Christian Democratic Party (Fred Nile Group),3538.0,103460.0,0.03419679103034989,CDP,False,False
2016,NSW,113,Cowper,28027,GOUGH,Michael,2,CEC,Citizens Electoral Council,726.0,103460.0,0.007017204716798763,CEC,False,False
2016,NSW,113,Cowper,28730,VERNON,Carol,3,GRN,The Greens,6901.0,103460.0,0.06670210709452928,GRN,True,False
2016,NSW,113,Cowper,29001,WOOD,Damian,4,ALP,Labor,14079.0,103460.0,0.1360815774212256,ALP,True,False
2016,NSW,113,Cowper,29558,OAKESHOTT,Robert James Murray,5,IND,Independent,27200.0,103460.0,0.2629035375990721,IND,False,True
2016,NSW,113,Cowper,29276,HARTSUYKER,Luke,6,NP,The Nationals,47559.0,103460.0,0.4596849023777305,NP,True,False
2016,NSW,113,Cowper,29340,ARKAN,John,7,IND,Independent,3457.0,103460.0,0.033413879760293835,IND,False,True
2016,NSW,114,Cunningham,28664,BLAKEY,Cath,1,GRN,The Greens,14200.0,96924.0,0.14650654120754406,GRN,True,False
2016,NSW,114,Cunningham,29260,WATERS,Nathan,2,FUT,Science Party,2526.0,96924.0,0.02606165655565185,FUT,False,False
2016,NSW,114,Cunningham,28669,BLICAVS,Michelle,3,LP,Liberal,28263.0,96924.0,0.291599603813297,LP,True,False
2016,NSW,114,Cunningham,28676,RYAN,Michelle,4,CDP,Christian Democratic Party (Fred Nile Group),3939.0,96924.0,0.04064008914200817,CDP,False,False
2016,NSW,114,Cunningham,28948,BIRD,Sharon,5,ALP,Labor,46414.0,96924.0,0.4788700425075317,ALP,True,False
2016,NSW,114,Cunningham,27989,FLANAGAN,John,6,NCP,Non-Custodial Parents Party (Equal Parenting),1582.0,96924.0,0.016322066773967234,NCP,True,False
2016,NSW,115,Dobell,28609,ERVIN,Hadden Robert,1,CDP,Christian Democratic Party (Fred Nile Group),2549.0,96674.0,0.026366965264704056,CDP,False,False
2016,NSW,115,Dobell,28157,EDWARDS,Carter,2,ON,Pauline Hanson's One Nation,8326.0,96674.0,0.08612450089993173,ON,False,False
2016,NSW,115,Dobell,28978,McBRIDE,Emma,3,ALP,Labor,41454.0,96674.0,0.42880195295529305,ALP,True,False
2016,NSW,115,Dobell,28613,McNAMARA,Karen,4,LP,Liberal,36586.0,96674.0,0.3784471522849991,LP,True,False
2016,NSW,115,Dobell,28610,BOYD,Abigail,5,GRN,The Greens,5607.0,96674.0,0.05799904834805635,GRN,True,False
2016,NSW,115,Dobell,28011,STEPHENSON,Gregory F,6,IND,Independent,1176.0,96674.0,0.012164594410079235,IND,False,True
2016,NSW,115,Dobell,27988,BAKER,Paul,7,IND,Independent,976.0,96674.0,0.010095785836936507,IND,False,True
2016,NSW,117,Eden-Monaro,28440,GROSMAIRE,Daniel,1,IND,Independent,1683.0,94469.0,0.017815368004318877,IND,False,True
2016,NSW,117,Eden-Monaro,28652,BENNETT,Ursula,2,CDP,Christian Democratic Party (Fred Nile Group),1763.0,94469.0,0.018662206649800464,CDP,False,False
2016,NSW,117,Eden-Monaro,28324,FRIEND,Don,3,ADVP,Veterans Party,1448.0,94469.0,0.015327779483216716,ADVP,False,False
2016,NSW,117,Eden-Monaro,29247,BUCKLEY,Ray,4,IND,Independent,817.0,94469.0,0.008648339666980703,IND,False,True
2016,NSW,117,Eden-Monaro,28689,HENDY,Peter,5,LP,Liberal,39049.0,94469.0,0.4133525283426309,LP,True,False
2016,NSW,117,Eden-Monaro,28673,RYAN,Tamara,6,GRN,The Greens,7177.0,94469.0,0.07597201198276683,GRN,True,False
2016,NSW,117,Eden-Monaro,29232,SEYMOUR,Frankie,7,AJP,Animal Justice Party,1986.0,94469.0,0.021022769374080385,AJP,False,False
2016,NSW,117,Eden-Monaro,24751,THALER,Andrew Evan,8,IND,Independent,981.0,94469.0,0.010384358890217955,IND,False,True
2016,NSW,117,Eden-Monaro,28993,KELLY,Mike,9,ALP,Labor,39565.0,94469.0,0.41881463760598714,ALP,True,False
2016,NSW,118,Farrer,28797,PIKE,Ron,1,ALA,Australian Liberty Alliance,5874.0,96579.0,0.06082067530208431,ALA,False,False
2016,NSW,118,Farrer,28695,COHN,Amanda,2,GRN,The Greens,7936.0,96579.0,0.08217107238633657,GRN,True,False
2016,NSW,118,Farrer,28692,ROSSETTO,Paul,3,CDP,Christian Democratic Party (Fred Nile Group),3474.0,96579.0,0.03597055260460349,CDP,False,False
2016,NSW,118,Farrer,29044,MILLS,Brian,4,IND,Independent,4133.0,96579.0,0.042793982128620095,IND,False,True
2016,NSW,118,Farrer,28699,LEY,Sussan,5,LP,Liberal,55893.0,96579.0,0.5787282949709565,LP,True,False
2016,NSW,118,Farrer,28938,KUNDE,Christian,6,ALP,Labor,17486.0,96579.0,0.181053852286729,ALP,True,False
2016,NSW,118,Farrer,28616,O'BRIEN,Trevor,7,MAP,Mature Australia,1783.0,96579.0,0.018461570320670126,MAP,False,False
2016,NSW,119,Fowler,28651,CASHMAN,Bill,1,GRN,The Greens,5264.0,84770.0,0.06209744013212221,GRN,True,False
2016,NSW,119,Fowler,28658,FARHAN,Adam,2,LP,Liberal,21812.0,84770.0,0.25730800990916597,LP,True,False
2016,NSW,119,Fowler,28945,HAYES,Chris,3,ALP,Labor,51559.0,84770.0,0.608222248436947,ALP,True,False
2016,NSW,119,Fowler,29241,DE LIMA,Joaquim,4,SMK,Smokers Rights,1343.0,84770.0,0.015842868939483307,SMK,False,False
2016,NSW,119,Fowler,28640,HALL,Craig,5,CDP,Christian Democratic Party (Fred Nile Group),4792.0,84770.0,0.05652943258228147,CDP,False,False
2016,NSW,120,Gilmore,28661,RYAN,Steve,1,CDP,Christian Democratic Party (Fred Nile Group),5160.0,103169.0,0.050015023892836026,CDP,False,False
2016,NSW,120,Gilmore,28668,SUDMALIS,Ann,2,LP,Liberal,46713.0,103169.0,0.4527813587414824,LP,True,False
2016,NSW,120,Gilmore,28678,McCALLUM,Carmel Mary,3,GRN,The Greens,10820.0,103169.0,0.10487646482955151,GRN,True,False
2016,NSW,120,Gilmore,28914,PHILLIPS,Fiona,4,ALP,Labor,40476.0,103169.0,0.39232715253613004,ALP,True,False
2016,NSW,121,Grayndler,29325,HURST,Emma,1,AJP,Animal Justice Party,1831.0,87922.0,0.020825276950023886,AJP,False,False
2016,NSW,121,Grayndler,28747,HINDI,Chris,2,DRF,Drug Law Reform,1029.0,87922.0,0.01170355542412593,DRF,False,False
2016,NSW,121,Grayndler,28164,GRENFELL,Oscar,3,SEP,Socialist Equality Party,333.0,87922.0,0.003787447965241919,SEP,False,False
2016,NSW,121,Grayndler,28696,CASEY,Jim,4,GRN,The Greens,19555.0,87922.0,0.22241304792884603,GRN,True,False
2016,NSW,121,Grayndler,29331,MEOW-MEOW,Meow-Ludo Disco Gamma,5,FUT,Science Party,1157.0,87922.0,0.013159391278633335,FUT,False,False
2016,NSW,121,Grayndler,29336,SHEIL,Pat,6,ASXP,Australian Sex Party,934.0,87922.0,0.010623052250858715,ASXP,False,False
2016,NSW,121,Grayndler,29575,McFARLANE,Noel,7,CYC,Australian Cyclists Party,460.0,87922.0,0.005231910102135984,CYC,False,False
2016,NSW,121,Grayndler,29501,McLACHLAN,Chris,8,REP,Renewable Energy Party,537.0,87922.0,0.006107686358363095,REP,False,False
2016,NSW,121,Grayndler,29343,ALBANESE,Anthony,9,ALP,Labor,40503.0,87922.0,0.4606696844930734,ALP,True,False
2016,NSW,121,Grayndler,29375,VAN GOGH,David,10,LP,Liberal,20498.0,87922.0,0.2331384636382248,LP,True,False
2016,NSW,121,Grayndler,28796,ELVY,Jamie,11,CDP,Christian Democratic Party (Fred Nile Group),1085.0,87922.0,0.01234048361047292,CDP,False,False
2016,NSW,122,Greenway,29110,MAK,Timothy,1,LDP,Liberal Democrats,2923.0,89083.0,0.03281209658408451,LDP,False,False
2016,NSW,122,Greenway,29116,SINGHA,Vivek,2,FUT,Science Party,924.0,89083.0,0.010372349382036976,FUT,False,False
2016,NSW,122,Greenway,28635,WINSLOW,Chris,3,GRN,The Greens,3351.0,89083.0,0.03761660473940034,GRN,True,False
2016,NSW,122,Greenway,29217,SALINS,Rohan,4,FFP,Family First,1273.0,89083.0,0.014290044116161332,FFP,False,False
2016,NSW,122,Greenway,28633,WRIGHT,Aaron,5,CDP,Christian Democratic Party (Fred Nile Group),4484.0,89083.0,0.050335080767374245,CDP,False,False
2016,NSW,122,Greenway,28643,KEANE,Yvonne,6,LP,Liberal,30657.0,89083.0,0.34413973485401256,LP,True,False
2016,NSW,122,Greenway,28136,BILLU,Avtar Singh,7,IND,Independent,1749.0,89083.0,0.019633375615998563,IND,False,True
2016,NSW,122,Greenway,28911,ROWLAND,Michelle,8,ALP,Labor,43722.0,89083.0,0.4908007139409315,ALP,True,False
2016,NSW,124,Hughes,29178,ROBERTSON,Ellie,1,AJP,Animal Justice Party,3745.0,93776.0,0.039935591196041634,AJP,False,False
2016,NSW,124,Hughes,28563,SMITH,Phil,2,GRN,The Greens,6912.0,93776.0,0.07370755843712677,GRN,True,False
2016,NSW,124,Hughes,28557,CAUDRE,Michael,3,CDP,Christian Democratic Party (Fred Nile Group),4490.0,93776.0,0.04788005459819143,CDP,False,False
2016,NSW,124,Hughes,28569,KELLY,Craig,4,LP,Liberal,48734.0,93776.0,0.5196852073025081,LP,True,False
2016,NSW,124,Hughes,28899,STEINWALL,Diedree,5,ALP,Labor,29895.0,93776.0,0.31879158846613204,ALP,True,False
2016,NSW,125,Hume,28895,CHAMPION-FASHOYIN,Aoife,1,ALP,Labor,30221.0,94928.0,0.31835707062194507,ALP,True,False
2016,NSW,125,Hume,28029,COSGROVE,Lindsay D,2,CEC,Citizens Electoral Council,1530.0,94928.0,0.016117478510028652,CEC,False,False
2016,NSW,125,Hume,28777,TAYLOR,Angus,3,LP,Liberal,51103.0,94928.0,0.5383343165346368,LP,True,False
2016,NSW,125,Hume,28944,ANTHONEY,Trevor,4,BTA,Bullet Train For Australia,2267.0,94928.0,0.023881257374009777,BTA,False,False
2016,NSW,125,Hume,28729,VAN DER BYL,Adrian,5,CDP,Christian Democratic Party (Fred Nile Group),3533.0,94928.0,0.037217680768582506,CDP,False,False
2016,NSW,125,Hume,28732,SHERWOOD,Michaela,6,GRN,The Greens,6274.0,94928.0,0.06609219619079723,GRN,True,False
2016,NSW,126,Hunter,29211,ROGERS,Ruth,1,NP,The Nationals,25409.0,96466.0,0.26339850309953766,NP,True,False
2016,NSW,126,Hunter,28971,HARVEY,John,2,IND,Independent,4740.0,96466.0,0.04913648332054817,IND,False,True
2016,NSW,126,Hunter,28884,FITZGIBBON,Joel,3,ALP,Labor,49962.0,96466.0,0.5179234134306387,ALP,True,False
2016,NSW,126,Hunter,29577,MARTIN,Arjay Rase,4,IND,Independent,1103.0,96466.0,0.011434080401384944,IND,False,True
2016,NSW,126,Hunter,28654,MORRIS,Peter,5,GRN,The Greens,6842.0,96466.0,0.0709265440673398,GRN,True,False
2016,NSW,126,Hunter,28642,STRETTON,Richard,6,CDP,Christian Democratic Party (Fred Nile Group),3260.0,96466.0,0.033794290216241994,CDP,False,False
2016,NSW,126,Hunter,28998,WARHAM,John,7,IND,Independent,1934.0,96466.0,0.020048514502519023,IND,False,True
2016,NSW,126,Hunter,29542,TROY,Cordelia,8,IND,Independent,3216.0,96466.0,0.03333817096178965,IND,False,True
2016,NSW,127,Kingsford Smith,29083,THISTLETHWAITE,Matt,1,ALP,Labor,43642.0,92134.0,0.4736796405235852,ALP,True,False
2016,NSW,127,Kingsford Smith,28693,MACDONALD,James,2,GRN,The Greens,9698.0,92134.0,0.1052597303926889,GRN,True,False
2016,NSW,127,Kingsford Smith,28646,WEATHERSTONE,Andrew,3,CDP,Christian Democratic Party (Fred Nile Group),2144.0,92134.0,0.023270453904096208,CDP,False,False
2016,NSW,127,Kingsford Smith,28778,FENELEY,Michael,4,LP,Liberal,34591.0,92134.0,0.37544229057676864,LP,True,False
2016,NSW,127,Kingsford Smith,29069,LEONG,Andrea,5,FUT,Science Party,2059.0,92134.0,0.02234788460286105,FUT,False,False
2016,NSW,128,Lindsay,28025,CORNISH,Marcus,1,,,2128.0,89276.0,0.023836193377839508,,False,False
2016,NSW,128,Lindsay,28679,LIU,Kingsley,2,GRN,The Greens,3199.0,89276.0,0.03583269859760742,GRN,True,False
2016,NSW,128,Lindsay,28691,SCOTT,Fiona,3,LP,Liberal,35081.0,89276.0,0.3929499529548815,LP,True,False
2016,NSW,128,Lindsay,29548,GRIMLEY,Scott,4,DHJP,Derryn Hinch's Justice Party,1497.0,89276.0,0.01676822438281285,DHJP,False,False
2016,NSW,128,Lindsay,28902,HUSAR,Emma,5,ALP,Labor,36675.0,89276.0,0.41080469555087595,ALP,True,False
2016,NSW,128,Lindsay,28792,RODDICK,Stephen,6,ALA,Australian Liberty Alliance,2110.0,89276.0,0.02363457144137282,ALA,False,False
2016,NSW,128,Lindsay,28612,WORMALD,Warren Howard,7,CDP,Christian Democratic Party (Fred Nile Group),2701.0,89276.0,0.03025449168869573,CDP,False,False
2016,NSW,128,Lindsay,29100,BLUNDELL,Deborah May,8,AJP,Animal Justice Party,1454.0,89276.0,0.016286571979031318,AJP,False,False
2016,NSW,128,Lindsay,28063,SALEAM,Jim,9,AFN,Australia First Party,1068.0,89276.0,0.011962901563690129,AFN,False,False
2016,NSW,128,Lindsay,29216,LA BROOY,Linda,10,FFP,Family First,1513.0,89276.0,0.01694744388189435,FFP,False,False
2016,NSW,128,Lindsay,28466,LYNCH,Stephen,11,XEN,Nick Xenophon Team,1850.0,89276.0,0.020722254581298446,XEN,False,False
2016,NSW,130,Lyne,28904,ALLEY,Peter,1,ALP,Labor,26470.0,99654.0,0.2656190418849218,ALP,True,False
2016,NSW,130,Lyne,28571,LYFORD,Julie,2,GRN,The Greens,9406.0,99654.0,0.09438657755835189,GRN,True,False
2016,NSW,130,Lyne,28572,CARTER,Elaine,3,CDP,Christian Democratic Party (Fred Nile Group),3026.0,99654.0,0.03036506311838963,CDP,False,False
2016,NSW,130,Lyne,28280,CHRISTENSEN,Brad,4,IND,Independent,9227.0,99654.0,0.09259036265478555,IND,False,True
2016,NSW,130,Lyne,29209,GILLESPIE,David,5,NP,The Nationals,49399.0,99654.0,0.49570513978365144,NP,True,False
2016,NSW,130,Lyne,29595,RIACH,Rodger John,6,IND,Independent,2126.0,99654.0,0.021333814999899652,IND,False,True
2016,NSW,131,Macarthur,28470,BAKOSS,Richard Heltay,1,XEN,Nick Xenophon Team,3316.0,89912.0,0.0368805053830412,XEN,False,False
2016,NSW,131,Macarthur,28683,GENT,James,2,CDP,Christian Democratic Party (Fred Nile Group),3875.0,89912.0,0.043097695524512855,CDP,False,False
2016,NSW,131,Macarthur,28706,MATHESON,Russell,3,LP,Liberal,32235.0,89912.0,0.35851721683423793,LP,True,False
2016,NSW,131,Macarthur,29070,FREELANDER,Mike,4,ALP,Labor,46650.0,89912.0,0.5188406441854257,ALP,True,False
2016,NSW,131,Macarthur,28697,MORONEY,Ben,5,GRN,The Greens,3836.0,89912.0,0.04266393807278228,GRN,True,False
2016,NSW,132,Mackellar,27979,GAVIN,Liam,1,IND,Independent,2669.0,94012.0,0.028389992766880822,IND,False,True
2016,NSW,132,Mackellar,27975,BALL,Jim,2,IND,Independent,6797.0,94012.0,0.07229928094285835,IND,False,True
2016,NSW,132,Mackellar,28663,HALL,Mike,3,GRN,The Greens,13204.0,94012.0,0.1404501552993235,GRN,True,False
2016,NSW,132,Mackellar,28623,WRIGHT,Annie,4,CDP,Christian Democratic Party (Fred Nile Group),2411.0,94012.0,0.025645662255882228,CDP,False,False
2016,NSW,132,Mackellar,28688,FALINSKI,Jason,5,LP,Liberal,48103.0,94012.0,0.5116687231417266,LP,True,False
2016,NSW,132,Mackellar,28975,FUNNELL,Rhonda,6,ALP,Labor,16286.0,94012.0,0.1732332042717951,ALP,True,False
2016,NSW,132,Mackellar,28940,HEGARTY,Julie,7,IND,Independent,4542.0,94012.0,0.04831298132153342,IND,False,True
2016,NSW,133,Macquarie,29525,GRIZELJ,Jake,1,ASP,"Shooters, Fishers and Farmers",3550.0,91452.0,0.03881817784192801,ASP,False,False
2016,NSW,133,Macquarie,28789,HALLEY,Carl,2,ALA,Australian Liberty Alliance,1693.0,91452.0,0.018512443686305384,ALA,False,False
2016,NSW,133,Macquarie,28905,TEMPLEMAN,Susan,3,ALP,Labor,32480.0,91452.0,0.35515899050868216,ALP,True,False
2016,NSW,133,Macquarie,28682,MARKUS,Louise,4,LP,Liberal,34946.0,91452.0,0.38212395573634256,LP,True,False
2016,NSW,133,Macquarie,29543,COOPER,Liz,5,DHJP,Derryn Hinch's Justice Party,1653.0,91452.0,0.018075055766959718,DHJP,False,False
2016,NSW,133,Macquarie,29039,SHORNIKOV,Olya,6,LDP,Liberal Democrats,752.0,91452.0,0.008222892883698553,LDP,False,False
2016,NSW,133,Macquarie,29105,GINGES,Hal Jon,7,AJP,Animal Justice Party,2554.0,91452.0,0.02792721865022088,AJP,False,False
2016,NSW,133,Macquarie,28637,LINCOLN,Catherine,8,CDP,Christian Democratic Party (Fred Nile Group),3567.0,91452.0,0.039004067707649914,CDP,False,False
2016,NSW,133,Macquarie,28662,MORGAN,Terry,9,GRN,The Greens,10257.0,91452.0,0.11215719721821284,GRN,True,False
2016,NSW,315,McMahon,28723,O'NEILL,Astrid,1,GRN,The Greens,4665.0,86038.0,0.05422022827122899,GRN,True,False
2016,NSW,315,McMahon,29540,WATERSON,Victor,2,AFN,Australia First Party,1797.0,86038.0,0.02088612008647342,AFN,False,False
2016,NSW,315,McMahon,28923,BOWEN,Chris,3,ALP,Labor,45979.0,86038.0,0.5344034031474465,ALP,True,False
2016,NSW,315,McMahon,28744,SHAMASHA,Fadhel,4,IND,Independent,1544.0,86038.0,0.017945558939073434,IND,False,True
2016,NSW,315,McMahon,28705,MAKSIMOVIC,Milan,5,CDP,Christian Democratic Party (Fred Nile Group),6198.0,86038.0,0.07203793672563286,CDP,False,False
2016,NSW,315,McMahon,28710,BILIC,George,6,LP,Liberal,25855.0,86038.0,0.30050675283014483,LP,True,False
2016,NSW,134,Mitchell,29030,PUNCH,Andrew,1,ALP,Labor,22440.0,91198.0,0.24605802758832432,ALP,True,False
2016,NSW,134,Mitchell,28754,ALLEN,Darryl,2,CDP,Christian Democratic Party (Fred Nile Group),6303.0,91198.0,0.06911335774907344,CDP,False,False
2016,NSW,134,Mitchell,28776,HAWKE,Alex,3,LP,Liberal,55168.0,91198.0,0.6049255466128644,LP,True,False
2016,NSW,134,Mitchell,28772,BELLSTEDT,Michael,4,GRN,The Greens,7287.0,91198.0,0.07990306804973793,GRN,True,False
2016,NSW,135,New England,29014,WALKER,Robert Henry,1,SOL,Online Direct Democracy - (Empowering the People!),809.0,95004.0,0.008515430929224032,SOL,False,False
2016,NSW,135,New England,28674,COLEFAX,Stan,2,CDP,Christian Democratic Party (Fred Nile Group),1317.0,95004.0,0.013862574207401794,CDP,False,False
2016,NSW,135,New England,28736,MAILLER,David,3,CM,CountryMinded,1337.0,95004.0,0.014073091659298556,CM,False,False
2016,NSW,135,New England,28988,WHELAN,Peter,4,LDP,Liberal Democrats,1151.0,95004.0,0.012115279356658668,LDP,False,False
2016,NSW,135,New England,28960,EWINGS,David,5,ALP,Labor,6662.0,95004.0,0.07012336322681151,ALP,True,False
2016,NSW,135,New England,24752,TABER,Rob,6,IND,Independent,2661.0,95004.0,0.028009346974864215,IND,False,True
2016,NSW,135,New England,29484,WINDSOR,Tony,7,IND,Independent,27763.0,95004.0,0.2922298008504905,IND,False,True
2016,NSW,135,New England,29334,JOYCE,Barnaby,8,NP,The Nationals,49673.0,95004.0,0.5228516694033936,NP,True,False
2016,NSW,135,New England,28667,GOLDSTEIN,Mercurius,9,GRN,The Greens,2775.0,95004.0,0.02920929645067576,GRN,True,False
2016,NSW,135,New England,28067,COX,Philip Gordon,10,IND,Independent,856.0,95004.0,0.009010146941181425,IND,False,True
2016,NSW,136,Newcastle,28888,CLAYDON,Sharon,1,ALP,Labor,46762.0,99235.0,0.4712248702574696,ALP,True,False
2016,NSW,136,Newcastle,28645,COMPTON,David,2,LP,Liberal,29689.0,99235.0,0.29917871718647654,LP,True,False
2016,NSW,136,Newcastle,28630,MACKENZIE,John,3,GRN,The Greens,13558.0,99235.0,0.1366251826472515,GRN,True,False
2016,NSW,136,Newcastle,29266,SOUTHWELL,Stuart,4,DLP,Democratic Labour Party (DLP),968.0,99235.0,0.009754622864916612,DLP,False,False
2016,NSW,136,Newcastle,29545,BURGE,Karen,5,DRF,Drug Law Reform,3391.0,99235.0,0.0341714112964176,DRF,False,False
2016,NSW,136,Newcastle,24139,HOLDING,Rod,6,IND,Independent,2735.0,99235.0,0.02756084042928402,IND,False,True
2016,NSW,136,Newcastle,28648,CAINE,Milton,7,CDP,Christian Democratic Party (Fred Nile Group),2132.0,99235.0,0.021484355318184108,CDP,False,False
2016,NSW,137,North Sydney,29370,RUFF,Stephen,1,IND,Independent,11829.0,92477.0,0.12791288644744098,IND,False,True
2016,NSW,137,North Sydney,28531,MARTIN,Sharon,2,CDP,Christian Democratic Party (Fred Nile Group),1894.0,92477.0,0.020480768191009656,CDP,False,False
2016,NSW,137,North Sydney,28534,CHESTERFIELD-EVANS,Arthur,3,GRN,The Greens,12036.0,92477.0,0.13015128085902442,GRN,True,False
2016,NSW,137,North Sydney,28567,ZIMMERMAN,Trent,4,LP,Liberal,47614.0,92477.0,0.5148739686624783,LP,True,False
2016,NSW,137,North Sydney,29205,KU,Eddy,5,FFP,Family First,649.0,92477.0,0.007017961222790531,FFP,False,False
2016,NSW,137,North Sydney,28882,HAYES,Peter,6,ALP,Labor,15537.0,92477.0,0.16800934286363095,ALP,True,False
2016,NSW,137,North Sydney,29028,LEAHY,Daniel,7,LDP,Liberal Democrats,1289.0,92477.0,0.013938600949425263,LDP,False,False
2016,NSW,137,North Sydney,29074,COFFEY,James,8,FUT,Science Party,1629.0,92477.0,0.017615190804199963,FUT,False,False
2016,NSW,138,Page,29177,HOGAN,Kevin,1,NP,The Nationals,46327.0,104612.0,0.44284594501586816,NP,True,False
2016,NSW,138,Page,29013,ELLIS,Mark,2,LDP,Liberal Democrats,4199.0,104612.0,0.040138798608190265,LDP,False,False
2016,NSW,138,Page,29165,LUDVIK,Anna Clare,3,AJP,Animal Justice Party,2984.0,104612.0,0.02852445226169082,AJP,False,False
2016,NSW,138,Page,28685,FALLA-RICKETTS,Kudra,4,GRN,The Greens,11649.0,104612.0,0.11135433793446259,GRN,True,False
2016,NSW,138,Page,28647,MCALPINE,Bethany Rachael,5,CDP,Christian Democratic Party (Fred Nile Group),2982.0,104612.0,0.028505333996099873,CDP,False,False
2016,NSW,138,Page,28968,SAFFIN,Janelle,6,ALP,Labor,36471.0,104612.0,0.3486311321836883,ALP,True,False
2016,NSW,139,Parkes,28883,STEWART,Kate,1,ALP,Labor,26728.0,93547.0,0.28571733994676474,ALP,True,False
2016,NSW,139,Parkes,28602,RYAN,Glen,2,CDP,Christian Democratic Party (Fred Nile Group),3950.0,93547.0,0.04222476402236309,CDP,False,False
2016,NSW,139,Parkes,29031,AYTON,Philip John,3,SOL,Online Direct Democracy - (Empowering the People!),2149.0,93547.0,0.02297240959090083,SOL,False,False
2016,NSW,139,Parkes,28603,PARMETER,Matt,4,GRN,The Greens,5851.0,93547.0,0.06254609982148011,GRN,True,False
2016,NSW,139,Parkes,29204,COULTON,Mark,5,NP,The Nationals,54869.0,93547.0,0.5865393866184913,NP,True,False
2016,NSW,140,Parramatta,28774,BRADLEY,Phil,1,GRN,The Greens,5640.0,82022.0,0.06876203945282973,GRN,True,False
2016,NSW,140,Parramatta,28740,RAJ,Mahesh,2,IND,Independent,2048.0,82022.0,0.024968910780034624,IND,False,True
2016,NSW,140,Parramatta,28974,OWENS,Julie,3,ALP,Labor,38109.0,82022.0,0.4646192484943064,ALP,True,False
2016,NSW,140,Parramatta,28775,PIPER,Keith,4,CDP,Christian Democratic Party (Fred Nile Group),4347.0,82022.0,0.05299797615273951,CDP,False,False
2016,NSW,140,Parramatta,29006,GUEST,Mark,5,LDP,Liberal Democrats,2013.0,82022.0,0.024542195996196142,LDP,False,False
2016,NSW,140,Parramatta,29228,WU,Mikaela,6,FFP,Family First,1202.0,82022.0,0.014654604862110166,FFP,False,False
2016,NSW,140,Parramatta,29251,DRIESSEN,Andrew,7,SOL,Online Direct Democracy - (Empowering the People!),469.0,82022.0,0.005717978103435664,SOL,False,False
2016,NSW,140,Parramatta,28770,BECKWITH,Michael,8,LP,Liberal,28194.0,82022.0,0.34373704615834777,LP,True,False
2016,NSW,249,Paterson,29076,BURSTON,Graham,1,ON,Pauline Hanson's One Nation,13056.0,100068.0,0.13047127952991966,ON,False,False
2016,NSW,249,Paterson,28788,CLARE,Brian,2,RUA,Rise Up Australia Party,1007.0,100068.0,0.010063157053203821,RUA,False,False
2016,NSW,249,Paterson,28675,BROWN,John,3,GRN,The Greens,5797.0,100068.0,0.057930607187112765,GRN,True,False
2016,NSW,249,Paterson,28887,SWANSON,Meryl,4,ALP,Labor,46090.0,100068.0,0.4605868009753368,ALP,True,False
2016,NSW,249,Paterson,28028,DAVIS,Peter,5,CEC,Citizens Electoral Council,533.0,100068.0,0.005326378062917216,CEC,False,False
2016,NSW,249,Paterson,28780,HOWARD,Karen,6,LP,Liberal,31527.0,100068.0,0.3150557620817844,LP,True,False
2016,NSW,249,Paterson,28656,ARENA,Peter,7,CDP,Christian Democratic Party (Fred Nile Group),2058.0,100068.0,0.020566015109725385,CDP,False,False
2016,NSW,144,Reid,29212,CARTER,Marylou,1,FFP,Family First,2081.0,90597.0,0.022969855513979492,FFP,False,False
2016,NSW,144,Reid,28670,LAUNDY,Craig,2,LP,Liberal,44212.0,90597.0,0.48800732916100975,LP,True,False
2016,NSW,144,Reid,28907,TSIREKAS,Angelo,3,ALP,Labor,32918.0,90597.0,0.3633453646367981,ALP,True,False
2016,NSW,144,Reid,28641,KANG,Ju,4,CDP,Christian Democratic Party (Fred Nile Group),3713.0,90597.0,0.04098369703191055,CDP,False,False
2016,NSW,144,Reid,28659,MANTEL,Alice,5,GRN,The Greens,7673.0,90597.0,0.08469375365630208,GRN,True,False
2016,NSW,145,Richmond,29290,POLLARD,Angela,1,AJP,Animal Justice Party,3089.0,98398.0,0.031392914490131915,AJP,False,False
2016,NSW,145,Richmond,28349,SMITH,Neil Gordon,2,ON,Pauline Hanson's One Nation,6160.0,98398.0,0.06260289843289497,ON,False,False
2016,NSW,145,Richmond,28783,WALKER,Dawn,3,GRN,The Greens,20108.0,98398.0,0.2043537470273786,GRN,True,False
2016,NSW,145,Richmond,28987,ELLIOT,Justine,4,ALP,Labor,30551.0,98398.0,0.3104839529258725,ALP,True,False
2016,NSW,145,Richmond,28785,KILARNEY,Russell,5,CDP,Christian Democratic Party (Fred Nile Group),1484.0,98398.0,0.01508160734974288,CDP,False,False
2016,NSW,145,Richmond,29295,FRASER,Matthew,6,NP,The Nationals,37006.0,98398.0,0.37608487977397914,NP,True,False
2016,NSW,250,Riverina,29304,McCORMACK,Michael,1,NP,The Nationals,56581.0,98920.0,0.571987464617873,NP,True,False
2016,NSW,250,Riverina,28023,FOLEY,Richard,2,IND,Independent,6058.0,98920.0,0.06124140719773554,IND,False,True
2016,NSW,250,Riverina,28750,LANGFIELD,Philip,3,CDP,Christian Democratic Party (Fred Nile Group),3207.0,98920.0,0.03242013748483623,CDP,False,False
2016,NSW,250,Riverina,28995,KURYLOWICZ,Tim,4,ALP,Labor,25244.0,98920.0,0.2551961180752123,ALP,True,False
2016,NSW,250,Riverina,29316,O'ROURKE,Glenn,5,FFP,Family First,3386.0,98920.0,0.03422968054993934,FFP,False,False
2016,NSW,250,Riverina,28768,POYNTER,Kevin,6,GRN,The Greens,4444.0,98920.0,0.044925192074403555,GRN,True,False
2016,NSW,146,Robertson,29055,HIGGINS,Lawrie,1,AAPP,Antipaedophile Party,1527.0,95277.0,0.016026952989703705,AAPP,False,False
2016,NSW,146,Robertson,28130,DAVY,Van,2,IND,Independent,2726.0,95277.0,0.028611312278934056,IND,False,True
2016,NSW,146,Robertson,28686,WICKS,Lucy,3,LP,Liberal,42573.0,95277.0,0.4468339683239397,LP,True,False
2016,NSW,146,Robertson,28680,MORRIS,Hillary,4,GRN,The Greens,7954.0,95277.0,0.08348289723647889,GRN,True,False
2016,NSW,146,Robertson,29047,CRAIG,Matthew,5,LDP,Liberal Democrats,1347.0,95277.0,0.014137724739443937,LDP,False,False
2016,NSW,146,Robertson,28671,STODDART,Robert,6,CDP,Christian Democratic Party (Fred Nile Group),2539.0,95277.0,0.026648614041164184,CDP,False,False
2016,NSW,146,Robertson,29043,CHARLTON,Anne,7,ALP,Labor,36611.0,95277.0,0.38425853039033553,ALP,True,False
2016,NSW,148,Shortland,28976,CONROY,Pat,1,ALP,Labor,50164.0,98038.0,0.5116791448213958,ALP,True,False
2016,NSW,148,Shortland,28759,BARRIE,Jenny,2,LP,Liberal,34514.0,98038.0,0.35204716538485076,LP,True,False
2016,NSW,148,Shortland,28954,MACFADYEN,Ivan,3,GRN,The Greens,9279.0,98038.0,0.09464697362247292,GRN,True,False
2016,NSW,148,Shortland,28701,COX,Morgan,4,CDP,Christian Democratic Party (Fred Nile Group),4081.0,98038.0,0.041626716171280526,CDP,False,False
2016,NSW,149,Sydney,29056,FALANGA,Ula,1,CDP,Christian Democratic Party (Fred Nile Group),1489.0,87900.0,0.016939704209328783,CDP,False,False
2016,NSW,149,Sydney,29280,BERRIMAN,Mark,2,AJP,Animal Justice Party,1497.0,87900.0,0.01703071672354949,AJP,False,False
2016,NSW,149,Sydney,29267,SPIKE,Kris,3,SPP,Sustainable Australia,606.0,87900.0,0.00689419795221843,SPP,False,False
2016,NSW,149,Sydney,28578,WINTERS,Geoffrey,4,LP,Liberal,25622.0,87900.0,0.29149032992036406,LP,True,False
2016,NSW,149,Sydney,29118,GEISER,Tom,5,FUT,Science Party,1361.0,87900.0,0.015483503981797497,FUT,False,False
2016,NSW,149,Sydney,28577,ELLSMORE,Sylvie,6,GRN,The Greens,16537.0,87900.0,0.18813424345847554,GRN,True,False
2016,NSW,149,Sydney,28230,BOYLE,Peter,7,SAL,Socialist Alliance,500.0,87900.0,0.005688282138794084,SAL,False,False
2016,NSW,149,Sydney,29079,PLIBERSEK,Tanya,8,ALP,Labor,38449.0,87900.0,0.4374175199089875,ALP,True,False
2016,NSW,149,Sydney,29297,LANNING,Rebecca,9,ASXP,Australian Sex Party,1456.0,87900.0,0.016564277588168374,ASXP,False,False
2016,NSW,149,Sydney,29098,TZORAS,Tula,10,SOL,Online Direct Democracy - (Empowering the People!),383.0,87900.0,0.004357224118316268,SOL,False,False
2016,NSW,151,Warringah,28909,WOODWARD,Andrew,1,ALP,Labor,12820.0,86666.0,0.14792421480165233,ALP,True,False
2016,NSW,151,Warringah,28467,ROWLAND,Marie,2,XEN,Nick Xenophon Team,5506.0,86666.0,0.06353125793275333,XEN,False,False
2016,NSW,151,Warringah,28608,SCIFO,June,3,CDP,Christian Democratic Party (Fred Nile Group),1039.0,86666.0,0.011988553758105832,CDP,False,False
2016,NSW,151,Warringah,29067,GIORDANO,Marc,4,FUT,Science Party,800.0,86666.0,0.009230840237232594,FUT,False,False
2016,NSW,151,Warringah,28624,ABBOTT,Tony,5,LP,Liberal,44759.0,86666.0,0.5164539727228671,LP,True,False
2016,NSW,151,Warringah,28151,CAPLICE,Shea,6,ARTS,The Arts Party,669.0,86666.0,0.007719290148385757,ARTS,False,False
2016,NSW,151,Warringah,29363,MATHISON,James,7,IND,Independent,9887.0,86666.0,0.11408164678189832,IND,False,True
2016,NSW,151,Warringah,28617,WILLIAMS ROLDAN,Clara,8,GRN,The Greens,10565.0,86666.0,0.12190478388295295,GRN,True,False
2016,NSW,151,Warringah,27994,BARROW,David,9,IND,Independent,253.0,86666.0,0.002919253225024808,IND,False,True
2016,NSW,151,Warringah,29210,BACKHOUSE,Tony,10,IND,Independent,368.0,86666.0,0.004246186509126993,IND,False,True
2016,NSW,251,Watson,28733,ABDULLA,Violet,1,CDP,Christian Democratic Party (Fred Nile Group),7957.0,83236.0,0.09559565572588784,CDP,False,False
2016,NSW,251,Watson,29084,GORDON,Tom,2,FUT,Science Party,1611.0,83236.0,0.01935460618001826,FUT,False,False
2016,NSW,251,Watson,28947,BURKE,Tony,3,ALP,Labor,46105.0,83236.0,0.5539069633331731,ALP,True,False
2016,NSW,251,Watson,29023,GERAN,Paul,4,SOL,Online Direct Democracy - (Empowering the People!),875.0,83236.0,0.010512278341102408,SOL,False,False
2016,NSW,251,Watson,28713,BLOCH,Barbara,5,GRN,The Greens,5555.0,83236.0,0.066737949925513,GRN,True,False
2016,NSW,251,Watson,28743,ZAMAN,Mohammad Shahe,6,LP,Liberal,21133.0,83236.0,0.25389254649430537,LP,True,False
2016,NSW,152,Wentworth,28634,TOBOREK,Dejay,1,GRN,The Greens,12496.0,84092.0,0.1485991533082814,GRN,True,False
2016,NSW,152,Wentworth,29080,XING,Peter,2,FUT,Science Party,988.0,84092.0,0.011749036769252723,FUT,False,False
2016,NSW,152,Wentworth,27996,ACKROYD,Anthony Michael,3,ARTS,The Arts Party,1478.0,84092.0,0.01757598820339628,ARTS,False,False
2016,NSW,152,Wentworth,28621,THOMAS,Beresford,4,CDP,Christian Democratic Party (Fred Nile Group),901.0,84092.0,0.010714455596251725,CDP,False,False
2016,NSW,152,Wentworth,28457,ALLEN,David,5,IND,Independent,573.0,84092.0,0.006813965656661752,IND,False,True
2016,NSW,152,Wentworth,28638,TURNBULL,Malcolm,6,LP,Liberal,52353.0,84092.0,0.6225681396565667,LP,True,False
2016,NSW,152,Wentworth,28917,HUGHES,Evan,7,ALP,Labor,14913.0,84092.0,0.17734148313751605,ALP,True,False
2016,NSW,152,Wentworth,28154,AUSSIE-STONE,Marc,8,IND,Independent,390.0,84092.0,0.004637777672073443,IND,False,True
2016,NSW,153,Werriwa,28711,MANNOUN,Ned,1,LP,Liberal,32670.0,89361.0,0.36559572968073323,LP,True,False
2016,NSW,153,Werriwa,28702,EDWARDS,Daniel,2,CDP,Christian Democratic Party (Fred Nile Group),5986.0,89361.0,0.0669867168003939,CDP,False,False
2016,NSW,153,Werriwa,28709,WESTERBERG,Signe Louise,3,GRN,The Greens,4109.0,89361.0,0.04598202795402916,GRN,True,False
2016,NSW,153,Werriwa,29065,STANLEY,Anne,4,ALP,Labor,46596.0,89361.0,0.5214355255648437,ALP,True,False
2016,NSW,150,Whitlam,28715,HUNT,Tom,1,GRN,The Greens,8162.0,98441.0,0.0829126075517315,GRN,True,False
2016,NSW,150,Whitlam,29275,MANDELSON,Jan,2,NP,The Nationals,6341.0,98441.0,0.0644142176532136,NP,True,False
2016,NSW,150,Whitlam,27991,HARTMAN,Wayne,3,NCP,Non-Custodial Parents Party (Equal Parenting),2081.0,98441.0,0.021139565831310124,NCP,True,False
2016,NSW,150,Whitlam,28970,JONES,Stephen,4,ALP,Labor,51939.0,98441.0,0.5276155260511373,ALP,True,False
2016,NSW,150,Whitlam,28714,PINSUTI,Susan,5,CDP,Christian Democratic Party (Fred Nile Group),4048.0,98441.0,0.04112107759978058,CDP,False,False
2016,NSW,150,Whitlam,28717,HEWITT,Marcus,6,LP,Liberal,25870.0,98441.0,0.26279700531282696,LP,True,False
2016,NT,306,Lingiari,28849,RIGHTON,Chris,1,ASP,"Shooters, Fishers and Farmers",3061.0,42875.0,0.0713935860058309,ASP,False,False
2016,NT,306,Lingiari,28735,SNOWDON,Warren,2,ALP,Australian Labor Party (Northern Territory) Branch,17056.0,42875.0,0.3978075801749271,ALP,True,False
2016,NT,306,Lingiari,24971,GOULD,Alfred,3,IND,Independent,427.0,42875.0,0.009959183673469388,IND,False,True
2016,NT,306,Lingiari,29433,GUYULA,Yingiya Mark,4,IND,Independent,1854.0,42875.0,0.04324198250728863,IND,False,True
2016,NT,306,Lingiari,28016,EARLEY,Braedon,5,IND,Independent,1808.0,42875.0,0.042169096209912535,IND,False,True
2016,NT,306,Lingiari,28561,McCARTHY,Regina,6,RUA,Rise Up Australia Party,1498.0,42875.0,0.03493877551020408,RUA,False,False
2016,NT,306,Lingiari,28006,FLYNN,Peter,7,CEC,Citizens Electoral Council,261.0,42875.0,0.006087463556851312,CEC,False,False
2016,NT,306,Lingiari,28555,HOAD,Rob,8,GRN,The Greens,3305.0,42875.0,0.07708454810495627,GRN,True,False
2016,NT,306,Lingiari,28827,MacFARLANE,Tina,9,CLP,Country Liberals (NT),13605.0,42875.0,0.31731778425655977,CLP,True,False
2016,NT,307,Solomon,28553,WILLIAMS,Todd,1,GRN,The Greens,5553.0,54585.0,0.10173124484748557,GRN,True,False
2016,NT,307,Solomon,28229,KEARNEY,John,2,AFN,Australia First Party,798.0,54585.0,0.014619400934322617,AFN,False,False
2016,NT,307,Solomon,28830,GRIGGS,Natasha,3,CLP,Country Liberals (NT),18804.0,54585.0,0.3444902445726848,CLP,True,False
2016,NT,307,Solomon,29532,DAWES,Robert,4,LDP,Liberal Democrats,1275.0,54585.0,0.023358065402583127,LDP,False,False
2016,NT,307,Solomon,28138,LAWRENCE,Lance,5,HMP,Marijuana (HEMP) Party,1143.0,54585.0,0.020939818631492167,HMP,False,False
2016,NT,307,Solomon,28015,GARNER,Mark,6,IND,Independent,1644.0,54585.0,0.030118164330860127,IND,False,True
2016,NT,307,Solomon,28562,MAJETIC,Silvija,7,RUA,Rise Up Australia Party,985.0,54585.0,0.018045250526701476,RUA,False,False
2016,NT,307,Solomon,28844,REINHOLD,Marty,8,ASP,"Shooters, Fishers and Farmers",1523.0,54585.0,0.027901438124026748,ASP,False,False
2016,NT,307,Solomon,28737,GOSLING,Luke,9,ALP,Australian Labor Party (Northern Territory) Branch,22308.0,54585.0,0.40868370431437206,ALP,True,False
2016,NT,307,Solomon,28013,McCULLOUGH,Brigid,10,CEC,Citizens Electoral Council,183.0,54585.0,0.003352569387194284,CEC,False,False
2016,NT,307,Solomon,28014,CARTWRIGHT,Nevin,11,SOL,Online Direct Democracy - (Empowering the People!),369.0,54585.0,0.0067600989282769995,SOL,False,False
2016,QLD,304,Blair,29420,TURNER,Sandy,1,IND,Independent,1913.0,85187.0,0.022456478101118716,IND,False,True
2016,QLD,304,Blair,29414,EMMS,Jonathan,2,IND,Independent,744.0,85187.0,0.008733726977120923,IND,False,True
2016,QLD,304,Blair,28916,NEUMANN,Shayne,3,ALP,Australian Labor Party,35691.0,85187.0,0.4189723784145468,ALP,True,False
2016,QLD,304,Blair,29417,PETERSEN,Patricia,4,IND,Independent,1439.0,85187.0,0.016892248817307807,IND,False,True
2016,QLD,304,Blair,29255,WALSH,Pat,5,GRN,The Greens,5266.0,85187.0,0.06181694389989083,GRN,True,False
2016,QLD,304,Blair,29279,AGGETT,Troy,6,ON,Pauline Hanson's One Nation,13273.0,85187.0,0.15581015882705107,ON,False,False
2016,QLD,304,Blair,28033,HARDING,Teresa,7,LNP,Liberal National Party of Queensland,24455.0,85187.0,0.28707431885146795,LNP,True,False
2016,QLD,304,Blair,29236,DARR,Geoff,8,FFP,Family First,2406.0,85187.0,0.028243746111495886,FFP,False,False
2016,QLD,310,Bonner,29398,LINNEY,Matthew,1,LDP,Liberal Democrats,2738.0,89909.0,0.030453013602642673,LDP,False,False
2016,QLD,310,Bonner,29387,AUSTIN,Ken,2,GRN,The Greens,8518.0,89909.0,0.09474023735109945,GRN,True,False
2016,QLD,310,Bonner,23605,WIRTH,Jarrod John,3,IND,Independent,2396.0,89909.0,0.026649167491574813,IND,False,True
2016,QLD,310,Bonner,29093,FRASER HARDY,Laura,4,ALP,Australian Labor Party,31344.0,89909.0,0.3486191593722542,ALP,True,False
2016,QLD,310,Bonner,28058,VASTA,Ross,5,LNP,Liberal National Party of Queensland,41756.0,89909.0,0.4644251409758756,LNP,True,False
2016,QLD,310,Bonner,29388,BROUGHTON,Andrew,6,FFP,Family First,3157.0,89909.0,0.03511328120655329,FFP,False,False
2016,QLD,155,Bowman,29342,SCOTT,Brad,1,GRN,The Greens,9012.0,92325.0,0.09761169780666125,GRN,True,False
2016,QLD,155,Bowman,28973,RICHARDS,Kim,2,ALP,Australian Labor Party,29592.0,92325.0,0.32051990251827783,ALP,True,False
2016,QLD,155,Bowman,28051,LAMING,Andrew,3,LNP,Liberal National Party of Queensland,45946.0,92325.0,0.49765502301651776,LNP,True,False
2016,QLD,155,Bowman,29407,DUNCAN,Tony,4,ALA,Australian Liberty Alliance,3316.0,92325.0,0.03591659897102627,ALA,False,False
2016,QLD,155,Bowman,29385,SAUNDERS,Brett,5,FFP,Family First,4459.0,92325.0,0.048296777687516924,FFP,False,False
2016,QLD,156,Brisbane,28064,EVANS,Trevor,1,LNP,Liberal National Party of Queensland,46972.0,94225.0,0.49850888829928364,LNP,True,False
2016,QLD,156,Brisbane,29090,O'NEILL,Pat,2,ALP,Australian Labor Party,24500.0,94225.0,0.2600159193420005,ALP,True,False
2016,QLD,156,Brisbane,29426,HUMPHREYS,John,3,LDP,Liberal Democrats,1962.0,94225.0,0.020822499336694084,LDP,False,False
2016,QLD,156,Brisbane,28031,CLINCH,Bridget,4,ADVP,Veterans Party,915.0,94225.0,0.009710798620323693,ADVP,False,False
2016,QLD,156,Brisbane,29432,LOVEJOY,Kirsten,5,GRN,The Greens,18279.0,94225.0,0.19399310161846645,GRN,True,False
2016,QLD,156,Brisbane,29424,VEGAR,Mark,6,FFP,Family First,1597.0,94225.0,0.016948792783231626,FFP,False,False
2016,QLD,157,Capricornia,29237,GIAMARELOS,Kate,1,GRN,The Greens,4166.0,88155.0,0.047257671147410814,GRN,True,False
2016,QLD,157,Capricornia,29243,CARTER,Laurel,2,KAP,Katter's Australian Party,6241.0,88155.0,0.07079575747263343,KAP,False,False
2016,QLD,157,Capricornia,29229,TEMPLE,Lindsay,3,FFP,Family First,4547.0,88155.0,0.05157960410640349,FFP,False,False
2016,QLD,157,Capricornia,28034,LANDRY,Michelle,4,LNP,Liberal National Party of Queensland,35310.0,88155.0,0.4005444954908967,LNP,True,False
2016,QLD,157,Capricornia,28347,MURRAY,Ken,5,IND,Independent,4312.0,88155.0,0.04891384493222165,IND,False,True
2016,QLD,157,Capricornia,29035,NEATON,Leisa,6,ALP,Australian Labor Party,33579.0,88155.0,0.3809086268504339,ALP,True,False
2016,QLD,158,Dawson,29444,HALL,Michael,1,GLT,Glenn Lazarus Team,4075.0,90300.0,0.04512735326688815,GLT,False,False
2016,QLD,158,Dawson,28037,CHRISTENSEN,George,2,LNP,Liberal National Party of Queensland,38474.0,90300.0,0.4260686600221484,LNP,True,False
2016,QLD,158,Dawson,27998,LARGE,Steven,3,IND,Independent,4184.0,90300.0,0.0463344407530454,IND,False,True
2016,QLD,158,Dawson,29292,DODD,Ash,4,KAP,Katter's Australian Party,5904.0,90300.0,0.06538205980066446,KAP,False,False
2016,QLD,158,Dawson,29284,NICKSON,Amanda,5,FFP,Family First,3403.0,90300.0,0.03768549280177187,FFP,False,False
2016,QLD,158,Dawson,28972,GILBERT,Frank,6,ALP,Australian Labor Party,29608.0,90300.0,0.32788482834994465,ALP,True,False
2016,QLD,158,Dawson,29287,DYKYJ,Jonathon,7,GRN,The Greens,4652.0,90300.0,0.051517165005537095,GRN,True,False
2016,QLD,252,Dickson,29618,NICHOLSON,Doug,1,LDP,Liberal Democrats,2589.0,90933.0,0.028471511992346012,LDP,False,False
2016,QLD,252,Dickson,28148,PROHASKA,Thor,2,IND,Independent,3217.0,90933.0,0.03537769566603983,IND,False,True
2016,QLD,252,Dickson,29126,LAVARCH,Linda,3,ALP,Australian Labor Party,31769.0,90933.0,0.3493671164483741,ALP,True,False
2016,QLD,252,Dickson,29234,BERKMAN,Michael,4,GRN,The Greens,8971.0,90933.0,0.09865505372087141,GRN,True,False
2016,QLD,252,Dickson,29231,HUTCHINSON,Ray,5,FFP,Family First,3868.0,90933.0,0.042536812818228804,FFP,False,False
2016,QLD,252,Dickson,28139,DUTTON,Peter,6,LNP,Liberal National Party of Queensland,40519.0,90933.0,0.44559180935413983,LNP,True,False
2016,QLD,159,Fadden,29308,KWON,Daniel,1,GRN,The Greens,6871.0,89404.0,0.07685338463603418,GRN,True,False
2016,QLD,159,Fadden,29273,REES,Lyn,2,FFP,Family First,3450.0,89404.0,0.03858887745514742,FFP,False,False
2016,QLD,159,Fadden,28066,ROBERT,Stuart,3,LNP,Liberal National Party of Queensland,43938.0,89404.0,0.4914545210505123,LNP,True,False
2016,QLD,159,Fadden,28161,MACNAMARA,Sean,4,ADVP,Veterans Party,1083.0,89404.0,0.012113551966354974,ADVP,False,False
2016,QLD,159,Fadden,29312,BALL,Brenden,5,ON,Pauline Hanson's One Nation,10693.0,89404.0,0.11960314974721489,ON,False,False
2016,QLD,159,Fadden,28956,SCANLON,Meaghan,6,ALP,Australian Labor Party,23369.0,89404.0,0.26138651514473626,ALP,True,False
2016,QLD,160,Fairfax,29230,ETHERIDGE,Susan,1,GRN,The Greens,11672.0,92463.0,0.1262342774947817,GRN,True,False
2016,QLD,160,Fairfax,29227,REES,David,2,FFP,Family First,2449.0,92463.0,0.026486270183749175,FFP,False,False
2016,QLD,160,Fairfax,27972,CAMPBELL,Keith Alexander,3,IND,Independent,2886.0,92463.0,0.031212484993997598,IND,False,True
2016,QLD,160,Fairfax,29021,ANDERSON,Scott,4,ALP,Australian Labor Party,19054.0,92463.0,0.20607161783632372,ALP,True,False
2016,QLD,160,Fairfax,28035,O'BRIEN,Ted,5,LNP,Liberal National Party of Queensland,44787.0,92463.0,0.48437753479770285,LNP,True,False
2016,QLD,160,Fairfax,29029,BULLEN,Kris,6,SOL,Online Direct Democracy - (Empowering the People!),624.0,92463.0,0.006748645404107589,SOL,False,False
2016,QLD,160,Fairfax,28460,DICKSON,Robert,7,IND,Independent,1985.0,92463.0,0.021468046678130712,IND,False,True
2016,QLD,160,Fairfax,29233,PASQUALI,Robert,8,ON,Pauline Hanson's One Nation,9006.0,92463.0,0.09740112261120665,ON,False,False
2016,QLD,161,Fisher,29282,GIBSON,Tony,1,GRN,The Greens,10324.0,83765.0,0.12324956724168806,GRN,True,False
2016,QLD,161,Fisher,29269,ASHLIN,Caroline,2,FFP,Family First,2927.0,83765.0,0.03494299528442667,FFP,False,False
2016,QLD,161,Fisher,29017,GISSANE,Bill,3,ALP,Australian Labor Party,20670.0,83765.0,0.24676177401062496,ALP,True,False
2016,QLD,161,Fisher,29415,SPELLMAN,John,4,ALA,Australian Liberty Alliance,2952.0,83765.0,0.035241449292664,ALA,False,False
2016,QLD,161,Fisher,29296,BELL-HENSELIN,Tracey,5,RUA,Rise Up Australia Party,2210.0,83765.0,0.026383334328180026,RUA,False,False
2016,QLD,161,Fisher,28045,WALLACE,Andrew,6,LNP,Liberal National Party of Queensland,40424.0,83765.0,0.48258819315943413,LNP,True,False
2016,QLD,161,Fisher,29422,BURGESS,Jason,7,ADVP,Veterans Party,914.0,83765.0,0.010911478541156807,ADVP,False,False
2016,QLD,161,Fisher,29038,JOUM,LB,8,SOL,Online Direct Democracy - (Empowering the People!),438.0,83765.0,0.005228914224318032,SOL,False,False
2016,QLD,161,Fisher,28224,JESSOP,Mike,9,IND,Independent,2906.0,83765.0,0.03469229391750731,IND,False,True
2016,QLD,311,Flynn,29354,LOVE,Richard,1,KAP,Katter's Australian Party,2948.0,87146.0,0.03382828816009915,KAP,False,False
2016,QLD,311,Flynn,29347,TOMSETT,Craig,2,GRN,The Greens,2416.0,87146.0,0.027723590296743397,GRN,True,False
2016,QLD,311,Flynn,27984,FLETCHER,Nathan Joel David,3,IND,Independent,1927.0,87146.0,0.02211231726068896,IND,False,True
2016,QLD,311,Flynn,28955,BEERS,Zac,4,ALP,Australian Labor Party,29094.0,87146.0,0.33385353315126337,ALP,True,False
2016,QLD,311,Flynn,29396,BAKER,Phil,5,ON,Pauline Hanson's One Nation,14948.0,87146.0,0.17152823996511601,ON,False,False
2016,QLD,311,Flynn,17322,SCOTT,Duncan,6,IND,Independent,864.0,87146.0,0.009914396529961214,IND,False,True
2016,QLD,311,Flynn,28761,PUKU,Jordan Ryan,7,IND,Independent,483.0,87146.0,0.005542423060151929,IND,False,True
2016,QLD,311,Flynn,28049,O'DOWD,Ken,8,LNP,Liberal National Party of Queensland,32293.0,87146.0,0.3705620453032841,LNP,True,False
2016,QLD,311,Flynn,29367,BARNETT,Heather,9,FFP,Family First,2173.0,87146.0,0.024935166272691805,FFP,False,False
2016,QLD,162,Forde,28008,WILKS,David,1,IND,Independent,5242.0,83910.0,0.06247169586461685,IND,False,True
2016,QLD,162,Forde,28039,van MANEN,Bert,2,LNP,Liberal National Party of Queensland,34096.0,83910.0,0.4063401263258253,LNP,True,False
2016,QLD,162,Forde,28958,HARDMAN,Des,3,ALP,Australian Labor Party,31587.0,83910.0,0.37643904183053273,ALP,True,False
2016,QLD,162,Forde,29319,HELLBERG,Annelise,4,FFP,Family First,4687.0,83910.0,0.05585746633297581,FFP,False,False
2016,QLD,162,Forde,29338,SPAIN,Sally,5,GRN,The Greens,5393.0,83910.0,0.06427124299845072,GRN,True,False
2016,QLD,162,Forde,29491,SPAIN,Shaun Charles,6,ALA,Australian Liberty Alliance,2905.0,83910.0,0.034620426647598616,ALA,False,False
2016,QLD,163,Griffith,29421,DARRAGH,Matt,1,ALA,Australian Liberty Alliance,1477.0,91983.0,0.016057314938629965,ALA,False,False
2016,QLD,163,Griffith,29369,ANDERSON,Karen,2,GRN,The Greens,15710.0,91983.0,0.17079242903580008,GRN,True,False
2016,QLD,163,Griffith,29359,ABLETT,Bronwyn,3,LDP,Liberal Democrats,1880.0,91983.0,0.020438559299000902,LDP,False,False
2016,QLD,163,Griffith,28030,BOELE,Karel,4,IND,Independent,1463.0,91983.0,0.01590511290129698,IND,False,True
2016,QLD,163,Griffith,28041,WARD,Fiona,5,LNP,Liberal National Party of Queensland,37716.0,91983.0,0.4100322885750628,LNP,True,False
2016,QLD,163,Griffith,28921,BUTLER,Terri,6,ALP,Australian Labor Party,30524.0,91983.0,0.3318439276822891,ALP,True,False
2016,QLD,163,Griffith,28227,JIGGENS,John,7,DRF,Drug Law Reform,1789.0,91983.0,0.019449246056336498,DRF,False,False
2016,QLD,163,Griffith,29350,GRAHAM,Theresa,8,FFP,Family First,1424.0,91983.0,0.015481121511583663,FFP,False,False
2016,QLD,164,Groom,29409,SANDS,John,1,FFP,Family First,9140.0,91247.0,0.10016767674553684,FFP,False,False
2016,QLD,164,Groom,29024,HERBERTSON,Bronwyn,2,ALP,Australian Labor Party,20259.0,91247.0,0.2220237377667211,ALP,True,False
2016,QLD,164,Groom,29397,TOWNSEND,Josie,3,XEN,Nick Xenophon Team,6960.0,91247.0,0.07627648032264074,XEN,False,False
2016,QLD,164,Groom,28084,McVEIGH,John,4,LNP,Liberal National Party of Queensland,49270.0,91247.0,0.5399629576862801,LNP,True,False
2016,QLD,164,Groom,29564,van GEUNS,Antonia,5,GRN,The Greens,5618.0,91247.0,0.06156914747882122,GRN,True,False
2016,QLD,165,Herbert,29213,PUNSHON,Michael,1,FFP,Family First,3175.0,88337.0,0.03594190429831214,FFP,False,False
2016,QLD,165,Herbert,29222,DWYER,Colin,2,KAP,Katter's Australian Party,6070.0,88337.0,0.0687141288474818,KAP,False,False
2016,QLD,165,Herbert,28994,BREWSTER,Martin,3,PUP,Palmer United Party,315.0,88337.0,0.0035658897177852996,UAPP,False,False
2016,QLD,165,Herbert,29225,VIRGO,Geoff,4,ON,Pauline Hanson's One Nation,11950.0,88337.0,0.13527740357947407,ON,False,False
2016,QLD,165,Herbert,28997,O'TOOLE,Cathy,5,ALP,Australian Labor Party,26900.0,88337.0,0.3045156616140462,ALP,True,False
2016,QLD,165,Herbert,29207,TUBMAN,Wendy,6,GRN,The Greens,5533.0,88337.0,0.06263513590001925,GRN,True,False
2016,QLD,165,Herbert,28055,JONES,Ewen,7,LNP,Liberal National Party of Queensland,31361.0,88337.0,0.35501545218877706,LNP,True,False
2016,QLD,165,Herbert,29357,RAFFIN,Aaron,8,GLT,Glenn Lazarus Team,1937.0,88337.0,0.021927391693175,GLT,False,False
2016,QLD,165,Herbert,29256,HARRIS,David,9,LDP,Liberal Democrats,1096.0,88337.0,0.01240703216092917,LDP,False,False
2016,QLD,166,Hinkler,28042,PITT,Keith,1,LNP,Liberal National Party of Queensland,38887.0,88669.0,0.43856364682132426,LNP,True,False
2016,QLD,166,Hinkler,29259,LYNCH,Stephen,2,FFP,Family First,2250.0,88669.0,0.025375272079306184,FFP,False,False
2016,QLD,166,Hinkler,29265,HUXHAM,Damian,3,ON,Pauline Hanson's One Nation,16987.0,88669.0,0.19157766524941072,ON,False,False
2016,QLD,166,Hinkler,29439,WINDRED,Robert Owen,4,ALA,Australian Liberty Alliance,1670.0,88669.0,0.018834090832196147,ALA,False,False
2016,QLD,166,Hinkler,28209,FOSTER,Bill,5,IND,Independent,1720.0,88669.0,0.019397985767291837,IND,False,True
2016,QLD,166,Hinkler,29344,ROBERTS,Tim,6,GRN,The Greens,3477.0,88669.0,0.03921325378655449,GRN,True,False
2016,QLD,166,Hinkler,28981,LAWSON,Tim,7,ALP,Australian Labor Party,23678.0,88669.0,0.2670380854639164,ALP,True,False
2016,QLD,167,Kennedy,29329,WEIER,Valerie,1,GRN,The Greens,4213.0,86010.0,0.04898267643297291,GRN,True,False
2016,QLD,167,Kennedy,29306,GALLEHAWK,Donna Maree,2,FFP,Family First,3234.0,86010.0,0.037600279037321244,FFP,False,False
2016,QLD,167,Kennedy,28991,JACOBSEN,Norm,3,ALP,Australian Labor Party,16480.0,86010.0,0.19160562725264504,ALP,True,False
2016,QLD,167,Kennedy,29335,KATTER,Bob,4,KAP,Katter's Australian Party,34277.0,86010.0,0.39852342750842923,KAP,False,False
2016,QLD,167,Kennedy,28052,PAVETTO,Jonathan,5,LNP,Liberal National Party of Queensland,27806.0,86010.0,0.32328798976863155,LNP,True,False
2016,QLD,168,Leichhardt,29248,KELLY,John,1,RUA,Rise Up Australia Party,1439.0,88808.0,0.01620349518061436,RUA,False,False
2016,QLD,168,Leichhardt,29235,PUDNIKS,Kurt,2,GRN,The Greens,7702.0,88808.0,0.08672642104314926,GRN,True,False
2016,QLD,168,Leichhardt,29240,ROGERS,Peter Leonard,3,ON,Pauline Hanson's One Nation,6775.0,88808.0,0.07628817223673542,ON,False,False
2016,QLD,168,Leichhardt,28202,ENTSCH,Warren,4,LNP,Liberal National Party of Queensland,35066.0,88808.0,0.39485181515178813,LNP,True,False
2016,QLD,168,Leichhardt,28980,HOWES,Sharryn,5,ALP,Australian Labor Party,24939.0,88808.0,0.2808192955589586,ALP,True,False
2016,QLD,168,Leichhardt,29220,GEBADI,Ned Kelly,6,FFP,Family First,2257.0,88808.0,0.025414377083145662,FFP,False,False
2016,QLD,168,Leichhardt,28179,McCARTHY,Daniel,7,IND,Independent,6096.0,88808.0,0.06864246464282497,IND,False,True
2016,QLD,168,Leichhardt,29111,NEWIE,Michael,8,IND,Independent,694.0,88808.0,0.007814611296279615,IND,False,True
2016,QLD,168,Leichhardt,29244,TASSELL,Brad,9,KAP,Katter's Australian Party,3840.0,88808.0,0.04323934780650392,KAP,False,False
2016,QLD,169,Lilley,28060,KINGSTON,David,1,LNP,Liberal National Party of Queensland,37545.0,96154.0,0.3904673752521996,LNP,True,False
2016,QLD,169,Lilley,29318,HALL,Sharan,2,FFP,Family First,3451.0,96154.0,0.03589034257545188,FFP,False,False
2016,QLD,169,Lilley,29326,HOLMICK,Simon James,3,LDP,Liberal Democrats,2202.0,96154.0,0.022900763358778626,LDP,False,False
2016,QLD,169,Lilley,29218,SWAN,Wayne,4,ALP,Australian Labor Party,41819.0,96154.0,0.43491690413295336,ALP,True,False
2016,QLD,169,Lilley,29311,OGDEN,Claire,5,GRN,The Greens,11137.0,96154.0,0.11582461468061651,GRN,True,False
2016,QLD,302,Longman,28226,McDONALD,Frances,1,DRF,Drug Law Reform,2677.0,88068.0,0.030396965980832993,DRF,False,False
2016,QLD,302,Longman,28990,LAMB,Susan,2,ALP,Australian Labor Party,31161.0,88068.0,0.3538288595176455,ALP,True,False
2016,QLD,302,Longman,29332,PEDERSEN,Michelle,3,ON,Pauline Hanson's One Nation,8293.0,88068.0,0.09416587182631603,ON,False,False
2016,QLD,302,Longman,29366,BELL,Ian,4,GRN,The Greens,3865.0,88068.0,0.04388654221737748,GRN,True,False
2016,QLD,302,Longman,28050,ROY,Wyatt,5,LNP,Liberal National Party of Queensland,34359.0,88068.0,0.39014170867965664,LNP,True,False
2016,QLD,302,Longman,24749,WELLS,Caleb,6,,,830.0,88068.0,0.009424535586137985,,False,False
2016,QLD,302,Longman,29380,KENNEDY,Brad,7,KAP,Katter's Australian Party,1597.0,88068.0,0.01813371485670164,KAP,False,False
2016,QLD,302,Longman,28716,BECK,Stephen,8,ARTS,The Arts Party,228.0,88068.0,0.002588908570649952,ARTS,False,False
2016,QLD,302,Longman,29603,RIDDELL,Greg,9,IND,Independent,1111.0,88068.0,0.012615251850842531,IND,False,True
2016,QLD,302,Longman,28472,LAW,Rob,10,IND,Independent,945.0,88068.0,0.010730344733614934,IND,False,True
2016,QLD,302,Longman,29299,SMITH,Will,11,FFP,Family First,3002.0,88068.0,0.03408729618022437,FFP,False,False
2016,QLD,170,Maranoa,28950,KERRIGAN,Dave,1,ALP,Australian Labor Party,16456.0,90049.0,0.18274494997168209,ALP,True,False
2016,QLD,170,Maranoa,29223,SCHENK,Myfanwy,2,FFP,Family First,2905.0,90049.0,0.03226021388355229,FFP,False,False
2016,QLD,170,Maranoa,29219,HOMPES,Katherine,3,GRN,The Greens,3056.0,90049.0,0.0339370787015958,GRN,True,False
2016,QLD,170,Maranoa,29215,CHURCH,Sherrilyn,4,RUA,Rise Up Australia Party,841.0,90049.0,0.009339359681950939,RUA,False,False
2016,QLD,170,Maranoa,29394,ARBUCKLE,Luke,5,CM,CountryMinded,2141.0,90049.0,0.02377594420815334,CM,False,False
2016,QLD,170,Maranoa,29226,GURNETT,Rick,6,KAP,Katter's Australian Party,4306.0,90049.0,0.04781840997679041,KAP,False,False
2016,QLD,170,Maranoa,28059,LITTLEPROUD,David,7,LNP,Liberal National Party of Queensland,44297.0,90049.0,0.49192106519783674,LNP,True,False
2016,QLD,170,Maranoa,29224,KEEHN,Lynette,8,ON,Pauline Hanson's One Nation,16047.0,90049.0,0.1782029783784384,ON,False,False
2016,QLD,171,McPherson,28043,ANDREWS,Karen,1,LNP,Liberal National Party of Queensland,47284.0,88726.0,0.5329215787931384,LNP,True,False
2016,QLD,171,McPherson,29268,BURGOYNE,Peter,2,GRN,The Greens,9119.0,88726.0,0.10277708901562113,GRN,True,False
2016,QLD,171,McPherson,29262,GREEN,Simon,3,FFP,Family First,5404.0,88726.0,0.06090661136532696,FFP,False,False
2016,QLD,171,McPherson,28946,GADD,Sandy,4,ALP,Australian Labor Party,23069.0,88726.0,0.2600027049568334,ALP,True,False
2016,QLD,171,McPherson,27973,JONES,Rob,5,IND,Independent,3850.0,88726.0,0.04339201586908009,IND,False,True
2016,QLD,172,Moncrieff,28038,CIOBO,Steven,1,LNP,Liberal National Party of Queensland,50688.0,85960.0,0.5896696137738483,LNP,True,False
2016,QLD,172,Moncrieff,28939,SHEPPARD,Hayden,2,ALP,Australian Labor Party,20956.0,85960.0,0.2437878082829223,ALP,True,False
2016,QLD,172,Moncrieff,29245,ROSE,Julie,3,FFP,Family First,5619.0,85960.0,0.06536761284318288,FFP,False,False
2016,QLD,172,Moncrieff,29254,BRISBANE,Roger,4,GRN,The Greens,8697.0,85960.0,0.10117496510004653,GRN,True,False
2016,QLD,173,Moreton,29147,SOARES,Des,1,XEN,Nick Xenophon Team,4072.0,84948.0,0.0479352074210105,XEN,False,False
2016,QLD,173,Moreton,29310,COOPER,Andrew,2,LDP,Liberal Democrats,2783.0,84948.0,0.03276121862786646,LDP,False,False
2016,QLD,173,Moreton,28977,PERRETT,Graham,3,ALP,Australian Labor Party,31342.0,84948.0,0.36895512548853415,ALP,True,False
2016,QLD,173,Moreton,29333,LYONS,Kristen,4,GRN,The Greens,10812.0,84948.0,0.1272778641050996,GRN,True,False
2016,QLD,173,Moreton,29355,LIN,Shan-Ju,5,KAP,Katter's Australian Party,1329.0,84948.0,0.015644865093939822,KAP,False,False
2016,QLD,173,Moreton,28040,MONSOUR,Nic,6,LNP,Liberal National Party of Queensland,32103.0,84948.0,0.3779135471111739,LNP,True,False
2016,QLD,173,Moreton,29278,HEISE,Florian,7,FFP,Family First,2507.0,84948.0,0.02951217215237557,FFP,False,False
2016,QLD,174,Oxley,29271,TRUSSELL,Brad,1,ON,Pauline Hanson's One Nation,7023.0,83361.0,0.08424802965415482,ON,False,False
2016,QLD,174,Oxley,29263,McCORMACK,Carrie,2,FFP,Family First,2734.0,83361.0,0.032797111359028804,FFP,False,False
2016,QLD,174,Oxley,29274,LACAZE,Stephen,3,KAP,Katter's Australian Party,1136.0,83361.0,0.01362747567807488,KAP,False,False
2016,QLD,174,Oxley,28062,ROADLEY,Bibe,4,LNP,Liberal National Party of Queensland,26744.0,83361.0,0.3208214872662276,LNP,True,False
2016,QLD,174,Oxley,29025,DICK,Milton,5,ALP,Australian Labor Party,38419.0,83361.0,0.4608749895034848,ALP,True,False
2016,QLD,174,Oxley,29264,PURCELL,Steven,6,GRN,The Greens,7305.0,83361.0,0.08763090653902904,GRN,True,False
2016,QLD,175,Petrie,29328,BUCKLEY,Catherine,1,LDP,Liberal Democrats,2877.0,92793.0,0.031004493873460284,LDP,False,False
2016,QLD,175,Petrie,28044,HOWARTH,Luke,2,LNP,Liberal National Party of Queensland,41475.0,92793.0,0.4469625941611975,LNP,True,False
2016,QLD,175,Petrie,28928,PEDERSEN,Jacqui,3,ALP,Australian Labor Party,35616.0,92793.0,0.38382205554298277,ALP,True,False
2016,QLD,175,Petrie,29277,WHITE,Mark A,4,FFP,Family First,4746.0,92793.0,0.05114609938249653,FFP,False,False
2016,QLD,175,Petrie,29322,WEBER,Sue,5,GRN,The Greens,6840.0,92793.0,0.0737124567585917,GRN,True,False
2016,QLD,175,Petrie,29404,TYRRELL,Andrew Charles,6,ARTS,The Arts Party,1239.0,92793.0,0.013352300281271217,ARTS,False,False
2016,QLD,176,Rankin,28969,CHALMERS,Jim,1,ALP,Australian Labor Party,42147.0,85423.0,0.49339170949275957,ALP,True,False
2016,QLD,176,Rankin,29345,DAVIES,Ric,2,LDP,Liberal Democrats,3513.0,85423.0,0.041124755627875396,LDP,False,False
2016,QLD,176,Rankin,29352,COTTER,Neil,3,GRN,The Greens,5373.0,85423.0,0.06289875092188286,GRN,True,False
2016,QLD,176,Rankin,29376,HOLLEY,Shane,4,KAP,Katter's Australian Party,2874.0,85423.0,0.03364433466396638,KAP,False,False
2016,QLD,176,Rankin,28371,HODGES,Jeffrey Dale,5,CRNT,Consumer Rights & No-Tolls,2050.0,85423.0,0.023998220619739413,CRNT,False,False
2016,QLD,176,Rankin,28056,OSTAPOVITCH,Freya,6,LNP,Liberal National Party of Queensland,24455.0,85423.0,0.28628121231986703,LNP,True,False
2016,QLD,176,Rankin,29330,LAWRIE,Christopher,7,FFP,Family First,5011.0,85423.0,0.05866101635390937,FFP,False,False
2016,QLD,177,Ryan,28334,QUINN,John Lawrence,1,DLP,Democratic Labour Party (DLP),1566.0,94764.0,0.01652526275800937,DLP,False,False
2016,QLD,177,Ryan,29337,TODD,David,2,FFP,Family First,2389.0,94764.0,0.02520999535688658,FFP,False,False
2016,QLD,177,Ryan,29010,HEGEDUS,Stephen,3,ALP,Australian Labor Party,21594.0,94764.0,0.22787134354818286,ALP,True,False
2016,QLD,177,Ryan,28053,PRENTICE,Jane,4,LNP,Liberal National Party of Queensland,49402.0,94764.0,0.5213161116035625,LNP,True,False
2016,QLD,177,Ryan,29346,BAYLEY,Sandra,5,GRN,The Greens,17767.0,94764.0,0.18748680933687897,GRN,True,False
2016,QLD,177,Ryan,29341,GRYPHON,S,6,LDP,Liberal Democrats,2046.0,94764.0,0.021590477396479676,LDP,False,False
2016,QLD,178,Wide Bay,29378,DEAN,Jannean,1,GLT,Glenn Lazarus Team,4082.0,89889.0,0.04541156315010735,GLT,False,False
2016,QLD,178,Wide Bay,29389,COTTAM,Elise Anne,2,ON,Pauline Hanson's One Nation,14022.0,89889.0,0.15599239061509196,ON,False,False
2016,QLD,178,Wide Bay,29020,STANTON,Lucy,3,ALP,Australian Labor Party,20301.0,89889.0,0.2258452090912125,ALP,True,False
2016,QLD,178,Wide Bay,28046,O'BRIEN,Llew,4,LNP,Liberal National Party of Queensland,39373.0,89889.0,0.4380179999777503,LNP,True,False
2016,QLD,178,Wide Bay,29616,MARSH,Bron,5,GRN,The Greens,7355.0,89889.0,0.08182313742504645,GRN,True,False
2016,QLD,178,Wide Bay,29221,MAYER,Bruce,6,FFP,Family First,2399.0,89889.0,0.02668847133687103,FFP,False,False
2016,QLD,178,Wide Bay,29441,COOK,Barry,7,KAP,Katter's Australian Party,2357.0,89889.0,0.02622122840392039,KAP,False,False
2016,QLD,316,Wright,29258,AGNOLETTO,Pietro,1,GRN,The Greens,6768.0,88318.0,0.07663217011254783,GRN,True,False
2016,QLD,316,Wright,29339,SMITH,Rod,2,ON,Pauline Hanson's One Nation,18461.0,88318.0,0.2090287370637922,ON,False,False
2016,QLD,316,Wright,28061,BUCHHOLZ,Scott,3,LNP,Liberal National Party of Queensland,36935.0,88318.0,0.41820466948979823,LNP,True,False
2016,QLD,316,Wright,28959,SMITH,Allistair,4,ALP,Australian Labor Party,20110.0,88318.0,0.22769990262460654,ALP,True,False
2016,QLD,316,Wright,28734,COX,John,5,MAP,Mature Australia,902.0,88318.0,0.010213093593604927,MAP,False,False
2016,QLD,316,Wright,29285,AUSTIN,Barry,6,FFP,Family First,3163.0,88318.0,0.03581376389863901,FFP,False,False
2016,QLD,316,Wright,29615,STONE,Mark M,7,LDP,Liberal Democrats,1979.0,88318.0,0.022407663217011254,LDP,False,False
2016,SA,179,Adelaide,29106,GUY,Sophie,1,GRN,The Greens,9973.0,95544.0,0.10438122749727874,GRN,True,False
2016,SA,179,Adelaide,29059,RIVISH,Adrian,2,FFP,Family First,1832.0,95544.0,0.019174411789332664,FFP,False,False
2016,SA,179,Adelaide,28465,TIDSWELL,Matt,3,AJP,Animal Justice Party,1292.0,95544.0,0.013522565519551201,AJP,False,False
2016,SA,179,Adelaide,29464,LOCK,Tyrone,4,LDP,Liberal Democrats,1030.0,95544.0,0.010780373440509085,LDP,False,False
2016,SA,179,Adelaide,29552,COLOVIC,David,5,LP,Liberal,34809.0,95544.0,0.3643242903793017,LP,True,False
2016,SA,179,Adelaide,29073,ELLIS,Kate,6,ALP,Australian Labor Party,34325.0,95544.0,0.35925856150046054,ALP,True,False
2016,SA,179,Adelaide,29128,HILL,Joe,7,XEN,Nick Xenophon Team,12283.0,95544.0,0.1285585698735661,XEN,False,False
2016,SA,180,Barker,29122,STACEY,James,1,XEN,Nick Xenophon Team,27452.0,94445.0,0.2906665254910265,XEN,False,False
2016,SA,180,Barker,29568,PASIN,Tony,2,LP,Liberal,44001.0,94445.0,0.46589020064587855,LP,True,False
2016,SA,180,Barker,28965,ZEPPEL,Yvonne,3,FFP,Family First,5458.0,94445.0,0.0577902482926571,FFP,False,False
2016,SA,180,Barker,29143,KEOUGH,Mark,4,GRN,The Greens,3171.0,94445.0,0.03357509661707872,GRN,True,False
2016,SA,180,Barker,29057,O'BRIEN,Mat,5,ALP,Australian Labor Party,14363.0,94445.0,0.1520779289533591,ALP,True,False
2016,SA,182,Boothby,29120,HOCKLEY,Karen,1,XEN,Nick Xenophon Team,19688.0,95288.0,0.20661573335572161,XEN,False,False
2016,SA,182,Boothby,29046,WARD,Mark,2,ALP,Australian Labor Party,23366.0,95288.0,0.24521450759801863,ALP,True,False
2016,SA,182,Boothby,28373,ARMFIELD,Jamie,3,IND,Independent,664.0,95288.0,0.006968348585341282,IND,False,True
2016,SA,182,Boothby,28961,WHEATCROFT,Gary,4,FFP,Family First,2477.0,95288.0,0.02599487868356981,FFP,False,False
2016,SA,182,Boothby,28463,CARROLL,Evelyn,5,AJP,Animal Justice Party,1356.0,95288.0,0.014230543195365628,AJP,False,False
2016,SA,182,Boothby,29104,BANGE,Jane,6,GRN,The Greens,8001.0,95288.0,0.08396650155318613,GRN,True,False
2016,SA,182,Boothby,29550,FLINT,Nicolle,7,LP,Liberal,39298.0,95288.0,0.41241289564268324,LP,True,False
2016,SA,182,Boothby,28079,DE JONGE,Robert,8,IND,Independent,438.0,95288.0,0.004596591386113676,IND,False,True
2016,SA,183,Grey,29042,MARTIN,Scott,1,ALP,Australian Labor Party,19373.0,89876.0,0.21555253905380747,ALP,True,False
2016,SA,183,Grey,29569,RAMSEY,Rowan,2,LP,Liberal,38409.0,89876.0,0.42735546753304554,LP,True,False
2016,SA,183,Grey,28078,GOURLAY,Phillip,3,IND,Independent,1144.0,89876.0,0.012728648359962616,IND,False,True
2016,SA,183,Grey,28962,KAMINSKI,Cheryl,4,FFP,Family First,3710.0,89876.0,0.04127909564288575,FFP,False,False
2016,SA,183,Grey,29129,MARSH,Jillian Kay,5,GRN,The Greens,2304.0,89876.0,0.02563531977391072,GRN,True,False
2016,SA,183,Grey,29134,BROADFOOT,Andrea,6,XEN,Nick Xenophon Team,24936.0,89876.0,0.2774489296363879,XEN,False,False
2016,SA,185,Hindmarsh,29071,GEORGANAS,Steve,1,ALP,Australian Labor Party,33355.0,98032.0,0.3402460421086992,ALP,True,False
2016,SA,185,Hindmarsh,29117,O'SULLIVAN,Patrick,2,GRN,The Greens,6401.0,98032.0,0.06529500571242043,GRN,True,False
2016,SA,185,Hindmarsh,29050,POTTER,Mark,3,FFP,Family First,1977.0,98032.0,0.020166884282683206,FFP,False,False
2016,SA,185,Hindmarsh,29132,KIRK,Daniel,4,XEN,Nick Xenophon Team,14774.0,98032.0,0.15070589195364778,XEN,False,False
2016,SA,185,Hindmarsh,29554,WILLIAMS,Matt,5,LP,Liberal,39570.0,98032.0,0.4036437081769218,LP,True,False
2016,SA,185,Hindmarsh,29063,WILLIAM,Marina,6,CDP,Christian Democratic Party (Fred Nile Group),499.0,98032.0,0.005090174636853273,CDP,False,False
2016,SA,185,Hindmarsh,28725,LIU,Bin,7,AJP,Animal Justice Party,1456.0,98032.0,0.014852293128774278,AJP,False,False
2016,SA,186,Kingston,29576,RISHWORTH,Amanda,1,ALP,Australian Labor Party,46151.0,93391.0,0.49416967373729803,ALP,True,False
2016,SA,186,Kingston,29146,HOLTHAM,Robyn,2,GRN,The Greens,5361.0,93391.0,0.057403818355087746,GRN,True,False
2016,SA,186,Kingston,29088,DOECKE,Geoff,3,FFP,Family First,4048.0,93391.0,0.04334464777119851,FFP,False,False
2016,SA,186,Kingston,29152,CAREY,Damian,4,XEN,Nick Xenophon Team,16059.0,93391.0,0.1719544709875684,XEN,False,False
2016,SA,186,Kingston,29566,BINNS,Kelvin,5,LP,Liberal,21772.0,93391.0,0.2331273891488473,LP,True,False
2016,SA,187,Makin,29058,ZAPPIA,Tony,1,ALP,Australian Labor Party,39358.0,94070.0,0.41839056022111193,ALP,True,False
2016,SA,187,Makin,29125,SNAPE,Keiran,2,GRN,The Greens,4373.0,94070.0,0.04648665887105347,GRN,True,False
2016,SA,187,Makin,28986,COOMBE,Paul,3,FFP,Family First,4273.0,94070.0,0.04542362070798342,FFP,False,False
2016,SA,187,Makin,27986,ALDRIDGE,Mark,4,IND,Independent,2126.0,94070.0,0.02260019134686935,IND,False,True
2016,SA,187,Makin,28966,GREENBERG,Zarina,5,AJP,Animal Justice Party,1479.0,94070.0,0.015722334431806102,AJP,False,False
2016,SA,187,Makin,29557,REYNOLDS,Graham,6,LP,Liberal,26847.0,94070.0,0.28539385563941744,LP,True,False
2016,SA,187,Makin,29144,BOSSIE,Craig,7,XEN,Nick Xenophon Team,15614.0,94070.0,0.16598277878175827,XEN,False,False
2016,SA,188,Mayo,29061,DALLIMORE,Glen,1,ALP,Australian Labor Party,12859.0,95116.0,0.13519281719163967,ALP,True,False
2016,SA,188,Mayo,29142,SHARKIE,Rebekha,2,XEN,Nick Xenophon Team,33158.0,95116.0,0.3486059127801842,XEN,False,False
2016,SA,188,Mayo,29174,DZIVINSKI,Luke,3,LDP,Liberal Democrats,1148.0,95116.0,0.012069473064468648,LDP,False,False
2016,SA,188,Mayo,29133,DANIELL,Nathan,4,GRN,The Greens,7661.0,95116.0,0.08054375709659783,GRN,True,False
2016,SA,188,Mayo,29559,BRIGGS,Jamie,5,LP,Liberal,35915.0,95116.0,0.3775915723958114,LP,True,False
2016,SA,188,Mayo,28992,HICKS,Bruce,6,FFP,Family First,4375.0,95116.0,0.0459964674712982,FFP,False,False
2016,SA,189,Port Adelaide,29160,CAREY,Matthew,1,GRN,The Greens,6683.0,96009.0,0.06960805757793541,GRN,True,False
2016,SA,189,Port Adelaide,29085,HAMBOUR,Bruce,2,FFP,Family First,4483.0,96009.0,0.0466935391473716,FFP,False,False
2016,SA,189,Port Adelaide,28464,CLIPSTONE,Janine,3,AJP,Animal Justice Party,2078.0,96009.0,0.02164380422668708,AJP,False,False
2016,SA,189,Port Adelaide,29094,SALT,Jenalie,4,CDP,Christian Democratic Party (Fred Nile Group),597.0,96009.0,0.006218167046839359,CDP,False,False
2016,SA,189,Port Adelaide,29130,BUTLER,Mark,5,ALP,Australian Labor Party,46314.0,96009.0,0.4823922757241509,ALP,True,False
2016,SA,189,Port Adelaide,29563,FLOWERDEW,Emma,6,LP,Liberal,17884.0,96009.0,0.18627420346009227,LP,True,False
2016,SA,189,Port Adelaide,29166,SLATTERY,Michael,7,XEN,Nick Xenophon Team,17970.0,96009.0,0.18716995281692342,XEN,False,False
2016,SA,190,Sturt,29158,WRIGHT,Matthew,1,XEN,Nick Xenophon Team,19684.0,93032.0,0.21158311118754838,XEN,False,False
2016,SA,190,Sturt,29136,GALDIES,Rebecca,2,GRN,The Greens,6575.0,93032.0,0.07067460658698083,GRN,True,False
2016,SA,190,Sturt,28458,RUSSELL,Geoff,3,AJP,Animal Justice Party,1220.0,93032.0,0.013113767305873249,AJP,False,False
2016,SA,190,Sturt,29027,BOWYER,Craig,4,FFP,Family First,2912.0,93032.0,0.031301057700576146,FFP,False,False
2016,SA,190,Sturt,29052,LOADER,Matt,5,ALP,Australian Labor Party,20653.0,93032.0,0.22199888210508212,ALP,True,False
2016,SA,190,Sturt,29562,PYNE,Christopher,6,LP,Liberal,41351.0,93032.0,0.4444814687419383,LP,True,False
2016,SA,190,Sturt,28010,AITCHISON,Neil,7,IND,Independent,637.0,93032.0,0.006847106372001032,IND,False,True
2016,SA,191,Wakefield,29164,INWOOD,Richard,1,XEN,Nick Xenophon Team,19592.0,95933.0,0.2042258659689575,XEN,False,False
2016,SA,191,Wakefield,29092,PHILLIPS,Marilyn,2,FFP,Family First,5396.0,95933.0,0.05624758946347972,FFP,False,False
2016,SA,191,Wakefield,29101,CHAMPION,Nick,3,ALP,Australian Labor Party,38197.0,95933.0,0.3981633014708182,ALP,True,False
2016,SA,191,Wakefield,29549,BOURNE,Kathleen,4,LP,Liberal,25299.0,95933.0,0.2637153013040351,LP,True,False
2016,SA,191,Wakefield,29123,VANSTONE,Craig,5,GRN,The Greens,4102.0,95933.0,0.04275900889162228,GRN,True,False
2016,SA,191,Wakefield,29137,ANDERSON,Ralph,6,CDP,Christian Democratic Party (Fred Nile Group),619.0,95933.0,0.006452419918067818,CDP,False,False
2016,SA,191,Wakefield,28208,BOLTON,John,7,IND,Independent,2728.0,95933.0,0.0284365129830194,IND,False,True
2016,TAS,192,Bass,28235,RILEY-GIBSON,Terrill,1,GRN,The Greens,7154.0,66175.0,0.10810729127313941,GRN,True,False
2016,TAS,192,Bass,28456,RAMAGE,Roy,2,REP,Renewable Energy Party,1613.0,66175.0,0.02437476388364186,REP,False,False
2016,TAS,192,Bass,28451,HART,Ross,3,ALP,Australian Labor Party,26803.0,66175.0,0.4050321118247072,ALP,True,False
2016,TAS,192,Bass,29358,BEATTIE,Malcolm Peter,4,CDP,Christian Democratic Party (Fred Nile Group),1765.0,66175.0,0.02667170381564035,CDP,False,False
2016,TAS,192,Bass,28429,NIKOLIC,Andrew,5,LP,Liberal,25609.0,66175.0,0.38698904420098224,LP,True,False
2016,TAS,192,Bass,28222,TAPSELL,Mark,6,ARF,Australian Recreational Fishers Party,3231.0,66175.0,0.04882508500188893,ARF,False,False
2016,TAS,193,Braddon,28233,JORDAN,Scott,1,GRN,The Greens,4358.0,64672.0,0.06738619495299357,GRN,True,False
2016,TAS,193,Braddon,28218,SALTMARSH,Glen,2,ARF,Australian Recreational Fishers Party,3701.0,64672.0,0.057227238990598714,ARF,False,False
2016,TAS,193,Braddon,28439,KEAY,Justine,3,ALP,Australian Labor Party,25898.0,64672.0,0.4004515091538842,ALP,True,False
2016,TAS,193,Braddon,28422,WHITELEY,Brett,4,LP,Liberal,26841.0,64672.0,0.4150327808015834,LP,True,False
2016,TAS,193,Braddon,29353,HODGE,Graham,5,CDP,Christian Democratic Party (Fred Nile Group),1151.0,64672.0,0.01779750123701138,CDP,False,False
2016,TAS,193,Braddon,28450,RICE,Clinton,6,REP,Renewable Energy Party,1343.0,64672.0,0.020766328550222663,REP,False,False
2016,TAS,193,Braddon,28413,BOAG,Joshua,7,LDP,Liberal Democrats,1380.0,64672.0,0.021338446313706086,LDP,False,False
2016,TAS,194,Denison,29406,EXCELL,Amanda,1,CDP,Christian Democratic Party (Fred Nile Group),980.0,66654.0,0.014702793530770846,CDP,False,False
2016,TAS,194,Denison,28426,ALLAN,Marcus,2,LP,Liberal,13267.0,66654.0,0.19904281813544575,LP,True,False
2016,TAS,194,Denison,28443,AUSTIN,Jane,3,ALP,Australian Labor Party,15335.0,66654.0,0.23006871305548054,ALP,True,False
2016,TAS,194,Denison,29361,WILLIAMS,Wayne,4,DLP,Democratic Labour Party (DLP),632.0,66654.0,0.009481801542293035,DLP,False,False
2016,TAS,194,Denison,20881,WILKIE,Andrew,5,IND,Independent,29372.0,66654.0,0.4406637261079605,IND,False,True
2016,TAS,194,Denison,28232,BROWN,Jen,6,GRN,The Greens,7068.0,66654.0,0.10604014762804934,GRN,True,False
2016,TAS,195,Franklin,28152,SANDERSON,Tim,1,ARTS,The Arts Party,1673.0,69607.0,0.024034939014754262,ARTS,False,False
2016,TAS,195,Franklin,28234,DELANEY,Martine,2,GRN,The Greens,9293.0,69607.0,0.1335066875457928,GRN,True,False
2016,TAS,195,Franklin,28424,MARKHAM,Amanda-Sue,3,LP,Liberal,24542.0,69607.0,0.35257948194865457,LP,True,False
2016,TAS,195,Franklin,28441,COLLINS,Julie,4,ALP,Australian Labor Party,32724.0,69607.0,0.4701251310931372,ALP,True,False
2016,TAS,195,Franklin,29503,MUSKETT,George James,5,CDP,Christian Democratic Party (Fred Nile Group),1375.0,69607.0,0.019753760397661156,CDP,False,False
2016,TAS,196,Lyons,28438,HUTCHINSON,Eric,1,LP,Liberal,28697.0,68515.0,0.4188425892140407,LP,True,False
2016,TAS,196,Lyons,28220,SHAY,Shelley,2,ARF,Australian Recreational Fishers Party,4322.0,68515.0,0.06308107713639349,ARF,False,False
2016,TAS,196,Lyons,28453,LIVINGSTON,Duncan,3,REP,Renewable Energy Party,1578.0,68515.0,0.023031452966503687,REP,False,False
2016,TAS,196,Lyons,28236,RUBENACH-QUINN,Hannah,4,GRN,The Greens,6418.0,68515.0,0.09367291833904984,GRN,True,False
2016,TAS,196,Lyons,29349,MAWER,Gene,5,CDP,Christian Democratic Party (Fred Nile Group),1074.0,68515.0,0.015675399547544332,CDP,False,False
2016,TAS,196,Lyons,28449,MITCHELL,Brian,6,ALP,Australian Labor Party,26426.0,68515.0,0.3856965627964679,ALP,True,False
2016,VIC,197,Aston,28116,RAYMOND,Steve,1,GRN,The Greens,7186.0,85586.0,0.08396233028766387,GRN,True,False
2016,VIC,197,Aston,28872,MARTIN,Daniel Edward,2,FFP,Family First Party,2762.0,85586.0,0.03227163321103919,FFP,False,False
2016,VIC,197,Aston,28212,HUPPERT,Daniel,3,IND,Independent,2104.0,85586.0,0.024583459911667795,IND,False,True
2016,VIC,197,Aston,28748,MOORE,Joel,4,LDP,Liberal Democrats,1198.0,85586.0,0.013997616432594116,LDP,False,False
2016,VIC,197,Aston,28205,LAVIN,Rosemary,5,AJP,Animal Justice Party,2211.0,85586.0,0.025833664384361927,AJP,False,False
2016,VIC,197,Aston,28875,TUDGE,Alan,6,LP,Liberal,43532.0,85586.0,0.5086345897693548,LP,True,False
2016,VIC,197,Aston,28293,KLISARIS,Paul,7,ALP,Australian Labor Party,26593.0,85586.0,0.3107167060033183,ALP,True,False
2016,VIC,198,Ballarat,28784,COLBERT,Dianne,1,AUC,Australian Christians,2023.0,97707.0,0.02070476015024512,AUC,False,False
2016,VIC,198,Ballarat,28390,TATCHELL,Paul,2,NP,The Nationals,4108.0,97707.0,0.04204407053742311,NP,True,False
2016,VIC,198,Ballarat,28317,KING,Catherine,3,ALP,Australian Labor Party,42275.0,97707.0,0.43267114945705015,ALP,True,False
2016,VIC,198,Ballarat,29522,ECKEL,Bren,4,IND,Independent,1802.0,97707.0,0.01844289559601666,IND,False,True
2016,VIC,198,Ballarat,28101,BARNES,Alice,5,GRN,The Greens,10551.0,97707.0,0.1079861217722374,GRN,True,False
2016,VIC,198,Ballarat,29009,HOWARD,Graham,6,FFP,Family First Party,1896.0,97707.0,0.01940495563265682,FFP,False,False
2016,VIC,198,Ballarat,28629,TRAN,Tran,7,RUA,Rise Up Australia Party,1121.0,97707.0,0.011473077670995938,RUA,False,False
2016,VIC,198,Ballarat,29007,WADE,Sarah,8,LP,Liberal,33931.0,97707.0,0.3472729691833748,LP,True,False
2016,VIC,199,Batman,24747,SUTTON,Philip,1,IND,Independent,1509.0,90101.0,0.016747871832721056,IND,False,True
2016,VIC,199,Batman,28339,OLDIS,Maurice,2,REP,Renewable Energy Party,593.0,90101.0,0.006581502979989123,REP,False,False
2016,VIC,199,Batman,29004,MURRAY,Joel,3,ASXP,Australian Sex Party,2317.0,90101.0,0.025715585842554466,ASXP,False,False
2016,VIC,199,Batman,28124,BHATHAL,Alex,4,GRN,The Greens,32645.0,90101.0,0.3623156235779847,GRN,True,False
2016,VIC,199,Batman,29206,HAYWARD,Russell,5,AUP,Australian Progressives,282.0,90101.0,0.003129820978679482,AUP,False,False
2016,VIC,199,Batman,29517,CICUTO,Geoffrey,6,CYC,Australian Cyclists Party,386.0,90101.0,0.004284081197766951,CYC,False,False
2016,VIC,199,Batman,28896,SOURIS,George,7,LP,Liberal,17924.0,90101.0,0.1989323092973441,LP,True,False
2016,VIC,199,Batman,28241,FEENEY,David,8,ALP,Australian Labor Party,31780.0,90101.0,0.35271528617884373,ALP,True,False
2016,VIC,199,Batman,28180,EVANS,Caitlin,9,AJP,Animal Justice Party,1503.0,90101.0,0.016681279897004474,AJP,False,False
2016,VIC,199,Batman,23652,GUARDIANI,Franco,10,IND,Independent,480.0,90101.0,0.005327354857326778,IND,False,True
2016,VIC,199,Batman,28900,SYBER,Elizabeth,11,AEQ,Marriage Equality,682.0,90101.0,0.00756928335978513,AEQ,False,False
2016,VIC,200,Bendigo,28405,MADDISON,Andy,1,NP,The Nationals,3544.0,97503.0,0.03634759956103915,NP,True,False
2016,VIC,200,Bendigo,28103,GLAISHER,Rosemary,2,GRN,The Greens,10749.0,97503.0,0.11024276176117657,GRN,True,False
2016,VIC,200,Bendigo,28605,CADDY,Sandy,3,RUA,Rise Up Australia Party,2058.0,97503.0,0.021107042860219687,RUA,False,False
2016,VIC,200,Bendigo,28244,CHESTERS,Lisa,4,ALP,Australian Labor Party,37396.0,97503.0,0.38353691681281604,ALP,True,False
2016,VIC,200,Bendigo,28903,PURCELL,Megan,5,LP,Liberal,36956.0,97503.0,0.37902423515173894,LP,True,False
2016,VIC,200,Bendigo,28171,PARRAMORE,Ruth,6,AJP,Animal Justice Party,2146.0,97503.0,0.022009579192435104,AJP,False,False
2016,VIC,200,Bendigo,23618,DONLON,Anita Erika,7,IND,Independent,1922.0,97503.0,0.019712213983159494,IND,False,True
2016,VIC,200,Bendigo,28906,HOWARD,Alan,8,FFP,Family First Party,2732.0,97503.0,0.028019650677415055,FFP,False,False
2016,VIC,201,Bruce,28193,LEITH,Douglas Ronald,1,AJP,Animal Justice Party,1944.0,83012.0,0.02341830096853467,AJP,False,False
2016,VIC,201,Bruce,28131,BAUER,Stefanie,2,GRN,The Greens,5890.0,83012.0,0.07095359707030309,GRN,True,False
2016,VIC,201,Bruce,28996,KROGER,Helen,3,LP,Liberal,33248.0,83012.0,0.40052040668818967,LP,True,False
2016,VIC,201,Bruce,29002,FOGGIE,Nathan,4,FFP,Family First Party,2870.0,83012.0,0.034573314701488944,FFP,False,False
2016,VIC,201,Bruce,29544,JARVIS-WILLS,Jill,5,REP,Renewable Energy Party,816.0,83012.0,0.009829904110249121,REP,False,False
2016,VIC,201,Bruce,28275,HILL,Julian,6,ALP,Australian Labor Party,36804.0,83012.0,0.44335758685491256,ALP,True,False
2016,VIC,201,Bruce,29529,RONCAN,Alan,7,DRF,Drug Law Reform,1440.0,83012.0,0.017346889606321976,DRF,False,False
2016,VIC,203,Calwell,29082,HSU,John,1,LP,Liberal,24855.0,89848.0,0.2766338705369068,LP,True,False
2016,VIC,203,Calwell,28311,VAMVAKINOU,Maria,2,ALP,Australian Labor Party,51040.0,89848.0,0.5680705190989226,ALP,True,False
2016,VIC,203,Calwell,28134,ABBOUD,Natalie,3,GRN,The Greens,7609.0,89848.0,0.08468747217522928,GRN,True,False
2016,VIC,203,Calwell,28197,SEARLS,Megan Deanne,4,AJP,Animal Justice Party,3229.0,89848.0,0.03593847386697534,AJP,False,False
2016,VIC,203,Calwell,28366,LAKKIS,Michael Amon,5,IND,Independent,3115.0,89848.0,0.034669664321965984,IND,False,True
2016,VIC,204,Casey,28122,SUTHERLAND,Elissa,1,GRN,The Greens,10781.0,92231.0,0.11689128384165845,GRN,True,False
2016,VIC,204,Casey,28210,BACON,Kristin,2,AJP,Animal Justice Party,4176.0,92231.0,0.04527761815441663,AJP,False,False
2016,VIC,204,Casey,28292,MELKONIAN,Hovig,3,ALP,Australian Labor Party,26165.0,92231.0,0.28368986566338866,ALP,True,False
2016,VIC,204,Casey,28237,CHARLETON,Peter,4,IND,Independent,2878.0,92231.0,0.03120425887174594,IND,False,True
2016,VIC,204,Casey,28985,SMITH,Tony,5,LP,Liberal,45680.0,92231.0,0.49527816027149224,LP,True,False
2016,VIC,204,Casey,28606,DORIAN,Angela,6,RUA,Rise Up Australia Party,2551.0,92231.0,0.02765881319729809,RUA,False,False
2016,VIC,205,Chisholm,28614,VASSILIOU,Melanie,1,RUA,Rise Up Australia Party,1712.0,86720.0,0.01974169741697417,RUA,False,False
2016,VIC,205,Chisholm,28194,WALSHE,Nyree,2,AJP,Animal Justice Party,1799.0,86720.0,0.020744926199261993,AJP,False,False
2016,VIC,205,Chisholm,29012,McCRACKEN,Craig,3,FFP,Family First Party,2137.0,86720.0,0.024642527675276752,FFP,False,False
2016,VIC,205,Chisholm,28117,FERGEUS,Josh,4,GRN,The Greens,10647.0,86720.0,0.12277444649446495,GRN,True,False
2016,VIC,205,Chisholm,28936,BANKS,Julia,5,LP,Liberal,39265.0,86720.0,0.4527790590405904,LP,True,False
2016,VIC,205,Chisholm,28298,PERRI,Stefanie,6,ALP,Australian Labor Party,31160.0,86720.0,0.3593173431734317,ALP,True,False
2016,VIC,207,Corangamite,29546,LAWRENCE,Michael,1,IND,Independent,1519.0,98417.0,0.015434325370616866,IND,False,True
2016,VIC,207,Corangamite,28929,BARRON,Alan,2,FFP,Family First Party,1906.0,98417.0,0.019366572848186797,FFP,False,False
2016,VIC,207,Corangamite,28620,STEEL,Nick,3,RUA,Rise Up Australia Party,847.0,98417.0,0.008606236727394658,RUA,False,False
2016,VIC,207,Corangamite,28765,ROWE,Louis,4,LDP,Liberal Democrats,871.0,98417.0,0.008850097036081165,LDP,False,False
2016,VIC,207,Corangamite,28257,COKER,Libby,5,ALP,Australian Labor Party,30267.0,98417.0,0.30753833179227164,ALP,True,False
2016,VIC,207,Corangamite,29386,NELSON,Patrice,6,DHJP,Derryn Hinch's Justice Party,3039.0,98417.0,0.030878811587429,DHJP,False,False
2016,VIC,207,Corangamite,28173,MEDDICK,Andy,7,AJP,Animal Justice Party,1739.0,98417.0,0.017669711533576517,AJP,False,False
2016,VIC,207,Corangamite,29305,DALTON,Courtney,8,DRF,Drug Law Reform,1269.0,98417.0,0.012894113821799079,DRF,False,False
2016,VIC,207,Corangamite,28127,PATERSON,Patchouli,9,GRN,The Greens,11273.0,98417.0,0.11454321915929158,GRN,True,False
2016,VIC,207,Corangamite,28920,HENDERSON,Sarah,10,LP,Liberal,45687.0,98417.0,0.46421858012335265,LP,True,False
2016,VIC,208,Corio,29003,LANGE,Richard,1,LP,Liberal,33180.0,94435.0,0.35135278233705725,LP,True,False
2016,VIC,208,Corio,28741,BULL,Sue,2,SAL,Socialist Alliance,1101.0,94435.0,0.01165881294011754,SAL,False,False
2016,VIC,208,Corio,28291,MARLES,Richard,3,ALP,Australian Labor Party,43087.0,94435.0,0.456260920209668,ALP,True,False
2016,VIC,208,Corio,28607,PUVIMANASINGHE,Ash,4,RUA,Rise Up Australia Party,1869.0,94435.0,0.019791390903796263,RUA,False,False
2016,VIC,208,Corio,28309,MORAN,Jeff,5,BTA,Bullet Train For Australia,1138.0,94435.0,0.012050616826388522,BTA,False,False
2016,VIC,208,Corio,28185,OVEREND,Jamie,6,AJP,Animal Justice Party,2948.0,94435.0,0.031217239370995922,AJP,False,False
2016,VIC,208,Corio,28108,MANSFIELD,Sarah,7,GRN,The Greens,11112.0,94435.0,0.11766823741197649,GRN,True,False
2016,VIC,209,Deakin,29068,SUKKAR,Michael,1,LP,Liberal,45161.0,90268.0,0.500299109318917,LP,True,False
2016,VIC,209,Deakin,28787,DOBBY,Karen,2,AUC,Australian Christians,2096.0,90268.0,0.023219745646297692,AUC,False,False
2016,VIC,209,Deakin,28120,BRIERS,Joshua,3,GRN,The Greens,10587.0,90268.0,0.11728408738423361,GRN,True,False
2016,VIC,209,Deakin,28344,CLARK,Tony,4,ALP,Australian Labor Party,28021.0,90268.0,0.31042008242123453,ALP,True,False
2016,VIC,209,Deakin,28206,BROWNE,Vanessa,5,AJP,Animal Justice Party,2394.0,90268.0,0.026521026277307572,AJP,False,False
2016,VIC,209,Deakin,29075,COOMBES,Gary John,6,FFP,Family First Party,2009.0,90268.0,0.022255948952009573,FFP,False,False
2016,VIC,210,Dunkley,29381,STANFIELD,Ruth,1,DHJP,Derryn Hinch's Justice Party,5510.0,89293.0,0.061706964711679524,DHJP,False,False
2016,VIC,210,Dunkley,28145,SWAIN,Jeanette,2,GRN,The Greens,8616.0,89293.0,0.09649132630777328,GRN,True,False
2016,VIC,210,Dunkley,28910,CREWTHER,Chris,3,LP,Liberal,38158.0,89293.0,0.4273347294860739,LP,True,False
2016,VIC,210,Dunkley,28922,RATHBONE,Michael,4,FFP,Family First Party,1393.0,89293.0,0.015600327013315714,FFP,False,False
2016,VIC,210,Dunkley,28252,MURPHY,Peta,5,ALP,Australian Labor Party,29620.0,89293.0,0.3317169318983571,ALP,True,False
2016,VIC,210,Dunkley,28352,BAILLIEU,Sally,6,ARTS,The Arts Party,542.0,89293.0,0.006069904695776824,ARTS,False,False
2016,VIC,210,Dunkley,28707,TREGENZA,Lin,7,RUA,Rise Up Australia Party,682.0,89293.0,0.0076377767574165945,RUA,False,False
2016,VIC,210,Dunkley,28169,JACK,Tyson,8,AJP,Animal Justice Party,1926.0,89293.0,0.02156943993370141,AJP,False,False
2016,VIC,210,Dunkley,28140,TOSCANO,Joseph,9,IND,Independent,1132.0,89293.0,0.012677365526973,IND,False,True
2016,VIC,210,Dunkley,28806,WILMS,Tim,10,LDP,Liberal Democrats,1037.0,89293.0,0.011613452342288869,LDP,False,False
2016,VIC,210,Dunkley,28810,REANEY,Jeff,11,AUC,Australian Christians,677.0,89293.0,0.007581781326643746,AUC,False,False
2016,VIC,211,Flinders,28808,GENTLE,Yvonne,1,RUA,Rise Up Australia Party,3381.0,101574.0,0.03328607714572627,RUA,False,False
2016,VIC,211,Flinders,28009,LEWIS,Shane W,2,IND,Independent,3107.0,101574.0,0.030588536436489653,IND,False,True
2016,VIC,211,Flinders,28132,HOGARTH,Willisa,3,GRN,The Greens,10868.0,101574.0,0.10699588477366255,GRN,True,False
2016,VIC,211,Flinders,28316,GLEIXNER,Carolyn,4,ALP,Australian Labor Party,27459.0,101574.0,0.2703349282296651,ALP,True,False
2016,VIC,211,Flinders,28870,HUNT,Greg,5,LP,Liberal,52412.0,101574.0,0.5159981885128084,LP,True,False
2016,VIC,211,Flinders,28196,WILD,Ben,6,AJP,Animal Justice Party,4347.0,101574.0,0.04279638490164806,AJP,False,False
2016,VIC,212,Gellibrand,28102,MARSDEN,Jonathon,1,GRN,The Greens,19855.0,92417.0,0.2148414252788989,GRN,True,False
2016,VIC,212,Gellibrand,28240,WATTS,Tim,2,ALP,Australian Labor Party,43340.0,92417.0,0.46896133828191783,ALP,True,False
2016,VIC,212,Gellibrand,28891,WILLIS,Ben,3,LP,Liberal,24607.0,92417.0,0.2662605364813833,LP,True,False
2016,VIC,212,Gellibrand,27990,TRAN,David,4,IND,Independent,4615.0,92417.0,0.04993669995779997,IND,False,True
2016,VIC,213,Gippsland,28107,ONLEY,Ian,1,GRN,The Greens,7002.0,89292.0,0.0784168794516866,GRN,True,False
2016,VIC,213,Gippsland,28690,DORIAN,Peter,2,RUA,Rise Up Australia Party,1513.0,89292.0,0.016944407113739193,RUA,False,False
2016,VIC,213,Gippsland,28238,BHATTI,Shashi,3,ALP,Australian Labor Party,17870.0,89292.0,0.20012991085427587,ALP,True,False
2016,VIC,213,Gippsland,28984,SINDT,Christine,4,IND,Independent,1379.0,89292.0,0.015443712762621511,IND,False,True
2016,VIC,213,Gippsland,28967,HEATH,Brian,5,FFP,Family First Party,3068.0,89292.0,0.0343591811136496,FFP,False,False
2016,VIC,213,Gippsland,29051,SMITH,Cherie,6,IND,Independent,1577.0,89292.0,0.01766115665457152,IND,False,True
2016,VIC,213,Gippsland,28404,CHESTER,Darren,7,NP,The Nationals,50309.0,89292.0,0.5634211351520853,NP,True,False
2016,VIC,213,Gippsland,28791,BELSAR,Ashleigh,8,AUC,Australian Christians,746.0,89292.0,0.008354611835326793,AUC,False,False
2016,VIC,213,Gippsland,27995,GARDNER,Peter,9,REP,Renewable Energy Party,1384.0,89292.0,0.015499708820499038,REP,False,False
2016,VIC,213,Gippsland,28757,BUCKLEY,Ben,10,LDP,Liberal Democrats,4444.0,89292.0,0.049769296241544594,LDP,False,False
2016,VIC,214,Goldstein,28129,HERCUS,Cheryl,1,GRN,The Greens,14871.0,93540.0,0.15898011545862734,GRN,True,False
2016,VIC,214,Goldstein,28957,BISHOP,Trevor,2,FFP,Family First Party,1549.0,93540.0,0.016559760530254437,FFP,False,False
2016,VIC,214,Goldstein,28192,CHELLAPPAH,Naren,3,AJP,Animal Justice Party,2222.0,93540.0,0.02375454351079752,AJP,False,False
2016,VIC,214,Goldstein,29351,KAVANAGH,Lee,4,DRF,Drug Law Reform,1738.0,93540.0,0.018580286508445586,DRF,False,False
2016,VIC,214,Goldstein,28949,WILSON,Tim,5,LP,Liberal,52694.0,93540.0,0.563331195210605,LP,True,False
2016,VIC,214,Goldstein,28239,COOTE,Matthew Ross,6,ALP,Australian Labor Party,20466.0,93540.0,0.21879409878127004,ALP,True,False
2016,VIC,309,Gorton,28274,O'CONNOR,Brendan,1,ALP,Australian Labor Party,61110.0,98105.0,0.622904031394934,ALP,True,False
2016,VIC,309,Gorton,28889,LANG,Daryl,2,LP,Liberal,27305.0,98105.0,0.2783242444319861,LP,True,False
2016,VIC,309,Gorton,28121,SWIFT,Rod,3,GRN,The Greens,9690.0,98105.0,0.09877172417307986,GRN,True,False
2016,VIC,215,Higgins,28191,O'BRIEN,Rebecca,1,AEQ,Marriage Equality,1265.0,90291.0,0.014010255728699428,AEQ,False,False
2016,VIC,215,Higgins,29382,TREGEAR,Jessica,2,DHJP,Derryn Hinch's Justice Party,1264.0,90291.0,0.013999180427728124,DHJP,False,False
2016,VIC,215,Higgins,28979,O'DWYER,Kelly,3,LP,Liberal,46953.0,90291.0,0.5200186065056318,LP,True,False
2016,VIC,215,Higgins,28146,BALL,Jason,4,GRN,The Greens,22870.0,90291.0,0.25329213321372007,GRN,True,False
2016,VIC,215,Higgins,28764,KENNEDY,Robert,5,LDP,Liberal Democrats,1093.0,90291.0,0.012105303961635158,LDP,False,False
2016,VIC,215,Higgins,28290,KATTER,Carl,6,ALP,Australian Labor Party,13495.0,90291.0,0.14946118660774607,ALP,True,False
2016,VIC,215,Higgins,28677,BASSETT,Nancy,7,XEN,Nick Xenophon Team,2007.0,90291.0,0.02222812904940692,XEN,False,False
2016,VIC,215,Higgins,28195,GULLONE,Eleonora,8,AJP,Animal Justice Party,1344.0,90291.0,0.014885204505432435,AJP,False,False
2016,VIC,216,Holt,28618,ROBERTSON,Colin,1,RUA,Rise Up Australia Party,4416.0,99630.0,0.04432399879554351,RUA,False,False
2016,VIC,216,Holt,28259,BYRNE,Anthony,2,ALP,Australian Labor Party,53506.0,99630.0,0.5370470741744454,ALP,True,False
2016,VIC,216,Holt,28942,BULL,Neil,3,FFP,Family First Party,5614.0,99630.0,0.05634848941082003,FFP,False,False
2016,VIC,216,Holt,28113,TILTON,Jake,4,GRN,The Greens,6317.0,99630.0,0.06340459700893306,GRN,True,False
2016,VIC,216,Holt,28935,MATHIAS,James,5,LP,Liberal,29777.0,99630.0,0.29887584061025796,LP,True,False
2016,VIC,217,Hotham,28908,HUA,George,1,LP,Liberal,32512.0,87164.0,0.37299802670827403,LP,True,False
2016,VIC,217,Hotham,28174,JEGES,Helen Ann,2,AJP,Animal Justice Party,2593.0,87164.0,0.029748520031205542,AJP,False,False
2016,VIC,217,Hotham,28263,O'NEIL,Clare,3,ALP,Australian Labor Party,39881.0,87164.0,0.45753981001330823,ALP,True,False
2016,VIC,217,Hotham,28135,BENNETT,James,4,GRN,The Greens,8042.0,87164.0,0.09226286081409757,GRN,True,False
2016,VIC,217,Hotham,28924,RATHBONE,Tatiana,5,FFP,Family First Party,2106.0,87164.0,0.02416135101647469,FFP,False,False
2016,VIC,217,Hotham,28619,VASSILIOU,Peter,6,RUA,Rise Up Australia Party,2030.0,87164.0,0.023289431416639896,RUA,False,False
2016,VIC,218,Indi,28007,LAPPIN,Alan James,1,IND,Independent,1757.0,90137.0,0.01949255022909571,IND,False,True
2016,VIC,218,Indi,28963,MIRABELLA,Sophie,2,LP,Liberal,24887.0,90137.0,0.27610193372311037,LP,True,False
2016,VIC,218,Indi,28111,O'CONNOR,Jenny,3,GRN,The Greens,3445.0,90137.0,0.03821959905477218,GRN,True,False
2016,VIC,218,Indi,28751,QUILTY,Tim,4,LDP,Liberal Democrats,886.0,90137.0,0.009829481788832554,LDP,False,False
2016,VIC,218,Indi,23288,McGOWAN,Cathy,5,IND,Independent,31336.0,90137.0,0.3476485793847144,IND,False,True
2016,VIC,218,Indi,28278,KERR,Eric,6,ALP,Australian Labor Party,8826.0,90137.0,0.09791761429823491,ALP,True,False
2016,VIC,218,Indi,28207,DYER,Ray,7,IND,Independent,462.0,90137.0,0.005125531135937517,IND,False,True
2016,VIC,218,Indi,28407,CORBOY,Marty,8,NP,The Nationals,15525.0,90137.0,0.17223781576932892,NP,True,False
2016,VIC,218,Indi,28631,FIDGE,Julian,9,CYA,Australian Country Party,1863.0,90137.0,0.02066853789231947,CYA,False,False
2016,VIC,218,Indi,28622,FERRANDO,Vincent,10,RUA,Rise Up Australia Party,1150.0,90137.0,0.012758356723653993,RUA,False,False
2016,VIC,219,Isaacs,28128,BRESKIN,Alex,1,GRN,The Greens,9429.0,92470.0,0.10196820590461772,GRN,True,False
2016,VIC,219,Isaacs,28269,DREYFUS,Mark,2,ALP,Australian Labor Party,41144.0,92470.0,0.44494430626149023,ALP,True,False
2016,VIC,219,Isaacs,28932,SPENCER,Garry,3,LP,Liberal,37312.0,92470.0,0.40350383908294585,LP,True,False
2016,VIC,219,Isaacs,28177,JOHNSTON,Elizabeth,4,AJP,Animal Justice Party,4585.0,92470.0,0.04958364875094625,AJP,False,False
2016,VIC,220,Jagajaga,28255,MACKLIN,Jenny,1,ALP,Australian Labor Party,36238.0,92430.0,0.3920588553499946,ALP,True,False
2016,VIC,220,Jagajaga,28885,WARD,Jessica,2,FFP,Family First Party,2341.0,92430.0,0.025327274694363303,FFP,False,False
2016,VIC,220,Jagajaga,28892,MULHOLLAND,David,3,LP,Liberal,37920.0,92430.0,0.41025641025641024,LP,True,False
2016,VIC,220,Jagajaga,28114,McKINNON,Hugh,4,GRN,The Greens,13696.0,92430.0,0.1481769988099102,GRN,True,False
2016,VIC,220,Jagajaga,28175,SCHRAM,Nathan Peter,5,AJP,Animal Justice Party,2235.0,92430.0,0.02418046088932165,AJP,False,False
2016,VIC,221,Kooyong,28143,McLEOD,Helen,1,GRN,The Greens,17027.0,90003.0,0.18918258280279546,GRN,True,False
2016,VIC,221,Kooyong,28953,FRYDENBERG,Josh,2,LP,Liberal,52401.0,90003.0,0.5822139262024599,LP,True,False
2016,VIC,221,Kooyong,28288,D'ARCY,Marg,3,ALP,Australian Labor Party,17825.0,90003.0,0.1980489539237581,ALP,True,False
2016,VIC,221,Kooyong,24869,ZUBAC,Angelina,4,IND,Independent,2750.0,90003.0,0.030554537070986522,IND,False,True
2016,VIC,223,La Trobe,28105,CUMMINGS,Tom,1,GRN,The Greens,9773.0,92597.0,0.10554337613529596,GRN,True,False
2016,VIC,223,La Trobe,28170,FOLLONI,Leah,2,AJP,Animal Justice Party,2677.0,92597.0,0.02891022387334363,AJP,False,False
2016,VIC,223,La Trobe,29400,DOIDGE,Julieanne Lynette,3,DHJP,Derryn Hinch's Justice Party,3922.0,92597.0,0.04235558387420759,DHJP,False,False
2016,VIC,223,La Trobe,28258,CURTIS,Simon,4,ALP,Australian Labor Party,29052.0,92597.0,0.3137466656587146,ALP,True,False
2016,VIC,223,La Trobe,28753,HUGHES,Leslie,5,LDP,Liberal Democrats,1188.0,92597.0,0.012829789302029224,LDP,False,False
2016,VIC,223,La Trobe,28604,QUINN,Margaret,6,RUA,Rise Up Australia Party,1180.0,92597.0,0.012743393414473472,RUA,False,False
2016,VIC,223,La Trobe,28893,WOOD,Jason,7,LP,Liberal,39108.0,92597.0,0.42234629631629533,LP,True,False
2016,VIC,223,La Trobe,28225,FENT,David,8,ASP,"Shooters, Fishers and Farmers",1321.0,92597.0,0.014266120932643607,ASP,False,False
2016,VIC,223,La Trobe,29000,LEAHY,Martin,9,ASXP,Australian Sex Party,2103.0,92597.0,0.0227113189412184,ASXP,False,False
2016,VIC,223,La Trobe,28913,BARTRAM,Jeffrey,10,FFP,Family First Party,2273.0,92597.0,0.024547231551778136,FFP,False,False
2016,VIC,222,Lalor,28655,VALE,Marion,1,RUA,Rise Up Australia Party,4685.0,106760.0,0.043883476957662045,RUA,False,False
2016,VIC,222,Lalor,28268,RYAN,Joanne,2,ALP,Australian Labor Party,55302.0,106760.0,0.5180029973772948,ALP,True,False
2016,VIC,222,Lalor,29041,MURPHY,Gayle,3,LP,Liberal,33070.0,106760.0,0.3097602098164106,LP,True,False
2016,VIC,222,Lalor,29410,JAKOBI,Susan,4,AFN,Australia First Party,3232.0,106760.0,0.030273510678156614,AFN,False,False
2016,VIC,222,Lalor,28112,SOVA,Daniel,5,GRN,The Greens,10471.0,106760.0,0.09807980517047583,GRN,True,False
2016,VIC,224,Mallee,28415,BROAD,Andrew,1,NP,The Nationals,56251.0,87466.0,0.643118468890769,NP,True,False
2016,VIC,224,Mallee,28416,LAHY,Chris,2,CEC,Citizens Electoral Council,1715.0,87466.0,0.01960761896051037,CEC,False,False
2016,VIC,224,Mallee,28284,SENIOR,Lydia,3,ALP,Australian Labor Party,18742.0,87466.0,0.21427754784716346,ALP,True,False
2016,VIC,224,Mallee,28769,MIDDLETON,Tim,4,RUA,Rise Up Australia Party,4536.0,87466.0,0.05186015137310498,RUA,False,False
2016,VIC,224,Mallee,28115,HEALY,Helen,5,GRN,The Greens,6222.0,87466.0,0.0711362129284522,GRN,True,False
2016,VIC,225,Maribyrnong,29015,HATZAKORTZIAN,Ted,1,LP,Liberal,30283.0,93834.0,0.32272950103374043,LP,True,False
2016,VIC,225,Maribyrnong,28119,BALL,Olivia,2,GRN,The Greens,9151.0,93834.0,0.09752328580258755,GRN,True,False
2016,VIC,225,Maribyrnong,28262,SHORTEN,Bill,3,ALP,Australian Labor Party,47402.0,93834.0,0.5051687021761835,ALP,True,False
2016,VIC,225,Maribyrnong,28790,O'NEILL,Anthony,4,AUC,Australian Christians,1650.0,93834.0,0.017584244516912845,AUC,False,False
2016,VIC,225,Maribyrnong,29533,CUMMING,Catherine,5,IND,Independent,3172.0,93834.0,0.03380437794402882,IND,False,True
2016,VIC,225,Maribyrnong,28183,McROSTIE,Fiona,6,AJP,Animal Justice Party,2176.0,93834.0,0.02318988852654688,AJP,False,False
2016,VIC,226,McEwen,28289,MITCHELL,Rob,1,ALP,Australian Labor Party,50588.0,113200.0,0.4468904593639576,ALP,True,False
2016,VIC,226,McEwen,28391,ANDERSON,James,2,NP,The Nationals,2672.0,113200.0,0.023604240282685512,NP,True,False
2016,VIC,226,McEwen,28110,BARKER,Neil,3,GRN,The Greens,8583.0,113200.0,0.07582155477031802,GRN,True,False
2016,VIC,226,McEwen,28912,JERMYN,Chris,4,LP,Liberal,38151.0,113200.0,0.33702296819787986,LP,True,False
2016,VIC,226,McEwen,29538,LEE,Ross,5,IND,Independent,3013.0,113200.0,0.02661660777385159,IND,False,True
2016,VIC,226,McEwen,28542,ANDREW,Tracey,6,CYA,Australian Country Party,1614.0,113200.0,0.014257950530035335,CYA,False,False
2016,VIC,226,McEwen,28554,TRUSCOTT,Jeff,7,RUA,Rise Up Australia Party,1867.0,113200.0,0.016492932862190814,RUA,False,False
2016,VIC,226,McEwen,28203,VAINA,Cathy,8,AJP,Animal Justice Party,3005.0,113200.0,0.026545936395759716,AJP,False,False
2016,VIC,226,McEwen,28919,LONG,Dorothy Lorraine,9,FFP,Family First Party,3707.0,113200.0,0.03274734982332155,FFP,False,False
2016,VIC,227,McMillan,28106,LANCASTER,Donna,1,GRN,The Greens,9810.0,100921.0,0.0972047443049514,GRN,True,False
2016,VIC,227,McMillan,28786,IPSEN,Kathleen,2,AUC,Australian Christians,1761.0,100921.0,0.017449292020491277,AUC,False,False
2016,VIC,227,McMillan,28650,BAKER,Norman,3,RUA,Rise Up Australia Party,2786.0,100921.0,0.0276057510329862,RUA,False,False
2016,VIC,227,McMillan,28176,McADAM,Jennifer,4,AJP,Animal Justice Party,3022.0,100921.0,0.029944213790985028,AJP,False,False
2016,VIC,227,McMillan,28762,McDONALD,Jim,5,LDP,Liberal Democrats,2289.0,100921.0,0.02268110700448866,LDP,False,False
2016,VIC,227,McMillan,28901,HARDING,Nathan,6,FFP,Family First Party,3418.0,100921.0,0.03386807502898306,FFP,False,False
2016,VIC,227,McMillan,28261,BUCKINGHAM,Chris,7,ALP,Australian Labor Party,29531.0,100921.0,0.2926150157053537,ALP,True,False
2016,VIC,227,McMillan,28897,BROADBENT,Russell,8,LP,Liberal,48304.0,100921.0,0.4786318011117607,LP,True,False
2016,VIC,228,Melbourne,29089,FREEMAN-HARRISON,Lewis,1,ASXP,Australian Sex Party,3265.0,94579.0,0.03452140538597363,ASXP,False,False
2016,VIC,228,Melbourne,28260,ISMAIL,Sophie,2,ALP,Australian Labor Party,23130.0,94579.0,0.24455745990124658,ALP,True,False
2016,VIC,228,Melbourne,28926,LIU,Le,3,LP,Liberal,23878.0,94579.0,0.2524661922836993,LP,True,False
2016,VIC,228,Melbourne,28181,SMITH,Miranda Joyce,4,AJP,Animal Justice Party,1742.0,94579.0,0.018418464986942135,AJP,False,False
2016,VIC,228,Melbourne,28125,BANDT,Adam,5,GRN,The Greens,41377.0,94579.0,0.43748612271223,GRN,True,False
2016,VIC,228,Melbourne,28982,RILEY,Matt,6,DRF,Drug Law Reform,1187.0,94579.0,0.012550354729908331,DRF,False,False
2016,VIC,230,Melbourne Ports,29019,HOLLAND,Peter,1,IND,Independent,1393.0,84809.0,0.016425143557877112,IND,False,True
2016,VIC,230,Melbourne Ports,28930,GUEST,Owen,2,LP,Liberal,35533.0,84809.0,0.41897675954202973,LP,True,False
2016,VIC,230,Melbourne Ports,28182,VON DOUSSA,Henry,3,AEQ,Marriage Equality,1349.0,84809.0,0.01590633069603462,AEQ,False,False
2016,VIC,230,Melbourne Ports,28267,DANBY,Michael,4,ALP,Australian Labor Party,22897.0,84809.0,0.26998313858199013,ALP,True,False
2016,VIC,230,Melbourne Ports,28357,MYERS,John B,5,IND,Independent,425.0,84809.0,0.005011260597342263,IND,False,True
2016,VIC,230,Melbourne Ports,28184,SMYTH,Robert Millen,6,AJP,Animal Justice Party,1685.0,84809.0,0.019868174368286386,AJP,False,False
2016,VIC,230,Melbourne Ports,28126,HODGINS-MAY,Steph,7,GRN,The Greens,20179.0,84809.0,0.23793465316181064,GRN,True,False
2016,VIC,230,Melbourne Ports,29570,McKENZIE-KIRKBRIGHT,Levi,8,DRF,Drug Law Reform,1348.0,84809.0,0.015894539494629108,DRF,False,False
2016,VIC,229,Menzies,28228,HULBERT,Antony John,1,AJP,Animal Justice Party,2327.0,87257.0,0.026668347525126923,AJP,False,False
2016,VIC,229,Menzies,24767,ROBINSON,Ramon,2,IND,Independent,730.0,87257.0,0.00836609097264403,IND,False,True
2016,VIC,229,Menzies,29171,CLARK,David,3,FFP,Family First Party,2842.0,87257.0,0.0325704528003484,FFP,False,False
2016,VIC,229,Menzies,29161,ANDREWS,Kevin,4,LP,Liberal,45133.0,87257.0,0.5172421696826616,LP,True,False
2016,VIC,229,Menzies,28123,CRANSTON,Richard,5,GRN,The Greens,7921.0,87257.0,0.09077781725248404,GRN,True,False
2016,VIC,229,Menzies,28295,RUNDELL,Adam,6,ALP,Australian Labor Party,21468.0,87257.0,0.24603183698729042,ALP,True,False
2016,VIC,229,Menzies,28231,FRANKLIN,Jay,7,VEP,Voluntary Euthanasia Party,973.0,87257.0,0.01115096783066115,VEP,False,False
2016,VIC,229,Menzies,28793,MAYNE,Stephen,8,IND,Independent,5863.0,87257.0,0.06719231694878348,IND,False,True
2016,VIC,231,Murray,28406,DRUM,Damian,1,NP,The Nationals,31105.0,88016.0,0.3534016542446828,NP,True,False
2016,VIC,231,Murray,28722,BOCK,Andrew,2,IND,Independent,1467.0,88016.0,0.016667424104708235,IND,False,True
2016,VIC,231,Murray,28118,CHRISTOE,Ian,3,GRN,The Greens,3880.0,88016.0,0.04408289401926922,GRN,True,False
2016,VIC,231,Murray,28894,MCGAUCHIE,Duncan,4,LP,Liberal,28194.0,88016.0,0.3203281221596073,LP,True,False
2016,VIC,231,Murray,29016,HICKS,Nigel,5,IND,Independent,844.0,88016.0,0.009589165606253409,IND,False,True
2016,VIC,231,Murray,24221,SUMMER,Fern,6,IND,Independent,3323.0,88016.0,0.03775449918196692,IND,False,True
2016,VIC,231,Murray,28408,DAVY,Jeff,7,CEC,Citizens Electoral Council,227.0,88016.0,0.0025790765315397202,CEC,False,False
2016,VIC,231,Murray,29384,TEASDALE,Diane,8,IND,Independent,1037.0,88016.0,0.011781948736593348,IND,False,True
2016,VIC,231,Murray,28615,DANIELI,Robert,9,CYA,Australian Country Party,3556.0,88016.0,0.04040174513724777,CYA,False,False
2016,VIC,231,Murray,28266,WILLIAMS,Alan John,10,ALP,Australian Labor Party,13188.0,88016.0,0.14983639338302127,ALP,True,False
2016,VIC,231,Murray,28657,GUNASEKERA,Yasmin,11,RUA,Rise Up Australia Party,1195.0,88016.0,0.01357707689510998,RUA,False,False
2016,VIC,232,Scullin,28243,GILES,Andrew,1,ALP,Australian Labor Party,54541.0,95678.0,0.570047450824641,ALP,True,False
2016,VIC,232,Scullin,28172,MATLEN,John,2,AJP,Animal Justice Party,3387.0,95678.0,0.03539998745793181,AJP,False,False
2016,VIC,232,Scullin,28898,STOCKMAN,Melanie,3,LP,Liberal,27261.0,95678.0,0.28492443403917306,LP,True,False
2016,VIC,232,Scullin,28109,LJUBICIC,Rose,4,GRN,The Greens,7294.0,95678.0,0.07623487113024938,GRN,True,False
2016,VIC,232,Scullin,29022,BUCCIANTI,Adriana,5,DRF,Drug Law Reform,3195.0,95678.0,0.03339325654800476,DRF,False,False
2016,VIC,233,Wannon,28242,BARLING,Michael David,1,ALP,Australian Labor Party,27411.0,89255.0,0.30710884544283235,ALP,True,False
2016,VIC,233,Wannon,28104,CAMPBELL,Thomas,2,GRN,The Greens,7264.0,89255.0,0.08138479636995126,GRN,True,False
2016,VIC,233,Wannon,28918,TEHAN,Dan,3,LP,Liberal,47513.0,89255.0,0.5323287210800516,LP,True,False
2016,VIC,233,Wannon,27987,ATKINSON,Bernardine,4,IND,Independent,3019.0,89255.0,0.03382443560584841,IND,False,True
2016,VIC,233,Wannon,28461,McCLUSKEY,Michael John,5,IND,Independent,4048.0,89255.0,0.04535320150131645,IND,False,True
2016,VIC,234,Wills,28880,HONG,Kyung,1,LP,Liberal,20634.0,94108.0,0.21925872401921198,LP,True,False
2016,VIC,234,Wills,29493,BLACKWELL,Ash,2,DRF,Drug Law Reform,1287.0,94108.0,0.01367577676711863,DRF,False,False
2016,VIC,234,Wills,29011,CHELLEW,Tristram,3,ASXP,Australian Sex Party,2608.0,94108.0,0.027712840566158033,ASXP,False,False
2016,VIC,234,Wills,28100,RATNAM,Samantha,4,GRN,The Greens,29017.0,94108.0,0.3083372295660305,GRN,True,False
2016,VIC,234,Wills,29214,GILLMAN,Dougal,5,REP,Renewable Energy Party,778.0,94108.0,0.008267097377481191,REP,False,False
2016,VIC,234,Wills,28294,FULGENZI,Will,6,SEP,Socialist Equality Party,295.0,94108.0,0.0031346963063714033,SEP,False,False
2016,VIC,234,Wills,28738,ALCORN,Zane,7,SAL,Socialist Alliance,648.0,94108.0,0.0068857057848429465,SAL,False,False
2016,VIC,234,Wills,28204,SYDOW,Camille,8,AJP,Animal Justice Party,1578.0,94108.0,0.016767968716793473,AJP,False,False
2016,VIC,234,Wills,29040,TIMPANO,Francesco,9,IND,Independent,1832.0,94108.0,0.01946699536702512,IND,False,True
2016,VIC,234,Wills,28253,KHALIL,Peter,10,ALP,Australian Labor Party,35431.0,94108.0,0.3764929655289667,ALP,True,False
2016,WA,235,Brand,28420,SCOTT,Philip,1,RUA,Rise Up Australia Party,4704.0,81718.0,0.057563817029295875,RUA,False,False
2016,WA,235,Brand,29103,KING,Madeleine,2,ALP,Australian Labor Party,38803.0,81718.0,0.4748403044616853,ALP,True,False
2016,WA,235,Brand,29173,BURDETT,Robert,3,AUC,Australian Christians,2826.0,81718.0,0.03458234415918158,AUC,False,False
2016,WA,235,Brand,28303,JECKS,Dawn,4,GRN,The Greens (WA),9542.0,81718.0,0.11676741966274261,GRN,True,False
2016,WA,235,Brand,29138,BUCHANAN,Craig,5,LP,Liberal,25843.0,81718.0,0.3162461146870946,LP,True,False
2016,WA,317,Burt,28756,KEOGH,Matt,1,ALP,Australian Labor Party,39673.0,84358.0,0.4702932739040755,ALP,True,False
2016,WA,317,Burt,28297,SALMAN,Muhammad,2,GRN,The Greens (WA),6770.0,84358.0,0.0802532065719908,GRN,True,False
2016,WA,317,Burt,28781,O'SULLIVAN,Matt,3,LP,Liberal,29836.0,84358.0,0.3536831124493231,LP,True,False
2016,WA,317,Burt,29026,SPYKER,Warnar,4,AUC,Australian Christians,4345.0,84358.0,0.051506673937267364,AUC,False,False
2016,WA,317,Burt,29393,BLEVIN,Ian,5,ASP,"Shooters, Fishers and Farmers",3734.0,84358.0,0.04426373313734323,ASP,False,False
2016,WA,236,Canning,29149,TURNER,Jason,1,NP,The Nationals,3581.0,84494.0,0.04238170757686936,NP,True,False
2016,WA,236,Canning,28300,BLUNDELL-CAMDEN,Aeron,2,GRN,The Greens (WA),7388.0,84494.0,0.08743816128955902,GRN,True,False
2016,WA,236,Canning,29037,VANDER VEN,Janine Joy,3,AUC,Australian Christians,3110.0,84494.0,0.03680734726726158,AUC,False,False
2016,WA,236,Canning,29032,WINMAR,Barry,4,ALP,Australian Labor Party,27918.0,84494.0,0.3304139938930575,ALP,True,False
2016,WA,236,Canning,29036,HASTIE,Andrew,5,LP,Liberal,42497.0,84494.0,0.5029587899732525,LP,True,False
2016,WA,237,Cowan,28745,SIMPKINS,Luke,1,LP,Liberal,34405.0,81496.0,0.4221679591636399,LP,True,False
2016,WA,237,Cowan,29377,CHESTER,Jamie,2,ASP,"Shooters, Fishers and Farmers",2288.0,81496.0,0.028074997545891822,ASP,False,False
2016,WA,237,Cowan,28718,HAMILTON,Neil,3,LDP,Liberal Democrats,1096.0,81496.0,0.013448512810444685,LDP,False,False
2016,WA,237,Cowan,28323,YOUNG,Sheridan,4,GRN,The Greens (WA),6193.0,81496.0,0.07599145970354373,GRN,True,False
2016,WA,237,Cowan,28828,HOST,Rex,5,AUC,Australian Christians,2680.0,81496.0,0.03288504957298518,AUC,False,False
2016,WA,237,Cowan,28321,VENESS,Steve,6,MAP,Mature Australia,868.0,81496.0,0.010650829488563857,MAP,False,False
2016,WA,237,Cowan,28727,ALY,Anne,7,ALP,Australian Labor Party,33966.0,81496.0,0.4167811917149308,ALP,True,False
2016,WA,238,Curtin,29170,ARCHIBALD,David,1,ALA,Australian Liberty Alliance,1544.0,85764.0,0.01800289165617275,ALA,False,False
2016,WA,238,Curtin,28287,GLANCE,Viv,2,GRN,The Greens (WA),12180.0,85764.0,0.14201762977473065,GRN,True,False
2016,WA,238,Curtin,28708,CALLANAN,Melissa,3,ALP,Australian Labor Party,13476.0,85764.0,0.15712886525815029,ALP,True,False
2016,WA,238,Curtin,28329,BOULTER,Sandra,4,IND,Independent,2389.0,85764.0,0.027855510470593724,IND,False,True
2016,WA,238,Curtin,28746,BISHOP,Julie,5,LP,Liberal,56175.0,85764.0,0.6549951028403526,LP,True,False
2016,WA,312,Durack,28313,JAMES,Ian,1,GRN,The Greens (WA),7710.0,76689.0,0.10053593083753863,GRN,True,False
2016,WA,312,Durack,28513,MARTIN,Carol,2,ALP,Australian Labor Party,19860.0,76689.0,0.25896803974494387,ALP,True,False
2016,WA,312,Durack,28832,GOULD,Grahame,3,AUC,Australian Christians,1966.0,76689.0,0.025636010379585076,AUC,False,False
2016,WA,312,Durack,28476,SAMBELL,Mitchell,4,RUA,Rise Up Australia Party,2885.0,76689.0,0.037619476065667824,RUA,False,False
2016,WA,312,Durack,28566,PRICE,Melissa,5,LP,Liberal,32011.0,76689.0,0.41741318833209456,LP,True,False
2016,WA,312,Durack,29374,COLE,Lisa,6,NP,The Nationals,12257.0,76689.0,0.15982735464017003,NP,True,False
2016,WA,239,Forrest,28471,SLATER,Ross Maitland,1,IND,Independent,2896.0,84691.0,0.034194896742274855,IND,False,True
2016,WA,239,Forrest,28824,DABROWSKI,Edward,2,AUC,Australian Christians,1858.0,84691.0,0.021938576708268882,AUC,False,False
2016,WA,239,Forrest,28454,FISHLOCK,David,3,ODR,Outdoor Recreation Party (Stop The Greens),2375.0,84691.0,0.02804312146509074,ODR,False,False
2016,WA,239,Forrest,28409,WHATELY,Jennifer,4,RUA,Rise Up Australia Party,1654.0,84691.0,0.01952982016979372,RUA,False,False
2016,WA,239,Forrest,28560,MARINO,Nola,5,LP,Liberal,41869.0,84691.0,0.494373664261846,LP,True,False
2016,WA,239,Forrest,29167,PILKINGTON,Luke,6,NP,The Nationals,4306.0,84691.0,0.05084365516997084,NP,True,False
2016,WA,239,Forrest,28556,LOUD,Lorrae,7,ALP,Australian Labor Party,19596.0,84691.0,0.2313823192547024,ALP,True,False
2016,WA,239,Forrest,28286,READING,Jill,8,GRN,The Greens (WA),10137.0,84691.0,0.11969394622805257,GRN,True,False
2016,WA,240,Fremantle,28310,CONNOLLY,Mick,1,MAP,Mature Australia,2335.0,84876.0,0.027510721523163202,MAP,False,False
2016,WA,240,Fremantle,29348,JENKINS,Chris,2,SAL,Socialist Alliance,1404.0,84876.0,0.016541778594655734,SAL,False,False
2016,WA,240,Fremantle,28299,DAVIS,Kate,3,GRN,The Greens (WA),15053.0,84876.0,0.17735284414911165,GRN,True,False
2016,WA,240,Fremantle,28779,KELLY,Pierrette,4,LP,Liberal,31292.0,84876.0,0.36867901409114473,LP,True,False
2016,WA,240,Fremantle,28752,WILSON,Josh,5,ALP,Australian Labor Party,34792.0,84876.0,0.4099156416419247,ALP,True,False
2016,WA,305,Hasluck,28749,WYATT,Ken,1,LP,Liberal,36519.0,81251.0,0.4494590835805098,LP,True,False
2016,WA,305,Hasluck,28296,HYSLOP,Patrick,2,GRN,The Greens (WA),10283.0,81251.0,0.12655844235763253,GRN,True,False
2016,WA,305,Hasluck,28719,LEADBETTER,Bill,3,ALP,Australian Labor Party,28652.0,81251.0,0.35263565986880163,ALP,True,False
2016,WA,305,Hasluck,28836,TWISS,Phil,4,AUC,Australian Christians,2798.0,81251.0,0.03443649924308624,AUC,False,False
2016,WA,305,Hasluck,28411,BARNARD,Henry John,5,RUA,Rise Up Australia Party,2999.0,81251.0,0.036910314949969845,RUA,False,False
2016,WA,242,Moore,28720,GOODENOUGH,Ian,1,LP,Liberal,48133.0,87545.0,0.5498086698269461,LP,True,False
2016,WA,242,Moore,28285,LINDLEY,Daniel,2,GRN,The Greens (WA),11100.0,87545.0,0.1267919355759895,GRN,True,False
2016,WA,242,Moore,28819,GROENEWALD,Maryka,3,AUC,Australian Christians,3194.0,87545.0,0.036484093894568505,AUC,False,False
2016,WA,242,Moore,28712,WALKER,Tony,4,ALP,Australian Labor Party,25118.0,87545.0,0.2869153007024959,ALP,True,False
2016,WA,243,O'Connor,28941,WILSON,Rick,1,LP,Liberal,37092.0,86934.0,0.42666850714335014,LP,True,False
2016,WA,243,O'Connor,29412,HASSELL,John,2,NP,The Nationals,15936.0,86934.0,0.18331147767271724,NP,True,False
2016,WA,243,O'Connor,28943,YOUNG,Trevor,3,AUC,Australian Christians,3496.0,86934.0,0.04021441553362321,AUC,False,False
2016,WA,243,O'Connor,28934,FORD,Jon,4,ALP,Australian Labor Party,18190.0,86934.0,0.2092391929509743,ALP,True,False
2016,WA,243,O'Connor,28417,CARSON,Stephen,5,RUA,Rise Up Australia Party,3207.0,86934.0,0.036890054524121745,RUA,False,False
2016,WA,243,O'Connor,28315,WATSON,Giz,6,GRN,The Greens (WA),9013.0,86934.0,0.10367635217521338,GRN,True,False
2016,WA,244,Pearce,28700,PORTER,Christian,1,LP,Liberal,39551.0,87032.0,0.4544420443055428,LP,True,False
2016,WA,244,Pearce,28681,FRENCH,Thomas,2,ALP,Australian Labor Party,29809.0,87032.0,0.3425062046143947,ALP,True,False
2016,WA,244,Pearce,28301,MILES,Lee-Anne,3,GRN,The Greens (WA),9543.0,87032.0,0.10964932438643257,GRN,True,False
2016,WA,244,Pearce,29185,SIMMONDS,Maddison,4,NP,The Nationals,4080.0,87032.0,0.046879308759996324,NP,True,False
2016,WA,244,Pearce,28410,SAMURIWO-VUNTARDE,Taffy,5,RUA,Rise Up Australia Party,4049.0,87032.0,0.046523117933633604,RUA,False,False
2016,WA,245,Perth,28755,QUINN,Jeremy,1,LP,Liberal,35381.0,83631.0,0.4230608267269314,LP,True,False
2016,WA,245,Perth,28302,CLIFFORD,Tim,2,GRN,The Greens (WA),14272.0,83631.0,0.17065442240317585,GRN,True,False
2016,WA,245,Perth,28724,HAMMOND,Tim,3,ALP,Australian Labor Party,31248.0,83631.0,0.37364135308677404,ALP,True,False
2016,WA,245,Perth,28021,CHAMBERS,Andrew David,4,SOL,Online Direct Democracy - (Empowering the People!),1300.0,83631.0,0.01554447513481843,SOL,False,False
2016,WA,245,Perth,28703,WALMSLEY,Mark Robert,5,LDP,Liberal Democrats,1430.0,83631.0,0.01709892264830027,LDP,False,False
2016,WA,246,Stirling,24951,MUBARAK,Kim,1,IND,Independent,2172.0,82891.0,0.02620308598038388,IND,False,True
2016,WA,246,Stirling,28412,ROWE,Alison L,2,RUA,Rise Up Australia Party,1361.0,82891.0,0.01641915286339892,RUA,False,False
2016,WA,246,Stirling,28758,KEENAN,Michael,3,LP,Liberal,40991.0,82891.0,0.4945168956822816,LP,True,False
2016,WA,246,Stirling,28838,HOST,Kevin,4,AUC,Australian Christians,2019.0,82891.0,0.02435728848729054,AUC,False,False
2016,WA,246,Stirling,28307,WEBSTER,Tom,5,GRN,The Greens (WA),9679.0,82891.0,0.11676780350098322,GRN,True,False
2016,WA,246,Stirling,28731,PEARSON,Robert,6,ALP,Australian Labor Party,26669.0,82891.0,0.3217357734856619,ALP,True,False
2016,WA,247,Swan,28312,NIELSEN-HARVEY,Sarah,1,GRN,The Greens (WA),12227.0,81402.0,0.15020515466450457,GRN,True,False
2016,WA,247,Swan,28840,KLOMP,Steve,2,AUC,Australian Christians,3086.0,81402.0,0.03791061644677035,AUC,False,False
2016,WA,247,Swan,28739,SOLONEC,Tammy,3,ALP,Australian Labor Party,26869.0,81402.0,0.330077885064249,ALP,True,False
2016,WA,247,Swan,28766,IRONS,Steve,4,LP,Liberal,39220.0,81402.0,0.48180634382447607,LP,True,False
2016,WA,248,Tangney,23853,JENSEN,Dennis Geoffrey,1,IND,Independent,9924.0,83565.0,0.11875785316819243,IND,False,True
2016,WA,248,Tangney,28847,WIESKE,John,2,AUC,Australian Christians,2819.0,83565.0,0.033734218871537124,AUC,False,False
2016,WA,248,Tangney,28314,KERR,Thor,3,GRN,The Greens (WA),10353.0,83565.0,0.12389158140369771,GRN,True,False
2016,WA,248,Tangney,28742,BOSWELL,Marion,4,ALP,Australian Labor Party,19679.0,83565.0,0.23549332854664035,ALP,True,False
2016,WA,248,Tangney,28771,MORTON,Ben,5,LP,Liberal,40790.0,83565.0,0.4881230180099324,LP,True,False
2019,ACT,318,Bean,33426,FAULKNER,Therese,1,AUP,Australian Progressives,2722.0,92939.0,0.0292880276310268,AUP,False,False
2019,ACT,318,Bean,32130,CHRISTIE,Jamie,2,IND,Independent,7683.0,92939.0,0.0826671257491473,IND,False,True
2019,ACT,318,Bean,33391,RUSHTON,Ben,3,GAP,The Great Australian Party,929.0,92939.0,0.009995803699200551,GAP,False,False
2019,ACT,318,Bean,32921,DONNELLY,Matt,4,LDP,Liberal Democrats,2540.0,92939.0,0.02732975392461722,LDP,False,False
2019,ACT,318,Bean,32261,HANLEY,Tony,5,UAPP,United Australia Party,2227.0,92939.0,0.023961953539418327,UAPP,False,False
2019,ACT,318,Bean,33397,COCKS,Ed,6,LP,Liberal,29223.0,92939.0,0.314432046826413,LP,True,False
2019,ACT,318,Bean,32253,SMITH,David,7,ALP,Australian Labor Party,35447.0,92939.0,0.38140070368736484,ALP,True,False
2019,ACT,318,Bean,32405,DAVIS,Johnathan,8,GRN,The Greens,12168.0,92939.0,0.13092458494281195,GRN,True,False
2019,ACT,101,Canberra,32830,BOHM,Tim,1,IND,Independent,4062.0,86403.0,0.04701225651887087,IND,False,True
2019,ACT,101,Canberra,32233,PAYNE,Alicia,2,ALP,Australian Labor Party,34989.0,86403.0,0.40495121697163294,ALP,True,False
2019,ACT,101,Canberra,32402,HOLLO,Tim,3,GRN,The Greens,20144.0,86403.0,0.23314005300741872,GRN,True,False
2019,ACT,101,Canberra,32881,ZAKI,Mina,4,LP,Liberal,24063.0,86403.0,0.27849727440019445,LP,True,False
2019,ACT,101,Canberra,32927,KNIGHT,Robert John,5,AUP,Australian Progressives,1784.0,86403.0,0.02064743122345289,AUP,False,False
2019,ACT,101,Canberra,32260,DE MAINE,Greg,6,UAPP,United Australia Party,1361.0,86403.0,0.015751767878430148,UAPP,False,False
2019,ACT,102,Fenner,32270,HODGSON,Glen J,1,UAPP,United Australia Party,3529.0,86633.0,0.040735054771276535,UAPP,False,False
2019,ACT,102,Fenner,32888,RATLHAGANE,Kagiso,2,AUP,Australian Progressives,1723.0,86633.0,0.019888495146191405,AUP,False,False
2019,ACT,102,Fenner,32406,BRADDOCK,Andrew,3,GRN,The Greens,12492.0,86633.0,0.1441944755462699,GRN,True,False
2019,ACT,102,Fenner,32258,LEIGH,Andrew,4,ALP,Australian Labor Party,38864.0,86633.0,0.44860503503283966,ALP,True,False
2019,ACT,102,Fenner,32861,CASTLEY,Leanne,5,LP,Liberal,30025.0,86633.0,0.3465769395034225,LP,True,False
2019,NSW,103,Banks,33334,COLEMAN,David,1,LP,Liberal,46709.0,91730.0,0.5092009157309495,LP,True,False
2019,NSW,103,Banks,32640,DRAGONE,Gianluca,2,GRN,The Greens,5339.0,91730.0,0.0582034230895018,GRN,True,False
2019,NSW,103,Banks,32664,GAMBIAN,Chris,3,ALP,Labor,33341.0,91730.0,0.363468876049275,ALP,True,False
2019,NSW,103,Banks,32783,WRIGHT,Reginald Keith,4,UAPP,United Australia Party,2029.0,91730.0,0.02211926305461681,UAPP,False,False
2019,NSW,103,Banks,33215,THAKUR,Anjali,5,AJP,Animal Justice Party,1688.0,91730.0,0.01840183146189905,AJP,False,False
2019,NSW,103,Banks,33538,HO,Ki Man,6,CDP,Christian Democratic Party (Fred Nile Group),2624.0,91730.0,0.028605690613757766,CDP,False,False
2019,NSW,104,Barton,32681,BURNEY,Linda,1,ALP,Labor,44227.0,89907.0,0.4919194278532261,ALP,True,False
2019,NSW,104,Barton,33269,SHRESTHA,Pramej,2,LP,Liberal,30109.0,89907.0,0.33489049795900205,LP,True,False
2019,NSW,104,Barton,32855,LIU,Ben Tung,3,UAPP,United Australia Party,2057.0,89907.0,0.02287919739286151,UAPP,False,False
2019,NSW,104,Barton,33522,SUSILO,Sonny,4,CDP,Christian Democratic Party (Fred Nile Group),2103.0,89907.0,0.023390837198438385,CDP,False,False
2019,NSW,104,Barton,32651,PARISSIS,Connor,5,GRN,The Greens,8123.0,89907.0,0.09034891610219449,GRN,True,False
2019,NSW,104,Barton,32365,POLLARD,Phillip,6,ON,Pauline Hanson's One Nation,3288.0,89907.0,0.03657112349427742,ON,False,False
2019,NSW,105,Bennelong,32637,OWLER,Brian,1,ALP,Labor,32769.0,96305.0,0.3402627070245574,ALP,True,False
2019,NSW,105,Bennelong,32805,MARKS,Andrew,2,UAPP,United Australia Party,1890.0,96305.0,0.01962514926535486,UAPP,False,False
2019,NSW,105,Bennelong,33140,ALEXANDER,John,3,LP,Liberal,48942.0,96305.0,0.5081979128809512,LP,True,False
2019,NSW,105,Bennelong,32585,ZHANG,Qiu Yue,4,GRN,The Greens,9116.0,96305.0,0.09465759825554229,GRN,True,False
2019,NSW,105,Bennelong,33462,WORSLEY,Julie,5,CDP,Christian Democratic Party (Fred Nile Group),3588.0,96305.0,0.03725663257359431,CDP,False,False
2019,NSW,106,Berowra,32707,TAN,Monica,1,GRN,The Greens,11157.0,93947.0,0.1187584489126848,GRN,True,False
2019,NSW,106,Berowra,33171,LEESER,Julian,2,LP,Liberal,53741.0,93947.0,0.572035296496961,LP,True,False
2019,NSW,106,Berowra,32885,McLACHLAN,Craig Steven,3,UAPP,United Australia Party,1576.0,93947.0,0.01677541592600083,UAPP,False,False
2019,NSW,106,Berowra,32420,CLARKE,Brendan Michael,4,FUT,Science Party,1465.0,93947.0,0.015593898687557879,FUT,False,False
2019,NSW,106,Berowra,33470,TAYLOR,Simon Alan,5,CDP,Christian Democratic Party (Fred Nile Group),2163.0,93947.0,0.023023619700469414,CDP,False,False
2019,NSW,106,Berowra,27974,WOODWARD,Roger,6,IND,Independent,495.0,93947.0,0.005268928225488839,IND,False,True
2019,NSW,106,Berowra,17744,GALLAGHER,Mick,7,IND,Independent,2104.0,93947.0,0.022395606033188926,IND,False,True
2019,NSW,106,Berowra,32652,GOMPERTZ,Katie,8,ALP,Labor,19821.0,93947.0,0.21098065930790766,ALP,True,False
2019,NSW,106,Berowra,32626,THOMAS,Justin,9,SPP,Sustainable Australia,1425.0,93947.0,0.015168126709740598,SPP,False,False
2019,NSW,107,Blaxland,33471,ROWE,Veronica,1,CDP,Christian Democratic Party (Fred Nile Group),4173.0,80808.0,0.05164092664092664,CDP,False,False
2019,NSW,107,Blaxland,33320,GUNEY,Oz,2,LP,Liberal,23289.0,80808.0,0.2882016632016632,LP,True,False
2019,NSW,107,Blaxland,32645,CLARE,Jason,3,ALP,Labor,46689.0,80808.0,0.5777769527769527,ALP,True,False
2019,NSW,107,Blaxland,32806,ASHRAF,Nadeem,4,UAPP,United Australia Party,2328.0,80808.0,0.02880902880902881,UAPP,False,False
2019,NSW,107,Blaxland,32612,ROONEY,James,5,GRN,The Greens,4329.0,80808.0,0.05357142857142857,GRN,True,False
2019,NSW,108,Bradfield,32639,ADAMS,Tony,1,GRN,The Greens,13177.0,96143.0,0.13705625994612192,GRN,True,False
2019,NSW,108,Bradfield,33227,FLETCHER,Paul,2,LP,Liberal,58007.0,96143.0,0.6033408568486526,LP,True,False
2019,NSW,108,Bradfield,32798,VERSACE,Marcus,3,UAPP,United Australia Party,1772.0,96143.0,0.018430879003151556,UAPP,False,False
2019,NSW,108,Bradfield,32703,MOLLOY,Stephen,4,SPP,Sustainable Australia,2826.0,96143.0,0.029393715611120936,SPP,False,False
2019,NSW,108,Bradfield,32658,HAVILAND,Chris,5,ALP,Labor,20361.0,96143.0,0.21177828859095307,ALP,True,False
2019,NSW,109,Calare,32259,ROMANO,Sam,1,ASP,"Shooters, Fishers and Farmers",18129.0,104288.0,0.1738359159251304,ASP,False,False
2019,NSW,109,Calare,33476,CHEN,Shuyi,2,CDP,Christian Democratic Party (Fred Nile Group),1992.0,104288.0,0.01910095121202823,CDP,False,False
2019,NSW,109,Calare,32711,JENNINGS,Jess,3,ALP,Labor,23074.0,104288.0,0.22125268487266034,ALP,True,False
2019,NSW,109,Calare,32850,CAMERON,Beverley T.,4,UAPP,United Australia Party,3371.0,104288.0,0.0323239490641301,UAPP,False,False
2019,NSW,109,Calare,32494,GEE,Andrew,5,NP,The Nationals,46632.0,104288.0,0.44714636391531143,NP,True,False
2019,NSW,109,Calare,32787,BISGROVE,Stephen,6,LDP,Liberal Democrats,4775.0,104288.0,0.0457866676894753,LDP,False,False
2019,NSW,109,Calare,32591,LUKE,Stephanie,7,GRN,The Greens,6315.0,104288.0,0.06055346732126419,GRN,True,False
2019,NSW,111,Chifley,33498,GREEN,Josh,1,CDP,Christian Democratic Party (Fred Nile Group),5859.0,91006.0,0.06438037052502033,CDP,False,False
2019,NSW,111,Chifley,24190,KHAN,Ammar Aziz,2,IND,Independent,1581.0,91006.0,0.017372480935322947,IND,False,True
2019,NSW,111,Chifley,32827,O'CONNOR,Joseph Oscar,3,UAPP,United Australia Party,4133.0,91006.0,0.045414588049139615,UAPP,False,False
2019,NSW,111,Chifley,32620,ROBERTSON,Brent John,4,GRN,The Greens,4604.0,91006.0,0.0505900709843307,GRN,True,False
2019,NSW,111,Chifley,33181,CHETTIPALLY,Livingston,5,LP,Liberal,25411.0,91006.0,0.27922334791112674,LP,True,False
2019,NSW,111,Chifley,32680,HUSIC,Ed,6,ALP,Labor,49418.0,91006.0,0.5430191415950597,ALP,True,False
2019,NSW,112,Cook,33135,MORRISON,Scott,1,LP,Liberal,59895.0,94023.0,0.6370249832487795,LP,True,False
2019,NSW,112,Cook,33540,KELLY,Peter,2,FACN,FRASER ANNING'S CONSERVATIVE NATIONAL PARTY,551.0,94023.0,0.005860268232241048,FACN,False,False
2019,NSW,112,Cook,32745,O'BRIEN,Simon,3,ALP,Labor,21718.0,94023.0,0.23098603533178053,ALP,True,False
2019,NSW,112,Cook,32401,CAMERON,Gaye,4,ON,Pauline Hanson's One Nation,3277.0,94023.0,0.034853174223328336,ON,False,False
2019,NSW,112,Cook,32621,DOIG,Jon,5,GRN,The Greens,6406.0,94023.0,0.06813226550950299,GRN,True,False
2019,NSW,112,Cook,33523,BOLLING,Roger,6,CDP,Christian Democratic Party (Fred Nile Group),1041.0,94023.0,0.01107175903768227,CDP,False,False
2019,NSW,112,Cook,32872,McSWEYN,John Neil,7,UAPP,United Australia Party,1135.0,94023.0,0.012071514416685278,UAPP,False,False
2019,NSW,113,Cowper,33503,MEADS,Ruth,1,CDP,Christian Democratic Party (Fred Nile Group),2383.0,105528.0,0.02258168448184368,CDP,False,False
2019,NSW,113,Cowper,32446,CONAGHAN,Pat,2,NP,The Nationals,49668.0,105528.0,0.47066181487377756,NP,True,False
2019,NSW,113,Cowper,33277,STEWART,Alexander,3,UAPP,United Australia Party,3188.0,105528.0,0.030209991660980973,UAPP,False,False
2019,NSW,113,Cowper,32606,WOODWARD,Andrew,4,ALP,Labor,14551.0,105528.0,0.1378875748616481,ALP,True,False
2019,NSW,113,Cowper,29558,OAKESHOTT,Robert,5,IND,Independent,25847.0,105528.0,0.2449302554772193,IND,False,True
2019,NSW,113,Cowper,33233,EDWARDS,Lauren,6,GRN,The Greens,6264.0,105528.0,0.05935865362747328,GRN,True,False
2019,NSW,113,Cowper,33314,PEARCE,Kellie,7,AJP,Animal Justice Party,2176.0,105528.0,0.02062011977863695,AJP,False,False
2019,NSW,113,Cowper,32366,GREEN,Allan,8,IND,Independent,1451.0,105528.0,0.013749905238420134,IND,False,True
2019,NSW,114,Cunningham,33210,ATLEE,Chris,1,LP,Liberal,31177.0,100677.0,0.3096735103350318,LP,True,False
2019,NSW,114,Cunningham,32581,HUXTABLE,Rowan,2,GRN,The Greens,15196.0,100677.0,0.15093814873307707,GRN,True,False
2019,NSW,114,Cunningham,32636,BIRD,Sharon,3,ALP,Labor,46923.0,100677.0,0.4660746744539468,ALP,True,False
2019,NSW,114,Cunningham,32234,FLANAGAN,John,4,NCP,Non-Custodial Parents Party (Equal Parenting),1213.0,100677.0,0.012048432114584265,NCP,True,False
2019,NSW,114,Cunningham,32550,GILL,John,5,SPP,Sustainable Australia,2340.0,100677.0,0.023242647277928425,SPP,False,False
2019,NSW,114,Cunningham,32810,YOUNGER,Grace Louise,6,UAPP,United Australia Party,3828.0,100677.0,0.03802258708543163,UAPP,False,False
2019,NSW,115,Dobell,32822,HARPLEY-CARR,Aaron Gregory,1,UAPP,United Australia Party,5411.0,101453.0,0.053335041842035226,UAPP,False,False
2019,NSW,115,Dobell,33525,GRUNDY,Paula,2,CDP,Christian Democratic Party (Fred Nile Group),1868.0,101453.0,0.01841246685657398,CDP,False,False
2019,NSW,115,Dobell,33134,PILON,Jilly,3,LP,Liberal,41326.0,101453.0,0.4073413304682957,LP,True,False
2019,NSW,115,Dobell,32576,RICKARD,Scott,4,GRN,The Greens,7579.0,101453.0,0.07470454299035022,GRN,True,False
2019,NSW,115,Dobell,32669,McBRIDE,Emma,5,ALP,Labor,42093.0,101453.0,0.41490148147418016,ALP,True,False
2019,NSW,115,Dobell,28011,STEPHENSON,Gregory Francis,6,IND,Independent,3176.0,101453.0,0.03130513636856475,IND,False,True
2019,NSW,117,Eden-Monaro,32831,KELLY,Mike,1,ALP,Labor,38878.0,99259.0,0.39168236633453896,ALP,True,False
2019,NSW,117,Eden-Monaro,33136,KOTVOJS,Fiona,2,LP,Liberal,36732.0,99259.0,0.370062160610121,LP,True,False
2019,NSW,117,Eden-Monaro,32687,McGINLAY,Pat,3,GRN,The Greens,8715.0,99259.0,0.08780060246426016,GRN,True,False
2019,NSW,117,Eden-Monaro,32082,SHELDON,David William,4,IND,Independent,2247.0,99259.0,0.02263774569560443,IND,False,True
2019,NSW,117,Eden-Monaro,32482,WADE,Sophie,5,NP,The Nationals,6899.0,99259.0,0.06950503228926344,NP,True,False
2019,NSW,117,Eden-Monaro,33535,HARRIS,Thomas,6,CDP,Christian Democratic Party (Fred Nile Group),1157.0,99259.0,0.011656373729334368,CDP,False,False
2019,NSW,117,Eden-Monaro,32889,SINGH,Chandra,7,UAPP,United Australia Party,2748.0,99259.0,0.027685146938816633,UAPP,False,False
2019,NSW,117,Eden-Monaro,33513,HOLGATE,James,8,IND,Independent,1883.0,99259.0,0.018970571938061034,IND,False,True
2019,NSW,118,Farrer,33253,LEY,Sussan,1,LP,Liberal,49316.0,97249.0,0.5071106129626012,LP,True,False
2019,NSW,118,Farrer,32917,HAMILTON,Ross,2,SPP,Sustainable Australia,1429.0,97249.0,0.014694238501167108,SPP,False,False
2019,NSW,118,Farrer,32914,DRABSCH,Kieran,3,ALP,Labor,14236.0,97249.0,0.14638710937901675,ALP,True,False
2019,NSW,118,Farrer,32845,MACK,Kevin Francis,4,IND,Independent,19926.0,97249.0,0.20489670844944421,IND,False,True
2019,NSW,118,Farrer,33480,LANGFIELD,Philip,5,CDP,Christian Democratic Party (Fred Nile Group),1327.0,97249.0,0.013645384528375612,CDP,False,False
2019,NSW,118,Farrer,32908,ELLIS,Mark,6,LDP,Liberal Democrats,1084.0,97249.0,0.011146644181431171,LDP,False,False
2019,NSW,118,Farrer,29044,MILLS,Brian,7,IND,Independent,1255.0,97249.0,0.012905017018169852,IND,False,True
2019,NSW,118,Farrer,32901,ROSE,Michael Hunter,8,UAPP,United Australia Party,4147.0,97249.0,0.042643112011434565,UAPP,False,False
2019,NSW,118,Farrer,32880,MOSS,Dean,9,GRN,The Greens,4529.0,97249.0,0.046571172968359574,GRN,True,False
2019,NSW,119,Fowler,33528,MOCANU,Francesca,1,CDP,Christian Democratic Party (Fred Nile Group),4643.0,83664.0,0.055495792694587875,CDP,False,False
2019,NSW,119,Fowler,32853,HAYES,Chris,2,ALP,Labor,45627.0,83664.0,0.5453600114744693,ALP,True,False
2019,NSW,119,Fowler,32900,JABBOUR,Joshua,3,UAPP,United Australia Party,3624.0,83664.0,0.04331612162937464,UAPP,False,False
2019,NSW,119,Fowler,32646,LEE,Seamus,4,GRN,The Greens,4633.0,83664.0,0.055376266972652514,GRN,True,False
2019,NSW,119,Fowler,33321,BLEWITT,Wayne,5,LP,Liberal,25137.0,83664.0,0.3004518072289157,LP,True,False
2019,NSW,120,Gilmore,33541,McCALLUM,Carmel Mary,1,GRN,The Greens,10740.0,107677.0,0.0997427491479146,GRN,True,False
2019,NSW,120,Gilmore,33240,SCHULTZ,Grant,2,IND,Independent,7585.0,107677.0,0.07044215570641826,IND,False,True
2019,NSW,120,Gilmore,32851,LESLIGHT,Milton,3,UAPP,United Australia Party,3638.0,107677.0,0.03378623104284109,UAPP,False,False
2019,NSW,120,Gilmore,32772,PHILLIPS,Fiona,4,ALP,Labor,38972.0,107677.0,0.3619343035188573,ALP,True,False
2019,NSW,120,Gilmore,33484,KOLUKULAPALLY,Serah,5,CDP,Christian Democratic Party (Fred Nile Group),1853.0,107677.0,0.01720887469004523,CDP,False,False
2019,NSW,120,Gilmore,32437,HODGKINSON,Katrina,6,NP,The Nationals,13462.0,107677.0,0.12502205670663188,NP,True,False
2019,NSW,120,Gilmore,33197,MUNDINE,Warren,7,LP,Liberal,31427.0,107677.0,0.29186362918729164,LP,True,False
2019,NSW,121,Grayndler,32661,MORELLO,Majella,1,FUT,Science Party,2613.0,95814.0,0.02727158870311228,FUT,False,False
2019,NSW,121,Grayndler,33114,HENDERSON,Derek,2,LP,Liberal,20846.0,95814.0,0.21756737011292712,LP,True,False
2019,NSW,121,Grayndler,32799,KING-ORSBORN,Paris,3,UAPP,United Australia Party,1155.0,95814.0,0.01205460579873505,UAPP,False,False
2019,NSW,121,Grayndler,32596,CASEY,Jim,4,GRN,The Greens,21607.0,95814.0,0.2255098419855136,GRN,True,False
2019,NSW,121,Grayndler,32691,ALBANESE,Anthony,5,ALP,Labor,48728.0,95814.0,0.5085686851608324,ALP,True,False
2019,NSW,121,Grayndler,33499,CAO,Gui Dong,6,CDP,Christian Democratic Party (Fred Nile Group),865.0,95814.0,0.009027908238879495,CDP,False,False
2019,NSW,122,Greenway,32553,McFARLAND,Graham,1,ABFA,Australian Better Families,2072.0,95507.0,0.02169474488780927,ABFA,False,False
2019,NSW,122,Greenway,32747,ATKINS,Damien,2,GRN,The Greens,5256.0,95507.0,0.055032615410388765,GRN,True,False
2019,NSW,122,Greenway,33184,GREEN,Allan,3,LP,Liberal,38759.0,95507.0,0.4058236569047295,LP,True,False
2019,NSW,122,Greenway,32761,ROWLAND,Michelle,4,ALP,Labor,43901.0,95507.0,0.4596626425288199,ALP,True,False
2019,NSW,122,Greenway,32840,FEENEY,Scott Daniel,5,UAPP,United Australia Party,2853.0,95507.0,0.02987215596762541,UAPP,False,False
2019,NSW,122,Greenway,33505,RAJADURAI,Osbourn Inparajah,6,CDP,Christian Democratic Party (Fred Nile Group),2666.0,95507.0,0.027914184300627178,CDP,False,False
2019,NSW,124,Hughes,33229,KELLY,Craig,1,LP,Liberal,50763.0,95491.0,0.5315998366338189,LP,True,False
2019,NSW,124,Hughes,32625,SHAKESPEARE,Mitchell,2,GRN,The Greens,6631.0,95491.0,0.0694410991611775,GRN,True,False
2019,NSW,124,Hughes,33125,CONSTABLE,Gae,3,AJP,Animal Justice Party,2439.0,95491.0,0.025541674084468693,AJP,False,False
2019,NSW,124,Hughes,32863,KEEP,Terrance,4,UAPP,United Australia Party,2366.0,95491.0,0.024777204134421044,UAPP,False,False
2019,NSW,124,Hughes,32788,STEINWALL,Diedree,5,ALP,Labor,29088.0,95491.0,0.3046150946162466,ALP,True,False
2019,NSW,124,Hughes,33413,BRYAN,Matt,6,IND,Independent,1988.0,95491.0,0.02081871589992774,IND,False,True
2019,NSW,124,Hughes,33534,LIU,Leo-Ning,7,CDP,Christian Democratic Party (Fred Nile Group),2216.0,95491.0,0.023206375469939575,CDP,False,False
2019,NSW,125,Hume,32685,CHAMPION,Aoife,1,ALP,Labor,27223.0,102442.0,0.26574061420120654,ALP,True,False
2019,NSW,125,Hume,32774,ABDO,Lynda,2,UAPP,United Australia Party,4939.0,102442.0,0.04821264715643974,UAPP,False,False
2019,NSW,125,Hume,33570,HARGRAVES,Tanya,3,FACN,FRASER ANNING'S CONSERVATIVE NATIONAL PARTY,2493.0,102442.0,0.02433572167665606,FACN,False,False
2019,NSW,125,Hume,33130,TAYLOR,Angus,4,LP,Liberal,54589.0,102442.0,0.5328771402354503,LP,True,False
2019,NSW,125,Hume,32582,POWELL,David,5,GRN,The Greens,5224.0,102442.0,0.05099470920130415,GRN,True,False
2019,NSW,125,Hume,33560,KINGSTON,Huw Mostyn,6,IND,Independent,6068.0,102442.0,0.05923351750258683,IND,False,True
2019,NSW,125,Hume,33481,NEBAUER,Ian Stanley,7,CDP,Christian Democratic Party (Fred Nile Group),1906.0,102442.0,0.018605650026356377,CDP,False,False
2019,NSW,126,Hunter,32415,BONDS,Stuart,1,ON,Pauline Hanson's One Nation,22029.0,102026.0,0.2159155509379962,ON,False,False
2019,NSW,126,Hunter,32439,ANGUS,Josh,2,NP,The Nationals,23942.0,102026.0,0.2346656734557858,NP,True,False
2019,NSW,126,Hunter,33220,MURPHY,James,3,AJP,Animal Justice Party,3267.0,102026.0,0.032021249485425285,AJP,False,False
2019,NSW,126,Hunter,32813,DAVIES,Paul,4,UAPP,United Australia Party,4407.0,102026.0,0.04319487189539921,UAPP,False,False
2019,NSW,126,Hunter,32572,MURRAY,Janet,5,GRN,The Greens,7007.0,102026.0,0.06867857212867308,GRN,True,False
2019,NSW,126,Hunter,33486,STRETTON,Richard,6,CDP,Christian Democratic Party (Fred Nile Group),2356.0,102026.0,0.023092152980612787,CDP,False,False
2019,NSW,126,Hunter,32627,FITZGIBBON,Joel,7,ALP,Labor,38331.0,102026.0,0.37569835140062335,ALP,True,False
2019,NSW,126,Hunter,32563,BODDY,Max,8,SEP,Socialist Equality Party,687.0,102026.0,0.006733577715484288,SEP,False,False
2019,NSW,127,Kingsford Smith,32599,CRUZ,James,1,GRN,The Greens,11418.0,94376.0,0.12098414851233365,GRN,True,False
2019,NSW,127,Kingsford Smith,33517,MANSON,Adrian,2,CDP,Christian Democratic Party (Fred Nile Group),1359.0,94376.0,0.014399847418835297,CDP,False,False
2019,NSW,127,Kingsford Smith,32856,THISTLETHWAITE,Matt,3,ALP,Labor,42629.0,94376.0,0.45169322709163345,ALP,True,False
2019,NSW,127,Kingsford Smith,32771,CAMPBELL,Petra,4,SPP,Sustainable Australia,1346.0,94376.0,0.014262100534034077,SPP,False,False
2019,NSW,127,Kingsford Smith,32672,JANSSON,James,5,FUT,Science Party,1595.0,94376.0,0.016900483173688224,FUT,False,False
2019,NSW,127,Kingsford Smith,32882,WATSON,Adam Bruce,6,UAPP,United Australia Party,1649.0,94376.0,0.017472662541324065,UAPP,False,False
2019,NSW,127,Kingsford Smith,33248,WILMOT,Amanda,7,LP,Liberal,34380.0,94376.0,0.36428753072815123,LP,True,False
2019,NSW,128,Lindsay,33355,LEES,Brandon,1,FACN,FRASER ANNING'S CONSERVATIVE NATIONAL PARTY,2374.0,97403.0,0.024372965925074177,FACN,False,False
2019,NSW,128,Lindsay,32732,BEAMER,Diane,2,ALP,Labor,34690.0,97403.0,0.35614919458332905,ALP,True,False
2019,NSW,128,Lindsay,33142,McINTOSH,Melissa,3,LP,Liberal,45247.0,97403.0,0.4645339465930208,LP,True,False
2019,NSW,128,Lindsay,32675,BEST,Nick,4,GRN,The Greens,4781.0,97403.0,0.04908473044978081,GRN,True,False
2019,NSW,128,Lindsay,32837,BUTTEL,Christopher,5,UAPP,United Australia Party,2831.0,97403.0,0.02906481319877211,UAPP,False,False
2019,NSW,128,Lindsay,33119,TYNDALL,Mark,6,IND,Independent,2785.0,97403.0,0.02859254848413293,IND,False,True
2019,NSW,128,Lindsay,32710,BROWN,Geoff,7,SPP,Sustainable Australia,1326.0,97403.0,0.013613543730685913,SPP,False,False
2019,NSW,128,Lindsay,33509,MOODY-BASEDOW,Mark K.C.,8,CDP,Christian Democratic Party (Fred Nile Group),1997.0,97403.0,0.020502448589879162,CDP,False,False
2019,NSW,128,Lindsay,32148,SALEAM,Jim,9,AFN,Australia First Party,1372.0,97403.0,0.014085808445325093,AFN,False,False
2019,NSW,130,Lyne,33352,COSTA,Phil,1,ALP,Labor,24371.0,101180.0,0.24086776042696184,ALP,True,False
2019,NSW,130,Lyne,33342,GILLESPIE,David,2,NP,The Nationals,49934.0,101180.0,0.49351650523818935,NP,True,False
2019,NSW,130,Lyne,33358,BOURKE,Garry,3,UAPP,United Australia Party,4098.0,101180.0,0.04050207550899387,UAPP,False,False
2019,NSW,130,Lyne,33582,GOLDSPRING,Ryan Frederick,4,FACN,FRASER ANNING'S CONSERVATIVE NATIONAL PARTY,1986.0,101180.0,0.019628385056335244,FACN,False,False
2019,NSW,130,Lyne,33396,McCRAE,Dean,5,LDP,Liberal Democrats,5864.0,101180.0,0.05795611780984384,LDP,False,False
2019,NSW,130,Lyne,32139,CARUANA,Ed,6,AWP,Australian Workers Party,1676.0,101180.0,0.01656453844633327,AWP,False,False
2019,NSW,130,Lyne,33649,MILLER,Jeremy John,7,IND,Independent,5169.0,101180.0,0.051087171377742636,IND,False,True
2019,NSW,130,Lyne,33482,ZHAO,Catherine,8,CDP,Christian Democratic Party (Fred Nile Group),1493.0,101180.0,0.014755880608815972,CDP,False,False
2019,NSW,130,Lyne,33338,WATSON,Stuart,9,GRN,The Greens,6589.0,101180.0,0.06512156552678396,GRN,True,False
2019,NSW,131,Macarthur,33507,GENT,James,1,CDP,Christian Democratic Party (Fred Nile Group),3705.0,99504.0,0.0372346840328027,CDP,False,False
2019,NSW,131,Macarthur,32654,FREELANDER,Mike,2,ALP,Labor,47539.0,99504.0,0.4777596880527416,ALP,True,False
2019,NSW,131,Macarthur,33185,STELLINO,Matt,3,AJP,Animal Justice Party,2106.0,99504.0,0.021164978292329956,AJP,False,False
2019,NSW,131,Macarthur,32340,NORMAN,Shane,4,ON,Pauline Hanson's One Nation,8555.0,99504.0,0.08597644315806399,ON,False,False
2019,NSW,131,Macarthur,33294,MUNRO,Riley,5,LP,Liberal,30696.0,99504.0,0.30849011095031353,LP,True,False
2019,NSW,131,Macarthur,32843,MURPHY,Nathan John,6,UAPP,United Australia Party,2506.0,99504.0,0.025184917189258724,UAPP,False,False
2019,NSW,131,Macarthur,32611,RIVERA,Jayden,7,GRN,The Greens,4397.0,99504.0,0.044189178324489466,GRN,True,False
2019,NSW,132,Mackellar,32869,LYON,David,1,UAPP,United Australia Party,2317.0,98262.0,0.023579817223341678,UAPP,False,False
2019,NSW,132,Mackellar,32775,DALY,Suzanne,2,SPP,Sustainable Australia,2550.0,98262.0,0.025951028881968614,SPP,False,False
2019,NSW,132,Mackellar,33382,THOMPSON,Alice,3,IND,Independent,11975.0,98262.0,0.12186806700453888,IND,False,True
2019,NSW,132,Mackellar,32682,WAWN,Pru,4,GRN,The Greens,11283.0,98262.0,0.1148256701471576,GRN,True,False
2019,NSW,132,Mackellar,32834,STEELE,Declan,5,ALP,Labor,16648.0,98262.0,0.1694245995400053,ALP,True,False
2019,NSW,132,Mackellar,33346,FALINSKI,Jason,6,LP,Liberal,52088.0,98262.0,0.5300930166290122,LP,True,False
2019,NSW,132,Mackellar,33527,LEVETT,Greg,7,CDP,Christian Democratic Party (Fred Nile Group),1401.0,98262.0,0.014257800573975698,CDP,False,False
2019,NSW,133,Macquarie,33155,RICHARDS,Sarah,1,LP,Liberal,43487.0,96951.0,0.4485461728089447,LP,True,False
2019,NSW,133,Macquarie,32698,LIU,Kingsley,2,GRN,The Greens,8870.0,96951.0,0.09148951532217306,GRN,True,False
2019,NSW,133,Macquarie,32683,TEMPLEMAN,Susan,3,ALP,Labor,37106.0,96951.0,0.3827294200162969,ALP,True,False
2019,NSW,133,Macquarie,33139,KEIGHTLEY,Greg,4,AJP,Animal Justice Party,3611.0,96951.0,0.037245618920898185,AJP,False,False
2019,NSW,133,Macquarie,32796,PETTITT,Tony Bryan,5,UAPP,United Australia Party,3877.0,96951.0,0.03998927293168714,UAPP,False,False
2019,NSW,315,McMahon,33319,WRIGHTSON,Meg Libby,1,UAPP,United Australia Party,3329.0,85393.0,0.038984460084550254,UAPP,False,False
2019,NSW,315,McMahon,32441,COMMANE,Damian,2,ON,Pauline Hanson's One Nation,7046.0,85393.0,0.0825126181302917,ON,False,False
2019,NSW,315,McMahon,33519,FRANCIS,Zeeshan Philip,3,CDP,Christian Democratic Party (Fred Nile Group),3008.0,85393.0,0.03522536976098743,CDP,False,False
2019,NSW,315,McMahon,32867,BOWEN,Chris,4,ALP,Labor,39351.0,85393.0,0.4608223156464816,ALP,True,False
2019,NSW,315,McMahon,32724,O'NEILL,Astrid,5,GRN,The Greens,4218.0,85393.0,0.04939514948532081,GRN,True,False
2019,NSW,315,McMahon,33473,SINGHA,Vivek,6,LP,Liberal,28441.0,85393.0,0.3330600868923682,LP,True,False
2019,NSW,134,Mitchell,32717,SELVARAJ,Immanuel,1,ALP,Labor,23618.0,98636.0,0.23944604404071534,ALP,True,False
2019,NSW,134,Mitchell,33288,HAWKE,Alex,2,LP,Liberal,61202.0,98636.0,0.620483393487165,LP,True,False
2019,NSW,134,Mitchell,32814,HOPPENBROUWER,Roy Peter,3,UAPP,United Australia Party,2705.0,98636.0,0.027424064236181517,UAPP,False,False
2019,NSW,134,Mitchell,33543,HALL,Craig L,4,CDP,Christian Democratic Party (Fred Nile Group),3156.0,98636.0,0.03199643132324912,CDP,False,False
2019,NSW,134,Mitchell,32590,MURPHY,Lawrence,5,GRN,The Greens,7955.0,98636.0,0.08065006691268908,GRN,True,False
2019,NSW,135,New England,33409,LEDGER,Natasha,1,IND,Independent,3071.0,97320.0,0.031555692560624744,IND,False,True
2019,NSW,135,New England,33489,COLLINS,Julie,2,CDP,Christian Democratic Party (Fred Nile Group),2215.0,97320.0,0.022759967118783395,CDP,False,False
2019,NSW,135,New England,32643,LANGENBERG,Yvonne,3,ALP,Labor,12410.0,97320.0,0.12751746814632142,ALP,True,False
2019,NSW,135,New England,32476,JOYCE,Barnaby,4,NP,The Nationals,53348.0,97320.0,0.5481709823263461,NP,True,False
2019,NSW,135,New England,32567,LONERGAN,Tony,5,GRN,The Greens,4311.0,97320.0,0.04429716399506782,GRN,True,False
2019,NSW,135,New England,32444,BLAKESTER,Adam,6,IND,Independent,13804.0,97320.0,0.1418413481298808,IND,False,True
2019,NSW,135,New England,24752,TABER,Rob,7,IND,Independent,3702.0,97320.0,0.03803945745992602,IND,False,True
2019,NSW,135,New England,32823,DUNCAN,Cindy Anne,8,UAPP,United Australia Party,4459.0,97320.0,0.04581792026304973,UAPP,False,False
2019,NSW,136,Newcastle,32723,CLAYDON,Sharon,1,ALP,Labor,47137.0,103067.0,0.4573432815547168,ALP,True,False
2019,NSW,136,Newcastle,32709,MACKENZIE,John,2,GRN,The Greens,16038.0,103067.0,0.15560751744011178,GRN,True,False
2019,NSW,136,Newcastle,33464,WISE,Pam,3,CDP,Christian Democratic Party (Fred Nile Group),1928.0,103067.0,0.018706278440237905,CDP,False,False
2019,NSW,136,Newcastle,32763,SCULLY,Geoffrey,4,UAPP,United Australia Party,3471.0,103067.0,0.03367712264837436,UAPP,False,False
2019,NSW,136,Newcastle,33564,FUTTER,B.J.,5,GAP,The Great Australian Party,1086.0,103067.0,0.01053683526249915,GAP,False,False
2019,NSW,136,Newcastle,33222,BROLLO,Darren,6,AJP,Animal Justice Party,3300.0,103067.0,0.0320180077037267,AJP,False,False
2019,NSW,136,Newcastle,33148,WARK,Katrina,7,LP,Liberal,30107.0,103067.0,0.2921109569503333,LP,True,False
2019,NSW,137,North Sydney,33554,VERNON,David,1,CDP,Christian Democratic Party (Fred Nile Group),1660.0,96836.0,0.017142385063406172,CDP,False,False
2019,NSW,137,North Sydney,32715,STONE,Brett,2,ALP,Labor,24289.0,96836.0,0.2508261390392003,ALP,True,False
2019,NSW,137,North Sydney,32883,VAGG,Peter John,3,UAPP,United Australia Party,1249.0,96836.0,0.012898095749514643,UAPP,False,False
2019,NSW,137,North Sydney,32660,KEOGH,Daniel,4,GRN,The Greens,13193.0,96836.0,0.13624065430211904,GRN,True,False
2019,NSW,137,North Sydney,33347,CHESTERFIELD-EVANS,Arthur,5,IND,Independent,4295.0,96836.0,0.04435333966706597,IND,False,True
2019,NSW,137,North Sydney,32665,GRAHAM,Greg,6,SPP,Sustainable Australia,1831.0,96836.0,0.018908257259696807,SPP,False,False
2019,NSW,137,North Sydney,33165,ZIMMERMAN,Trent,7,LP,Liberal,50319.0,96836.0,0.5196311289189971,LP,True,False
2019,NSW,138,Page,32252,LEVINY,Fiona,1,IND,Independent,5240.0,108151.0,0.048450777154164085,IND,False,True
2019,NSW,138,Page,32954,WATERS,Alison,2,AJP,Animal Justice Party,2646.0,108151.0,0.02446579319654927,AJP,False,False
2019,NSW,138,Page,33521,WALKER,Peter,3,CDP,Christian Democratic Party (Fred Nile Group),1992.0,108151.0,0.018418692383796727,CDP,False,False
2019,NSW,138,Page,32929,MUDGE,John Damian,4,UAPP,United Australia Party,3460.0,108151.0,0.03199230705217705,UAPP,False,False
2019,NSW,138,Page,32716,REID,Dan,5,GRN,The Greens,12634.0,108151.0,0.11681815239803608,GRN,True,False
2019,NSW,138,Page,32528,HOGAN,Kevin,6,NP,The Nationals,53672.0,108151.0,0.496269105232499,NP,True,False
2019,NSW,138,Page,32902,DEEGAN,Patrick,7,ALP,Labor,28507.0,108151.0,0.2635851725827778,ALP,True,False
2019,NSW,139,Parkes,32686,JONES,Daniel J,1,LDP,Liberal Democrats,7568.0,93952.0,0.08055177111716622,LDP,False,False
2019,NSW,139,Parkes,32473,COULTON,Mark,2,NP,The Nationals,47692.0,93952.0,0.5076209128065395,NP,True,False
2019,NSW,139,Parkes,32561,PAULL,David,3,GRN,The Greens,3921.0,93952.0,0.04173407697547684,GRN,True,False
2019,NSW,139,Parkes,32602,AYOUB,Jack,4,ALP,Labor,22135.0,93952.0,0.23559902929155313,ALP,True,False
2019,NSW,139,Parkes,33561,LANDERS,Will,5,IND,Independent,6730.0,93952.0,0.07163232288828338,IND,False,True
2019,NSW,139,Parkes,32792,VAN DER STEEN,Petrus Joannes Gijsbertus,6,UAPP,United Australia Party,5906.0,93952.0,0.06286188692098092,UAPP,False,False
2019,NSW,140,Parramatta,33310,CAMENZULI,Charles,1,LP,Liberal,34954.0,84670.0,0.41282626668241407,LP,True,False
2019,NSW,140,Parramatta,32735,OWENS,Julie,2,ALP,Labor,38171.0,84670.0,0.45082083382543997,ALP,True,False
2019,NSW,140,Parramatta,32871,LOKE,Ganesh Sahadev,3,UAPP,United Australia Party,2186.0,84670.0,0.025817881185780087,UAPP,False,False
2019,NSW,140,Parramatta,32642,BRADLEY,Phil,4,GRN,The Greens,6131.0,84670.0,0.07241053501830637,GRN,True,False
2019,NSW,140,Parramatta,33477,PAYARA,Asma,5,CDP,Christian Democratic Party (Fred Nile Group),2526.0,84670.0,0.029833471123184126,CDP,False,False
2019,NSW,140,Parramatta,32557,GRENFELL,Oscar,6,SEP,Socialist Equality Party,702.0,84670.0,0.008291012164875398,SEP,False,False
2019,NSW,249,Paterson,33207,JOSHI,Sachin,1,LP,Liberal,35059.0,107819.0,0.32516532336601156,LP,True,False
2019,NSW,249,Paterson,32419,TURNER,Neil,2,ON,Pauline Hanson's One Nation,15269.0,107819.0,0.14161696917982916,ON,False,False
2019,NSW,249,Paterson,32749,SWANSON,Meryl,3,ALP,Labor,44288.0,107819.0,0.4107624815663288,ALP,True,False
2019,NSW,249,Paterson,32800,BURSTON,Graham,4,UAPP,United Australia Party,3888.0,107819.0,0.03606043461727525,UAPP,False,False
2019,NSW,249,Paterson,32573,DAVIS,Jan,5,GRN,The Greens,7439.0,107819.0,0.06899526057559428,GRN,True,False
2019,NSW,249,Paterson,33492,VALE,Christopher Arthur,6,CDP,Christian Democratic Party (Fred Nile Group),1876.0,107819.0,0.017399530694961,CDP,False,False
2019,NSW,144,Reid,33468,PIPER,Keith,1,CDP,Christian Democratic Party (Fred Nile Group),2335.0,93728.0,0.02491251280300444,CDP,False,False
2019,NSW,144,Reid,32619,JAGO,Charles,2,GRN,The Greens,7575.0,93728.0,0.08081896551724138,GRN,True,False
2019,NSW,144,Reid,32708,CROSBY,Sam,3,ALP,Labor,34872.0,93728.0,0.37205530897917377,ALP,True,False
2019,NSW,144,Reid,33332,MARTIN,Fiona,4,LP,Liberal,45288.0,93728.0,0.48318538750426765,LP,True,False
2019,NSW,144,Reid,32857,LEE,Young,5,UAPP,United Australia Party,1797.0,93728.0,0.01917249914646637,UAPP,False,False
2019,NSW,144,Reid,33244,LAXMANALAL,Rohan,6,AJP,Animal Justice Party,1861.0,93728.0,0.019855326049846363,AJP,False,False
2019,NSW,145,Richmond,32714,McDONALD,Ronald,1,SPP,Sustainable Australia,3154.0,100320.0,0.03143939393939394,SPP,False,False
2019,NSW,145,Richmond,32832,MITCHELL,Hamish Jenkin,2,UAPP,United Australia Party,3913.0,100320.0,0.03900518341307815,UAPP,False,False
2019,NSW,145,Richmond,33495,COX,Morgan,3,CDP,Christian Democratic Party (Fred Nile Group),1338.0,100320.0,0.013337320574162679,CDP,False,False
2019,NSW,145,Richmond,32727,ELLIOT,Justine,4,ALP,Labor,31807.0,100320.0,0.3170554226475279,ALP,True,False
2019,NSW,145,Richmond,33647,KARAM,Ray,5,IND,Independent,1566.0,100320.0,0.015610047846889952,IND,False,True
2019,NSW,145,Richmond,33639,BARNETT,Tom,6,IMO,Involuntary Medication Objectors (Vaccination/Fluoride) Party,1179.0,100320.0,0.011752392344497608,IMO,False,False
2019,NSW,145,Richmond,32443,FRASER,Matthew,7,NP,The Nationals,36979.0,100320.0,0.36861044657097286,NP,True,False
2019,NSW,145,Richmond,32663,LYON,Michael,8,GRN,The Greens,20384.0,100320.0,0.20318979266347686,GRN,True,False
2019,NSW,250,Riverina,32559,McCORMACK,Michael,1,NP,The Nationals,60493.0,100941.0,0.5992906747505968,NP,True,False
2019,NSW,250,Riverina,32633,BAYLES,Michael,2,GRN,The Greens,6254.0,100941.0,0.0619569847732834,GRN,True,False
2019,NSW,250,Riverina,32649,JEFFRESON,Mark,3,ALP,Labor,23380.0,100941.0,0.23162045155090596,ALP,True,False
2019,NSW,250,Riverina,32829,FOLEY,Richard,4,UAPP,United Australia Party,10814.0,100941.0,0.10713188892521373,UAPP,False,False
2019,NSW,146,Robertson,32558,SINGER,Judy,1,SPP,Sustainable Australia,1719.0,96061.0,0.017894879295447683,SPP,False,False
2019,NSW,146,Robertson,32797,MARKS,Robert James,2,UAPP,United Australia Party,2702.0,96061.0,0.028127960358522188,UAPP,False,False
2019,NSW,146,Robertson,33491,STUCKEN,Fiona Phoebe,3,CDP,Christian Democratic Party (Fred Nile Group),1352.0,96061.0,0.014074390231207254,CDP,False,False
2019,NSW,146,Robertson,33573,ABRAHAMS,David Fraser,4,IND,Independent,2915.0,96061.0,0.0303453014230541,IND,False,True
2019,NSW,146,Robertson,33149,WICKS,Lucy,5,LP,Liberal,45011.0,96061.0,0.46856684814857225,LP,True,False
2019,NSW,146,Robertson,32670,CONNOR,Cath,6,GRN,The Greens,7601.0,96061.0,0.07912680484275617,GRN,True,False
2019,NSW,146,Robertson,33122,BREMNER YOUNG,Sean,7,AJP,Animal Justice Party,2000.0,96061.0,0.020820103892318424,AJP,False,False
2019,NSW,146,Robertson,32725,CHARLTON,Anne,8,ALP,Labor,32761.0,96061.0,0.34104371180812193,ALP,True,False
2019,NSW,148,Shortland,32666,NEWBURY,Susan,1,SPP,Sustainable Australia,3097.0,99980.0,0.03097619523904781,SPP,False,False
2019,NSW,148,Shortland,33479,YU,Xing,2,CDP,Christian Democratic Party (Fred Nile Group),2010.0,99980.0,0.020104020804160832,CDP,False,False
2019,NSW,148,Shortland,32635,CONROY,Pat,3,ALP,Labor,41126.0,99980.0,0.41134226845369076,ALP,True,False
2019,NSW,148,Shortland,32786,RIFAI,Dani,4,UAPP,United Australia Party,4532.0,99980.0,0.04532906581316263,UAPP,False,False
2019,NSW,148,Shortland,32594,CAMPBELL,Wylie,5,GRN,The Greens,8256.0,99980.0,0.08257651530306061,GRN,True,False
2019,NSW,148,Shortland,33188,McGRATH,Bryan,6,AJP,Animal Justice Party,3596.0,99980.0,0.03596719343868774,AJP,False,False
2019,NSW,148,Shortland,33120,McGILL,Nell,7,LP,Liberal,37363.0,99980.0,0.3737047409481896,LP,True,False
2019,NSW,149,Sydney,33115,MUNRO,Jacqui,1,LP,Liberal,25230.0,94815.0,0.2660971365290302,LP,True,False
2019,NSW,149,Sydney,32650,HAMMOND,Aaron,2,FUT,Science Party,3240.0,94815.0,0.034171808258187,FUT,False,False
2019,NSW,149,Sydney,32667,PLIBERSEK,Tanya,3,ALP,Labor,46850.0,94815.0,0.4941201286716237,ALP,True,False
2019,NSW,149,Sydney,32782,HOLT,Adam,4,UAPP,United Australia Party,1366.0,94815.0,0.014407003111322049,UAPP,False,False
2019,NSW,149,Sydney,32605,THOMPSON,Matthew,5,GRN,The Greens,17134.0,94815.0,0.18070980330116543,GRN,True,False
2019,NSW,149,Sydney,33483,REDDIN,Rebecca,6,CDP,Christian Democratic Party (Fred Nile Group),995.0,94815.0,0.010494120128671623,CDP,False,False
2019,NSW,151,Warringah,33214,BARNES,Heather,1,AJP,Animal Justice Party,1291.0,92123.0,0.01401387275707478,AJP,False,False
2019,NSW,151,Warringah,33581,MOYLAN,Susan,2,IND,Independent,1111.0,92123.0,0.012059963309922603,IND,False,True
2019,NSW,151,Warringah,32607,HARRIS,Dean,3,ALP,Labor,6091.0,92123.0,0.06611812468113283,ALP,True,False
2019,NSW,151,Warringah,32544,PALETTO,Emanuele,4,SPP,Sustainable Australia,678.0,92123.0,0.0073597255842732,SPP,False,False
2019,NSW,151,Warringah,32785,WRIGHTSON,Suellen Marree,5,UAPP,United Australia Party,625.0,92123.0,0.0067844078026117255,UAPP,False,False
2019,NSW,151,Warringah,33138,ABBOTT,Tony,6,LP,Liberal,35935.0,92123.0,0.3900763110189638,LP,True,False
2019,NSW,151,Warringah,33588,CLARE,Brian,7,FACN,FRASER ANNING'S CONSERVATIVE NATIONAL PARTY,250.0,92123.0,0.0027137631210446904,FACN,False,False
2019,NSW,151,Warringah,32467,STEGGALL,Zali,8,IND,Independent,40034.0,92123.0,0.43457117115161253,IND,False,True
2019,NSW,151,Warringah,33508,BLAIKLOCK,Jason,9,CDP,Christian Democratic Party (Fred Nile Group),461.0,92123.0,0.005004179195206408,CDP,False,False
2019,NSW,151,Warringah,32564,GLANVILLE,Kristyn,10,GRN,The Greens,5647.0,92123.0,0.061298481378157466,GRN,True,False
2019,NSW,251,Watson,32876,WRIGHTSON,Dean,1,UAPP,United Australia Party,3549.0,84250.0,0.04212462908011869,UAPP,False,False
2019,NSW,251,Watson,33496,SCHUBERT,Karl,2,CDP,Christian Democratic Party (Fred Nile Group),4522.0,84250.0,0.05367359050445104,CDP,False,False
2019,NSW,251,Watson,32492,ZENG,Raymond,3,FUT,Science Party,1878.0,84250.0,0.02229080118694362,FUT,False,False
2019,NSW,251,Watson,33379,de BHALDRAITHE,Emmet,4,GRN,The Greens,5982.0,84250.0,0.07100296735905044,GRN,True,False
2019,NSW,251,Watson,32705,BURKE,Tony,5,ALP,Labor,43550.0,84250.0,0.5169139465875371,ALP,True,False
2019,NSW,251,Watson,33309,ZAMAN,Mohammad,6,LP,Liberal,24769.0,84250.0,0.2939940652818991,LP,True,False
2019,NSW,152,Wentworth,32097,DRAKE-BROCKMAN,Matthew,1,IND,Independent,516.0,89754.0,0.005749047396216325,IND,False,True
2019,NSW,152,Wentworth,32692,MURRAY,Tim,2,ALP,Labor,9824.0,89754.0,0.10945473182253716,ALP,True,False
2019,NSW,152,Wentworth,32794,BLOOMFIELD,Michael John,3,UAPP,United Australia Party,625.0,89754.0,0.006963477950843416,UAPP,False,False
2019,NSW,152,Wentworth,33501,TREACY,Paul,4,CDP,Christian Democratic Party (Fred Nile Group),346.0,89754.0,0.003854981393586915,CDP,False,False
2019,NSW,152,Wentworth,33218,SHARMA,Dave,5,LP,Liberal,42575.0,89754.0,0.47435211801145355,LP,True,False
2019,NSW,152,Wentworth,32677,KANAK,Dominic Wy,6,GRN,The Greens,6759.0,89754.0,0.07530583595160105,GRN,True,False
2019,NSW,152,Wentworth,32085,PHELPS,Kerryn,7,IND,Independent,29109.0,89754.0,0.3243198074737616,IND,False,True
2019,NSW,153,Werriwa,33488,STOREY,Narelle,1,CDP,Christian Democratic Party (Fred Nile Group),4841.0,94229.0,0.05137484213989324,CDP,False,False
2019,NSW,153,Werriwa,33112,MILLER,Shayne,2,LP,Liberal,33234.0,94229.0,0.35269396894798843,LP,True,False
2019,NSW,153,Werriwa,32562,WESTERBERG,Signe,3,GRN,The Greens,5060.0,94229.0,0.053698967409184006,GRN,True,False
2019,NSW,153,Werriwa,33262,WHITE,Michael,4,IND,Independent,2135.0,94229.0,0.02265756826454701,IND,False,True
2019,NSW,153,Werriwa,32801,TSIRIPLIS,Ignatios,5,UAPP,United Australia Party,3957.0,94229.0,0.041993441509514055,UAPP,False,False
2019,NSW,153,Werriwa,32756,STANLEY,Anne Maree,6,ALP,Labor,45002.0,94229.0,0.4775812117288733,ALP,True,False
2019,NSW,150,Whitlam,32784,CUDA,Angelo,1,UAPP,United Australia Party,9071.0,102671.0,0.08835016703840422,UAPP,False,False
2019,NSW,150,Whitlam,33475,NERO,Frank Rodolfo,2,CDP,Christian Democratic Party (Fred Nile Group),4214.0,102671.0,0.04104372218055732,CDP,False,False
2019,NSW,150,Whitlam,32490,WENTWORTH,Stephen,3,NP,The Nationals,26145.0,102671.0,0.25464834276475345,NP,True,False
2019,NSW,150,Whitlam,32632,JONES,Stephen,4,ALP,Labor,50102.0,102671.0,0.4879858966991653,ALP,True,False
2019,NSW,150,Whitlam,32595,DIXON,Jamie,5,GRN,The Greens,9461.0,102671.0,0.09214870800907754,GRN,True,False
2019,NSW,150,Whitlam,32560,DAVIS,Ken,6,SPP,Sustainable Australia,3678.0,102671.0,0.035823163308042194,SPP,False,False
2019,NT,306,Lingiari,32740,SNOWDON,Warren,1,ALP,Australian Labor Party (Northern Territory) Branch,21698.0,48434.0,0.4479910806458273,ALP,True,False
2019,NT,306,Lingiari,33034,HANNA,George,2,GRN,The Greens,3991.0,48434.0,0.08240079283148202,GRN,True,False
2019,NT,306,Lingiari,32734,HODGSON,Daniel Isaac,3,UAPP,United Australia Party,1367.0,48434.0,0.028223974893669738,UAPP,False,False
2019,NT,306,Lingiari,33014,McCARTHY,Regina,4,RUA,Rise Up Australia Party,1380.0,48434.0,0.028492381384977495,RUA,False,False
2019,NT,306,Lingiari,33028,MacFARLANE,Hamish,5,IND,Independent,2123.0,48434.0,0.0438328446958748,IND,False,True
2019,NT,306,Lingiari,33045,PRICE,Jacinta,6,CLP,Country Liberals (NT),17875.0,48434.0,0.36905892554816866,CLP,True,False
2019,NT,307,Solomon,32743,GOSLING,Luke John,1,ALP,Australian Labor Party (Northern Territory) Branch,22057.0,55084.0,0.4004248057512163,ALP,True,False
2019,NT,307,Solomon,33016,GIMINI,Lorraine,2,RUA,Rise Up Australia Party,1277.0,55084.0,0.023182775397574615,RUA,False,False
2019,NT,307,Solomon,33053,GANLEY,Kathy,3,CLP,Country Liberals (NT),20962.0,55084.0,0.38054607508532423,CLP,True,False
2019,NT,307,Solomon,33031,PARISH,Timothy,4,GRN,The Greens,6521.0,55084.0,0.11838283349066879,GRN,True,False
2019,NT,307,Solomon,32731,RAJWIN,Raj Samson,5,UAPP,United Australia Party,1583.0,55084.0,0.028737927528865007,UAPP,False,False
2019,NT,307,Solomon,33617,FRASER-ADAMS,Sue,6,IND,Independent,2684.0,55084.0,0.048725582746351026,IND,False,True
2019,QLD,304,Blair,33402,KARANDREWS,Simone,1,IND,Independent,3849.0,95925.0,0.040125097732603594,IND,False,True
2019,QLD,304,Blair,33363,FITZPATRICK,Peter John,2,FACN,FRASER ANNING'S CONSERVATIVE NATIONAL PARTY,2009.0,95925.0,0.020943445400052125,FACN,False,False
2019,QLD,304,Blair,32769,NEUMANN,Shayne Kenneth,3,ALP,Australian Labor Party,29987.0,95925.0,0.3126088089653375,ALP,True,False
2019,QLD,304,Blair,32501,BELL,Sharon,4,ON,Pauline Hanson's One Nation,16114.0,95925.0,0.16798540526452957,ON,False,False
2019,QLD,304,Blair,33161,SHEARMAN,Robert,5,LNP,Liberal National Party of Queensland,27844.0,95925.0,0.29026843888454523,LNP,True,False
2019,QLD,304,Blair,32903,ZIMPEL,Majella,6,UAPP,United Australia Party,3261.0,95925.0,0.03399530883502737,UAPP,False,False
2019,QLD,304,Blair,33367,QUINN,John,7,DLP,Labour DLP,2418.0,95925.0,0.025207193119624705,DLP,False,False
2019,QLD,304,Blair,33264,DUNCAN,Michelle,8,GRN,The Greens,8325.0,95925.0,0.08678655199374512,GRN,True,False
2019,QLD,304,Blair,29420,TURNER,John,9,IND,Independent,2118.0,95925.0,0.022079749804534792,IND,False,True
2019,QLD,310,Bonner,32887,FLITCROFT,Simon E F,1,UAPP,United Australia Party,2394.0,94187.0,0.025417520464607643,UAPP,False,False
2019,QLD,310,Bonner,33117,BELL,Barbara,2,GRN,The Greens,11010.0,94187.0,0.11689511291367174,GRN,True,False
2019,QLD,310,Bonner,32499,SYMES,Ian,3,ON,Pauline Hanson's One Nation,3771.0,94187.0,0.040037372461167675,ON,False,False
2019,QLD,310,Bonner,33302,VASTA,Ross,4,LNP,Liberal National Party of Queensland,46616.0,94187.0,0.494930298236487,LNP,True,False
2019,QLD,310,Bonner,33203,MAYNARD,Alex,5,FACN,FRASER ANNING'S CONSERVATIVE NATIONAL PARTY,1105.0,94187.0,0.011731979997239534,FACN,False,False
2019,QLD,310,Bonner,32760,BRISKEY,Jo,6,ALP,Australian Labor Party,29291.0,94187.0,0.31098771592682645,ALP,True,False
2019,QLD,155,Bowman,33187,MOON,Emerald,1,GRN,The Greens,11795.0,98339.0,0.11994224061664244,GRN,True,False
2019,QLD,155,Bowman,33256,LAMING,Andrew,2,LNP,Liberal National Party of Queensland,47866.0,98339.0,0.4867448316537691,LNP,True,False
2019,QLD,155,Bowman,32870,CLARKE,Shane,3,UAPP,United Australia Party,3540.0,98339.0,0.03599792554327378,UAPP,False,False
2019,QLD,155,Bowman,33137,ANDERSON,David,4,FACN,FRASER ANNING'S CONSERVATIVE NATIONAL PARTY,1816.0,98339.0,0.018466732425589032,FACN,False,False
2019,QLD,155,Bowman,32500,WADSWORTH,Glen,5,ON,Pauline Hanson's One Nation,7175.0,98339.0,0.07296189711101395,ON,False,False
2019,QLD,155,Bowman,32752,BASTER,Tom,6,ALP,Australian Labor Party,26147.0,98339.0,0.2658863726497117,ALP,True,False
2019,QLD,156,Brisbane,32751,PERRY,Anne,1,ON,Pauline Hanson's One Nation,2537.0,101957.0,0.024883038928175602,ON,False,False
2019,QLD,156,Brisbane,33206,EVANS,Trevor,2,LNP,Liberal National Party of Queensland,48777.0,101957.0,0.47840756397304746,LNP,True,False
2019,QLD,156,Brisbane,32960,WHITTAKER,Aaron,3,UAPP,United Australia Party,1420.0,101957.0,0.013927439999215356,UAPP,False,False
2019,QLD,156,Brisbane,33144,BARTLETT,Andrew,4,GRN,The Greens,22807.0,101957.0,0.22369234088880607,GRN,True,False
2019,QLD,156,Brisbane,33326,JEANNERET,Rod,5,FACN,FRASER ANNING'S CONSERVATIVE NATIONAL PARTY,732.0,101957.0,0.007179497239032141,FACN,False,False
2019,QLD,156,Brisbane,32946,NEWBURY,Paul,6,ALP,Australian Labor Party,24970.0,101957.0,0.2449071667467658,ALP,True,False
2019,QLD,156,Brisbane,33224,EMANUEL,Kamala,7,SAL,Socialist Alliance,714.0,101957.0,0.00700295222495758,SAL,False,False
2019,QLD,157,Capricornia,33146,BAMBRICK,Paul,1,GRN,The Greens,4307.0,88967.0,0.04841120865039846,GRN,True,False
2019,QLD,157,Capricornia,32617,BIRKBECK,George,2,KAP,Katter's Australian Party (KAP),3269.0,88967.0,0.03674396124405679,KAP,False,False
2019,QLD,157,Capricornia,33246,TEMPLE,Richard,3,DLP,Labour DLP,1637.0,88967.0,0.018400080928883743,DLP,False,False
2019,QLD,157,Capricornia,28347,MURRAY,Ken,4,IND,Independent,2211.0,88967.0,0.0248519113828723,IND,False,True
2019,QLD,157,Capricornia,33201,LANDRY,Michelle,5,LNP,Liberal National Party of Queensland,36163.0,88967.0,0.4064765587240213,LNP,True,False
2019,QLD,157,Capricornia,32781,ROBERTSON,Russell,6,ALP,Australian Labor Party,21120.0,88967.0,0.23739139231400408,ALP,True,False
2019,QLD,157,Capricornia,32719,ROTHERY,Wade,7,ON,Pauline Hanson's One Nation,15105.0,88967.0,0.1697820540200299,ON,False,False
2019,QLD,157,Capricornia,32878,STURGEON,Lindsay,8,UAPP,United Australia Party,3250.0,88967.0,0.03653039891195612,UAPP,False,False
2019,QLD,157,Capricornia,33121,PRATT,Grant,9,FACN,FRASER ANNING'S CONSERVATIVE NATIONAL PARTY,1905.0,88967.0,0.021412433823777357,FACN,False,False
2019,QLD,158,Dawson,33369,WARE,Ann-Maree,1,DLP,Labour DLP,2835.0,88851.0,0.0319073505081541,DLP,False,False
2019,QLD,158,Dawson,33178,TURNER,Michael Wayne,2,FACN,FRASER ANNING'S CONSERVATIVE NATIONAL PARTY,1741.0,88851.0,0.019594602199187405,FACN,False,False
2019,QLD,158,Dawson,32534,LAWSON,Debra,3,ON,Pauline Hanson's One Nation,11628.0,88851.0,0.13087078367153998,ON,False,False
2019,QLD,158,Dawson,33299,CHRISTENSEN,George,4,LNP,Liberal National Party of Queensland,38164.0,88851.0,0.42952808634680534,LNP,True,False
2019,QLD,158,Dawson,32865,HASSAN,Belinda,5,ALP,Australian Labor Party,18022.0,88851.0,0.20283395797458667,ALP,True,False
2019,QLD,158,Dawson,32852,BUNYAN,Brendan,6,KAP,Katter's Australian Party (KAP),5619.0,88851.0,0.06324070635108214,KAP,False,False
2019,QLD,158,Dawson,33250,LINDENBERG,Imogen,7,GRN,The Greens,4009.0,88851.0,0.045120482605710686,GRN,True,False
2019,QLD,158,Dawson,33568,QUEENAN,Lachlan,8,IND,Independent,2478.0,88851.0,0.02788938785157173,IND,False,True
2019,QLD,158,Dawson,32910,THOMPSON,Colin Richard,9,UAPP,United Australia Party,4355.0,88851.0,0.04901464249136194,UAPP,False,False
2019,QLD,252,Dickson,33217,COYNE,Benedict,1,GRN,The Greens,9675.0,96948.0,0.09979576680282214,GRN,True,False
2019,QLD,252,Dickson,33273,DUTTON,Peter,2,LNP,Liberal National Party of Queensland,44528.0,96948.0,0.45929776787556215,LNP,True,False
2019,QLD,252,Dickson,32949,FRANCE,Ali,3,ALP,Australian Labor Party,30370.0,96948.0,0.3132607170854479,ALP,True,False
2019,QLD,252,Dickson,28148,PROHASKA,Thor,4,IND,Independent,2302.0,96948.0,0.023744687873911787,IND,False,True
2019,QLD,252,Dickson,32879,AUSTIN,Steve,5,UAPP,United Australia Party,2176.0,96948.0,0.022445022073688987,UAPP,False,False
2019,QLD,252,Dickson,32547,HALLIWELL,Carrol,6,ON,Pauline Hanson's One Nation,5022.0,96948.0,0.05180096546602302,ON,False,False
2019,QLD,252,Dickson,33152,SIMPSON,Richelle,7,FACN,FRASER ANNING'S CONSERVATIVE NATIONAL PARTY,1044.0,96948.0,0.010768659487560341,FACN,False,False
2019,QLD,252,Dickson,32190,BROHMAN,Maureen,8,AJP,Animal Justice Party,1831.0,96948.0,0.0188864133349837,AJP,False,False
2019,QLD,159,Fadden,33520,WELCH,Jake,1,LDP,Liberal Democrats,4391.0,97212.0,0.045169320660000824,LDP,False,False
2019,QLD,159,Fadden,32812,STANTON,Luz,2,ALP,Australian Labor Party,21882.0,97212.0,0.22509566720158006,ALP,True,False
2019,QLD,159,Fadden,32546,EATHER,Darren,3,ON,Pauline Hanson's One Nation,8334.0,97212.0,0.08573015677076905,ON,False,False
2019,QLD,159,Fadden,33236,BARBER,Allan,4,FACN,FRASER ANNING'S CONSERVATIVE NATIONAL PARTY,1531.0,97212.0,0.015749084475167676,FACN,False,False
2019,QLD,159,Fadden,33147,TURNER,Scott,5,GRN,The Greens,8747.0,97212.0,0.08997860346459285,GRN,True,False
2019,QLD,159,Fadden,33202,ROBERT,Stuart,6,LNP,Liberal National Party of Queensland,47359.0,97212.0,0.487172365551578,LNP,True,False
2019,QLD,159,Fadden,32891,KRISCHKER,Mara,7,UAPP,United Australia Party,4968.0,97212.0,0.05110480187631156,UAPP,False,False
2019,QLD,160,Fairfax,32918,COWLING,Kylie Natasha,1,UAPP,United Australia Party,2987.0,97640.0,0.030591970503891848,UAPP,False,False
2019,QLD,160,Fairfax,33361,RYAN,Jake Luke,2,FACN,FRASER ANNING'S CONSERVATIVE NATIONAL PARTY,1502.0,97640.0,0.015383039737812371,FACN,False,False
2019,QLD,160,Fairfax,33198,ETHERIDGE,Sue,3,GRN,The Greens,12291.0,97640.0,0.12588078656288407,GRN,True,False
2019,QLD,160,Fairfax,33284,O'BRIEN,Ted,4,LNP,Liberal National Party of Queensland,48451.0,97640.0,0.49622081114297417,LNP,True,False
2019,QLD,160,Fairfax,32614,BELCHER,Richard,5,SPP,Sustainable Australia,1410.0,97640.0,0.014440802949610814,SPP,False,False
2019,QLD,160,Fairfax,32513,HENSELIN,Paul,6,ON,Pauline Hanson's One Nation,7661.0,97640.0,0.07846169602621876,ON,False,False
2019,QLD,160,Fairfax,32079,AUSTRALIE,Sinim,7,IND,Independent,1318.0,97640.0,0.01349856616140926,IND,False,True
2019,QLD,160,Fairfax,33493,CADART,Bertrand,8,LDP,Liberal Democrats,1044.0,97640.0,0.010692339205243753,LDP,False,False
2019,QLD,160,Fairfax,32824,McGLONE,Julie,9,ALP,Australian Labor Party,20976.0,97640.0,0.21482998770995493,ALP,True,False
2019,QLD,161,Fisher,32898,GRAY,Trevor David,1,UAPP,United Australia Party,3429.0,99048.0,0.03461957838623698,UAPP,False,False
2019,QLD,161,Fisher,32819,PARSELL,Daniel,2,ALP,Australian Labor Party,22011.0,99048.0,0.22222558759389388,ALP,True,False
2019,QLD,161,Fisher,33150,BURTON,Tracy,3,GRN,The Greens,12289.0,99048.0,0.12407115741862532,GRN,True,False
2019,QLD,161,Fisher,32512,PATERSON,Christopher,4,ON,Pauline Hanson's One Nation,8596.0,99048.0,0.08678620466844358,ON,False,False
2019,QLD,161,Fisher,33228,WALLACE,Andrew,5,LNP,Liberal National Party of Queensland,49567.0,99048.0,0.5004341329456425,LNP,True,False
2019,QLD,161,Fisher,33290,JESSOP,Mike,6,FACN,FRASER ANNING'S CONSERVATIVE NATIONAL PARTY,1592.0,99048.0,0.01607301510378806,FACN,False,False
2019,QLD,161,Fisher,32397,MONAGHAN,Paul,7,LAOL,Love Australia or Leave,1564.0,99048.0,0.015790323883369678,LAOL,False,False
2019,QLD,311,Flynn,32942,BEERS,Zac,1,ALP,Australian Labor Party,25628.0,89457.0,0.28648400907698673,ALP,True,False
2019,QLD,311,Flynn,32925,HARRIS,Nathan David,2,UAPP,United Australia Party,3798.0,89457.0,0.04245615211777726,UAPP,False,False
2019,QLD,311,Flynn,33192,BAKER,Jaiben,3,GRN,The Greens,2744.0,89457.0,0.03067395508456577,GRN,True,False
2019,QLD,311,Flynn,33458,PETERSON,Murray,4,IND,Independent,1994.0,89457.0,0.022290038789586058,IND,False,True
2019,QLD,311,Flynn,32555,LOHSE,Sharon,5,ON,Pauline Hanson's One Nation,17531.0,89457.0,0.19597124875638575,ON,False,False
2019,QLD,311,Flynn,17322,SCOTT,Duncan George,6,IND,Independent,1384.0,89457.0,0.01547112020300256,IND,False,True
2019,QLD,311,Flynn,33272,HIESLER,Marcus John,7,FACN,FRASER ANNING'S CONSERVATIVE NATIONAL PARTY,2484.0,89457.0,0.027767530768972804,FACN,False,False
2019,QLD,311,Flynn,33242,O'DOWD,Ken,8,LNP,Liberal National Party of Queensland,33894.0,89457.0,0.3788859452027231,LNP,True,False
2019,QLD,162,Forde,32549,BOWRON,Ian,1,ON,Pauline Hanson's One Nation,10807.0,91534.0,0.11806541831450608,ON,False,False
2019,QLD,162,Forde,33173,PETERSEN,Kirsty,2,GRN,The Greens,7987.0,91534.0,0.08725719404811327,GRN,True,False
2019,QLD,162,Forde,32943,CREIGHTON,Paul,3,UAPP,United Australia Party,3696.0,91534.0,0.04037843861297442,UAPP,False,False
2019,QLD,162,Forde,33234,VAN MANEN,Bert,4,LNP,Liberal National Party of Queensland,39819.0,91534.0,0.4350186815827998,LNP,True,False
2019,QLD,162,Forde,32906,HARDMAN,Des,5,ALP,Australian Labor Party,27008.0,91534.0,0.29505975921515504,ALP,True,False
2019,QLD,162,Forde,33124,INNES,Les,6,FACN,FRASER ANNING'S CONSERVATIVE NATIONAL PARTY,2217.0,91534.0,0.024220508226451373,FACN,False,False
2019,QLD,163,Griffith,33226,ROBERTS,Olivia,1,LNP,Liberal National Party of Queensland,40816.0,99617.0,0.40972926307758717,LNP,True,False
2019,QLD,163,Griffith,32753,BUTLER,Terri,2,ALP,Australian Labor Party,30836.0,99617.0,0.30954555949285767,ALP,True,False
2019,QLD,163,Griffith,33167,CHANDLER-MATHER,Max,3,GRN,The Greens,23562.0,99617.0,0.23652589417468906,GRN,True,False
2019,QLD,163,Griffith,32909,JULIUS,Christian John,4,UAPP,United Australia Party,1444.0,99617.0,0.014495517833301545,UAPP,False,False
2019,QLD,163,Griffith,32554,DARLINGTON,Julie,5,ON,Pauline Hanson's One Nation,2109.0,99617.0,0.02117108525653252,ON,False,False
2019,QLD,163,Griffith,33128,MURRAY,Tony,6,FACN,FRASER ANNING'S CONSERVATIVE NATIONAL PARTY,850.0,99617.0,0.008532680165032072,FACN,False,False
2019,QLD,164,Groom,33170,NELLIGAN,Alyce,1,GRN,The Greens,7598.0,95448.0,0.07960355376749643,GRN,True,False
2019,QLD,164,Groom,32702,KING,David,2,ON,Pauline Hanson's One Nation,12493.0,95448.0,0.13088802279775374,ON,False,False
2019,QLD,164,Groom,33313,ADRELIUS,Perry,3,FACN,FRASER ANNING'S CONSERVATIVE NATIONAL PARTY,2854.0,95448.0,0.029901097980051965,FACN,False,False
2019,QLD,164,Groom,33113,McVEIGH,John,4,LNP,Liberal National Party of Queensland,50908.0,95448.0,0.533358477914676,LNP,True,False
2019,QLD,164,Groom,32922,LAW,Kenneth Ian,5,UAPP,United Australia Party,3784.0,95448.0,0.03964462325035621,UAPP,False,False
2019,QLD,164,Groom,32750,KAY,Troy,6,ALP,Australian Labor Party,17811.0,95448.0,0.18660422428966558,ALP,True,False
2019,QLD,165,Herbert,32569,LOHSE,Amy,1,ON,Pauline Hanson's One Nation,10189.0,91917.0,0.11085000598365917,ON,False,False
2019,QLD,165,Herbert,32858,DOWLING,Greg,2,UAPP,United Australia Party,5239.0,91917.0,0.056997073446696474,UAPP,False,False
2019,QLD,165,Herbert,32610,RADECK,Nanette,3,KAP,Katter's Australian Party (KAP),9007.0,91917.0,0.09799057845665111,KAP,False,False
2019,QLD,165,Herbert,33252,BLACKADDER,Sam,4,GRN,The Greens,6721.0,91917.0,0.07312031506685379,GRN,True,False
2019,QLD,165,Herbert,33285,THOMPSON,Phillip,5,LNP,Liberal National Party of Queensland,34112.0,91917.0,0.3711174211516912,LNP,True,False
2019,QLD,165,Herbert,33303,DURANT,Tamara,6,FACN,FRASER ANNING'S CONSERVATIVE NATIONAL PARTY,1671.0,91917.0,0.018179444498841346,FACN,False,False
2019,QLD,165,Herbert,32249,SEVERNS,Mackenzie,7,AJP,Animal Justice Party,1585.0,91917.0,0.01724381779213856,AJP,False,False
2019,QLD,165,Herbert,32762,O'TOOLE,Cathy,8,ALP,Australian Labor Party,23393.0,91917.0,0.2545013436034683,ALP,True,False
2019,QLD,166,Hinkler,32613,HUXHAM,Damian,1,ON,Pauline Hanson's One Nation,13625.0,92067.0,0.14799005072392932,ON,False,False
2019,QLD,166,Hinkler,33166,PITT,Keith,2,LNP,Liberal National Party of Queensland,42374.0,92067.0,0.4602517731651949,LNP,True,False
2019,QLD,166,Hinkler,32953,JACKSON,Anne,3,GRN,The Greens,3422.0,92067.0,0.03716858374879164,GRN,True,False
2019,QLD,166,Hinkler,32120,NORMAN,David,4,IND,Independent,1327.0,92067.0,0.01441341631637829,IND,False,True
2019,QLD,166,Hinkler,32083,TURAGA,Moe,5,IND,Independent,2583.0,92067.0,0.028055655120727295,IND,False,True
2019,QLD,166,Hinkler,33145,ERSKINE,Aaron,6,FACN,FRASER ANNING'S CONSERVATIVE NATIONAL PARTY,1471.0,92067.0,0.015977494650634864,FACN,False,False
2019,QLD,166,Hinkler,32912,ELLUL,Joseph Kevin,7,UAPP,United Australia Party,4029.0,92067.0,0.04376160839388706,UAPP,False,False
2019,QLD,166,Hinkler,32214,BYRNES,Amy,8,AJP,Animal Justice Party,1391.0,92067.0,0.015108562242714545,AJP,False,False
2019,QLD,166,Hinkler,32758,PASCOE,Richard,9,ALP,Australian Labor Party,21110.0,92067.0,0.22928953913997416,ALP,True,False
2019,QLD,166,Hinkler,32098,WONE,Adrian Jacob,10,IND,Independent,735.0,92067.0,0.00798331649776793,IND,False,True
2019,QLD,167,Kennedy,32892,BERTUCH,Sue,1,UAPP,United Australia Party,6124.0,91948.0,0.06660286248749293,UAPP,False,False
2019,QLD,167,Kennedy,32587,KATTER,Bob,2,KAP,Katter's Australian Party (KAP),37665.0,91948.0,0.4096337060077435,KAP,False,False
2019,QLD,167,Kennedy,33298,BURNESS,Lyle,3,GRN,The Greens,4751.0,91948.0,0.0516705094183669,GRN,True,False
2019,QLD,167,Kennedy,33241,HACKWELL,Ian Douglas,4,FACN,FRASER ANNING'S CONSERVATIVE NATIONAL PARTY,2532.0,91948.0,0.027537303693391916,FACN,False,False
2019,QLD,167,Kennedy,33340,BEVERIDGE,Frank,5,LNP,Liberal National Party of Queensland,25264.0,91948.0,0.27476399704180626,LNP,True,False
2019,QLD,167,Kennedy,32808,McGUIRE,Brett,6,ALP,Australian Labor Party,15612.0,91948.0,0.1697916213511985,ALP,True,False
2019,QLD,168,Leichhardt,33212,ASHBY,Jo,1,FACN,FRASER ANNING'S CONSERVATIVE NATIONAL PARTY,1976.0,89785.0,0.022008130534053573,FACN,False,False
2019,QLD,168,Leichhardt,32496,ANDERSON,Chad,2,IND,Independent,2562.0,89785.0,0.028534833212674724,IND,False,True
2019,QLD,168,Leichhardt,32820,FAITH,Elida,3,ALP,Australian Labor Party,25846.0,89785.0,0.2878654563679902,ALP,True,False
2019,QLD,168,Leichhardt,32568,MACDONALD,Ross,4,ON,Pauline Hanson's One Nation,5428.0,89785.0,0.06045553266135769,ON,False,False
2019,QLD,168,Leichhardt,32696,McCARTHY,Daniel,5,KAP,Katter's Australian Party (KAP),7318.0,89785.0,0.08150581945759314,KAP,False,False
2019,QLD,168,Leichhardt,32916,SACKLEY,Jen,6,UAPP,United Australia Party,3562.0,89785.0,0.039672551094280785,UAPP,False,False
2019,QLD,168,Leichhardt,33177,ENTSCH,Warren,7,LNP,Liberal National Party of Queensland,33753.0,89785.0,0.37593139165784933,LNP,True,False
2019,QLD,168,Leichhardt,33129,OLIVER,Gary,8,GRN,The Greens,9340.0,89785.0,0.1040262850142006,GRN,True,False
2019,QLD,169,Lilley,32726,BELL-HENSELIN,Tracey,1,ON,Pauline Hanson's One Nation,5165.0,96605.0,0.05346514155582009,ON,False,False
2019,QLD,169,Lilley,33306,COLES,Don,2,FACN,FRASER ANNING'S CONSERVATIVE NATIONAL PARTY,1155.0,96605.0,0.01195590290357642,FACN,False,False
2019,QLD,169,Lilley,33300,CROOK,Mike,3,SAL,Socialist Alliance,743.0,96605.0,0.007691113296413229,SAL,False,False
2019,QLD,169,Lilley,33292,CARSWELL,Brad,4,LNP,Liberal National Party of Queensland,39392.0,96605.0,0.40776357331401064,LNP,True,False
2019,QLD,169,Lilley,32866,WELLS,Anika,5,ALP,Australian Labor Party,34434.0,96605.0,0.3564411779928575,ALP,True,False
2019,QLD,169,Lilley,33258,MEYER,John,6,GRN,The Greens,13539.0,96605.0,0.14014802546452046,GRN,True,False
2019,QLD,169,Lilley,32967,McCLAER,David Bruce,7,UAPP,United Australia Party,2177.0,96605.0,0.022535065472801614,UAPP,False,False
2019,QLD,302,Longman,33384,YOUNG,Terry,1,LNP,Liberal National Party of Queensland,38411.0,99549.0,0.38585018433133433,LNP,True,False
2019,QLD,302,Longman,32919,MAHER,Bailey James,2,UAPP,United Australia Party,3344.0,99549.0,0.03359149765442144,UAPP,False,False
2019,QLD,302,Longman,32722,YOUNG,Jono,3,AUP,Australian Progressives,965.0,99549.0,0.009693718671207144,AUP,False,False
2019,QLD,302,Longman,32860,LAMB,Susan,4,ALP,Australian Labor Party,33949.0,99549.0,0.3410280364443641,ALP,True,False
2019,QLD,302,Longman,32427,SCHUBACK,Peter Keith,5,AFN,Australia First Party,1069.0,99549.0,0.010738430320746567,AFN,False,False
2019,QLD,302,Longman,32548,THOMSON,Matthew,6,ON,Pauline Hanson's One Nation,13160.0,99549.0,0.13219620488402697,ON,False,False
2019,QLD,302,Longman,33162,PAULKE,Dave,7,FACN,FRASER ANNING'S CONSERVATIVE NATIONAL PARTY,1967.0,99549.0,0.019759113602346584,FACN,False,False
2019,QLD,302,Longman,33345,DEJUN,Simone,8,GRN,The Greens,6684.0,99549.0,0.0671428140915529,GRN,True,False
2019,QLD,170,Maranoa,32836,LITTLE,Linda,1,ALP,Australian Labor Party,14427.0,92760.0,0.15553040103492885,ALP,True,False
2019,QLD,170,Maranoa,33189,LITTLEPROUD,David,2,LNP,Liberal National Party of Queensland,51950.0,92760.0,0.560047434238896,LNP,True,False
2019,QLD,170,Maranoa,32754,WALLIS,Anthony,3,KAP,Katter's Australian Party (KAP),4245.0,92760.0,0.04576326002587322,KAP,False,False
2019,QLD,170,Maranoa,32893,SAUNDERS,Julie Marie,4,UAPP,United Australia Party,3367.0,92760.0,0.036297973264338076,UAPP,False,False
2019,QLD,170,Maranoa,33442,CHRISTIANSEN,Darren Lee,5,FACN,FRASER ANNING'S CONSERVATIVE NATIONAL PARTY,2030.0,92760.0,0.021884432945235014,FACN,False,False
2019,QLD,170,Maranoa,32629,MOULDEN,Rosemary,6,ON,Pauline Hanson's One Nation,13564.0,92760.0,0.14622682190599395,ON,False,False
2019,QLD,170,Maranoa,33118,CHIDLEY,Emmeline,7,GRN,The Greens,3177.0,92760.0,0.0342496765847348,GRN,True,False
2019,QLD,171,McPherson,32773,SANTELISES,Aaron,1,ALP,Australian Labor Party,21138.0,92521.0,0.2284670507236195,ALP,True,False
2019,QLD,171,McPherson,33515,CROWE,Scott,2,LDP,Liberal Democrats,3222.0,92521.0,0.034824526323753525,LDP,False,False
2019,QLD,171,McPherson,33466,KAFF,Michael,3,IND,Independent,1648.0,92521.0,0.01781217237167778,IND,False,True
2019,QLD,171,McPherson,33156,QUINN,Alan,4,GRN,The Greens,10167.0,92521.0,0.10988856583910679,GRN,True,False
2019,QLD,171,McPherson,33194,ANDREWS,Karen,5,LNP,Liberal National Party of Queensland,44634.0,92521.0,0.4824202073042877,LNP,True,False
2019,QLD,171,McPherson,33131,GAFFY,Sean Gordon,6,FACN,FRASER ANNING'S CONSERVATIVE NATIONAL PARTY,846.0,92521.0,0.009143870040315171,FACN,False,False
2019,QLD,171,McPherson,32242,STEWART,Renee,7,AJP,Animal Justice Party,2367.0,92521.0,0.02558338107024351,AJP,False,False
2019,QLD,171,McPherson,32924,MacKENZIE,Fiona Kay,8,UAPP,United Australia Party,3078.0,92521.0,0.03326812291263605,UAPP,False,False
2019,QLD,171,McPherson,32552,SPELLMAN,John,9,ON,Pauline Hanson's One Nation,5421.0,92521.0,0.05859210341435998,ON,False,False
2019,QLD,172,Moncrieff,32231,FREEMAN,Karla,1,AJP,Animal Justice Party,3551.0,91919.0,0.038631838901641666,AJP,False,False
2019,QLD,172,Moncrieff,33208,BELL,Angie,2,LNP,Liberal National Party of Queensland,47356.0,91919.0,0.5151927240287645,LNP,True,False
2019,QLD,172,Moncrieff,32780,SIBSON,Vanessa,3,ON,Pauline Hanson's One Nation,5920.0,91919.0,0.06440453007539247,ON,False,False
2019,QLD,172,Moncrieff,33159,SPAIN,Sally,4,GRN,The Greens,8900.0,91919.0,0.09682437798496503,GRN,True,False
2019,QLD,172,Moncrieff,32948,EILOLA,Garry Paul,5,UAPP,United Australia Party,3419.0,91919.0,0.03719579194725791,UAPP,False,False
2019,QLD,172,Moncrieff,33141,LONG,Darren Alan,6,FACN,FRASER ANNING'S CONSERVATIVE NATIONAL PARTY,1152.0,91919.0,0.012532773420076372,FACN,False,False
2019,QLD,172,Moncrieff,32894,BELL,Tracey,7,ALP,Australian Labor Party,19822.0,91919.0,0.21564638431662658,ALP,True,False
2019,QLD,172,Moncrieff,33511,GRYPHON,S,8,LDP,Liberal Democrats,1799.0,91919.0,0.019571579325275514,LDP,False,False
2019,QLD,173,Moreton,33160,NIEASS,Aaron,1,FACN,FRASER ANNING'S CONSERVATIVE NATIONAL PARTY,1561.0,90642.0,0.017221597052139184,FACN,False,False
2019,QLD,173,Moreton,32765,PERRETT,Graham,2,ALP,Australian Labor Party,31864.0,90642.0,0.35153681516294877,ALP,True,False
2019,QLD,173,Moreton,33237,O'BRIEN,Patsy,3,GRN,The Greens,15189.0,90642.0,0.1675713245515324,GRN,True,False
2019,QLD,173,Moreton,32551,LAWRENCE,William,4,ON,Pauline Hanson's One Nation,3002.0,90642.0,0.03311930451666998,ON,False,False
2019,QLD,173,Moreton,33324,OWEN,Angela,5,LNP,Liberal National Party of Queensland,37011.0,90642.0,0.40832064605811874,LNP,True,False
2019,QLD,173,Moreton,32911,BROWN,Jenny-Rebecca,6,UAPP,United Australia Party,2015.0,90642.0,0.02223031265859094,UAPP,False,False
2019,QLD,174,Oxley,33460,BAUER,Russell,1,LNP,Liberal National Party of Queensland,31290.0,90523.0,0.34565800956662945,LNP,True,False
2019,QLD,174,Oxley,33440,PURCELL,Steven,2,GRN,The Greens,10535.0,90523.0,0.11637926272880925,GRN,True,False
2019,QLD,174,Oxley,32964,DICK,Milton,3,ALP,Australian Labor Party,38501.0,90523.0,0.42531732266937683,ALP,True,False
2019,QLD,174,Oxley,32968,FERGUSON,Ian Maurice,4,UAPP,United Australia Party,2368.0,90523.0,0.02615909768788043,UAPP,False,False
2019,QLD,174,Oxley,32844,LINDBOM,Janet,5,ON,Pauline Hanson's One Nation,5701.0,90523.0,0.06297846956022227,ON,False,False
2019,QLD,174,Oxley,32931,HEAD,Mike,6,SEP,Socialist Equality Party,654.0,90523.0,0.007224683229676436,SEP,False,False
2019,QLD,174,Oxley,33400,MOERLAND,Scott,7,FACN,FRASER ANNING'S CONSERVATIVE NATIONAL PARTY,1474.0,90523.0,0.0162831545574053,FACN,False,False
2019,QLD,175,Petrie,32932,HOPKINS,Troy,1,UAPP,United Australia Party,3361.0,101597.0,0.03308168548283906,UAPP,False,False
2019,QLD,175,Petrie,33381,HOWARTH,Luke,2,LNP,Liberal National Party of Queensland,48879.0,101597.0,0.4811067255922911,LNP,True,False
2019,QLD,175,Petrie,32556,AAI REDDY,Nikhil,3,ON,Pauline Hanson's One Nation,7638.0,101597.0,0.07517938521806747,ON,False,False
2019,QLD,175,Petrie,32847,MULHOLLAND,Corinne,4,ALP,Australian Labor Party,31348.0,101597.0,0.3085524178863549,ALP,True,False
2019,QLD,175,Petrie,33172,FOWLER,Neville John,5,FACN,FRASER ANNING'S CONSERVATIVE NATIONAL PARTY,1494.0,101597.0,0.014705158616888293,FACN,False,False
2019,QLD,175,Petrie,33325,KENNEDY,Jason,6,GRN,The Greens,8877.0,101597.0,0.08737462720355917,GRN,True,False
2019,QLD,176,Rankin,32795,CHALMERS,Jim,1,ALP,Australian Labor Party,35156.0,84864.0,0.41426282051282054,ALP,True,False
2019,QLD,176,Rankin,32923,REDDY,Shyamal,2,UAPP,United Australia Party,3134.0,84864.0,0.03692967571644042,UAPP,False,False
2019,QLD,176,Rankin,33216,COTTER,Neil,3,GRN,The Greens,7709.0,84864.0,0.09083946078431372,GRN,True,False
2019,QLD,176,Rankin,32542,SCHNEIDER,Jesse,4,ON,Pauline Hanson's One Nation,7261.0,84864.0,0.08556042609351433,ON,False,False
2019,QLD,176,Rankin,33153,ANDREWS,Peter James,5,FACN,FRASER ANNING'S CONSERVATIVE NATIONAL PARTY,1593.0,84864.0,0.018771210407239818,FACN,False,False
2019,QLD,176,Rankin,33557,DAVIES,Ric,6,LDP,Liberal Democrats,2379.0,84864.0,0.02803308823529412,LDP,False,False
2019,QLD,176,Rankin,33278,PATTISON,Clinton,7,LNP,Liberal National Party of Queensland,26608.0,84864.0,0.3135369532428356,LNP,True,False
2019,QLD,176,Rankin,33566,MOHAMMAD,Yusuf,8,,,1024.0,84864.0,0.012066365007541479,,False,False
2019,QLD,177,Ryan,32874,COSSAR,Peter,1,ALP,Australian Labor Party,23560.0,96426.0,0.24433244145769814,ALP,True,False
2019,QLD,177,Ryan,32962,CROUCH,Larry Edward,2,UAPP,United Australia Party,1478.0,96426.0,0.015327816149171385,UAPP,False,False
2019,QLD,177,Ryan,32222,WEBB,Joanne,3,AJP,Animal Justice Party,1854.0,96426.0,0.01922717939145044,AJP,False,False
2019,QLD,177,Ryan,32713,MILES,Rodney,4,ON,Pauline Hanson's One Nation,2080.0,96426.0,0.02157094559558625,ON,False,False
2019,QLD,177,Ryan,33286,SIMMONDS,Julian,5,LNP,Liberal National Party of Queensland,46869.0,96426.0,0.4860618505382366,LNP,True,False
2019,QLD,177,Ryan,33211,SCHOERMER,Jake,6,GRN,The Greens,19621.0,96426.0,0.20348246323605668,GRN,True,False
2019,QLD,177,Ryan,33327,BANKS,Andrew,7,FACN,FRASER ANNING'S CONSERVATIVE NATIONAL PARTY,964.0,96426.0,0.009997303631800552,FACN,False,False
2019,QLD,178,Wide Bay,33127,BRYAR,Daniel,1,GRN,The Greens,9330.0,93872.0,0.0993906596216124,GRN,True,False
2019,QLD,178,Wide Bay,32817,SCANES,Jason,2,ALP,Australian Labor Party,20418.0,93872.0,0.2175089483552071,ALP,True,False
2019,QLD,178,Wide Bay,32937,SCHEBELLA,Andrew,3,UAPP,United Australia Party,3385.0,93872.0,0.036059740923811145,UAPP,False,False
2019,QLD,178,Wide Bay,33200,O'BRIEN,Llew,4,LNP,Liberal National Party of Queensland,44204.0,93872.0,0.4708965399693199,LNP,True,False
2019,QLD,178,Wide Bay,32076,JEROME,Tim,5,IND,Independent,4220.0,93872.0,0.04495483211181183,IND,False,True
2019,QLD,178,Wide Bay,33254,SMITH,Jasmine,6,FACN,FRASER ANNING'S CONSERVATIVE NATIONAL PARTY,2149.0,93872.0,0.022892875404806546,FACN,False,False
2019,QLD,178,Wide Bay,32746,VICO,Aaron,7,ON,Pauline Hanson's One Nation,10166.0,93872.0,0.10829640361343106,ON,False,False
2019,QLD,316,Wright,32966,WRIGHT,David William,1,UAPP,United Australia Party,4747.0,96893.0,0.048992187258109464,UAPP,False,False
2019,QLD,316,Wright,33260,GIRARD,Shannon,2,GRN,The Greens,6951.0,96893.0,0.0717389285087674,GRN,True,False
2019,QLD,316,Wright,32114,LARKIN,Innes,3,IND,Independent,5165.0,96893.0,0.05330622439185493,IND,False,True
2019,QLD,316,Wright,32951,McCREADIE,Pam,4,ALP,Australian Labor Party,18155.0,96893.0,0.18737163675394508,ALP,True,False
2019,QLD,316,Wright,33267,SMITH,Rod,5,FACN,FRASER ANNING'S CONSERVATIVE NATIONAL PARTY,2164.0,96893.0,0.0223339147306823,FACN,False,False
2019,QLD,316,Wright,32895,TOMLINSON,Matthew,6,KAP,Katter's Australian Party (KAP),2613.0,96893.0,0.026967892417408896,KAP,False,False
2019,QLD,316,Wright,32846,O'CALLAGHAN,Chris,7,ON,Pauline Hanson's One Nation,13576.0,96893.0,0.14011332087973333,ON,False,False
2019,QLD,316,Wright,33376,BUCHHOLZ,Scott,8,LNP,Liberal National Party of Queensland,43522.0,96893.0,0.4491758950594986,LNP,True,False
2019,SA,179,Adelaide,33037,JAMES,Chris,1,AUD,Australian Democrats,2039.0,107181.0,0.019023894160345584,AUD,False,False
2019,SA,179,Adelaide,33010,POCOCK,Barbara,2,GRN,The Greens,16853.0,107181.0,0.1572386896931359,GRN,True,False
2019,SA,179,Adelaide,33019,GEORGANAS,Steve,3,ALP,Australian Labor Party,43163.0,107181.0,0.4027113014433528,ALP,True,False
2019,SA,179,Adelaide,33271,KANGAS,Deanna,4,AJP,Animal Justice Party,2894.0,107181.0,0.02700105429133895,AJP,False,False
2019,SA,179,Adelaide,33027,OSBORN,Shaun,5,LP,Liberal,38753.0,107181.0,0.36156594918875545,LP,True,False
2019,SA,179,Adelaide,33030,REA,Antonio,6,UAPP,United Australia Party,3479.0,107181.0,0.032459111223071255,UAPP,False,False
2019,SA,180,Barker,33029,HILLAM,Rosa,1,GRN,The Greens,7229.0,105666.0,0.06841368084341226,GRN,True,False
2019,SA,180,Barker,33050,BACHER,Bert,2,UAPP,United Australia Party,6259.0,105666.0,0.05923381220070789,UAPP,False,False
2019,SA,180,Barker,33042,PASIN,Tony,3,LP,Liberal,61155.0,105666.0,0.57875759468514,LP,True,False
2019,SA,180,Barker,33437,ECKERMANN,Karen,4,AJP,Animal Justice Party,2940.0,105666.0,0.027823519391289533,AJP,False,False
2019,SA,180,Barker,33036,GLADIGAU,Kelly,5,XEN,Centre Alliance,3082.0,105666.0,0.02916737645032461,XEN,False,False
2019,SA,180,Barker,32271,HANNEMANN,Miles,6,NP,National Party,2796.0,105666.0,0.026460734768042702,NP,True,False
2019,SA,180,Barker,33032,O'BRIEN,Mat,7,ALP,Australian Labor Party,22205.0,105666.0,0.21014328166108304,ALP,True,False
2019,SA,182,Boothby,33331,RUSSELL,Geoff,1,AJP,Animal Justice Party,2675.0,110577.0,0.024191287519104335,AJP,False,False
2019,SA,182,Boothby,33060,ROZITIS,Stef,2,GRN,The Greens,13224.0,110577.0,0.11959087332808813,GRN,True,False
2019,SA,182,Boothby,33530,CHEOK,Adrian David,3,FACN,FRASER ANNING'S CONSERVATIVE NATIONAL PARTY,868.0,110577.0,0.00784973366975049,FACN,False,False
2019,SA,182,Boothby,33571,WONG,Carol,4,RUA,Rise Up Australia Party,603.0,110577.0,0.0054532135977644535,RUA,False,False
2019,SA,182,Boothby,33109,FLINT,Nicolle,5,LP,Liberal,49973.0,110577.0,0.451929424744748,LP,True,False
2019,SA,182,Boothby,33069,CLANCY,Nadia,6,ALP,Australian Labor Party,38297.0,110577.0,0.3463378460258462,ALP,True,False
2019,SA,182,Boothby,33102,SALERNO,Peter,7,UAPP,United Australia Party,2094.0,110577.0,0.01893703030467457,UAPP,False,False
2019,SA,182,Boothby,33586,JONES,Trevor,8,IND,Independent,2843.0,110577.0,0.025710590810023783,IND,False,True
2019,SA,183,Grey,33337,EDGECOMBE,Jacqui,1,AJP,Animal Justice Party,2681.0,103447.0,0.02591665297205332,AJP,False,False
2019,SA,183,Grey,33438,BOLTON,Karin,2,ALP,Australian Labor Party,23612.0,103447.0,0.22825214844316413,ALP,True,False
2019,SA,183,Grey,32288,STONE,David,3,ON,Pauline Hanson's One Nation,8990.0,103447.0,0.08690440515433023,ON,False,False
2019,SA,183,Grey,32089,CARMODY,Richard,4,IND,Independent,1797.0,103447.0,0.01737121424497569,IND,False,True
2019,SA,183,Grey,33100,WARREN,Alexander David,5,UAPP,United Australia Party,3891.0,103447.0,0.03761346389938809,UAPP,False,False
2019,SA,183,Grey,33099,RAMSEY,Rowan,6,LP,Liberal,52392.0,103447.0,0.5064622463677052,LP,True,False
2019,SA,183,Grey,33094,BROADFOOT,Andrea,7,XEN,Centre Alliance,5324.0,103447.0,0.05146596808027299,XEN,False,False
2019,SA,183,Grey,33093,CHAMPION,Candace,8,GRN,The Greens,4760.0,103447.0,0.046013900838110335,GRN,True,False
2019,SA,185,Hindmarsh,33106,VAID,Rajan,1,FACN,FRASER ANNING'S CONSERVATIVE NATIONAL PARTY,2052.0,108955.0,0.018833463356431553,FACN,False,False
2019,SA,185,Hindmarsh,33111,MORRIS,Rose,2,UAPP,United Australia Party,4729.0,108955.0,0.04340323986967096,UAPP,False,False
2019,SA,185,Hindmarsh,33108,BUTLER,Mark,3,ALP,Australian Labor Party,46950.0,108955.0,0.43091184433940616,ALP,True,False
2019,SA,185,Hindmarsh,33323,KELTY,Alison,4,AJP,Animal Justice Party,3219.0,108955.0,0.029544307282823184,AJP,False,False
2019,SA,185,Hindmarsh,33110,HALL-EVANS,Jake,5,LP,Liberal,40039.0,108955.0,0.36748198797668763,LP,True,False
2019,SA,185,Hindmarsh,33107,FARRELL,Matt,6,GRN,The Greens,11966.0,108955.0,0.1098251571749805,GRN,True,False
2019,SA,186,Kingston,33098,RISHWORTH,Amanda,1,ALP,Australian Labor Party,53655.0,106081.0,0.5057927432810777,ALP,True,False
2019,SA,186,Kingston,33101,CURRAN,Laura,2,LP,Liberal,33650.0,106081.0,0.3172104335366371,LP,True,False
2019,SA,186,Kingston,33092,MORTIER,Nikki,3,GRN,The Greens,9764.0,106081.0,0.09204287289901113,GRN,True,False
2019,SA,186,Kingston,33360,SOMERS,Kellie,4,AJP,Animal Justice Party,3742.0,106081.0,0.035274931420329746,AJP,False,False
2019,SA,186,Kingston,33104,HOSKIN,Jodie Anne,5,UAPP,United Australia Party,5270.0,106081.0,0.04967901886294435,UAPP,False,False
2019,SA,187,Makin,32838,ZAPPIA,Tony,1,ALP,Australian Labor Party,51666.0,106704.0,0.48419928025191183,ALP,True,False
2019,SA,187,Makin,33103,DAVE,Hemant,2,LP,Liberal,35087.0,106704.0,0.3288255360623782,LP,True,False
2019,SA,187,Makin,33385,GASTON,Lyn,3,AJP,Animal Justice Party,3866.0,106704.0,0.03623106912580597,AJP,False,False
2019,SA,187,Makin,32793,STEWART,Stephanie,4,GRN,The Greens,9211.0,106704.0,0.08632291198080672,GRN,True,False
2019,SA,187,Makin,33105,COLLIS,Rachel,5,UAPP,United Australia Party,6874.0,106704.0,0.06442120257909732,UAPP,False,False
2019,SA,188,Mayo,33087,DOWNER,Georgina,1,LP,Liberal,42426.0,112676.0,0.37653093826546913,LP,True,False
2019,SA,188,Mayo,33080,BOURNE,Anne,2,GRN,The Greens,10436.0,112676.0,0.09261954630977315,GRN,True,False
2019,SA,188,Mayo,33446,DOWLAND,Helen,3,AJP,Animal Justice Party,2302.0,112676.0,0.020430260215130107,AJP,False,False
2019,SA,188,Mayo,33089,CANE,Michael,4,UAPP,United Australia Party,3597.0,112676.0,0.03192339096169548,UAPP,False,False
2019,SA,188,Mayo,33084,GERHARDY,Saskia,5,ALP,Australian Labor Party,15390.0,112676.0,0.13658631829315915,ALP,True,False
2019,SA,188,Mayo,33085,SHARKIE,Rebekha,6,XEN,Centre Alliance,38525.0,112676.0,0.34190954595477296,XEN,False,False
2019,SA,325,Spence,33074,CHAMPION,Nick,1,ALP,Australian Labor Party,51791.0,101629.0,0.509608477895089,ALP,True,False
2019,SA,325,Spence,33081,BOURNE,Kathleen,2,LP,Liberal,26252.0,101629.0,0.2583120959568627,LP,True,False
2019,SA,325,Spence,33086,FIEDLER,Ron,3,UAPP,United Australia Party,7157.0,101629.0,0.07042281238622834,UAPP,False,False
2019,SA,325,Spence,33063,JURY,Daniel,4,GRN,The Greens,7330.0,101629.0,0.07212508240758052,GRN,True,False
2019,SA,325,Spence,33548,KUHLMANN,Rita,5,AJP,Animal Justice Party,3626.0,101629.0,0.03567879247065306,AJP,False,False
2019,SA,325,Spence,32315,HERBERT,Nathan,6,IND,Independent,5473.0,101629.0,0.053852738883586375,IND,False,True
2019,SA,190,Sturt,32821,BOUNDY,Paul,1,GRN,The Greens,12263.0,109732.0,0.11175409178726352,GRN,True,False
2019,SA,190,Sturt,33091,STEVENS,James,2,LP,Liberal,55490.0,109732.0,0.5056865818539715,LP,True,False
2019,SA,190,Sturt,32647,O'HANLON,Cressida,3,ALP,Australian Labor Party,32766.0,109732.0,0.2986002260051763,ALP,True,False
2019,SA,190,Sturt,33289,ROBERTS,Harbinda,4,AJP,Animal Justice Party,1866.0,109732.0,0.017005066890241678,AJP,False,False
2019,SA,190,Sturt,33095,HARDING,Hedley,5,UAPP,United Australia Party,2657.0,109732.0,0.024213538439106185,UAPP,False,False
2019,SA,190,Sturt,33533,THOMAS,Colin,6,CPP,Child Protection Party,1219.0,109732.0,0.011108883461524442,CPP,False,False
2019,SA,190,Sturt,32899,FULCO,Angela,7,AUP,Australian Progressives,565.0,109732.0,0.005148908249188933,AUP,False,False
2019,SA,190,Sturt,32458,LARCOMBE,Nick,8,IND,Independent,2906.0,109732.0,0.026482703313527502,IND,False,True
2019,TAS,192,Bass,32540,HALL,Tom,1,GRN,The Greens,7202.0,68733.0,0.10478227343488572,GRN,True,False
2019,TAS,192,Bass,32327,HART,Ross,2,ALP,Australian Labor Party,23878.0,68733.0,0.3474022667423217,ALP,True,False
2019,TAS,192,Bass,32379,WOODBURY,Susan,3,AJP,Animal Justice Party,1667.0,68733.0,0.02425326989946605,AJP,False,False
2019,TAS,192,Bass,32124,ARCHER,Bridget,4,LP,Liberal,29094.0,68733.0,0.42329012264850946,LP,True,False
2019,TAS,192,Bass,33590,LAMBERT,Todd,5,IND,Independent,2607.0,68733.0,0.0379293789009646,IND,False,True
2019,TAS,192,Bass,32545,ROARK,Allan John,6,UAPP,United Australia Party,3342.0,68733.0,0.04862293221596613,UAPP,False,False
2019,TAS,192,Bass,32399,COOPER,Carl,7,NP,The Nationals,943.0,68733.0,0.013719756157886313,NP,True,False
2019,TAS,193,Braddon,32521,SPAULDING,Karen Wendy,1,UAPP,United Australia Party,2575.0,69973.0,0.03679990853614966,UAPP,False,False
2019,TAS,193,Braddon,32094,BRAKEY,Craig,2,IND,Independent,7619.0,69973.0,0.10888485558715505,IND,False,True
2019,TAS,193,Braddon,33556,ALLAN,Shane,3,FACN,FRASER ANNING'S CONSERVATIVE NATIONAL PARTY,712.0,69973.0,0.01017535335057808,FACN,False,False
2019,TAS,193,Braddon,32121,PEARCE,Gavin,4,LP,Liberal,26513.0,69973.0,0.3789032912694897,LP,True,False
2019,TAS,193,Braddon,32434,MILBOURNE,Sally,5,NP,The Nationals,1654.0,69973.0,0.023637688822831664,NP,True,False
2019,TAS,193,Braddon,32497,PARSONS,Phill,6,GRN,The Greens,3384.0,69973.0,0.04836151086847784,GRN,True,False
2019,TAS,193,Braddon,33547,SMITH,Brett Michael,7,IND,Independent,1203.0,69973.0,0.017192345619024482,IND,False,True
2019,TAS,193,Braddon,32386,KEAY,Justine,8,ALP,Australian Labor Party,22434.0,69973.0,0.3206093779029054,ALP,True,False
2019,TAS,193,Braddon,32440,GALLAHER,Graham,9,ON,Pauline Hanson's One Nation,3879.0,69973.0,0.05543566804338816,ON,False,False
2019,TAS,319,Clark,33553,WILKIE,Andrew,1,IND,Independent,33761.0,67461.0,0.5004521130727383,IND,False,True
2019,TAS,319,Clark,32285,McGREGOR,Ben,2,ALP,Australian Labor Party,13641.0,67461.0,0.20220571885978567,ALP,True,False
2019,TAS,319,Clark,32117,MARKHAM,Amanda-Sue,3,LP,Liberal,11719.0,67461.0,0.17371518358755428,LP,True,False
2019,TAS,319,Clark,32469,SHAW,Juniper,4,GRN,The Greens,6458.0,67461.0,0.0957293843850521,GRN,True,False
2019,TAS,319,Clark,32628,STARKEY,Jim,5,UAPP,United Australia Party,1882.0,67461.0,0.027897600094869628,UAPP,False,False
2019,TAS,195,Franklin,32465,DARKO,Kit,1,GRN,The Greens,11420.0,70261.0,0.1625368269737123,GRN,True,False
2019,TAS,195,Franklin,32116,YOUNG,Dean,2,LP,Liberal,21969.0,70261.0,0.31267701854513885,LP,True,False
2019,TAS,195,Franklin,33600,HAWES,Darren John,3,FACN,FRASER ANNING'S CONSERVATIVE NATIONAL PARTY,1257.0,70261.0,0.01789043708458462,FACN,False,False
2019,TAS,195,Franklin,32284,COLLINS,Julie,4,ALP,Australian Labor Party,30911.0,70261.0,0.4399453466361139,ALP,True,False
2019,TAS,195,Franklin,32565,WINTER,Darren,5,UAPP,United Australia Party,4704.0,70261.0,0.06695037076045032,UAPP,False,False
2019,TAS,196,Lyons,32421,HUTCHINSON,Deanna,1,NP,The Nationals,11222.0,71564.0,0.15681068693756636,NP,True,False
2019,TAS,196,Lyons,32418,MITCHELL,Brian,2,ALP,Australian Labor Party,26091.0,71564.0,0.364582751103907,ALP,True,False
2019,TAS,196,Lyons,32491,WHISSON,Gary,3,GRN,The Greens,6765.0,71564.0,0.09453076966072327,GRN,True,False
2019,TAS,196,Lyons,32424,MURTAGH,Tennille,4,ON,Pauline Hanson's One Nation,5820.0,71564.0,0.0813258062713096,ON,False,False
2019,TAS,196,Lyons,32122,WHELAN,Jessica,5,LP,Liberal,17301.0,71564.0,0.24175563132301156,LP,True,False
2019,TAS,196,Lyons,32584,WARNE,Michael,6,UAPP,United Australia Party,4365.0,71564.0,0.0609943547034822,UAPP,False,False
2019,VIC,197,Aston,33330,TUDGE,Alan,1,LP,Liberal,54744.0,100090.0,0.5469477470276751,LP,True,False
2019,VIC,197,Aston,32408,COOKSON,Asher,2,GVIC,The Greens (VIC),8867.0,100090.0,0.0885902687581177,GVIC,False,False
2019,VIC,197,Aston,32313,PETHIYAGODA,Kadira,3,ALP,Australian Labor Party,29839.0,100090.0,0.2981216904785693,ALP,True,False
2019,VIC,197,Aston,32269,SIRIANNI-DUFFY,Matthew,4,UAPP,United Australia Party,3611.0,100090.0,0.036077530222799484,UAPP,False,False
2019,VIC,197,Aston,32321,KENNEDY,Anna,5,DLP,Labour DLP,3029.0,100090.0,0.030262763512838447,DLP,False,False
2019,VIC,198,Ballarat,33209,HILLS,Bryn,1,AJP,Animal Justice Party,4393.0,102683.0,0.0427821547870631,AJP,False,False
2019,VIC,198,Ballarat,32278,COZYN,Peter,2,UAPP,United Australia Party,4741.0,102683.0,0.04617122600625225,UAPP,False,False
2019,VIC,198,Ballarat,33575,GRAHAM,Alex,3,IND,Independent,1645.0,102683.0,0.016020178607948736,IND,False,True
2019,VIC,198,Ballarat,33429,SHADY,Nick,4,IND,Independent,2288.0,102683.0,0.022282169395128698,IND,False,True
2019,VIC,198,Ballarat,32396,McALOON,Karen,5,GVIC,The Greens (VIC),9077.0,102683.0,0.08839827430051712,GVIC,False,False
2019,VIC,198,Ballarat,33268,VO,Tim,6,LP,Liberal,31462.0,102683.0,0.30639930660381953,LP,True,False
2019,VIC,198,Ballarat,32326,KING,Catherine,7,ALP,Australian Labor Party,49077.0,102683.0,0.47794669029927056,ALP,True,False
2019,VIC,200,Bendigo,33371,BUDDE,Sharon,1,RUA,Rise Up Australia Party,1464.0,101661.0,0.014400802667689675,RUA,False,False
2019,VIC,200,Bendigo,32413,HOLIAN,Robert,2,GVIC,The Greens (VIC),11381.0,101661.0,0.11195050215913674,GVIC,False,False
2019,VIC,200,Bendigo,32333,CHESTERS,Lisa,3,ALP,Australian Labor Party,44340.0,101661.0,0.4361554578451914,ALP,True,False
2019,VIC,200,Bendigo,32286,VEITCH,Adam,4,UAPP,United Australia Party,4321.0,101661.0,0.04250400842014145,UAPP,False,False
2019,VIC,200,Bendigo,33422,GAYED,Sam,5,LP,Liberal,32210.0,101661.0,0.3168373319168609,LP,True,False
2019,VIC,200,Bendigo,32644,WILLIAMS,Vaughan,6,ON,Pauline Hanson's One Nation,6278.0,101661.0,0.061754261712947935,ON,False,False
2019,VIC,200,Bendigo,33608,HOSKIN,Julie,7,FACN,FRASER ANNING'S CONSERVATIVE NATIONAL PARTY,1667.0,101661.0,0.01639763527803189,FACN,False,False
2019,VIC,201,Bruce,33596,BOYANTON,Tim,1,FACN,FRASER ANNING'S CONSERVATIVE NATIONAL PARTY,3377.0,93040.0,0.03629621668099742,FACN,False,False
2019,VIC,201,Bruce,32368,AHMED,Mubahil,2,UAPP,United Australia Party,3979.0,93040.0,0.042766552020636284,UAPP,False,False
2019,VIC,201,Bruce,33276,MacISAAC,John,3,LP,Liberal,27170.0,93040.0,0.2920249355116079,LP,True,False
2019,VIC,201,Bruce,32342,HILL,Julian,4,ALP,Australian Labor Party,51713.0,93040.0,0.5558147033533963,ALP,True,False
2019,VIC,201,Bruce,32409,GARAD,Rhonda,5,GVIC,The Greens (VIC),6801.0,93040.0,0.07309759243336199,GVIC,False,False
2019,VIC,203,Calwell,32400,KERR,Keith,1,CEC,Citizens Electoral Council,2851.0,87452.0,0.03260074097790788,CEC,False,False
2019,VIC,203,Calwell,32659,MORGAN,Polly,2,GVIC,The Greens (VIC),5893.0,87452.0,0.06738553720898321,GVIC,False,False
2019,VIC,203,Calwell,32391,VAMVAKINOU,Maria,3,ALP,Australian Labor Party,47115.0,87452.0,0.5387526871884005,ALP,True,False
2019,VIC,203,Calwell,33609,VAIL,Adam,4,FACN,FRASER ANNING'S CONSERVATIVE NATIONAL PARTY,1771.0,87452.0,0.02025110917989297,FACN,False,False
2019,VIC,203,Calwell,32410,SMALL,Jerome,5,VNS,Victorian Socialists,3984.0,87452.0,0.04555641952156612,VNS,False,False
2019,VIC,203,Calwell,32389,CHHABRA,Prakul,6,UAPP,United Australia Party,3037.0,87452.0,0.034727622009788225,UAPP,False,False
2019,VIC,203,Calwell,32283,BYRNE,Peter,7,SEP,Socialist Equality Party,823.0,87452.0,0.00941087682385766,SEP,False,False
2019,VIC,203,Calwell,33191,HAMILTON,Genevieve,8,LP,Liberal,21978.0,87452.0,0.2513150070896034,LP,True,False
2019,VIC,204,Casey,28237,CHARLETON,Peter,1,IND,Independent,2302.0,99828.0,0.023059662619705896,IND,False,True
2019,VIC,204,Casey,33270,CALABRO,Antony,2,RUA,Rise Up Australia Party,820.0,99828.0,0.008214128300677165,RUA,False,False
2019,VIC,204,Casey,32346,McPHEE,Ross,3,DLP,Labour DLP,2246.0,99828.0,0.022498697760147453,DLP,False,False
2019,VIC,204,Casey,32674,BARKER,Travis,4,AJP,Animal Justice Party,3105.0,99828.0,0.031103498016588533,AJP,False,False
2019,VIC,204,Casey,32292,STARKEY,Wendy,5,UAPP,United Australia Party,2607.0,99828.0,0.0261149176583724,UAPP,False,False
2019,VIC,204,Casey,33235,CLARK,Ryan Leslie,6,DHJP,Derryn Hinch's Justice Party,3309.0,99828.0,0.03314701286212285,DHJP,False,False
2019,VIC,204,Casey,33316,SMITH,Tony,7,LP,Liberal,45168.0,99828.0,0.45245822815242215,LP,True,False
2019,VIC,204,Casey,32318,BRINDLE,Bill,8,ALP,Australian Labor Party,28551.0,99828.0,0.28600192330808993,ALP,True,False
2019,VIC,204,Casey,32404,GAME-LOPATA,Jenny,9,GVIC,The Greens (VIC),10919.0,99828.0,0.10937813038426093,GVIC,False,False
2019,VIC,204,Casey,33551,O'CONNOR,Jayden,10,GAP,The Great Australian Party,801.0,99828.0,0.008023800937612693,GAP,False,False
2019,VIC,205,Chisholm,33549,DOBBY,Ian,1,IND,Independent,2319.0,94920.0,0.02443109987357775,IND,False,True
2019,VIC,205,Chisholm,33333,DORIAN,Angela Mary,2,RUA,Rise Up Australia Party,571.0,94920.0,0.006015592077538981,RUA,False,False
2019,VIC,205,Chisholm,32403,ARTHUR,Luke,3,GVIC,The Greens (VIC),11235.0,94920.0,0.11836283185840708,GVIC,False,False
2019,VIC,205,Chisholm,33350,LIU,Gladys,4,LP,Liberal,41172.0,94920.0,0.43375474083438686,LP,True,False
2019,VIC,205,Chisholm,32689,LAVIN,Rosemary,5,AJP,Animal Justice Party,1780.0,94920.0,0.018752633796881586,AJP,False,False
2019,VIC,205,Chisholm,33296,WICKS,Anne,6,DHJP,Derryn Hinch's Justice Party,2063.0,94920.0,0.02173409186683523,DHJP,False,False
2019,VIC,205,Chisholm,32347,ZORAYA,George,7,UAPP,United Australia Party,1517.0,94920.0,0.015981879477454698,UAPP,False,False
2019,VIC,205,Chisholm,32301,YANG,Jennifer,8,ALP,Australian Labor Party,32561.0,94920.0,0.3430362410450906,ALP,True,False
2019,VIC,205,Chisholm,33205,JENKINS,Philip,9,DLP,Labour DLP,1702.0,94920.0,0.017930889169827224,DLP,False,False
2019,VIC,320,Cooper,32095,VAN LIESHOUT,Teresa,1,IND,Independent,1660.0,97481.0,0.017028959489541553,IND,False,True
2019,VIC,320,Cooper,33257,RUSSELL,Sarah,2,REAS,Reason Australia,2110.0,97481.0,0.02164524368851366,REAS,False,False
2019,VIC,320,Cooper,32300,NANGLE,Brett,3,UAPP,United Australia Party,1892.0,97481.0,0.01940891045434495,UAPP,False,False
2019,VIC,320,Cooper,32728,RICHINGS,Nadine,4,AJP,Animal Justice Party,2476.0,97481.0,0.02539982150367764,AJP,False,False
2019,VIC,320,Cooper,32693,RISSTROM,David,5,GVIC,The Greens (VIC),20605.0,97481.0,0.21137452426626727,GVIC,False,False
2019,VIC,320,Cooper,32382,LARKIN,Kath,6,VNS,Victorian Socialists,4125.0,97481.0,0.04231593849057765,VNS,False,False
2019,VIC,320,Cooper,32339,KEARNEY,Ged,7,ALP,Australian Labor Party,45601.0,97481.0,0.46779372390517127,ALP,True,False
2019,VIC,320,Cooper,33349,BELL,Andrew,8,LP,Liberal,19012.0,97481.0,0.195032878201906,LP,True,False
2019,VIC,207,Corangamite,33304,ERSKINE,Ian,1,RUA,Rise Up Australia Party,1117.0,101620.0,0.01099193072229876,RUA,False,False
2019,VIC,207,Corangamite,32298,COKER,Libby,2,ALP,Australian Labor Party,36047.0,101620.0,0.3547234796299941,ALP,True,False
2019,VIC,207,Corangamite,32609,NORTHEAST,Simon,3,GVIC,The Greens (VIC),9184.0,101620.0,0.09037591025388703,GVIC,False,False
2019,VIC,207,Corangamite,32718,ADAMS,Naomi,4,AJP,Animal Justice Party,2143.0,101620.0,0.02108836843141114,AJP,False,False
2019,VIC,207,Corangamite,33555,COLE,Damien,5,IND,Independent,5131.0,101620.0,0.05049202912812439,IND,False,True
2019,VIC,207,Corangamite,33318,HENDERSON,Sarah,6,LP,Liberal,43017.0,101620.0,0.42331234009053337,LP,True,False
2019,VIC,207,Corangamite,32328,HARVEY,Neil,7,UAPP,United Australia Party,2257.0,101620.0,0.022210194843534738,UAPP,False,False
2019,VIC,207,Corangamite,33275,GRIMLEY,Mandy,8,DHJP,Derryn Hinch's Justice Party,2724.0,101620.0,0.026805746900216493,DHJP,False,False
2019,VIC,208,Corio,32395,MARLES,Richard,1,ALP,Australian Labor Party,47010.0,98752.0,0.4760409915748542,ALP,True,False
2019,VIC,208,Corio,33163,THOMSON,Alastair,2,LP,Liberal,33426.0,98752.0,0.3384842838626053,LP,True,False
2019,VIC,208,Corio,32741,FORBES,Amber,3,GVIC,The Greens (VIC),12902.0,98752.0,0.13065051847051198,GVIC,False,False
2019,VIC,208,Corio,32720,SANBORN,Desmond,4,UAPP,United Australia Party,5414.0,98752.0,0.05482420609202852,UAPP,False,False
2019,VIC,209,Deakin,33266,SULLIVAN,Ellie Jean,1,DHJP,Derryn Hinch's Justice Party,3386.0,97269.0,0.034810679661557126,DHJP,False,False
2019,VIC,209,Deakin,33558,JANSON,Vickie,2,IND,Independent,1614.0,97269.0,0.016593159177127347,IND,False,True
2019,VIC,209,Deakin,32412,SUN,Sophia,3,GVIC,The Greens (VIC),8730.0,97269.0,0.08975110261234309,GVIC,False,False
2019,VIC,209,Deakin,33317,SUKKAR,Michael,4,LP,Liberal,46536.0,97269.0,0.4784258088394041,LP,True,False
2019,VIC,209,Deakin,32296,WILDE,Milton,5,UAPP,United Australia Party,1997.0,97269.0,0.020530693232170577,UAPP,False,False
2019,VIC,209,Deakin,32694,COSTANTINO,Vinita,6,AJP,Animal Justice Party,1964.0,97269.0,0.02019142789583526,AJP,False,False
2019,VIC,209,Deakin,32353,MORRIS,Shireen,7,ALP,Australian Labor Party,31648.0,97269.0,0.32536573831333726,ALP,True,False
2019,VIC,209,Deakin,32380,van der HORST,Joel,8,DLP,Labour DLP,1394.0,97269.0,0.014331390268225231,DLP,False,False
2019,VIC,210,Dunkley,33311,O'CONNELL,Lachlan Andrew,1,DHJP,Derryn Hinch's Justice Party,5027.0,96828.0,0.05191680092535217,DHJP,False,False
2019,VIC,210,Dunkley,32842,JOHNSTON,Elizabeth,2,AJP,Animal Justice Party,2961.0,96828.0,0.030579997521378115,AJP,False,False
2019,VIC,210,Dunkley,32393,JEAN,Ron,3,UAPP,United Australia Party,2513.0,96828.0,0.02595323666707977,UAPP,False,False
2019,VIC,210,Dunkley,32352,MURPHY,Peta,4,ALP,Australian Labor Party,37301.0,96828.0,0.38522947907630023,ALP,True,False
2019,VIC,210,Dunkley,32789,GREEN,Emily,5,GVIC,The Greens (VIC),8125.0,96828.0,0.08391167844012062,GVIC,False,False
2019,VIC,210,Dunkley,33404,CREWTHER,Chris,6,LP,Liberal,38616.0,96828.0,0.398810261494609,LP,True,False
2019,VIC,210,Dunkley,33612,JAMES,Christopher Ronald,7,FACN,FRASER ANNING'S CONSERVATIVE NATIONAL PARTY,1337.0,96828.0,0.013807989424546618,FACN,False,False
2019,VIC,210,Dunkley,33339,GENTLE,Yvonne,8,RUA,Rise Up Australia Party,948.0,96828.0,0.009790556450613459,RUA,False,False
2019,VIC,211,Flinders,32140,DREGER,Harry,1,IND,Independent,940.0,96952.0,0.009695519432296395,IND,False,True
2019,VIC,211,Flinders,32676,PERSSON,James,2,AJP,Animal Justice Party,2304.0,96952.0,0.023764336991500948,AJP,False,False
2019,VIC,211,Flinders,33195,HUNT,Greg,3,LP,Liberal,45293.0,96952.0,0.46716932090106444,LP,True,False
2019,VIC,211,Flinders,32982,SMITH,Reade,4,SPP,Sustainable Australia,1072.0,96952.0,0.011057017905767803,SPP,False,False
2019,VIC,211,Flinders,32294,SINCLAIR,Josh,5,ALP,Australian Labor Party,23982.0,96952.0,0.24735951811205545,ALP,True,False
2019,VIC,211,Flinders,32608,LESSLIE,Nathan,6,GVIC,The Greens (VIC),6599.0,96952.0,0.06806460929119565,GVIC,False,False
2019,VIC,211,Flinders,32319,McSHANE,Christine,7,UAPP,United Australia Party,2447.0,96952.0,0.025239293671094974,UAPP,False,False
2019,VIC,211,Flinders,32272,BANKS,Julia,8,IND,Independent,13367.0,96952.0,0.13787234920372968,IND,False,True
2019,VIC,211,Flinders,32757,BEVERIDGE,Susie,9,IND,Independent,948.0,96952.0,0.009778034491294661,IND,False,True
2019,VIC,321,Fraser,32282,CHAU,Vinh Van,1,UAPP,United Australia Party,7314.0,92559.0,0.07901986840825852,UAPP,False,False
2019,VIC,321,Fraser,33274,BAIN,Peter,2,LP,Liberal,23929.0,92559.0,0.25852699359327563,LP,True,False
2019,VIC,321,Fraser,32324,MULINO,Daniel,3,ALP,Australian Labor Party,46709.0,92559.0,0.5046402834948519,ALP,True,False
2019,VIC,321,Fraser,33461,DOBRAN,Tony,4,GAP,The Great Australian Party,1656.0,92559.0,0.01789129096036042,GAP,False,False
2019,VIC,321,Fraser,32583,SCORGIE,Rebecca,5,GVIC,The Greens (VIC),7645.0,92559.0,0.08259596581639819,GVIC,False,False
2019,VIC,321,Fraser,32841,TRAN,Van,6,IND,Independent,5306.0,92559.0,0.057325597726855304,IND,False,True
2019,VIC,212,Gellibrand,32325,WATTS,Tim,1,ALP,Australian Labor Party,47942.0,98531.0,0.48656767920755906,ALP,True,False
2019,VIC,212,Gellibrand,32623,THOMAS,Bernadette,2,GVIC,The Greens (VIC),16303.0,98531.0,0.16546061645573473,GVIC,False,False
2019,VIC,212,Gellibrand,33151,MITCHELL,Anthony,3,LP,Liberal,28895.0,98531.0,0.2932579594239376,LP,True,False
2019,VIC,212,Gellibrand,32274,BENTLEY,Lisa Maree,4,UAPP,United Australia Party,5391.0,98531.0,0.05471374491276857,UAPP,False,False
2019,VIC,213,Gippsland,33164,SNELLING,David,1,ASP,"Shooters, Fishers and Farmers",6872.0,96678.0,0.07108132150023791,ASP,False,False
2019,VIC,213,Gippsland,33595,TICKNER,Neville Phillip,2,FACN,FRASER ANNING'S CONSERVATIVE NATIONAL PARTY,2043.0,96678.0,0.0211320052131819,FACN,False,False
2019,VIC,213,Gippsland,32343,BREWER,Kerri Jane,3,UAPP,United Australia Party,4257.0,96678.0,0.04403276857196053,UAPP,False,False
2019,VIC,213,Gippsland,32289,HOLM,Antoinette,4,ALP,Australian Labor Party,22426.0,96678.0,0.231965907445334,ALP,True,False
2019,VIC,213,Gippsland,33567,BUCKLEY,Sonia,5,IND,Independent,3043.0,96678.0,0.03147562009971245,IND,False,True
2019,VIC,213,Gippsland,32371,CHESTER,Darren,6,NP,The Nationals,52202.0,96678.0,0.5399573843066675,NP,True,False
2019,VIC,213,Gippsland,32571,FOSKEY,Deb,7,GVIC,The Greens (VIC),5835.0,96678.0,0.06035499286290573,GVIC,False,False
2019,VIC,214,Goldstein,32334,CONNOLLY,Wayne,1,UAPP,United Australia Party,1945.0,99336.0,0.019580011274865104,UAPP,False,False
2019,VIC,214,Goldstein,32983,HOULT,Brandon James,2,SPP,Sustainable Australia,1653.0,99336.0,0.016640492872674557,SPP,False,False
2019,VIC,214,Goldstein,32291,POLLOCK,Daniel,3,ALP,Australian Labor Party,28118.0,99336.0,0.2830595151808005,ALP,True,False
2019,VIC,214,Goldstein,32566,PENNICUIK,Sue,4,GVIC,The Greens (VIC),13951.0,99336.0,0.1404425384553435,GVIC,False,False
2019,VIC,214,Goldstein,33265,WILSON,Tim,5,LP,Liberal,52320.0,99336.0,0.5266972698719498,LP,True,False
2019,VIC,214,Goldstein,32133,CASLEY,John Tiger,6,IND,Independent,1349.0,99336.0,0.013580172344366594,IND,False,True
2019,VIC,309,Gorton,32287,TURTON,Richard,1,UAPP,United Australia Party,7473.0,94641.0,0.07896154943417757,UAPP,False,False
2019,VIC,309,Gorton,32084,BINGHAM,Jarrod,2,IND,Independent,8363.0,94641.0,0.08836550754958211,IND,False,True
2019,VIC,309,Gorton,32597,SINGH,Harkirat,3,GVIC,The Greens (VIC),6730.0,94641.0,0.07111082934457581,GVIC,False,False
2019,VIC,309,Gorton,32308,O'CONNOR,Brendan,4,ALP,Australian Labor Party,47398.0,94641.0,0.5008188839931953,ALP,True,False
2019,VIC,309,Gorton,33308,DI NOIA,Nathan,5,LP,Liberal,24677.0,94641.0,0.26074322967846914,LP,True,False
2019,VIC,215,Higgins,32579,BALL,Jason,1,GVIC,The Greens (VIC),22573.0,100478.0,0.2246561436334322,GVIC,False,False
2019,VIC,215,Higgins,32986,MORAN,Michaela,2,SPP,Sustainable Australia,1338.0,100478.0,0.013316347857242382,SPP,False,False
2019,VIC,215,Higgins,32701,WALKER,Alicia,3,AJP,Animal Justice Party,1729.0,100478.0,0.01720774696948586,AJP,False,False
2019,VIC,215,Higgins,33232,ALLEN,Katie,4,LP,Liberal,48091.0,100478.0,0.47862218595115347,LP,True,False
2019,VIC,215,Higgins,32336,McLEOD,Fiona,5,ALP,Australian Labor Party,25498.0,100478.0,0.25376699376978046,ALP,True,False
2019,VIC,215,Higgins,32375,RYAN,Tim,6,UAPP,United Australia Party,1249.0,100478.0,0.01243058181890563,UAPP,False,False
2019,VIC,216,Holt,32370,BYRNE,Anthony,1,ALP,Australian Labor Party,48031.0,94687.0,0.5072607644132774,ALP,True,False
2019,VIC,216,Holt,32592,WHEELOCK,Jess,2,GVIC,The Greens (VIC),6735.0,94687.0,0.07112908847043417,GVIC,False,False
2019,VIC,216,Holt,32316,SINGH,Jatinder,3,UAPP,United Australia Party,5958.0,94687.0,0.06292310454444644,UAPP,False,False
2019,VIC,216,Holt,33199,VAN DEN BROEK,Jennifer,4,LP,Liberal,33963.0,94687.0,0.358687042571842,LP,True,False
2019,VIC,217,Hotham,32341,LUAN,Jin,1,UAPP,United Australia Party,3483.0,95868.0,0.03633120540743522,UAPP,False,False
2019,VIC,217,Hotham,32304,O'NEIL,Clare,2,ALP,Australian Labor Party,43310.0,95868.0,0.45176701297617555,ALP,True,False
2019,VIC,217,Hotham,33281,HUA,George,3,LP,Liberal,37447.0,95868.0,0.39061000542412483,LP,True,False
2019,VIC,217,Hotham,32414,GONSALVEZ,Jess,4,GVIC,The Greens (VIC),8722.0,95868.0,0.09097926315350273,GVIC,False,False
2019,VIC,217,Hotham,33255,DORIAN,Peter,5,RUA,Rise Up Australia Party,1134.0,95868.0,0.01182876455125798,RUA,False,False
2019,VIC,217,Hotham,32989,BILIC,Dennis,6,SPP,Sustainable Australia,1772.0,95868.0,0.01848374848750365,SPP,False,False
2019,VIC,218,Indi,32630,ROBINSON,Helen,1,GVIC,The Greens (VIC),4255.0,100956.0,0.042147073972819846,GVIC,False,False
2019,VIC,218,Indi,33238,WHALLEY,Jason Peter,2,DHJP,Derryn Hinch's Justice Party,2891.0,100956.0,0.02863623756884187,DHJP,False,False
2019,VIC,218,Indi,32086,HAINES,Helen,3,IND,Independent,32664.0,100956.0,0.3235468917152027,IND,False,True
2019,VIC,218,Indi,33174,MARTIN,Steve,4,LP,Liberal,35426.0,100956.0,0.3509053449027299,LP,True,False
2019,VIC,218,Indi,32589,BYATT,Mark,5,NP,The Nationals,9538.0,100956.0,0.0944768017750307,NP,True,False
2019,VIC,218,Indi,33221,WHEATLAND,Shane,6,UAPP,United Australia Party,3980.0,100956.0,0.03942311502040493,UAPP,False,False
2019,VIC,218,Indi,32364,KERR,Eric,7,ALP,Australian Labor Party,12202.0,100956.0,0.12086453504497009,ALP,True,False
2019,VIC,219,Isaacs,32570,SAMIOTIS,Kim,1,GVIC,The Greens (VIC),10822.0,96837.0,0.11175480446523539,GVIC,False,False
2019,VIC,219,Isaacs,33297,HEARN,Jeremy,2,LP,Liberal,34089.0,96837.0,0.35202453607608664,LP,True,False
2019,VIC,219,Isaacs,33247,PUVIMANASINGHE,Ash,3,RUA,Rise Up Australia Party,1142.0,96837.0,0.01179301300122887,RUA,False,False
2019,VIC,219,Isaacs,32668,CURRIE,Bronwyn,4,AJP,Animal Justice Party,3607.0,96837.0,0.037248159277961934,AJP,False,False
2019,VIC,219,Isaacs,32312,DREYFUS,Mark,5,ALP,Australian Labor Party,43364.0,96837.0,0.44780404184351025,ALP,True,False
2019,VIC,219,Isaacs,32337,SEALS,Tony,6,UAPP,United Australia Party,3813.0,96837.0,0.03937544533597695,UAPP,False,False
2019,VIC,220,Jagajaga,32320,RIGONI,Maria Marcia,1,UAPP,United Australia Party,3652.0,97767.0,0.03735411744249082,UAPP,False,False
2019,VIC,220,Jagajaga,32293,THWAITES,Kate,2,ALP,Australian Labor Party,41086.0,97767.0,0.42024404962819767,ALP,True,False
2019,VIC,220,Jagajaga,33183,TRUSCOTT,Jeff,3,RUA,Rise Up Australia Party,1345.0,97767.0,0.013757198236623809,RUA,False,False
2019,VIC,220,Jagajaga,33259,WELCH,Richard,4,LP,Liberal,37755.0,97767.0,0.3861732486421799,LP,True,False
2019,VIC,220,Jagajaga,32600,KENNEDY,Paul,5,GVIC,The Greens (VIC),13929.0,97767.0,0.14247138605050785,GVIC,False,False
2019,VIC,221,Kooyong,32355,D'ELIA,Steven,1,UAPP,United Australia Party,1185.0,99029.0,0.011966191721616901,UAPP,False,False
2019,VIC,221,Kooyong,32077,YATES,Oliver,2,IND,Independent,8890.0,99029.0,0.08977168304234114,IND,False,True
2019,VIC,221,Kooyong,24869,ZUBAC,Angelina,3,IND,Independent,539.0,99029.0,0.0054428500742206825,IND,False,True
2019,VIC,221,Kooyong,33123,FRYDENBERG,Josh,4,LP,Liberal,48928.0,99029.0,0.49407749245170607,LP,True,False
2019,VIC,221,Kooyong,32332,STEWART,Jana,5,ALP,Australian Labor Party,16666.0,99029.0,0.16829413606115382,ALP,True,False
2019,VIC,221,Kooyong,32671,HINKLEY,Davina,6,AJP,Animal Justice Party,1117.0,99029.0,0.01127952417978572,AJP,False,False
2019,VIC,221,Kooyong,32575,BURNSIDE,Julian,7,GVIC,The Greens (VIC),21035.0,99029.0,0.21241252562380716,GVIC,False,False
2019,VIC,221,Kooyong,32157,CHANDLER,Bill,8,IND,Independent,669.0,99029.0,0.006755596845368529,IND,False,True
2019,VIC,223,La Trobe,32655,GREGOROVICH,Amy,1,GVIC,The Greens (VIC),7752.0,98689.0,0.07854978771696947,GVIC,False,False
2019,VIC,223,La Trobe,33261,BAKER,Norman,2,RUA,Rise Up Australia Party,947.0,98689.0,0.009595800950460538,RUA,False,False
2019,VIC,223,La Trobe,33307,WOOD,Jason,3,LP,Liberal,45123.0,98689.0,0.4572242093850378,LP,True,False
2019,VIC,223,La Trobe,32811,BAKER,Esther,4,ON,Pauline Hanson's One Nation,4796.0,98689.0,0.04859710808702084,ON,False,False
2019,VIC,223,La Trobe,32311,DEAN,Duncan,5,UAPP,United Australia Party,2506.0,98689.0,0.025392900931208138,UAPP,False,False
2019,VIC,223,La Trobe,32290,CURTIS,Simon,6,ALP,Australian Labor Party,34040.0,98689.0,0.344921926455836,ALP,True,False
2019,VIC,223,La Trobe,33186,CALWELL-BROWNE,Asher Joseph,7,DHJP,Derryn Hinch's Justice Party,3525.0,98689.0,0.03571826647346715,DHJP,False,False
2019,VIC,222,Lalor,32250,JAKOBI,Susan,1,AFN,Australia First Party,4094.0,93478.0,0.043796401292282676,AFN,False,False
2019,VIC,222,Lalor,33190,MURPHY,Gayle,2,LP,Liberal,28209.0,93478.0,0.301771539827553,LP,True,False
2019,VIC,222,Lalor,32354,RYAN,Joanne,3,ALP,Australian Labor Party,48332.0,93478.0,0.5170414429063523,ALP,True,False
2019,VIC,222,Lalor,32297,ROBINSON,Jeffrey Edward,4,UAPP,United Australia Party,4451.0,93478.0,0.0476154817176234,UAPP,False,False
2019,VIC,222,Lalor,32828,DESSI,Jay,5,GVIC,The Greens (VIC),7273.0,93478.0,0.07780440317507863,GVIC,False,False
2019,VIC,222,Lalor,32267,MOINUDDIN,Aijaz,6,,,1119.0,93478.0,0.011970731081109994,,False,False
2019,VIC,322,Macnamara,32247,O'ROURKE,Ruby,1,IND,Independent,1108.0,97092.0,0.011411856795616529,IND,False,True
2019,VIC,322,Macnamara,32447,HODGINS-MAY,Steph,2,GVIC,The Greens (VIC),23534.0,97092.0,0.24238866229967454,GVIC,False,False
2019,VIC,322,Macnamara,32991,ARMSTRONG,Steven,3,SPP,Sustainable Australia,974.0,97092.0,0.010031722490009476,SPP,False,False
2019,VIC,322,Macnamara,33295,ASHMOR,Kate,4,LP,Liberal,36283.0,97092.0,0.37369711201746797,LP,True,False
2019,VIC,322,Macnamara,32306,WALLIS,Chris,5,IND,Independent,918.0,97092.0,0.009454949944382647,IND,False,True
2019,VIC,322,Macnamara,32684,McPHERSON,Craig,6,AJP,Animal Justice Party,1919.0,97092.0,0.0197647591974622,AJP,False,False
2019,VIC,322,Macnamara,33336,KAY,Christine,7,RUA,Rise Up Australia Party,365.0,97092.0,0.003759321056317719,RUA,False,False
2019,VIC,322,Macnamara,32387,PATON,Helen Lucy,8,UAPP,United Australia Party,1136.0,97092.0,0.011700243068429943,UAPP,False,False
2019,VIC,322,Macnamara,32360,BURNS,Josh,9,ALP,Australian Labor Party,30855.0,97092.0,0.317791373130639,ALP,True,False
2019,VIC,224,Mallee,33287,PETROVICH,Serge,1,LP,Liberal,17665.0,93827.0,0.18827203257058203,LP,True,False
2019,VIC,224,Mallee,33629,MOAR,Cecilia,2,IND,Independent,2761.0,93827.0,0.029426497703219756,IND,False,True
2019,VIC,224,Mallee,33621,MODICA,Jason Mark,3,IND,Independent,8795.0,93827.0,0.09373634454901042,IND,False,True
2019,VIC,224,Mallee,32224,GROSVENOR,Rick,4,FACN,FRASER ANNING'S CONSERVATIVE NATIONAL PARTY,1309.0,93827.0,0.013951208074434864,FACN,False,False
2019,VIC,224,Mallee,32425,WEBSTER,Anne,5,NP,The Nationals,26142.0,93827.0,0.27861916079593296,NP,True,False
2019,VIC,224,Mallee,32273,LAHY,Chris,6,CEC,Citizens Electoral Council,416.0,93827.0,0.004433691794472806,CEC,False,False
2019,VIC,224,Mallee,33351,MOLLISON,Philip,7,RUA,Rise Up Australia Party,919.0,93827.0,0.009794622017116608,RUA,False,False
2019,VIC,224,Mallee,32277,HART,Carole,8,ALP,Australian Labor Party,14722.0,93827.0,0.15690579470728042,ALP,True,False
2019,VIC,224,Mallee,33654,FIRMAN,Leigh,9,FUT,Science Party,497.0,93827.0,0.005296982744838905,FUT,False,False
2019,VIC,224,Mallee,32744,KINGSTON,Ray,10,IND,Independent,8621.0,93827.0,0.09188186769266843,IND,False,True
2019,VIC,224,Mallee,33280,STRAUB,Dan,11,ASP,"Shooters, Fishers and Farmers",5512.0,93827.0,0.05874641627676468,ASP,False,False
2019,VIC,224,Mallee,32416,MILLAR,Rick,12,UAPP,United Australia Party,3171.0,93827.0,0.033796242019887665,UAPP,False,False
2019,VIC,224,Mallee,32422,ROWAN,Nicole,13,GVIC,The Greens (VIC),3297.0,93827.0,0.035139139053790486,GVIC,False,False
2019,VIC,225,Maribyrnong,32310,HASAN,MD Sarwar,1,UAPP,United Australia Party,3617.0,100924.0,0.03583884903491737,UAPP,False,False
2019,VIC,225,Maribyrnong,32574,WILLIAMS,James,2,GVIC,The Greens (VIC),14943.0,100924.0,0.14806190797035393,GVIC,False,False
2019,VIC,225,Maribyrnong,32388,SHORTEN,Bill,3,ALP,Australian Labor Party,47487.0,100924.0,0.4705223732709762,ALP,True,False
2019,VIC,225,Maribyrnong,33182,STOW,Christine,4,LP,Liberal,34877.0,100924.0,0.3455768697237525,LP,True,False
2019,VIC,226,McEwen,32426,BARKER,Neil,1,GVIC,The Greens (VIC),8026.0,96128.0,0.08349284287616511,GVIC,False,False
2019,VIC,226,McEwen,33225,PARRAMORE,Ruth,2,AJP,Animal Justice Party,2890.0,96128.0,0.03006408122503329,AJP,False,False
2019,VIC,226,McEwen,32338,MITCHELL,Rob,3,ALP,Australian Labor Party,37911.0,96128.0,0.3943804094540613,ALP,True,False
2019,VIC,226,McEwen,33559,FUSCO,Phillip,4,LP,Liberal,33162.0,96128.0,0.34497752996005326,LP,True,False
2019,VIC,226,McEwen,33545,BUTLER,Deb,5,DHJP,Derryn Hinch's Justice Party,3878.0,96128.0,0.04034204394141145,DHJP,False,False
2019,VIC,226,McEwen,33293,HYNDMAN,Robert James,6,IND,Independent,1552.0,96128.0,0.016145139813581892,IND,False,True
2019,VIC,226,McEwen,33374,GRAHAM,Ronnie,7,ON,Pauline Hanson's One Nation,5693.0,96128.0,0.05922311917443409,ON,False,False
2019,VIC,226,McEwen,32411,HAYMAN,Chris,8,UAPP,United Australia Party,3016.0,96128.0,0.031374833555259656,UAPP,False,False
2019,VIC,228,Melbourne,32833,RYAN,Judy,1,REAS,Reason Australia,4756.0,93064.0,0.05110461617811399,REAS,False,False
2019,VIC,228,Melbourne,32423,BANDT,Adam,2,GVIC,The Greens (VIC),45876.0,93064.0,0.4929510874237084,GVIC,False,False
2019,VIC,228,Melbourne,33341,BLAKE,Dave,3,IND,Independent,1154.0,93064.0,0.012400068769878793,IND,False,True
2019,VIC,228,Melbourne,32721,POPE,Lawrence,4,AJP,Animal Justice Party,1849.0,93064.0,0.01986804779506576,AJP,False,False
2019,VIC,228,Melbourne,33322,SHERSON,Lauren,5,LP,Liberal,19979.0,93064.0,0.21468022006361215,LP,True,False
2019,VIC,228,Melbourne,32303,CREASEY,Luke,6,ALP,Australian Labor Party,18371.0,93064.0,0.19740178801684863,ALP,True,False
2019,VIC,228,Melbourne,32335,PECORA,Tony,7,UAPP,United Australia Party,1079.0,93064.0,0.011594171752772286,UAPP,False,False
2019,VIC,229,Menzies,32345,KELLEHER,Teresa Mary,1,DLP,Labour DLP,3026.0,98326.0,0.030775176453837236,DLP,False,False
2019,VIC,229,Menzies,33179,ANDREWS,Kevin,2,LP,Liberal,50863.0,98326.0,0.5172894249740658,LP,True,False
2019,VIC,229,Menzies,32302,YEE,Stella,3,ALP,Australian Labor Party,29539.0,98326.0,0.30041901429937146,ALP,True,False
2019,VIC,229,Menzies,32825,PAYNE,Rachel,4,REAS,Reason Australia,2029.0,98326.0,0.020635437219046843,REAS,False,False
2019,VIC,229,Menzies,32385,FULLER,Brett Stephen,5,UAPP,United Australia Party,2605.0,98326.0,0.02649350121025975,UAPP,False,False
2019,VIC,229,Menzies,32638,HUMPHREYS,Robert,6,GVIC,The Greens (VIC),10264.0,98326.0,0.10438744584341883,GVIC,False,False
2019,VIC,323,Monash,32690,VERHOEVEN,John,1,IND,Independent,2723.0,100481.0,0.027099650680228102,IND,False,True
2019,VIC,323,Monash,32137,FOZARD,Michael Stewart,2,IND,Independent,2870.0,100481.0,0.028562613827489775,IND,False,True
2019,VIC,323,Monash,32802,WADDELL,Jeff,3,ON,Pauline Hanson's One Nation,7656.0,100481.0,0.07619350922064869,ON,False,False
2019,VIC,323,Monash,32299,O'DONNELL,Jessica,4,ALP,Australian Labor Party,29656.0,100481.0,0.2951403747972253,ALP,True,False
2019,VIC,323,Monash,32729,HORNSTRA,William,5,GVIC,The Greens (VIC),7047.0,100481.0,0.0701326618962789,GVIC,False,False
2019,VIC,323,Monash,33175,BROADBENT,Russell,6,LP,Liberal,46501.0,100481.0,0.4627840089171087,LP,True,False
2019,VIC,323,Monash,32281,SHERRY,Matthew,7,UAPP,United Australia Party,4028.0,100481.0,0.04008718066102049,UAPP,False,False
2019,VIC,324,Nicholls,32417,DRUM,Damian,1,NP,The Nationals,48855.0,95292.0,0.5126873189774588,NP,True,False
2019,VIC,324,Nicholls,33605,PARKER,Jeremy,2,IND,Independent,1772.0,95292.0,0.018595474961171976,IND,False,True
2019,VIC,324,Nicholls,33132,BOCK,Andrew,3,IND,Independent,4581.0,95292.0,0.048073290517567056,IND,False,True
2019,VIC,324,Nicholls,32351,HINE,Stewart John,4,UAPP,United Australia Party,5077.0,95292.0,0.053278344457037316,UAPP,False,False
2019,VIC,324,Nicholls,32309,LODWICK,Bill,5,ALP,Australian Labor Party,18493.0,95292.0,0.1940666582714184,ALP,True,False
2019,VIC,324,Nicholls,32536,FREEMAN,Nickee,6,GVIC,The Greens (VIC),4011.0,95292.0,0.042091676111320996,GVIC,False,False
2019,VIC,324,Nicholls,32604,TYRRELL,Rikkie-Lee,7,ON,Pauline Hanson's One Nation,10754.0,95292.0,0.11285312513117575,ON,False,False
2019,VIC,324,Nicholls,33403,HICKS,Nigel,8,IND,Independent,1749.0,95292.0,0.018354111572849767,IND,False,True
2019,VIC,232,Scullin,32323,GILES,Andrew,1,ALP,Australian Labor Party,55467.0,91809.0,0.6041564552494854,ALP,True,False
2019,VIC,232,Scullin,32356,HASAN,Firas,2,UAPP,United Australia Party,4625.0,91809.0,0.05037632476118899,UAPP,False,False
2019,VIC,232,Scullin,32653,SMITH,Cynthia,3,GVIC,The Greens (VIC),6128.0,91809.0,0.06674726878628456,GVIC,False,False
2019,VIC,232,Scullin,32695,WHITFIELD,Rod,4,AJP,Animal Justice Party,3500.0,91809.0,0.03812262414360248,AJP,False,False
2019,VIC,232,Scullin,33245,SINGH,Gurpal,5,LP,Liberal,20484.0,91809.0,0.2231153808450152,LP,True,False
2019,VIC,232,Scullin,33616,ALBARRI,Yassin Akram,6,IND,Independent,1605.0,91809.0,0.01748194621442342,IND,False,True
2019,VIC,233,Wannon,32679,TAYLOR,Zephlyn,1,GVIC,The Greens (VIC),6590.0,103889.0,0.06343308723733986,GVIC,False,False
2019,VIC,233,Wannon,32372,WALLACE,Joshua,2,UAPP,United Australia Party,6258.0,103889.0,0.06023736873008692,UAPP,False,False
2019,VIC,233,Wannon,32358,BILLI,Maurice,3,ALP,Australian Labor Party,27150.0,103889.0,0.2613366188913167,ALP,True,False
2019,VIC,233,Wannon,33601,DYSON,Alex,4,IND,Independent,10797.0,103889.0,0.10392823109280097,IND,False,True
2019,VIC,233,Wannon,33180,TEHAN,Dan,5,LP,Liberal,53094.0,103889.0,0.5110646940484556,LP,True,False
2019,VIC,234,Wills,32688,MILES,Chris,1,AJP,Animal Justice Party,3596.0,96090.0,0.03742324903736081,AJP,False,False
2019,VIC,234,Wills,32398,BOLTON,Sue,2,VNS,Victorian Socialists,4344.0,96090.0,0.04520761785825788,VNS,False,False
2019,VIC,234,Wills,33251,KILLIN,Peter,3,LP,Liberal,17241.0,96090.0,0.17942553855760224,LP,True,False
2019,VIC,234,Wills,32657,PULFORD,Adam,4,GVIC,The Greens (VIC),25575.0,96090.0,0.2661567280674368,GVIC,False,False
2019,VIC,234,Wills,32329,VENKAT,Manju,5,UAPP,United Australia Party,2979.0,96090.0,0.031002185451139558,UAPP,False,False
2019,VIC,234,Wills,32350,KHALIL,Peter,6,ALP,Australian Labor Party,42355.0,96090.0,0.44078468102820273,ALP,True,False
2019,WA,235,Brand,32431,VANDER VEN,Janine Joy,1,AUC,Australian Christians,2726.0,88841.0,0.030684031021712948,AUC,False,False
2019,WA,235,Brand,33394,KING,Madeleine,2,ALP,Australian Labor Party,35875.0,88841.0,0.40381130333967424,ALP,True,False
2019,WA,235,Brand,33398,PLEITER,Jack,3,LP,Liberal,26510.0,88841.0,0.2983982620636868,LP,True,False
2019,WA,235,Brand,32479,MILLS,Karen-Lee,4,FACN,FRASER ANNING'S CONSERVATIVE NATIONAL PARTY,1376.0,88841.0,0.015488344345516146,FACN,False,False
2019,WA,235,Brand,32156,FREEMAN,Jody,5,GRN,The Greens (WA),9863.0,88841.0,0.11101856124987337,GRN,True,False
2019,WA,235,Brand,32529,JONES,Trevor,6,UAPP,United Australia Party,2570.0,88841.0,0.028928085005796873,UAPP,False,False
2019,WA,235,Brand,33390,PHELAN,Blake,7,WAP,WESTERN AUSTRALIA PARTY,2397.0,88841.0,0.026980785898402766,WAP,False,False
2019,WA,235,Brand,33474,CARTER,Travis,8,ON,Pauline Hanson's One Nation,7524.0,88841.0,0.08469062707533684,ON,False,False
2019,WA,317,Burt,32165,COLLINS,Simone,1,GRN,The Greens (WA),8285.0,88040.0,0.09410495229441163,GRN,True,False
2019,WA,317,Burt,33506,KEOGH,Matt,2,ALP,Australian Labor Party,36058.0,88040.0,0.409563834620627,ALP,True,False
2019,WA,317,Burt,33524,DEVINCENTIS,Nicole,3,ON,Pauline Hanson's One Nation,5116.0,88040.0,0.05810995002271695,ON,False,False
2019,WA,317,Burt,33494,SAGISAKA,Sarcha,4,WAP,WESTERN AUSTRALIA PARTY,901.0,88040.0,0.010233984552476148,WAP,False,False
2019,WA,317,Burt,32839,NATION,Naomi,5,IND,Independent,1149.0,88040.0,0.013050885960926852,IND,False,True
2019,WA,317,Burt,33512,GOODE,David,6,LP,Liberal,29420.0,88040.0,0.33416628805088594,LP,True,False
2019,WA,317,Burt,32526,CHAWLA,Sahil,7,UAPP,United Australia Party,1871.0,88040.0,0.021251703771013177,UAPP,False,False
2019,WA,317,Burt,32390,SPYKER,Warnar,8,AUC,Australian Christians,3298.0,88040.0,0.037460245343025896,AUC,False,False
2019,WA,317,Burt,32601,RAFFAELLI,Peter Joseph,9,ASP,"Shooters, Fishers and Farmers",1942.0,88040.0,0.0220581553839164,ASP,False,False
2019,WA,236,Canning,32486,HEFFERNAN,Malcolm Phillip,1,FACN,FRASER ANNING'S CONSERVATIVE NATIONAL PARTY,1600.0,90892.0,0.01760330942217137,FACN,False,False
2019,WA,236,Canning,33532,WREFORD,Jackson,2,ON,Pauline Hanson's One Nation,6503.0,90892.0,0.07154645073273776,ON,False,False
2019,WA,236,Canning,32435,van BURGEL,Jamie,3,AUC,Australian Christians,1764.0,90892.0,0.019407648637943933,AUC,False,False
2019,WA,236,Canning,32168,MOFFAT,Jodie,4,GRN,The Greens (WA),6840.0,90892.0,0.0752541477797826,GRN,True,False
2019,WA,236,Canning,32530,VEEVERS,Steve,5,UAPP,United Australia Party,2055.0,90892.0,0.02260925053910135,UAPP,False,False
2019,WA,236,Canning,33386,HASTIE,Andrew,6,LP,Liberal,44580.0,90892.0,0.4904722087752498,LP,True,False
2019,WA,236,Canning,33378,TEEDE,Mellisa,7,ALP,Australian Labor Party,24996.0,90892.0,0.2750077014478722,ALP,True,False
2019,WA,236,Canning,33370,CLARKE,Brett,8,WAP,WESTERN AUSTRALIA PARTY,2554.0,90892.0,0.028099282665141046,WAP,False,False
2019,WA,237,Cowan,32239,COOPER,Mark,1,GRN,The Greens (WA),8551.0,84853.0,0.10077428022580227,GRN,True,False
2019,WA,237,Cowan,33348,ALY,Anne,2,ALP,Australian Labor Party,32353.0,84853.0,0.38128292458722735,ALP,True,False
2019,WA,237,Cowan,32934,WESTCOTT,Peter,3,UAPP,United Australia Party,2171.0,84853.0,0.02558542420421199,UAPP,False,False
2019,WA,237,Cowan,32778,LEBRASSE,Andre,4,AUC,Australian Christians,1981.0,84853.0,0.02334625764557529,AUC,False,False
2019,WA,237,Cowan,33450,MUNDY,Sheila,5,ON,Pauline Hanson's One Nation,4777.0,84853.0,0.05629736131898695,ON,False,False
2019,WA,237,Cowan,32875,BEDFORD,Paul James,6,ASP,"Shooters, Fishers and Farmers",1582.0,84853.0,0.018644007872438216,ASP,False,False
2019,WA,237,Cowan,33389,STEWART,Isaac,7,LP,Liberal,33438.0,84853.0,0.39406974414575796,LP,True,False
2019,WA,238,Curtin,32580,LEVER,Joan Anne,1,UAPP,United Australia Party,1114.0,89062.0,0.012508140396577666,UAPP,False,False
2019,WA,238,Curtin,32149,PIDGEON,Cameron,2,GRN,The Greens (WA),13847.0,89062.0,0.15547596056679616,GRN,True,False
2019,WA,238,Curtin,33444,HAMMOND,Celia,3,LP,Liberal,48256.0,89062.0,0.5418247962093822,LP,True,False
2019,WA,238,Curtin,32634,STEWART,Louise,4,IND,Independent,6902.0,89062.0,0.07749657541937077,IND,False,True
2019,WA,238,Curtin,33453,EDGAR,Bill,5,ON,Pauline Hanson's One Nation,1054.0,89062.0,0.01183445240394332,ON,False,False
2019,WA,238,Curtin,32470,KINGSFORD,Deonne,6,AUC,Australian Christians,854.0,89062.0,0.009588825761828838,AUC,False,False
2019,WA,238,Curtin,33431,MEECHAM,Rob,7,ALP,Australian Labor Party,15692.0,89062.0,0.17619186634030226,ALP,True,False
2019,WA,238,Curtin,33420,MANGANO,Andrew,8,WAP,WESTERN AUSTRALIA PARTY,1343.0,89062.0,0.015079382901798747,WAP,False,False
2019,WA,312,Durack,33536,PRICE,Melissa,1,LP,Liberal,34429.0,77721.0,0.4429819482507945,LP,True,False
2019,WA,312,Durack,33435,MOUNSEY,Gary,2,WAP,WESTERN AUSTRALIA PARTY,2895.0,77721.0,0.037248620064075345,WAP,False,False
2019,WA,312,Durack,33531,GOULD,Grahame,3,ON,Pauline Hanson's One Nation,7407.0,77721.0,0.09530242791523526,ON,False,False
2019,WA,312,Durack,32187,MAMID,Johani,4,GRN,The Greens (WA),6287.0,77721.0,0.08089190823586932,GRN,True,False
2019,WA,312,Durack,33500,MORROW,Sharyn,5,ALP,Australian Labor Party,16742.0,77721.0,0.21541153613566474,ALP,True,False
2019,WA,312,Durack,32525,HATTON,Brenden,6,UAPP,United Australia Party,2083.0,77721.0,0.02680099329653504,UAPP,False,False
2019,WA,312,Durack,32959,BOURNE,Scott,7,NP,The Nationals,7878.0,77721.0,0.10136256610182576,NP,True,False
2019,WA,239,Forrest,32153,BOSHAMMER,Nerilee,1,GRN,The Greens (WA),11645.0,90462.0,0.1287280847206562,GRN,True,False
2019,WA,239,Forrest,32527,McCALL,Mark,2,ASP,"Shooters, Fishers and Farmers",2881.0,90462.0,0.0318476266277553,ASP,False,False
2019,WA,239,Forrest,33415,MARINO,Nola,3,LP,Liberal,47470.0,90462.0,0.5247507240609317,LP,True,False
2019,WA,239,Forrest,33463,JAMIESON,Kalven Wayne,4,ON,Pauline Hanson's One Nation,5371.0,90462.0,0.05937299639627689,ON,False,False
2019,WA,239,Forrest,32160,MARSDEN,Alexander,5,IND,Independent,1238.0,90462.0,0.013685304326678605,IND,False,True
2019,WA,239,Forrest,33356,MOLYNEUX,Ian Bruce,6,WAP,WESTERN AUSTRALIA PARTY,1167.0,90462.0,0.01290044438548783,WAP,False,False
2019,WA,239,Forrest,33392,SANFORD,Wayne,7,ALP,Australian Labor Party,19126.0,90462.0,0.21142579204527867,ALP,True,False
2019,WA,239,Forrest,32505,BROMLEY,Dale Geoffrey,8,UAPP,United Australia Party,1564.0,90462.0,0.017289027436934844,UAPP,False,False
2019,WA,240,Fremantle,33407,KNAPP,Janetia,1,WAP,WESTERN AUSTRALIA PARTY,2333.0,91103.0,0.025608377331152652,WAP,False,False
2019,WA,240,Fremantle,33411,WILSON,Josh,2,ALP,Australian Labor Party,34636.0,91103.0,0.38018506525580936,ALP,True,False
2019,WA,240,Fremantle,33529,WEARY,Brett,3,ON,Pauline Hanson's One Nation,3485.0,91103.0,0.03825340548609815,ON,False,False
2019,WA,240,Fremantle,32532,LEVER,Fatima,4,UAPP,United Australia Party,1767.0,91103.0,0.01939562912308047,UAPP,False,False
2019,WA,240,Fremantle,32255,WAINWRIGHT,Sam,5,SAL,Socialist Alliance,990.0,91103.0,0.01086682107065629,SAL,False,False
2019,WA,240,Fremantle,33414,ROBINS,Nicole,6,LP,Liberal,31862.0,91103.0,0.34973601308409163,LP,True,False
2019,WA,240,Fremantle,32170,HUTCHINSON,Jesse,7,GRN,The Greens (WA),14574.0,91103.0,0.15997277806438867,GRN,True,False
2019,WA,240,Fremantle,32428,MULDER,Laetisia,8,AUC,Australian Christians,1456.0,91103.0,0.015981910584722786,AUC,False,False
2019,WA,305,Hasluck,33364,WHITE-HARTIG,Fiona,1,ASP,"Shooters, Fishers and Farmers",2436.0,84200.0,0.028931116389548695,ASP,False,False
2019,WA,305,Hasluck,33249,PHELAN,Stephen,2,WAP,WESTERN AUSTRALIA PARTY,1542.0,84200.0,0.01831353919239905,WAP,False,False
2019,WA,305,Hasluck,33410,WYATT,Ken,3,LP,Liberal,36735.0,84200.0,0.4362826603325416,LP,True,False
2019,WA,305,Hasluck,33372,MARTIN,James,4,ALP,Australian Labor Party,25792.0,84200.0,0.3063182897862233,ALP,True,False
2019,WA,305,Hasluck,32531,WILLIAMS,Brady John,5,AUC,Australian Christians,1679.0,84200.0,0.01994061757719715,AUC,False,False
2019,WA,305,Hasluck,33457,ORR,Tim,6,ON,Pauline Hanson's One Nation,4445.0,84200.0,0.05279097387173397,ON,False,False
2019,WA,305,Hasluck,32648,DALE,Mike,7,UAPP,United Australia Party,1920.0,84200.0,0.02280285035629454,UAPP,False,False
2019,WA,305,Hasluck,32432,MILES,Lee-Anne,8,GRN,The Greens (WA),9651.0,84200.0,0.11461995249406176,GRN,True,False
2019,WA,242,Moore,33490,WALSH,Tyler,1,ON,Pauline Hanson's One Nation,4113.0,88779.0,0.04632852363734667,ON,False,False
2019,WA,242,Moore,33452,GOODENOUGH,Ian,2,LP,Liberal,45503.0,88779.0,0.5125423805179152,LP,True,False
2019,WA,242,Moore,32186,VUJCICH,Daniel,3,GRN,The Greens (WA),10735.0,88779.0,0.12091823516822672,GRN,True,False
2019,WA,242,Moore,32520,HOST,Rex,4,AUC,Australian Christians,1259.0,88779.0,0.014181281609389609,AUC,False,False
2019,WA,242,Moore,33432,JACOBS,Jen,5,WAP,WESTERN AUSTRALIA PARTY,1428.0,88779.0,0.016084884939005846,WAP,False,False
2019,WA,242,Moore,33416,O'GORMAN,Tony,6,ALP,Australian Labor Party,21760.0,88779.0,0.24510300859437478,ALP,True,False
2019,WA,242,Moore,32348,MURPHY,Ziggi,7,IND,Independent,2390.0,88779.0,0.026920780815282895,IND,False,True
2019,WA,242,Moore,32535,CHILCOTT,Rod,8,UAPP,United Australia Party,1591.0,88779.0,0.017920904718458194,UAPP,False,False
2019,WA,243,O'Connor,32956,HASSELL,John,1,NP,The Nationals,10795.0,85957.0,0.12558604883837268,NP,True,False
2019,WA,243,O'Connor,32146,GILMOUR,Nelson Blake,2,GRN,The Greens (WA),7245.0,85957.0,0.08428632921111719,GRN,True,False
2019,WA,243,O'Connor,33366,PAYNE,Shelley,3,ALP,Australian Labor Party,18243.0,85957.0,0.21223402398873856,ALP,True,False
2019,WA,243,O'Connor,32503,FELS,Anthony James,4,UAPP,United Australia Party,1598.0,85957.0,0.0185906906941843,UAPP,False,False
2019,WA,243,O'Connor,33380,WILSON,Rick,5,LP,Liberal,36135.0,85957.0,0.4203846109101062,LP,True,False
2019,WA,243,O'Connor,33328,'t HART,Ian,6,AUC,Australian Christians,2527.0,85957.0,0.02939842014030271,AUC,False,False
2019,WA,243,O'Connor,33354,SWIFT,Peter,7,WAP,WESTERN AUSTRALIA PARTY,1279.0,85957.0,0.01487953278965064,WAP,False,False
2019,WA,243,O'Connor,33417,SMITH,Dean,8,ON,Pauline Hanson's One Nation,7252.0,85957.0,0.08436776527798782,ON,False,False
2019,WA,243,O'Connor,33653,ROBINSON,Nicholas Andrew,9,GAP,The Great Australian Party,883.0,85957.0,0.010272578149539887,GAP,False,False
2019,WA,244,Pearce,33430,OLD,Sandy,1,ON,Pauline Hanson's One Nation,8199.0,99923.0,0.08205318094933098,ON,False,False
2019,WA,244,Pearce,33343,TRAVERS,Kim,2,ALP,Australian Labor Party,29027.0,99923.0,0.29049368013370297,ALP,True,False
2019,WA,244,Pearce,33399,PORTER,Christian,3,LP,Liberal,43689.0,99923.0,0.4372266645316894,LP,True,False
2019,WA,244,Pearce,33377,CALAUTTI,Michael,4,WAP,WESTERN AUSTRALIA PARTY,1305.0,99923.0,0.013060056243307347,WAP,False,False
2019,WA,244,Pearce,32615,STRAUSS,Magdeleen,5,AUC,Australian Christians,1609.0,99923.0,0.016102398847112277,AUC,False,False
2019,WA,244,Pearce,32257,MARSHALL,Eugene,6,GRN,The Greens (WA),8676.0,99923.0,0.08682685667964332,GRN,True,False
2019,WA,244,Pearce,32940,BLYTH,Steve,7,NP,The Nationals,1342.0,99923.0,0.013430341362849395,NP,True,False
2019,WA,244,Pearce,32656,FORSTER,Rob,8,UAPP,United Australia Party,2495.0,99923.0,0.024969226304254275,UAPP,False,False
2019,WA,244,Pearce,32776,WILLIAMSON,Ross,9,ASP,"Shooters, Fishers and Farmers",2125.0,99923.0,0.021266375108833804,ASP,False,False
2019,WA,244,Pearce,32118,BUTLAND,Colin,10,IND,Independent,1456.0,99923.0,0.014571219839276242,IND,False,True
2019,WA,245,Perth,33497,BOXALL,Jane,1,WAP,WESTERN AUSTRALIA PARTY,2222.0,87706.0,0.0253346407315349,WAP,False,False
2019,WA,245,Perth,33510,GORMAN,Patrick,2,ALP,Australian Labor Party,30207.0,87706.0,0.34441201286114975,ALP,True,False
2019,WA,245,Perth,33526,GRAYDEN,Jim,3,LP,Liberal,32800.0,87706.0,0.37397669486694185,LP,True,False
2019,WA,245,Perth,33550,DAVIES,Gary,4,FUT,Science Party,1329.0,87706.0,0.01515289717921237,FUT,False,False
2019,WA,245,Perth,32641,HOPKINS,Chas,5,UAPP,United Australia Party,1661.0,87706.0,0.01893827104188995,UAPP,False,False
2019,WA,245,Perth,32155,PERKS,Caroline,6,GRN,The Greens (WA),16552.0,87706.0,0.18872141016578114,GRN,True,False
2019,WA,245,Perth,33537,LOWNDS,Mel,7,ON,Pauline Hanson's One Nation,2333.0,87706.0,0.026600232595261442,ON,False,False
2019,WA,245,Perth,33539,GREENING,Curtis,8,FLUX,VOTEFLUX.ORG | Upgrade Democracy!,602.0,87706.0,0.006863840558228628,FLUX,False,False
2019,WA,246,Stirling,33599,YOUNG,Angus,1,ON,Pauline Hanson's One Nation,3129.0,86779.0,0.03605711059127208,ON,False,False
2019,WA,246,Stirling,32163,CULLITY,Judith,2,GRN,The Greens (WA),10439.0,86779.0,0.12029408036506528,GRN,True,False
2019,WA,246,Stirling,32598,HUTTON,Dorothy,3,UAPP,United Australia Party,1577.0,86779.0,0.018172599361596698,UAPP,False,False
2019,WA,246,Stirling,33591,CONNELLY,Vince,4,LP,Liberal,40757.0,86779.0,0.4696643197086853,LP,True,False
2019,WA,246,Stirling,33563,RE,Elizabeth,5,WAP,WESTERN AUSTRALIA PARTY,1750.0,86779.0,0.020166169234492215,WAP,False,False
2019,WA,246,Stirling,32464,HOST,Kevin,6,AUC,Australian Christians,1504.0,86779.0,0.017331382016386454,AUC,False,False
2019,WA,246,Stirling,33578,MARKEY,Melita,7,ALP,Australian Labor Party,27623.0,86779.0,0.318314338722502,ALP,True,False
2019,WA,247,Swan,33425,IRONS,Steve,1,LP,Liberal,37591.0,84137.0,0.4467832226012337,LP,True,False
2019,WA,247,Swan,32678,KLOMP,Steve,2,AUC,Australian Christians,1450.0,84137.0,0.017233797259231968,AUC,False,False
2019,WA,247,Swan,32533,THOMAS-WURTH,Virginia Anne,3,AJP,Animal Justice Party,1304.0,84137.0,0.01549853215588861,AJP,False,False
2019,WA,247,Swan,32699,ADDINK,Carmel,4,FACN,FRASER ANNING'S CONSERVATIVE NATIONAL PARTY,599.0,84137.0,0.007119341074675827,FACN,False,False
2019,WA,247,Swan,33335,HAWKINS ZEEB,Sharron,5,WAP,WESTERN AUSTRALIA PARTY,1102.0,84137.0,0.013097685917016294,WAP,False,False
2019,WA,247,Swan,32451,CRAMER,Liberty,6,GRN,The Greens (WA),10367.0,84137.0,0.12321570771479848,GRN,True,False
2019,WA,247,Swan,32624,CHEHOFF,Michael,7,AFN,Australia First Party,251.0,84137.0,0.002983229732460154,AFN,False,False
2019,WA,247,Swan,33656,McLERNON,Peter,8,UAPP,United Australia Party,1482.0,84137.0,0.017614129336677085,UAPP,False,False
2019,WA,247,Swan,33469,CHANG,Tshung-Hui,9,ON,Pauline Hanson's One Nation,2038.0,84137.0,0.024222399182286032,ON,False,False
2019,WA,247,Swan,33388,BEAZLEY,Hannah,10,ALP,Australian Labor Party,27953.0,84137.0,0.33223195502573183,ALP,True,False
2019,WA,248,Tangney,33395,BOSWELL,Marion,1,ALP,Australian Labor Party,21644.0,83419.0,0.2594612738105228,ALP,True,False
2019,WA,248,Tangney,33478,RAFFERTY,Scott Rodney,2,ON,Pauline Hanson's One Nation,1732.0,83419.0,0.020762655989642647,ON,False,False
2019,WA,248,Tangney,32737,HORTON,Jillian,3,IND,Independent,1933.0,83419.0,0.02317217899998801,IND,False,True
2019,WA,248,Tangney,32742,STAER,Mark,4,AUC,Australian Christians,1695.0,83419.0,0.020319111952912406,AUC,False,False
2019,WA,248,Tangney,33592,WADDY,Paul Stephen,5,IND,Independent,307.0,83419.0,0.0036802167371941643,IND,False,True
2019,WA,248,Tangney,32524,SPENCER,Martin,6,GRN,The Greens (WA),9319.0,83419.0,0.11171315887267888,GRN,True,False
2019,WA,248,Tangney,33436,MORTON,Ben,7,LP,Liberal,44740.0,83419.0,0.5363286541435405,LP,True,False
2019,WA,248,Tangney,32907,FERNANDEZ,Chris,8,UAPP,United Australia Party,969.0,83419.0,0.011616058691664969,UAPP,False,False
2019,WA,248,Tangney,33359,WAUGH,Gavin,9,WAP,WESTERN AUSTRALIA PARTY,1080.0,83419.0,0.012946690801855692,WAP,False,False
2022,ACT,318,Bean,36239,CONWAY,Sean,1,UAPP,United Australia Party,2831.0,98394.0,0.028772079598349494,UAPP,False,False
2022,ACT,318,Bean,37455,AMBARD,Benjamin,2,ON,Pauline Hanson's One Nation,2680.0,98394.0,0.027237433176819724,ON,False,False
2022,ACT,318,Bean,36231,SMITH,David,3,ALP,Australian Labor Party,41060.0,98394.0,0.4173018680000813,ALP,True,False
2022,ACT,318,Bean,32130,CHRISTIE,Jamie,4,IND,Independent,8023.0,98394.0,0.08153952476777039,IND,False,True
2022,ACT,318,Bean,36243,SAVERY,Kathryn Jane,5,GRN,The Greens,14559.0,98394.0,0.1479663394109397,GRN,True,False
2022,ACT,318,Bean,37198,HIATT,Jane,6,LP,Liberal,29241.0,98394.0,0.2971827550460394,LP,True,False
2022,ACT,101,Canberra,36238,SMITH,Catherine,1,UAPP,United Australia Party,1687.0,92322.0,0.018273001018175517,UAPP,False,False
2022,ACT,101,Canberra,37456,MILES,James,2,ON,Pauline Hanson's One Nation,1531.0,92322.0,0.01658326292757956,ON,False,False
2022,ACT,101,Canberra,32830,BOHM,Tim,3,IND,Independent,4772.0,92322.0,0.05168865492515327,IND,False,True
2022,ACT,101,Canberra,37211,MINSON,Slade,4,LP,Liberal,20102.0,92322.0,0.2177379172894868,LP,True,False
2022,ACT,101,Canberra,36241,HOLLO,Tim,5,GRN,The Greens,22795.0,92322.0,0.24690756266112085,GRN,True,False
2022,ACT,101,Canberra,36228,PAYNE,Alicia,6,ALP,Australian Labor Party,41435.0,92322.0,0.448809601178484,ALP,True,False
2022,ACT,102,Fenner,36234,LEIGH,Andrew,1,ALP,Australian Labor Party,44100.0,91281.0,0.4831235415913498,ALP,True,False
2022,ACT,102,Fenner,37203,KUSTER,Nathan,2,LP,Liberal,25416.0,91281.0,0.27843691458244324,LP,True,False
2022,ACT,102,Fenner,36237,ELTON,Timothy Peter,3,UAPP,United Australia Party,2346.0,91281.0,0.025700857790777926,UAPP,False,False
2022,ACT,102,Fenner,37458,GRANT,Lucia,4,ON,Pauline Hanson's One Nation,2419.0,91281.0,0.026500586102255672,ON,False,False
2022,ACT,102,Fenner,36242,SOJIC,Natasa,5,GRN,The Greens,15294.0,91281.0,0.16754855884576197,GRN,True,False
2022,ACT,102,Fenner,37599,JAKEMAN,Guy,6,LDP,Liberal Democrats,1706.0,91281.0,0.0186895410874114,LDP,False,False
2022,NSW,103,Banks,37018,COLEMAN,David,1,LP,Liberal,41622.0,92045.0,0.4521918626758651,LP,True,False
2022,NSW,103,Banks,36651,COCKER,Elouise Ivy,2,LDP,Liberal Democrats,1264.0,92045.0,0.013732413493399967,LDP,False,False
2022,NSW,103,Banks,36265,MOMIRCEVSKI,Marika,3,UAPP,United Australia Party,5048.0,92045.0,0.05484273996414797,UAPP,False,False
2022,NSW,103,Banks,36330,HANNA,Natalie,4,GRN,The Greens,8063.0,92045.0,0.08759845727633223,GRN,True,False
2022,NSW,103,Banks,37388,KHOUW,Steve,5,,,961.0,92045.0,0.010440545385409311,,False,False
2022,NSW,103,Banks,37773,HEFFERNAN,Malcolm Phillip,6,ON,Pauline Hanson's One Nation,2628.0,92045.0,0.028551252104948667,ON,False,False
2022,NSW,103,Banks,36774,SOON,Zhi,7,ALP,Labor,32459.0,92045.0,0.3526427290998968,ALP,True,False
2022,NSW,104,Barton,36820,BURNEY,Linda,1,ALP,Labor,46206.0,91623.0,0.5043056874365607,ALP,True,False
2022,NSW,104,Barton,36276,HONOS,Dimitri,2,UAPP,United Australia Party,5611.0,91623.0,0.0612400816388898,UAPP,False,False
2022,NSW,104,Barton,36332,VANDIJK,Taylor,3,GRN,The Greens,11441.0,91623.0,0.12487039280529998,GRN,True,False
2022,NSW,104,Barton,37017,GOODY,John,4,LP,Liberal,23992.0,91623.0,0.2618556475994019,LP,True,False
2022,NSW,104,Barton,37503,POLLARD,Phillip,5,ON,Pauline Hanson's One Nation,4373.0,91623.0,0.047728190519847634,ON,False,False
2022,NSW,105,Bennelong,36344,AUGUST,John,1,SOPA,"FUSION: Science, Pirate, Secular, Climate Emergency",2125.0,99648.0,0.021325064226075788,SOPA,False,False
2022,NSW,105,Bennelong,36300,ADAMS,Tony,2,GRN,The Greens,11395.0,99648.0,0.11435252087347463,GRN,True,False
2022,NSW,105,Bennelong,36650,CAMERON,Dougal,3,LDP,Liberal Democrats,1539.0,99648.0,0.015444364161849711,LDP,False,False
2022,NSW,105,Bennelong,37019,KENNEDY,Simon,4,LP,Liberal,41206.0,99648.0,0.4135155748233783,LP,True,False
2022,NSW,105,Bennelong,36280,COLLYER,Rhys Ian,5,UAPP,United Australia Party,2915.0,99648.0,0.02925297045600514,UAPP,False,False
2022,NSW,105,Bennelong,37519,WATERSON,Victor,6,ON,Pauline Hanson's One Nation,1664.0,99648.0,0.016698779704560053,ON,False,False
2022,NSW,105,Bennelong,36827,LAXALE,Jerome,7,ALP,Labor,37596.0,99648.0,0.37728805394990367,ALP,True,False
2022,NSW,105,Bennelong,37428,DHONGDUE,Kyinzom,8,DPDA,Democratic Alliance,1208.0,99648.0,0.01212267180475273,DPDA,False,False
2022,NSW,106,Berowra,36851,SAMIOS,Nicholas,1,LDP,Liberal Democrats,2307.0,93306.0,0.024725098064433154,LDP,False,False
2022,NSW,106,Berowra,36291,SALITRA,Tania,2,GRN,The Greens,14536.0,93306.0,0.15578848091226716,GRN,True,False
2022,NSW,106,Berowra,37792,BOSMA,Rhiannon,3,ON,Pauline Hanson's One Nation,2972.0,93306.0,0.03185218528283283,ON,False,False
2022,NSW,106,Berowra,37028,LEESER,Julian,4,LP,Liberal,45797.0,93306.0,0.4908258847233833,LP,True,False
2022,NSW,106,Berowra,36295,CLARKE,Brendan Michael,5,SOPA,"FUSION: Science, Pirate, Secular, Climate Emergency",1418.0,93306.0,0.01519730778299359,SOPA,False,False
2022,NSW,106,Berowra,36830,KOSCHINSKI,Benson,6,ALP,Labor,20746.0,93306.0,0.2223436863652927,ALP,True,False
2022,NSW,106,Berowra,37789,LOUIE,David James,7,CYA,Australian Federation Party,509.0,93306.0,0.005455169013782608,CYA,False,False
2022,NSW,106,Berowra,27974,WOODWARD,Roger,8,IND,Independent,904.0,93306.0,0.009688551647268128,IND,False,True
2022,NSW,106,Berowra,36339,MARTINIC,Christopher,9,UAPP,United Australia Party,2315.0,93306.0,0.024810837459541723,UAPP,False,False
2022,NSW,106,Berowra,37815,CASWELL,Benjamin,10,IND,Independent,1802.0,93306.0,0.01931279874820483,IND,False,True
2022,NSW,107,Blaxland,37547,STEPANOFF,Adam,1,ON,Pauline Hanson's One Nation,4421.0,81677.0,0.05412784504817758,ON,False,False
2022,NSW,107,Blaxland,37038,GUNEY,Oz,2,LP,Liberal,22059.0,81677.0,0.2700760311960527,LP,True,False
2022,NSW,107,Blaxland,36349,EISLER,Linda,3,GRN,The Greens,5187.0,81677.0,0.06350625022956279,GRN,True,False
2022,NSW,107,Blaxland,36823,CLARE,Jason,4,ALP,Labor,44905.0,81677.0,0.5497875778983068,ALP,True,False
2022,NSW,107,Blaxland,36254,SINOSIC,Elvis,5,UAPP,United Australia Party,5105.0,81677.0,0.06250229562790015,UAPP,False,False
2022,NSW,108,Bradfield,36047,BOELE,Nicolette,1,IND,Independent,20198.0,96704.0,0.2088641628060887,IND,False,True
2022,NSW,108,Bradfield,36826,BRIGDEN,David Gordon,2,ALP,Labor,16902.0,96704.0,0.1747807743216413,ALP,True,False
2022,NSW,108,Bradfield,36362,COUSINS,Martin,3,GRN,The Greens,8960.0,96704.0,0.09265387160820648,GRN,True,False
2022,NSW,108,Bradfield,36101,KITSON,Janine,4,IND,Independent,3018.0,96704.0,0.031208636664460623,IND,False,True
2022,NSW,108,Bradfield,36294,FLETCHER,Rob,5,UAPP,United Australia Party,2496.0,96704.0,0.025810721376571807,UAPP,False,False
2022,NSW,108,Bradfield,37016,FLETCHER,Paul,6,LP,Liberal,43562.0,96704.0,0.450467405691595,LP,True,False
2022,NSW,108,Bradfield,37563,LOWE,Michael,7,ON,Pauline Hanson's One Nation,1568.0,96704.0,0.016214427531436135,ON,False,False
2022,NSW,109,Calare,35951,HOOK,Kate,1,IND,Independent,21891.0,107319.0,0.20398065580186173,IND,False,True
2022,NSW,109,Calare,37543,WHITTAKER,Stacey,2,ON,Pauline Hanson's One Nation,9057.0,107319.0,0.08439325748469516,ON,False,False
2022,NSW,109,Calare,36320,NANKERVIS,Kay,3,GRN,The Greens,4891.0,107319.0,0.04557440900492923,GRN,True,False
2022,NSW,109,Calare,36799,ELLIOTT,Sarah,4,ALP,Labor,16252.0,107319.0,0.1514363719378675,ALP,True,False
2022,NSW,109,Calare,36348,GEE,Andrew,5,NP,The Nationals,51161.0,107319.0,0.47671894072810966,NP,True,False
2022,NSW,109,Calare,36263,JANNIS,Adam John,6,UAPP,United Australia Party,4067.0,107319.0,0.03789636504253674,UAPP,False,False
2022,NSW,111,Chifley,37555,BATISH,Amit,1,ON,Pauline Hanson's One Nation,6034.0,97189.0,0.062085215405035546,ON,False,False
2022,NSW,111,Chifley,37041,RASKOV,Zvetanka,2,UAPP,United Australia Party,5149.0,97189.0,0.052979246622560164,UAPP,False,False
2022,NSW,111,Chifley,24190,KHAN,Ammar,3,IND,Independent,1839.0,97189.0,0.018921894453075964,IND,False,True
2022,NSW,111,Chifley,36667,ROUGHLEY,Ben,4,LDP,Liberal Democrats,3263.0,97189.0,0.03357375834713805,LDP,False,False
2022,NSW,111,Chifley,36329,SELVENTHIRAN,Sujan,5,GRN,The Greens,5622.0,97189.0,0.057846052536809724,GRN,True,False
2022,NSW,111,Chifley,37045,SINGH,Jugandeep,6,LP,Liberal,24046.0,97189.0,0.24741483089650063,LP,True,False
2022,NSW,111,Chifley,36788,HUSIC,Ed,7,ALP,Labor,51236.0,97189.0,0.5271790017388799,ALP,True,False
2022,NSW,112,Cook,37731,CAMERON,Gaye,1,ON,Pauline Hanson's One Nation,4985.0,97817.0,0.05096251162885797,ON,False,False
2022,NSW,112,Cook,36301,DYSON,Catherine,2,GRN,The Greens,9685.0,97817.0,0.09901141928294672,GRN,True,False
2022,NSW,112,Cook,37025,MORRISON,Scott,3,LP,Liberal,54322.0,97817.0,0.5553431407628531,LP,True,False
2022,NSW,112,Cook,36694,GUINANE,Jacqueline,4,UAPP,United Australia Party,4381.0,97817.0,0.0447877158367155,UAPP,False,False
2022,NSW,112,Cook,36784,EARLE,Simon,5,ALP,Labor,24444.0,97817.0,0.24989521248862673,ALP,True,False
2022,NSW,113,Cowper,37556,ASPIOTIS,Faye,1,ON,Pauline Hanson's One Nation,9047.0,111236.0,0.08133158330037038,ON,False,False
2022,NSW,113,Cowper,36909,McMULLEN,Keith,2,ALP,Labor,15566.0,111236.0,0.13993671113668238,ALP,True,False
2022,NSW,113,Cowper,36342,CONAGHAN,Pat,3,NP,The Nationals,43909.0,111236.0,0.3947373152576504,NP,True,False
2022,NSW,113,Cowper,36245,HEISE,Caz,4,IND,Independent,29206.0,111236.0,0.2625588838145924,IND,False,True
2022,NSW,113,Cowper,36662,CHASELING,Simon,5,LDP,Liberal Democrats,4316.0,111236.0,0.038800388363479446,LDP,False,False
2022,NSW,113,Cowper,36259,FAIRHALL,Joshua Stephen,6,UAPP,United Australia Party,2674.0,111236.0,0.024038980186270632,UAPP,False,False
2022,NSW,113,Cowper,36322,NOTT,Timothy,7,GRN,The Greens,6518.0,111236.0,0.05859613794095437,GRN,True,False
2022,NSW,114,Cunningham,37020,UREN,Marcus,1,LP,Liberal,25418.0,101671.0,0.2500024589115874,LP,True,False
2022,NSW,114,Cunningham,36370,BRITTON,Ben,2,UAPP,United Australia Party,4936.0,101671.0,0.048548750381131295,UAPP,False,False
2022,NSW,114,Cunningham,36778,BYRNES,Alison,3,ALP,Labor,40783.0,101671.0,0.4011271650716527,ALP,True,False
2022,NSW,114,Cunningham,36644,GARNAUT-MILLER,Alexis,4,CEC,Citizens Party,1098.0,101671.0,0.010799539691750843,CEC,False,False
2022,NSW,114,Cunningham,36356,GREEN,Dylan,5,GRN,The Greens,22011.0,101671.0,0.21649241179884135,GRN,True,False
2022,NSW,114,Cunningham,36669,GLOVER,Michael,6,LDP,Liberal Democrats,2207.0,101671.0,0.021707271493346184,LDP,False,False
2022,NSW,114,Cunningham,37517,GROGAN,Thomas,7,ON,Pauline Hanson's One Nation,5218.0,101671.0,0.05132240265169025,ON,False,False
2022,NSW,115,Dobell,36312,BARNES,Geoff,1,SOPA,"FUSION: Science, Pirate, Secular, Climate Emergency",2202.0,101717.0,0.0216482987111299,SOPA,False,False
2022,NSW,115,Dobell,36261,MACKIN,Dean James,2,UAPP,United Australia Party,3818.0,101717.0,0.03753551520394821,UAPP,False,False
2022,NSW,115,Dobell,37015,FENELEY,Michael,3,LP,Liberal,34276.0,101717.0,0.3369741537796042,LP,True,False
2022,NSW,115,Dobell,36336,CONNOR,Cath,4,GRN,The Greens,8700.0,101717.0,0.0855314254254451,GRN,True,False
2022,NSW,115,Dobell,37550,STEVENSON,Martin,5,ON,Pauline Hanson's One Nation,7583.0,101717.0,0.07454997689668394,ON,False,False
2022,NSW,115,Dobell,36663,METHERELL,Eliot,6,LDP,Liberal Democrats,1543.0,101717.0,0.015169539015110553,LDP,False,False
2022,NSW,115,Dobell,36779,McBRIDE,Emma,7,ALP,Labor,43595.0,101717.0,0.4285910909680781,ALP,True,False
2022,NSW,117,Eden-Monaro,37389,HOLGATE,James,1,SPP,Sustainable Australia Party - Stop Overdevelopment / Corruption,2260.0,101517.0,0.02226228119428273,SPP,False,False
2022,NSW,117,Eden-Monaro,36666,HOLMES,Maxwell,2,LDP,Liberal Democrats,2625.0,101517.0,0.025857738112828394,LDP,False,False
2022,NSW,117,Eden-Monaro,36803,McBAIN,Kristy,3,ALP,Labor,43215.0,101517.0,0.4256922485889063,ALP,True,False
2022,NSW,117,Eden-Monaro,37360,BUTLER,Greg,4,AUD,Australian Democrats,651.0,101517.0,0.006412719051981442,AUD,False,False
2022,NSW,117,Eden-Monaro,36744,GARNON,Darren Scott,5,UAPP,United Australia Party,2566.0,101517.0,0.025276554665721013,UAPP,False,False
2022,NSW,117,Eden-Monaro,37193,NOCKLES,Jerry,6,LP,Liberal,33520.0,101517.0,0.3301910024921934,LP,True,False
2022,NSW,117,Eden-Monaro,36297,HARRIS,Vivian,7,GRN,The Greens,9376.0,101517.0,0.09235891525557295,GRN,True,False
2022,NSW,117,Eden-Monaro,36403,McLENNAN,Toni,8,IMO,Informed Medical Options Party,909.0,101517.0,0.008954165312213718,IMO,False,False
2022,NSW,117,Eden-Monaro,37724,THALER,Andrew,9,IND,Independent,2044.0,101517.0,0.02013455874385571,IND,False,True
2022,NSW,117,Eden-Monaro,37549,SHANNON,Boyd,10,ON,Pauline Hanson's One Nation,4351.0,101517.0,0.04285981658244432,ON,False,False
2022,NSW,118,Farrer,36331,DAVERN,Eli,1,GRN,The Greens,9163.0,100582.0,0.09109979916883737,GRN,True,False
2022,NSW,118,Farrer,37032,LEY,Sussan,2,LP,Liberal,52566.0,100582.0,0.5226183611381758,LP,True,False
2022,NSW,118,Farrer,37644,DUNCAN-STRELEC,Amanda,3,IND,Independent,3189.0,100582.0,0.031705474140502274,IND,False,True
2022,NSW,118,Farrer,37318,BRITTON,Paul,4,ASP,"Shooters, Fishers and Farmers Party",5339.0,100582.0,0.05308106818317393,ASP,False,False
2022,NSW,118,Farrer,36668,ROWORTH,Ian Christopher,5,LDP,Liberal Democrats,1595.0,100582.0,0.015857708138633155,LDP,False,False
2022,NSW,118,Farrer,37561,FRANCIS,Richard,6,ON,Pauline Hanson's One Nation,6363.0,100582.0,0.06326181622954405,ON,False,False
2022,NSW,118,Farrer,36274,RAMOS,Julie,7,UAPP,United Australia Party,3270.0,100582.0,0.03251078721838897,UAPP,False,False
2022,NSW,118,Farrer,36789,CAMERON,Darren Michael,8,ALP,Labor,19097.0,100582.0,0.18986498578274444,ALP,True,False
2022,NSW,119,Fowler,36907,KENEALLY,Kristina,1,ALP,Labor,30973.0,85903.0,0.36055783849225287,ALP,True,False
2022,NSW,119,Fowler,36305,PANICH,Lela Lepa,2,UAPP,United Australia Party,5512.0,85903.0,0.06416539585346262,UAPP,False,False
2022,NSW,119,Fowler,36676,RUNGE,Peter Ronald,3,LDP,Liberal Democrats,2094.0,85903.0,0.024376331443604998,LDP,False,False
2022,NSW,119,Fowler,36240,LE,Dai,4,IND,Independent,25346.0,85903.0,0.2950537233856792,IND,False,True
2022,NSW,119,Fowler,37026,NGUYEN,Courtney,5,LP,Liberal,14740.0,85903.0,0.1715888851378881,LP,True,False
2022,NSW,119,Fowler,37566,MARGOS,Tony,6,ON,Pauline Hanson's One Nation,3047.0,85903.0,0.035470239688951494,ON,False,False
2022,NSW,119,Fowler,36679,HOWARD,Avery,7,GRN,The Greens,4191.0,85903.0,0.048787585998160715,GRN,True,False
2022,NSW,120,Gilmore,37023,CONSTANCE,Andrew,1,LP,Liberal,46941.0,111705.0,0.42022290855378003,LP,True,False
2022,NSW,120,Gilmore,37405,DIGIGLIO,Nina,2,IND,Independent,4721.0,111705.0,0.04226310371066649,IND,False,True
2022,NSW,120,Gilmore,36682,McCALLUM,Carmel,3,GRN,The Greens,11417.0,111705.0,0.10220670516091492,GRN,True,False
2022,NSW,120,Gilmore,36270,MALONEY,Jordan Lindsay,4,UAPP,United Australia Party,3108.0,111705.0,0.02782328454411172,UAPP,False,False
2022,NSW,120,Gilmore,37515,EID,Jerremy,5,ON,Pauline Hanson's One Nation,4453.0,111705.0,0.03986392730853588,ON,False,False
2022,NSW,120,Gilmore,36671,FADINI,Adrian,6,LDP,Liberal Democrats,890.0,111705.0,0.007967414171254643,LDP,False,False
2022,NSW,120,Gilmore,36776,PHILLIPS,Fiona,7,ALP,Labor,40175.0,111705.0,0.3596526565507363,ALP,True,False
2022,NSW,121,Grayndler,36278,SMITH,David Bruce,1,UAPP,United Australia Party,2101.0,94573.0,0.022215642942488872,UAPP,False,False
2022,NSW,121,Grayndler,36782,ALBANESE,Anthony,2,ALP,Labor,50723.0,94573.0,0.5363370095058844,ALP,True,False
2022,NSW,121,Grayndler,37029,ZHANG,Ben,3,LP,Liberal,15111.0,94573.0,0.15978133293857655,LP,True,False
2022,NSW,121,Grayndler,36327,HAGGERTY,James,4,SOPA,"FUSION: Science, Pirate, Secular, Climate Emergency",1222.0,94573.0,0.012921235447749358,SOPA,False,False
2022,NSW,121,Grayndler,37650,KILHAM,Sarina,5,IND,Independent,1973.0,94573.0,0.020862191111628056,IND,False,True
2022,NSW,121,Grayndler,37534,HENSELIN,Paul,6,ON,Pauline Hanson's One Nation,1449.0,94573.0,0.015321497679041587,ON,False,False
2022,NSW,121,Grayndler,36749,DELLO-IACOVO,Michael Armando,7,AJP,Animal Justice Party,1148.0,94573.0,0.012138771108032948,AJP,False,False
2022,NSW,121,Grayndler,36317,JACOBS,Rachael,8,GRN,The Greens,20846.0,94573.0,0.22042231926659828,GRN,True,False
2022,NSW,122,Greenway,36264,REX,Mark Andrew,1,UAPP,United Australia Party,4359.0,100539.0,0.04335630949183899,UAPP,False,False
2022,NSW,122,Greenway,36787,ROWLAND,Michelle,2,ALP,Labor,48551.0,100539.0,0.4829071305662479,ALP,True,False
2022,NSW,122,Greenway,36674,KACHWALLA,Adam,3,LDP,Liberal Democrats,3014.0,100539.0,0.029978416335949234,LDP,False,False
2022,NSW,122,Greenway,37805,BOSI,Riccardo Umberto Guerrino,4,IND,Independent,3272.0,100539.0,0.03254458468852883,IND,False,True
2022,NSW,122,Greenway,37810,NANDA,Love Preet Singh,5,IND,Independent,1615.0,100539.0,0.016063418176031193,IND,False,True
2022,NSW,122,Greenway,37806,TURNER,Rick,6,ON,Pauline Hanson's One Nation,2710.0,100539.0,0.026954714091049246,ON,False,False
2022,NSW,122,Greenway,37042,PATHI,Pradeep,7,LP,Liberal,29932.0,100539.0,0.2977153144550871,LP,True,False
2022,NSW,122,Greenway,36328,ATKINS,Damien,8,GRN,The Greens,7086.0,100539.0,0.07048011219526751,GRN,True,False
2022,NSW,124,Hughes,37190,WARE,Jenny,1,LP,Liberal,42148.0,96909.0,0.43492348491884136,LP,True,False
2022,NSW,124,Hughes,36359,THOMPSON,Pete,2,GRN,The Greens,6118.0,96909.0,0.06313139130524513,GRN,True,False
2022,NSW,124,Hughes,36104,STEELE,Georgia,3,IND,Independent,13891.0,96909.0,0.14334065979423996,IND,False,True
2022,NSW,124,Hughes,36249,KELLY,Craig,4,UAPP,United Australia Party,7186.0,96909.0,0.07415203954225098,UAPP,False,False
2022,NSW,124,Hughes,37821,SEYMOUR,Narelle,5,ON,Pauline Hanson's One Nation,2600.0,96909.0,0.026829293460875668,ON,False,False
2022,NSW,124,Hughes,37398,SEYMOUR,Linda,6,IND,Independent,3138.0,96909.0,0.03238089341547225,IND,False,True
2022,NSW,124,Hughes,36790,CAMPBELL,Riley,7,ALP,Labor,21828.0,96909.0,0.22524223756307463,ALP,True,False
2022,NSW,125,Hume,36785,BAINES,Greg,1,ALP,Labor,20864.0,104762.0,0.19915618258528855,ALP,True,False
2022,NSW,125,Hume,36341,DOLLIN,Garry Trevor,2,UAPP,United Australia Party,4780.0,104762.0,0.04562723124797159,UAPP,False,False
2022,NSW,125,Hume,37521,THOMPSON,Rebecca,3,ON,Pauline Hanson's One Nation,7700.0,104762.0,0.07349993318187893,ON,False,False
2022,NSW,125,Hume,37730,MENERIPITIYAGE DONA,Sheneli,4,IND,Independent,1124.0,104762.0,0.010729081155380769,IND,False,True
2022,NSW,125,Hume,37320,SELLER,Ross Edward,5,ASP,"Shooters, Fishers and Farmers Party",3108.0,104762.0,0.02966724575704931,ASP,False,False
2022,NSW,125,Hume,36323,STEWART,Karen,6,GRN,The Greens,5194.0,104762.0,0.04957904583723106,GRN,True,False
2022,NSW,125,Hume,37034,TAYLOR,Angus,7,LP,Liberal,45177.0,104762.0,0.4312346079685382,LP,True,False
2022,NSW,125,Hume,36772,DE LIMA,Joaquim Eduardo,8,LDP,Liberal Democrats,770.0,104762.0,0.007349993318187893,LDP,False,False
2022,NSW,125,Hume,37807,ACKERY,Penny,9,IND,Independent,16045.0,104762.0,0.15315667894847368,IND,False,True
2022,NSW,126,Hunter,36307,MURRAY,Janet,1,GRN,The Greens,9562.0,107727.0,0.08876140614701979,GRN,True,False
2022,NSW,126,Hunter,36792,REPACHOLI,Dan,2,ALP,Labor,41514.0,107727.0,0.3853630009189897,ALP,True,False
2022,NSW,126,Hunter,36401,DAVIES,Victoria,3,AJP,Animal Justice Party,2469.0,107727.0,0.02291904536467181,AJP,False,False
2022,NSW,126,Hunter,32415,BONDS,Stuart,4,IND,Independent,6126.0,107727.0,0.05686596674928291,IND,False,True
2022,NSW,126,Hunter,37574,TOWNSEND,Cathy,5,IMO,Informed Medical Options Party,1458.0,107727.0,0.013534211479016402,IMO,False,False
2022,NSW,126,Hunter,36273,PASSFIELD,Geoff,6,UAPP,United Australia Party,4370.0,107727.0,0.040565503541359176,UAPP,False,False
2022,NSW,126,Hunter,36296,THOMSON,James,7,NP,The Nationals,29540.0,107727.0,0.27421166467088104,NP,True,False
2022,NSW,126,Hunter,37525,McNAMARA,Dale,8,ON,Pauline Hanson's One Nation,10759.0,107727.0,0.09987282668226165,ON,False,False
2022,NSW,126,Hunter,37365,LARUFFA,Scott Fulvio,9,IND,Independent,1929.0,107727.0,0.017906374446517586,IND,False,True
2022,NSW,127,Kingsford Smith,36337,DAVIS,Stuart,1,GRN,The Greens,16401.0,97466.0,0.16827406480208482,GRN,True,False
2022,NSW,127,Kingsford Smith,37824,MARR,Darrin,2,ON,Pauline Hanson's One Nation,3051.0,97466.0,0.03130322368826052,ON,False,False
2022,NSW,127,Kingsford Smith,36338,TAWAF,Anthony,3,UAPP,United Australia Party,3388.0,97466.0,0.03476083967742597,UAPP,False,False
2022,NSW,127,Kingsford Smith,37039,TAN,Grace,4,LP,Liberal,27929.0,97466.0,0.28655120760059916,LP,True,False
2022,NSW,127,Kingsford Smith,36781,THISTLETHWAITE,Matt,5,ALP,Labor,46697.0,97466.0,0.4791106642316295,ALP,True,False
2022,NSW,128,Lindsay,36783,ROSS,Trevor,1,ALP,Labor,33206.0,104726.0,0.3170750338979814,ALP,True,False
2022,NSW,128,Lindsay,36345,MORSSINK,Pieter,2,GRN,The Greens,8404.0,104726.0,0.08024750300784905,GRN,True,False
2022,NSW,128,Lindsay,37526,JAGO,Max,3,ON,Pauline Hanson's One Nation,6203.0,104726.0,0.05923075454041976,ON,False,False
2022,NSW,128,Lindsay,36354,O'CONNOR,Joseph,4,UAPP,United Australia Party,4272.0,104726.0,0.04079216240475145,UAPP,False,False
2022,NSW,128,Lindsay,37160,McINTOSH,Melissa,5,LP,Liberal,48939.0,104726.0,0.467305158222409,LP,True,False
2022,NSW,128,Lindsay,36853,McCLURE,Gareth,6,LDP,Liberal Democrats,1627.0,104726.0,0.01553577908064855,LDP,False,False
2022,NSW,128,Lindsay,37150,RAY,Rebekah,7,IMO,Informed Medical Options Party,2075.0,104726.0,0.019813608845940835,IMO,False,False
2022,NSW,130,Lyne,36368,PEARCE,Joanne,1,IND,Independent,3820.0,107248.0,0.0356183798299269,IND,False,True
2022,NSW,130,Lyne,36289,PUTLAND,Joel,2,UAPP,United Australia Party,4421.0,107248.0,0.04122221393405938,UAPP,False,False
2022,NSW,130,Lyne,36310,GILLESPIE,David,3,NP,The Nationals,46661.0,107248.0,0.4350757123675966,NP,True,False
2022,NSW,130,Lyne,36775,SIMPSON,Alex,4,ALP,Labor,23024.0,107248.0,0.21467999403252275,ALP,True,False
2022,NSW,130,Lyne,37616,ATTKINS,Steve,5,IND,Independent,5574.0,107248.0,0.05197299716544831,IND,False,True
2022,NSW,130,Lyne,36856,HORNSHAW,Mark,6,LDP,Liberal Democrats,6824.0,107248.0,0.06362822616738774,LDP,False,False
2022,NSW,130,Lyne,37514,CASHMAN,Josephine,7,ON,Pauline Hanson's One Nation,8502.0,107248.0,0.07927420557959122,ON,False,False
2022,NSW,130,Lyne,36287,ATTENBOROUGH,Karl,8,GRN,The Greens,8422.0,107248.0,0.0785282709234671,GRN,True,False
2022,NSW,131,Macarthur,36346,RIVERA,Jayden,1,GRN,The Greens,8584.0,111127.0,0.07724495397158207,GRN,True,False
2022,NSW,131,Macarthur,37169,PAUDEL,Binod,2,LP,Liberal,33867.0,111127.0,0.30475941940302537,LP,True,False
2022,NSW,131,Macarthur,36906,FREELANDER,Mike,3,ALP,Labor,51001.0,111127.0,0.458943371097933,ALP,True,False
2022,NSW,131,Macarthur,36288,SICARI,Rosa Antonia,4,UAPP,United Australia Party,6602.0,111127.0,0.05940950444086496,UAPP,False,False
2022,NSW,131,Macarthur,36657,KORMAN,Scott,5,LDP,Liberal Democrats,2197.0,111127.0,0.019770172865280267,LDP,False,False
2022,NSW,131,Macarthur,37579,ZAHRA,Adam,6,ON,Pauline Hanson's One Nation,8876.0,111127.0,0.07987257822131436,ON,False,False
2022,NSW,132,Mackellar,36268,STEELE,Barry,1,TNL,TNL,575.0,98991.0,0.005808608863432029,TNL,False,False
2022,NSW,132,Mackellar,37552,DICKSON,Darren,2,ON,Pauline Hanson's One Nation,2624.0,98991.0,0.02650746027416634,ON,False,False
2022,NSW,132,Mackellar,37450,SCAMPS,Sophie,3,IND,Independent,37724.0,98991.0,0.38108514915497366,IND,False,True
2022,NSW,132,Mackellar,36821,GOODMAN,Paula,4,ALP,Labor,8162.0,98991.0,0.08245194007536039,ALP,True,False
2022,NSW,132,Mackellar,37164,FALINSKI,Jason,5,LP,Liberal,40993.0,98991.0,0.414108353284642,LP,True,False
2022,NSW,132,Mackellar,36281,BALL,Christopher Thomas,6,UAPP,United Australia Party,2881.0,98991.0,0.029103655887909002,UAPP,False,False
2022,NSW,132,Mackellar,36360,HRNJAK,Ethan,7,GRN,The Greens,6032.0,98991.0,0.06093483245951652,GRN,True,False
2022,NSW,133,Macquarie,37544,PETTITT,Tony,1,ON,Pauline Hanson's One Nation,4955.0,95452.0,0.05191090810040649,ON,False,False
2022,NSW,133,Macquarie,36819,TEMPLEMAN,Susan,2,ALP,Labor,41025.0,95452.0,0.42979717554372876,ALP,True,False
2022,NSW,133,Macquarie,36258,EVANS,Nicole,3,UAPP,United Australia Party,2774.0,95452.0,0.029061727360348656,UAPP,False,False
2022,NSW,133,Macquarie,36642,JACKSON,James,4,LDP,Liberal Democrats,1272.0,95452.0,0.013326069647571555,LDP,False,False
2022,NSW,133,Macquarie,36397,KEIGHTLEY,Greg,5,AJP,Animal Justice Party,2013.0,95452.0,0.021089133805472907,AJP,False,False
2022,NSW,133,Macquarie,36333,HICKEY,Tony,6,GRN,The Greens,9115.0,95452.0,0.09549302267108076,GRN,True,False
2022,NSW,133,Macquarie,36840,PALMER,Michelle,7,IMO,Informed Medical Options Party,1318.0,95452.0,0.013807987260612664,IMO,False,False
2022,NSW,133,Macquarie,37170,RICHARDS,Sarah,8,LP,Liberal,32980.0,95452.0,0.3455139756107782,LP,True,False
2022,NSW,315,McMahon,36815,BOWEN,Chris,1,ALP,Labor,40657.0,84742.0,0.4797739019612471,ALP,True,False
2022,NSW,315,McMahon,36256,SALIBA,Marie,2,UAPP,United Australia Party,7723.0,84742.0,0.09113544641382078,UAPP,False,False
2022,NSW,315,McMahon,37557,FORD,Scott,3,ON,Pauline Hanson's One Nation,4612.0,84742.0,0.05442401642632933,ON,False,False
2022,NSW,315,McMahon,37172,SINGHA,Vivek,4,LP,Liberal,24006.0,84742.0,0.28328337778197354,LP,True,False
2022,NSW,315,McMahon,36314,O'NEILL,Astrid,5,GRN,The Greens,4922.0,84742.0,0.05808217884874088,GRN,True,False
2022,NSW,315,McMahon,36743,SHAMSABAD,Cameron,6,LDP,Liberal Democrats,2822.0,84742.0,0.033301078567888415,LDP,False,False
2022,NSW,134,Mitchell,37595,MEAD,Clinton,1,LDP,Liberal Democrats,3708.0,108193.0,0.03427208784302127,LDP,False,False
2022,NSW,134,Mitchell,37208,DANIEL,Linda,2,UAPP,United Australia Party,3916.0,108193.0,0.03619457820746259,UAPP,False,False
2022,NSW,134,Mitchell,36350,COX,Matt,3,GRN,The Greens,12796.0,108193.0,0.11827012838168828,GRN,True,False
2022,NSW,134,Mitchell,36822,SELVARAJ,Immanuel,4,ALP,Labor,27597.0,108193.0,0.2550719547475345,ALP,True,False
2022,NSW,134,Mitchell,37531,McKENZIE,Donald,5,ON,Pauline Hanson's One Nation,3258.0,108193.0,0.03011285388148956,ON,False,False
2022,NSW,134,Mitchell,37174,HAWKE,Alex,6,LP,Liberal,56918.0,108193.0,0.5260783969388038,LP,True,False
2022,NSW,135,New England,36655,SAMIOS,Pavlo,1,LDP,Liberal Democrats,3174.0,97272.0,0.03263015050579817,LDP,False,False
2022,NSW,135,New England,36290,DUNCAN,Cindy Anne,2,UAPP,United Australia Party,2545.0,97272.0,0.0261637470186693,UAPP,False,False
2022,NSW,135,New England,33409,LEDGER,Natasha,3,IND,Independent,2708.0,97272.0,0.027839460481947527,IND,False,True
2022,NSW,135,New England,36335,JOYCE,Barnaby,4,NP,The Nationals,51036.0,97272.0,0.5246730816679003,NP,True,False
2022,NSW,135,New England,37722,SHARPHAM,Matt,5,IND,Independent,7659.0,97272.0,0.0787379718726869,IND,False,True
2022,NSW,135,New England,37532,THOMAS,Richard,6,ON,Pauline Hanson's One Nation,4570.0,97272.0,0.04698165967596019,ON,False,False
2022,NSW,135,New England,36326,SPARKS,Carol,7,GRN,The Greens,7524.0,97272.0,0.0773501110288675,GRN,True,False
2022,NSW,135,New England,36918,HUGHES,Laura,8,ALP,Labor,18056.0,97272.0,0.18562381774817008,ALP,True,False
2022,NSW,136,Newcastle,37719,PYWELL,Garth,1,CYA,Australian Federation Party,1102.0,105627.0,0.010432938547909151,CYA,False,False
2022,NSW,136,Newcastle,36355,McCABE,Charlotte,2,GRN,The Greens,21195.0,105627.0,0.2006589224346048,GRN,True,False
2022,NSW,136,Newcastle,36285,COOK,Amanda,3,UAPP,United Australia Party,2517.0,105627.0,0.023829134596268,UAPP,False,False
2022,NSW,136,Newcastle,36804,CLAYDON,Sharon,4,ALP,Labor,46551.0,105627.0,0.44071118180010793,ALP,True,False
2022,NSW,136,Newcastle,36402,HUSSEY,William,5,IMO,Informed Medical Options Party,1140.0,105627.0,0.010792695049561192,IMO,False,False
2022,NSW,136,Newcastle,37181,WARK,Katrina,6,LP,Liberal,25816.0,105627.0,0.24440720649076467,LP,True,False
2022,NSW,136,Newcastle,37546,WATSON,Mark James,7,ON,Pauline Hanson's One Nation,4757.0,105627.0,0.04503583364101982,ON,False,False
2022,NSW,136,Newcastle,36399,BROLLO,Emily,8,AJP,Animal Justice Party,2549.0,105627.0,0.024132087439764454,AJP,False,False
2022,NSW,137,North Sydney,37633,BOURKE,William,1,SPP,Sustainable Australia Party - Stop Overdevelopment / Corruption,1163.0,97118.0,0.011975123046191232,SPP,False,False
2022,NSW,137,North Sydney,36286,NALBANDIAN,Robert,2,UAPP,United Australia Party,1730.0,97118.0,0.01781338165942462,UAPP,False,False
2022,NSW,137,North Sydney,36367,ARMSTRONG,Heather,3,GRN,The Greens,8308.0,97118.0,0.08554541897485533,GRN,True,False
2022,NSW,137,North Sydney,36248,KLINE,Victor,4,TNL,TNL,886.0,97118.0,0.009122922630202434,TNL,False,False
2022,NSW,137,North Sydney,36405,KINNEY,Lesley,5,IMO,Informed Medical Options Party,491.0,97118.0,0.005055705430507218,IMO,False,False
2022,NSW,137,North Sydney,36854,TINKLER,Dajen,6,LDP,Liberal Democrats,1123.0,97118.0,0.011563252950019564,LDP,False,False
2022,NSW,137,North Sydney,37166,ZIMMERMAN,Trent,7,LP,Liberal,36956.0,97118.0,0.38052678185300354,LP,True,False
2022,NSW,137,North Sydney,37452,TINK,Kylea Jane,8,IND,Independent,24477.0,97118.0,0.2520336085998476,IND,False,True
2022,NSW,137,North Sydney,37541,WALLS,Michael,9,ON,Pauline Hanson's One Nation,1149.0,97118.0,0.011830968512531148,ON,False,False
2022,NSW,137,North Sydney,36926,RENSHAW,Catherine,10,ALP,Labor,20835.0,97118.0,0.2145328363434173,ALP,True,False
2022,NSW,138,Page,36647,SEARLES,Thomas,1,LDP,Liberal Democrats,3896.0,104569.0,0.03725769587545066,LDP,False,False
2022,NSW,138,Page,37828,PIKE,Donna,2,ON,Pauline Hanson's One Nation,5621.0,104569.0,0.0537539806252331,ON,False,False
2022,NSW,138,Page,36365,MILLER,Kashmir,3,GRN,The Greens,8863.0,104569.0,0.08475743289120102,GRN,True,False
2022,NSW,138,Page,37459,SMITH,Heather Mary,4,CYA,Australian Federation Party,816.0,104569.0,0.007803459916418824,CYA,False,False
2022,NSW,138,Page,36935,DEEGAN,Patrick,5,ALP,Labor,19531.0,104569.0,0.18677619562202946,ALP,True,False
2022,NSW,138,Page,36760,DUROUX,Brett Rodney,6,IAP,Indigenous - Aboriginal Party of Australia,1733.0,104569.0,0.01657278925876694,IAP,False,False
2022,NSW,138,Page,36304,WILLIAMSON,Ian,7,UAPP,United Australia Party,2431.0,104569.0,0.023247807667664412,UAPP,False,False
2022,NSW,138,Page,36316,HOGAN,Kevin,8,NP,The Nationals,47701.0,104569.0,0.45616769788369405,NP,True,False
2022,NSW,138,Page,37568,LUKE,Hanabeth,9,IND,Independent,13734.0,104569.0,0.1313391157991374,IND,False,True
2022,NSW,138,Page,36255,KILLINGBECK,Serge,10,TNL,TNL,243.0,104569.0,0.002323824460404135,TNL,False,False
2022,NSW,139,Parkes,36747,HARDMAN,Derek,1,IAP,Indigenous - Aboriginal Party of Australia,4466.0,89080.0,0.0501347103726987,IAP,False,False
2022,NSW,139,Parkes,36696,ROTHWELL,Peter,2,LDP,Liberal Democrats,5723.0,89080.0,0.0642456219128873,LDP,False,False
2022,NSW,139,Parkes,37497,SWINBOURN,Deborah,3,ON,Pauline Hanson's One Nation,6662.0,89080.0,0.07478670857656039,ON,False,False
2022,NSW,139,Parkes,36363,COULTON,Mark,4,NP,The Nationals,43931.0,89080.0,0.49316344858554106,NP,True,False
2022,NSW,139,Parkes,36272,VAN DER STEEN,Petrus,5,UAPP,United Australia Party,2372.0,89080.0,0.026627750336775932,UAPP,False,False
2022,NSW,139,Parkes,36058,HOWE,Stuart,6,IND,Independent,2191.0,89080.0,0.024595868881903907,IND,False,True
2022,NSW,139,Parkes,36798,AYOUB,Jack,7,ALP,Labor,18009.0,89080.0,0.2021665918275707,ALP,True,False
2022,NSW,139,Parkes,36315,FRAIL,Trish,8,GRN,The Greens,4214.0,89080.0,0.04730579254602604,GRN,True,False
2022,NSW,139,Parkes,36400,FOX,Benjamin,9,IMO,Informed Medical Options Party,1512.0,89080.0,0.01697350696003592,IMO,False,False
2022,NSW,140,Parramatta,36398,LAXMANALAL,Rohan,1,AJP,Animal Justice Party,2397.0,84265.0,0.02844597401056192,AJP,False,False
2022,NSW,140,Parramatta,37177,KOVACIC,Maria,2,LP,Liberal,29492.0,84265.0,0.34999109950750606,LP,True,False
2022,NSW,140,Parramatta,37510,FREEMAN,Heather,3,ON,Pauline Hanson's One Nation,2011.0,84265.0,0.023865187207025455,ON,False,False
2022,NSW,140,Parramatta,36649,TAZEWELL,Liza,4,LDP,Liberal Democrats,1310.0,84265.0,0.015546193556043435,LDP,False,False
2022,NSW,140,Parramatta,36262,FAYAD,Julian,5,UAPP,United Australia Party,4269.0,84265.0,0.05066160327538124,UAPP,False,False
2022,NSW,140,Parramatta,36357,BRADLEY,Phil,6,GRN,The Greens,7546.0,84265.0,0.08955082181214027,GRN,True,False
2022,NSW,140,Parramatta,36800,CHARLTON,Andrew,7,ALP,Labor,34258.0,84265.0,0.40655076247552363,ALP,True,False
2022,NSW,140,Parramatta,36406,CHRISTOU,Steve,8,IND,Independent,2982.0,84265.0,0.03538835815581796,IND,False,True
2022,NSW,249,Paterson,37523,TURNER,Neil,1,ON,Pauline Hanson's One Nation,9363.0,114885.0,0.08149889019454237,ON,False,False
2022,NSW,249,Paterson,37175,VITNELL,Brooke,2,LP,Liberal,42142.0,114885.0,0.36681899290594944,LP,True,False
2022,NSW,249,Paterson,36910,SWANSON,Meryl,3,ALP,Labor,46725.0,114885.0,0.40671105888497194,ALP,True,False
2022,NSW,249,Paterson,36404,KETAS,Angela,4,IMO,Informed Medical Options Party,1883.0,114885.0,0.016390303346825084,IMO,False,False
2022,NSW,249,Paterson,36302,IHLEIN,Louise,5,GRN,The Greens,8677.0,114885.0,0.07552770161465813,GRN,True,False
2022,NSW,249,Paterson,36652,BAILEY,Sonia,6,LDP,Liberal Democrats,1621.0,114885.0,0.014109761935848892,LDP,False,False
2022,NSW,249,Paterson,36283,OLBOURNE,Jason Mark,7,UAPP,United Australia Party,4474.0,114885.0,0.03894329111720416,UAPP,False,False
2022,NSW,144,Reid,36917,SITOU,Sally,1,ALP,Labor,40768.0,97976.0,0.41610190250673634,ALP,True,False
2022,NSW,144,Reid,37144,KHALILI-NAGHADEH,Sahar,2,SOPA,"FUSION: Science, Pirate, Secular, Climate Emergency",1553.0,97976.0,0.015850820609128766,SOPA,False,False
2022,NSW,144,Reid,37537,WALTERS,Edward,3,ON,Pauline Hanson's One Nation,1997.0,97976.0,0.02038254266350943,ON,False,False
2022,NSW,144,Reid,37564,BAINI,Natalie,4,IND,Independent,2994.0,97976.0,0.030558504123458806,IND,False,True
2022,NSW,144,Reid,36643,CAMERON,Andrew,5,LDP,Liberal Democrats,1824.0,97976.0,0.018616804115293543,LDP,False,False
2022,NSW,144,Reid,37155,MARTIN,Fiona,6,LP,Liberal,37126.0,97976.0,0.37892953376337063,LP,True,False
2022,NSW,144,Reid,36252,DAOUD,Jamal,7,UAPP,United Australia Party,2530.0,97976.0,0.02582265044500694,UAPP,False,False
2022,NSW,144,Reid,36306,JAGO,Charles,8,GRN,The Greens,9184.0,97976.0,0.09373724177349554,GRN,True,False
2022,NSW,145,Richmond,37823,SHARPLES,Terry Patrick,1,IND,Independent,1274.0,99784.0,0.01276757796841177,IND,False,True
2022,NSW,145,Richmond,37721,JONES,Nathan,2,IND,Independent,1974.0,99784.0,0.019782730698308347,IND,False,True
2022,NSW,145,Richmond,36408,SHEPHERD,Monica,3,IMO,Informed Medical Options Party,2271.0,99784.0,0.022759159785135895,IMO,False,False
2022,NSW,145,Richmond,37813,WARTH,David,4,IND,Independent,2341.0,99784.0,0.02346067505812555,IND,False,True
2022,NSW,145,Richmond,36648,BIGGS,Gary,5,LDP,Liberal Democrats,7681.0,99784.0,0.07697626874047944,LDP,False,False
2022,NSW,145,Richmond,36802,ELLIOT,Justine,6,ALP,Labor,28733.0,99784.0,0.2879519762687405,ALP,True,False
2022,NSW,145,Richmond,36351,HONE,Kimberly,7,NP,The Nationals,23299.0,99784.0,0.23349434779122905,NP,True,False
2022,NSW,145,Richmond,37831,BELL-HENSELIN,Tracey,8,ON,Pauline Hanson's One Nation,4073.0,99784.0,0.04081816724124108,ON,False,False
2022,NSW,145,Richmond,36361,NOLAN,Mandy,9,GRN,The Greens,25216.0,99784.0,0.25270584462438866,GRN,True,False
2022,NSW,145,Richmond,37084,MARKS,Robert James,10,UAPP,United Australia Party,2922.0,99784.0,0.02928325182393971,UAPP,False,False
2022,NSW,250,Riverina,37520,ORCHARD,Richard,1,ON,Pauline Hanson's One Nation,8042.0,98664.0,0.08150895970161355,ON,False,False
2022,NSW,250,Riverina,36807,JEFFRESON,Mark,2,ALP,Labor,20193.0,98664.0,0.20466431525176357,ALP,True,False
2022,NSW,250,Riverina,36394,MARTELOZZO,Daniel,3,UAPP,United Australia Party,2585.0,98664.0,0.02620003243330901,UAPP,False,False
2022,NSW,250,Riverina,37322,KARAITIANA,Steve,4,ASP,"Shooters, Fishers and Farmers Party",6280.0,98664.0,0.06365036892888996,ASP,False,False
2022,NSW,250,Riverina,36324,McCORMACK,Michael,5,NP,The Nationals,45951.0,98664.0,0.4657321819508635,NP,True,False
2022,NSW,250,Riverina,36700,CIAVARELLA,Darren,6,IND,Independent,2701.0,98664.0,0.027375739884861753,IND,False,True
2022,NSW,250,Riverina,36653,McCRAE,Dean,7,LDP,Liberal Democrats,6563.0,98664.0,0.06651868969431607,LDP,False,False
2022,NSW,250,Riverina,36313,ORGAN,Michael,8,GRN,The Greens,6349.0,98664.0,0.06434971215438255,GRN,True,False
2022,NSW,146,Robertson,37157,MURPHY,Patrick,1,AJP,Animal Justice Party,1949.0,96210.0,0.020257769462633822,AJP,False,False
2022,NSW,146,Robertson,36801,REID,Gordon,2,ALP,Labor,36231.0,96210.0,0.37658247583411286,ALP,True,False
2022,NSW,146,Robertson,36683,BORTHWICK,Paul,3,CEC,Citizens Party,272.0,96210.0,0.0028271489450161108,CEC,False,False
2022,NSW,146,Robertson,37154,WICKS,Lucy,4,LP,Liberal,38448.0,96210.0,0.39962581852198314,LP,True,False
2022,NSW,146,Robertson,36275,MURRAY,Barbara-Jane,5,UAPP,United Australia Party,2792.0,96210.0,0.02901985240619478,UAPP,False,False
2022,NSW,146,Robertson,36848,LOGAN,Bentley,6,LDP,Liberal Democrats,736.0,96210.0,0.007649932439455358,LDP,False,False
2022,NSW,146,Robertson,36745,LAWSON,Jeffrey Wayne,7,IAP,Indigenous - Aboriginal Party of Australia,1127.0,96210.0,0.011713959047916018,IAP,False,False
2022,NSW,146,Robertson,37529,O'GRADY,Billy,8,ON,Pauline Hanson's One Nation,3679.0,96210.0,0.03823926826733188,ON,False,False
2022,NSW,146,Robertson,36847,MASON,Kate,9,IMO,Informed Medical Options Party,1114.0,96210.0,0.01157883795863216,IMO,False,False
2022,NSW,146,Robertson,37760,HAFNER,Alexandra,10,CYA,Australian Federation Party,220.0,96210.0,0.0022866645878806776,CYA,False,False
2022,NSW,146,Robertson,36340,McGRATH,Shelly,11,GRN,The Greens,9642.0,96210.0,0.10021827252884316,GRN,True,False
2022,NSW,148,Shortland,36395,ROBERTS,Bree Suzanne,1,AJP,Animal Justice Party,2979.0,100299.0,0.0297011934316394,AJP,False,False
2022,NSW,148,Shortland,36866,PAYNTER,Basil,2,IND,Independent,2554.0,100299.0,0.02546386304948205,IND,False,True
2022,NSW,148,Shortland,36641,REED,Barry,3,LDP,Liberal Democrats,2984.0,100299.0,0.02975104437731184,LDP,False,False
2022,NSW,148,Shortland,37156,McGILL,Nell,4,LP,Liberal,32215.0,100299.0,0.3211896429675271,LP,True,False
2022,NSW,148,Shortland,36806,CONROY,Pat,5,ALP,Labor,40135.0,100299.0,0.40015354091267114,ALP,True,False
2022,NSW,148,Shortland,36353,MAXWELL,Kenneth John,6,UAPP,United Australia Party,3125.0,100299.0,0.03115684104527463,UAPP,False,False
2022,NSW,148,Shortland,36309,GRIERSON,Kim,7,GRN,The Greens,9910.0,100299.0,0.0988045743227749,GRN,True,False
2022,NSW,148,Shortland,37540,KING,Quintin,8,ON,Pauline Hanson's One Nation,6397.0,100299.0,0.06377929989331897,ON,False,False
2022,NSW,149,Sydney,37447,CHUTER,Andrew,1,SAL,Socialist Alliance,1518.0,103125.0,0.01472,SAL,False,False
2022,NSW,149,Sydney,36805,PLIBERSEK,Tanya,2,ALP,Labor,52410.0,103125.0,0.5082181818181818,ALP,True,False
2022,NSW,149,Sydney,37562,FERGUSON,Ben,3,ON,Pauline Hanson's One Nation,1889.0,103125.0,0.018317575757575758,ON,False,False
2022,NSW,149,Sydney,36308,SAHAI,Chetan,4,GRN,The Greens,23732.0,103125.0,0.23012848484848486,GRN,True,False
2022,NSW,149,Sydney,36692,ZHOU,Wen,5,CEC,Citizens Party,1002.0,103125.0,0.009716363636363636,CEC,False,False
2022,NSW,149,Sydney,36688,McALISTER,Ryan,6,UAPP,United Australia Party,2298.0,103125.0,0.022283636363636363,UAPP,False,False
2022,NSW,149,Sydney,37153,ANDRUSKA,Alexander,7,LP,Liberal,20276.0,103125.0,0.19661575757575758,LP,True,False
2022,NSW,151,Warringah,37516,TRIPP,Steven,1,ON,Pauline Hanson's One Nation,1980.0,93334.0,0.021214134184755824,ON,False,False
2022,NSW,151,Warringah,32467,STEGGALL,Zali,2,IND,Independent,41832.0,93334.0,0.44819679859429573,IND,False,True
2022,NSW,151,Warringah,36271,ROBERTSON,Andrew Colin,3,UAPP,United Australia Party,2202.0,93334.0,0.02359268862365269,UAPP,False,False
2022,NSW,151,Warringah,36675,GLANVILLE,Kristyn,4,GRN,The Greens,6910.0,93334.0,0.07403518546296098,GRN,True,False
2022,NSW,151,Warringah,37159,DEVES,Katherine,5,LP,Liberal,31129.0,93334.0,0.3335226176955879,LP,True,False
2022,NSW,151,Warringah,36808,MICKLEBURGH,David,6,ALP,Labor,7806.0,93334.0,0.0836351168920222,ALP,True,False
2022,NSW,151,Warringah,36396,PATERSON,Kate,7,AJP,Animal Justice Party,1475.0,93334.0,0.015803458546724665,AJP,False,False
2022,NSW,251,Watson,37056,AKTER,Sazeda,1,LP,Liberal,22759.0,85727.0,0.26548228679412555,LP,True,False
2022,NSW,251,Watson,36257,KOUKOULIS,John,2,UAPP,United Australia Party,6126.0,85727.0,0.07145940018897197,UAPP,False,False
2022,NSW,251,Watson,36809,BURKE,Tony,3,ALP,Labor,44464.0,85727.0,0.5186697306566193,ALP,True,False
2022,NSW,251,Watson,37524,JORGENSEN,Alan,4,ON,Pauline Hanson's One Nation,4178.0,85727.0,0.048736104144551894,ON,False,False
2022,NSW,251,Watson,36366,SCHOTT,Bradley,5,GRN,The Greens,8200.0,85727.0,0.09565247821573133,GRN,True,False
2022,NSW,152,Wentworth,37010,MURRAY,Tim,1,ALP,Labor,9654.0,88923.0,0.10856583785972133,ALP,True,False
2022,NSW,152,Wentworth,37527,FISHER,Dean,2,ON,Pauline Hanson's One Nation,895.0,88923.0,0.010064887599383737,ON,False,False
2022,NSW,152,Wentworth,36685,KANAK,Dominic WY,3,GRN,The Greens,7410.0,88923.0,0.08333052191221618,GRN,True,False
2022,NSW,152,Wentworth,36266,DUMER,Natalie,4,UAPP,United Australia Party,1813.0,88923.0,0.02038842594154493,UAPP,False,False
2022,NSW,152,Wentworth,37451,SPENDER,Allegra,5,IND,Independent,31810.0,88923.0,0.3577252229456946,IND,False,True
2022,NSW,152,Wentworth,36656,LEWKOVITZ,Daniel,6,LDP,Liberal Democrats,1346.0,88923.0,0.015136691294715654,LDP,False,False
2022,NSW,152,Wentworth,37051,SHARMA,Dave,7,LP,Liberal,35995.0,88923.0,0.4047884124467236,LP,True,False
2022,NSW,153,Werriwa,36665,TEY,Victor,1,LDP,Liberal Democrats,8978.0,100631.0,0.08921704047460524,LDP,False,False
2022,NSW,153,Werriwa,36250,NIKOLIC,Tony Mark,2,UAPP,United Australia Party,8813.0,100631.0,0.08757738668998619,UAPP,False,False
2022,NSW,153,Werriwa,36810,STANLEY,Anne Maree,3,ALP,Labor,40108.0,100631.0,0.3985650545060667,ALP,True,False
2022,NSW,153,Werriwa,36374,SHUKLA,Apurva,4,GRN,The Greens,6772.0,100631.0,0.0672953662390317,GRN,True,False
2022,NSW,153,Werriwa,37050,KAYAL,Sam,5,LP,Liberal,30864.0,100631.0,0.30670469338474227,LP,True,False
2022,NSW,153,Werriwa,37522,BOOKE,Adam Paul,6,ON,Pauline Hanson's One Nation,5096.0,100631.0,0.05064045870556787,ON,False,False
2022,NSW,150,Whitlam,36811,JONES,Stephen,1,ALP,Labor,49218.0,109337.0,0.4501495376679441,ALP,True,False
2022,NSW,150,Whitlam,36645,WHEELER,Michael,2,LDP,Liberal Democrats,4062.0,109337.0,0.03715119310023139,LDP,False,False
2022,NSW,150,Whitlam,37536,HUGHES,Colin,3,ON,Pauline Hanson's One Nation,7543.0,109337.0,0.06898854001847499,ON,False,False
2022,NSW,150,Whitlam,37055,CAINS,Mike,4,LP,Liberal,30849.0,109337.0,0.2821460255906052,LP,True,False
2022,NSW,150,Whitlam,36299,WODE,Allan,5,UAPP,United Australia Party,5886.0,109337.0,0.05383356045986263,UAPP,False,False
2022,NSW,150,Whitlam,36311,DIXON,Jamie,6,GRN,The Greens,11779.0,109337.0,0.10773114316288174,GRN,True,False
2022,NT,306,Lingiari,36968,RYAN,Damien,1,CLP,NT CLP,15893.0,45812.0,0.34691783812101634,CLP,True,False
2022,NT,306,Lingiari,36457,McFARLAND,Blair,2,GRN,The Greens,5018.0,45812.0,0.10953461975028377,GRN,True,False
2022,NT,306,Lingiari,37585,LEE,Thong Sum,3,CEC,Citizens Party,497.0,45812.0,0.010848685933816467,CEC,False,False
2022,NT,306,Lingiari,37142,MCLEOD,Allan,4,UAPP,United Australia Party,1882.0,45812.0,0.0410809394918362,UAPP,False,False
2022,NT,306,Lingiari,37286,SCRYMGOUR,Marion,5,ALP,A.L.P.,16747.0,45812.0,0.36555924211996854,ALP,True,False
2022,NT,306,Lingiari,36987,GRAVENER,Michael Setford,6,IND,Independent,948.0,45812.0,0.020693268139352135,IND,False,True
2022,NT,306,Lingiari,37808,ADAMSON AGARS,Imelda,7,IND,Independent,409.0,45812.0,0.008927791844931459,IND,False,True
2022,NT,306,Lingiari,37433,GALLARD,Tim,8,ON,Pauline Hanson's One Nation,2470.0,45812.0,0.05391600454029512,ON,False,False
2022,NT,306,Lingiari,37429,KASPAREK,George,9,LDP,Liberal Democrats,1948.0,45812.0,0.042521610058499956,LDP,False,False
2022,NT,307,Solomon,37426,BONANNI,Kylie,1,LDP,Liberal Democrats,5839.0,55125.0,0.10592290249433106,LDP,False,False
2022,NT,307,Solomon,36459,GOODRICH CARTTLING,Aiya,2,GRN,The Greens,8164.0,55125.0,0.14809977324263038,GRN,True,False
2022,NT,307,Solomon,37280,GOSLING,Luke,3,ALP,A.L.P.,21775.0,55125.0,0.39501133786848075,ALP,True,False
2022,NT,307,Solomon,36937,MACFARLANE,Tina,4,CLP,NT CLP,13771.0,55125.0,0.2498140589569161,CLP,True,False
2022,NT,307,Solomon,37437,LOHSE,Emily,5,ON,Pauline Hanson's One Nation,2948.0,55125.0,0.05347845804988662,ON,False,False
2022,NT,307,Solomon,37146,SELFE,Tayla Elise,6,UAPP,United Australia Party,2628.0,55125.0,0.0476734693877551,UAPP,False,False
2022,QLD,304,Blair,37332,MUTTON,Danielle,1,GRN,Queensland Greens,13113.0,104247.0,0.12578779245445912,GRN,True,False
2022,QLD,304,Blair,37309,JAQUES,Michelle,2,LDP,Liberal Democrats,3080.0,104247.0,0.029545214730399914,LDP,False,False
2022,QLD,304,Blair,35963,CUNNINGHAM,Quinton Stewart,3,UAPP,United Australia Party,6353.0,104247.0,0.06094180168254242,UAPP,False,False
2022,QLD,304,Blair,38212,SUDUK,Liz,4,ON,Pauline Hanson's One Nation,10419.0,104247.0,0.09994532216754438,ON,False,False
2022,QLD,304,Blair,37216,NEUMANN,Shayne,5,ALP,Australian Labor Party,36494.0,104247.0,0.3500724241464982,ALP,True,False
2022,QLD,304,Blair,37377,PITMAN,Maria,6,AUVA,Australian Values Party,2103.0,104247.0,0.020173242395464617,AUVA,False,False
2022,QLD,304,Blair,37192,LOWERY,Angela,7,AJP,Animal Justice Party,2563.0,104247.0,0.024585839400654216,AJP,False,False
2022,QLD,304,Blair,37469,BIGGINS,Sam,8,LNP,Liberal National Party of Queensland,30122.0,104247.0,0.2889483630224371,LNP,True,False
2022,QLD,310,Bonner,37472,VASTA,Ross,1,LNP,Liberal National Party of Queensland,43191.0,96374.0,0.4481602921949904,LNP,True,False
2022,QLD,310,Bonner,38215,NEIL,Amanda,2,ON,Pauline Hanson's One Nation,5371.0,96374.0,0.05573079876315189,ON,False,False
2022,QLD,310,Bonner,35965,DIKLICH,Serge,3,UAPP,United Australia Party,3177.0,96374.0,0.03296532259738104,UAPP,False,False
2022,QLD,310,Bonner,37220,YOUNG,Tabatha,4,ALP,Australian Labor Party,28491.0,96374.0,0.29562952663581465,ALP,True,False
2022,QLD,310,Bonner,37334,LAKEY,Bernard,5,GRN,Queensland Greens,16144.0,96374.0,0.16751405980866207,GRN,True,False
2022,QLD,155,Bowman,38218,TODD,Walter,1,ON,Pauline Hanson's One Nation,7825.0,101692.0,0.07694803917712308,ON,False,False
2022,QLD,155,Bowman,35971,STEVENS,Mary-Jane,2,UAPP,United Australia Party,6601.0,101692.0,0.06491169413523187,UAPP,False,False
2022,QLD,155,Bowman,37336,MAZLIN,Ian,3,GRN,Queensland Greens,13241.0,101692.0,0.1302068992644456,GRN,True,False
2022,QLD,155,Bowman,37477,PIKE,Henry,4,LNP,Liberal National Party of Queensland,43088.0,101692.0,0.42371081304330727,LNP,True,False
2022,QLD,155,Bowman,36036,JOHNSON,Phil,5,TNL,TNL,1243.0,101692.0,0.012223183731266962,TNL,False,False
2022,QLD,155,Bowman,37229,DUFF,Donisha,6,ALP,Australian Labor Party,29694.0,101692.0,0.29199937064862524,ALP,True,False
2022,QLD,156,Brisbane,37204,KENNEDY,Tiana,1,AJP,Animal Justice Party,2135.0,108798.0,0.019623522491222265,AJP,False,False
2022,QLD,156,Brisbane,35972,KNUDSON,Justin Marc,2,UAPP,United Australia Party,2102.0,108798.0,0.019320208092060517,UAPP,False,False
2022,QLD,156,Brisbane,37338,BATES,Stephen,3,GRN,Queensland Greens,29641.0,108798.0,0.2724406698652549,GRN,True,False
2022,QLD,156,Brisbane,37230,JARRETT,Madonna,4,ALP,Australian Labor Party,29652.0,108798.0,0.2725417746649755,ALP,True,False
2022,QLD,156,Brisbane,37482,EVANS,Trevor,5,LNP,Liberal National Party of Queensland,41032.0,108798.0,0.37713928564863325,LNP,True,False
2022,QLD,156,Brisbane,38213,HOLD,Trevor,6,ON,Pauline Hanson's One Nation,2429.0,108798.0,0.02232577804739058,ON,False,False
2022,QLD,156,Brisbane,37311,BULL,Anthony,7,LDP,Liberal Democrats,1807.0,108798.0,0.01660876119046306,LDP,False,False
2022,QLD,157,Capricornia,38216,STANTON,Kylee,1,ON,Pauline Hanson's One Nation,13179.0,90292.0,0.14595977495237672,ON,False,False
2022,QLD,157,Capricornia,37151,GANFIELD,Paula,2,IMO,Informed Medical Options Party,1126.0,90292.0,0.012470650777477518,IMO,False,False
2022,QLD,157,Capricornia,37341,JONES,Mick,3,GRN,Queensland Greens,5302.0,90292.0,0.058720595401585966,GRN,True,False
2022,QLD,157,Capricornia,37232,ROBERTSON,Russell,4,ALP,Australian Labor Party,25330.0,90292.0,0.2805342666016923,ALP,True,False
2022,QLD,157,Capricornia,37312,MURPHY,Steve,5,LDP,Liberal Democrats,1392.0,90292.0,0.015416648208036149,LDP,False,False
2022,QLD,157,Capricornia,28347,MURRAY,Ken,6,IND,Independent,3048.0,90292.0,0.03375714349001019,IND,False,True
2022,QLD,157,Capricornia,35973,HARDING,Nathan Luke,7,UAPP,United Australia Party,3555.0,90292.0,0.039372258893368185,UAPP,False,False
2022,QLD,157,Capricornia,37479,LANDRY,Michelle,8,LNP,Liberal National Party of Queensland,35613.0,90292.0,0.3944203251672352,LNP,True,False
2022,QLD,157,Capricornia,37586,WHITTY,Zteven,9,GAP,The Great Australian Party,1747.0,90292.0,0.01934833650821778,GAP,False,False
2022,QLD,158,Dawson,37485,WILLCOX,Andrew,1,LNP,Liberal National Party of Queensland,40109.0,92573.0,0.43326887969494343,LNP,True,False
2022,QLD,158,Dawson,38220,HALL,Julie,2,ON,Pauline Hanson's One Nation,12289.0,92573.0,0.13274928974971104,ON,False,False
2022,QLD,158,Dawson,37234,HAMILTON,Shane,3,ALP,Australian Labor Party,22650.0,92573.0,0.24467177254707095,ALP,True,False
2022,QLD,158,Dawson,36497,JACKSON,Jim,4,GAP,The Great Australian Party,1948.0,92573.0,0.02104285266762447,GAP,False,False
2022,QLD,158,Dawson,35974,YOUNG,Christian Nigel,5,UAPP,United Australia Party,3713.0,92573.0,0.04010888704049777,UAPP,False,False
2022,QLD,158,Dawson,37289,PATERSON,Ciaron,6,KAP,Katter's Australian Party (KAP),5189.0,92573.0,0.056053060827671135,KAP,False,False
2022,QLD,158,Dawson,37343,CREEN,Paula,7,GRN,Queensland Greens,6675.0,92573.0,0.07210525747248117,GRN,True,False
2022,QLD,252,Dickson,36122,BUCHBACH,Alan,1,IND,Independent,2222.0,99029.0,0.022437871734542408,IND,False,True
2022,QLD,252,Dickson,37307,RUSSELL,Lloyd,2,LDP,Liberal Democrats,1236.0,99029.0,0.012481192377990285,LDP,False,False
2022,QLD,252,Dickson,37493,DUTTON,Peter,3,LNP,Liberal National Party of Queensland,41657.0,99029.0,0.4206545557361985,LNP,True,False
2022,QLD,252,Dickson,28148,PROHASKA,Thor,4,IND,Independent,1618.0,99029.0,0.0163386482747478,IND,False,True
2022,QLD,252,Dickson,38222,GIBSON,Tamera,5,ON,Pauline Hanson's One Nation,5312.0,99029.0,0.05364085267951812,ON,False,False
2022,QLD,252,Dickson,35977,WARD,Alina Karen,6,UAPP,United Australia Party,2717.0,99029.0,0.02743640751698997,UAPP,False,False
2022,QLD,252,Dickson,37235,FRANCE,Ali,7,ALP,Australian Labor Party,31396.0,99029.0,0.3170384432842905,ALP,True,False
2022,QLD,252,Dickson,37345,BATTEN,Vinnie,8,GRN,Queensland Greens,12871.0,99029.0,0.12997202839572247,GRN,True,False
2022,QLD,159,Fadden,37695,BROOKER,Stewart Gordon,1,IND,Independent,4407.0,105771.0,0.04166548486825311,IND,False,True
2022,QLD,159,Fadden,37238,DEL FABBRO,Letitia,2,ALP,Australian Labor Party,23638.0,105771.0,0.22348280719667962,ALP,True,False
2022,QLD,159,Fadden,35975,O'BRIEN,Nathan Grant,3,UAPP,United Australia Party,7014.0,105771.0,0.06631307258133137,UAPP,False,False
2022,QLD,159,Fadden,38226,ROACH,Sandy,4,ON,Pauline Hanson's One Nation,9177.0,105771.0,0.0867629123294665,ON,False,False
2022,QLD,159,Fadden,37495,ROBERT,Stuart,5,LNP,Liberal National Party of Queensland,47190.0,105771.0,0.4461525370848342,LNP,True,False
2022,QLD,159,Fadden,37349,SPAIN,Sally,6,GRN,Queensland Greens,11353.0,105771.0,0.10733565911261121,GRN,True,False
2022,QLD,159,Fadden,37299,FORBES,Alex,7,LDP,Liberal Democrats,2992.0,105771.0,0.028287526826823988,LDP,False,False
2022,QLD,160,Fairfax,37499,O'BRIEN,Ted,1,LNP,Liberal National Party of Queensland,46551.0,103659.0,0.4490782276502764,LNP,True,False
2022,QLD,160,Fairfax,37165,HAZELTON,Wendy,2,IMO,Informed Medical Options Party,1997.0,103659.0,0.019265090344301992,IMO,False,False
2022,QLD,160,Fairfax,37212,POOLE,Tash,3,AJP,Animal Justice Party,2182.0,103659.0,0.02104978824800548,AJP,False,False
2022,QLD,160,Fairfax,37804,SMITH,Barry,4,IND,Independent,1423.0,103659.0,0.013727703334973326,IND,False,True
2022,QLD,160,Fairfax,37352,ETHERIDGE,Sue,5,GRN,Queensland Greens,13862.0,103659.0,0.13372693157371768,GRN,True,False
2022,QLD,160,Fairfax,32079,AUSTRALIE,Sinim Barbara,6,IND,Independent,733.0,103659.0,0.007071262504944095,IND,False,True
2022,QLD,160,Fairfax,35976,KHOURY,Lisa,7,UAPP,United Australia Party,6132.0,103659.0,0.0591555002459989,UAPP,False,False
2022,QLD,160,Fairfax,37240,FERGUSON,Sue,8,ALP,Australian Labor Party,22662.0,103659.0,0.2186206696958296,ALP,True,False
2022,QLD,160,Fairfax,37732,WHITE,Craig,9,GAP,The Great Australian Party,1319.0,103659.0,0.012724413702621094,GAP,False,False
2022,QLD,160,Fairfax,38228,CIVITARESE,Nikki,10,ON,Pauline Hanson's One Nation,6798.0,103659.0,0.06558041269933146,ON,False,False
2022,QLD,161,Fisher,38230,SCHRIEVER,Sam,1,ON,Pauline Hanson's One Nation,10102.0,108494.0,0.09311113978653197,ON,False,False
2022,QLD,161,Fisher,37247,ANDREWS,Judene,2,ALP,Australian Labor Party,25313.0,108494.0,0.2333124412409903,ALP,True,False
2022,QLD,161,Fisher,37504,WALLACE,Andrew,3,LNP,Liberal National Party of Queensland,48013.0,108494.0,0.4425406013235755,LNP,True,False
2022,QLD,161,Fisher,37213,BRECKENRIDGE,Vickie,4,AJP,Animal Justice Party,2730.0,108494.0,0.02516268180728888,AJP,False,False
2022,QLD,161,Fisher,37354,WELLS,Renay,5,GRN,Queensland Greens,14981.0,108494.0,0.13808136855494313,GRN,True,False
2022,QLD,161,Fisher,35978,MOORE,Tony Richard,6,UAPP,United Australia Party,7355.0,108494.0,0.06779176728667023,UAPP,False,False
2022,QLD,311,Flynn,37252,BURNETT,Matt,1,ALP,Australian Labor Party,30948.0,92311.0,0.3352579865888139,ALP,True,False
2022,QLD,311,Flynn,37358,BAMBRICK,Paul,2,GRN,Queensland Greens,4007.0,92311.0,0.04340761122726436,GRN,True,False
2022,QLD,311,Flynn,37464,SVENDSEN,Carla,3,GAP,The Great Australian Party,2012.0,92311.0,0.021795885647430967,GAP,False,False
2022,QLD,311,Flynn,38232,LOHSE,Sharon,4,ON,Pauline Hanson's One Nation,11287.0,92311.0,0.12227145193963883,ON,False,False
2022,QLD,311,Flynn,17322,SCOTT,Duncan,5,IND,Independent,3745.0,92311.0,0.0405693795972311,IND,False,True
2022,QLD,311,Flynn,35979,WIEDEN,Tanya Maree,6,UAPP,United Australia Party,6266.0,92311.0,0.0678792343274366,UAPP,False,False
2022,QLD,311,Flynn,37512,BOYCE,Colin,7,LNP,Liberal National Party of Queensland,34046.0,92311.0,0.3688184506721843,LNP,True,False
2022,QLD,162,Forde,35981,O'HALLORAN,Roxanne,1,UAPP,United Australia Party,7485.0,94612.0,0.07911258614129286,UAPP,False,False
2022,QLD,162,Forde,37507,VAN MANEN,Bert,2,LNP,Liberal National Party of Queensland,34920.0,94612.0,0.36908637382150256,LNP,True,False
2022,QLD,162,Forde,37361,HALL,Jordan,3,GRN,Queensland Greens,9319.0,94612.0,0.09849701940557223,GRN,True,False
2022,QLD,162,Forde,36123,HOLLAND,Samuel,4,TNL,TNL,728.0,94612.0,0.007694584196507843,TNL,False,False
2022,QLD,162,Forde,37258,HOLZBERGER,Rowan,5,ALP,Australian Labor Party,26497.0,94612.0,0.2800596118885554,ALP,True,False
2022,QLD,162,Forde,38214,MATTERSON,Seschelle,6,ON,Pauline Hanson's One Nation,7578.0,94612.0,0.08009554813342916,ON,False,False
2022,QLD,162,Forde,37301,SUTHERLAND,Tobby,7,LDP,Liberal Democrats,2668.0,94612.0,0.028199382742146874,LDP,False,False
2022,QLD,162,Forde,37414,GREAVES,Christopher,8,IND,Independent,2973.0,94612.0,0.031423075297002494,IND,False,True
2022,QLD,162,Forde,37200,McCARTHY,Linda,9,AJP,Animal Justice Party,2444.0,94612.0,0.025831818373990616,AJP,False,False
2022,QLD,163,Griffith,38217,WARE,Shari,1,ON,Pauline Hanson's One Nation,3504.0,106310.0,0.032960210704543316,ON,False,False
2022,QLD,163,Griffith,37364,CHANDLER-MATHER,Max,2,GRN,Queensland Greens,36771.0,106310.0,0.3458846768883454,GRN,True,False
2022,QLD,163,Griffith,37262,BUTLER,Terri,3,ALP,Australian Labor Party,30769.0,106310.0,0.28942714702285766,ALP,True,False
2022,QLD,163,Griffith,35982,McMULLAN,Robert Gordon,4,UAPP,United Australia Party,2581.0,106310.0,0.02427805474555545,UAPP,False,False
2022,QLD,163,Griffith,37465,ROBERTS,Olivia,5,LNP,Liberal National Party of Queensland,32685.0,106310.0,0.30744991063869814,LNP,True,False
2022,QLD,164,Groom,37777,OTTO,Ryan,1,CYA,Australian Federation Party,1539.0,96004.0,0.01603058205908087,CYA,False,False
2022,QLD,164,Groom,38219,ABRAHAM,Grant,2,ON,Pauline Hanson's One Nation,9181.0,96004.0,0.09563143202366568,ON,False,False
2022,QLD,164,Groom,37367,BERRY,Mickey,3,GRN,Queensland Greens,5616.0,96004.0,0.05849756260155827,GRN,True,False
2022,QLD,164,Groom,35984,BANNISTER,Melissa,4,UAPP,United Australia Party,4922.0,96004.0,0.051268697137619265,UAPP,False,False
2022,QLD,164,Groom,37615,SMOLENSKI,Kirstie,5,IND,Independent,6858.0,96004.0,0.07143452356151828,IND,False,True
2022,QLD,164,Groom,36178,HOLT,Suzie,6,IND,Independent,7932.0,96004.0,0.08262155743510687,IND,False,True
2022,QLD,164,Groom,37470,HAMILTON,Garth,7,LNP,Liberal National Party of Queensland,41971.0,96004.0,0.4371797008457981,LNP,True,False
2022,QLD,164,Groom,37236,ALLPASS,Gen,8,ALP,Australian Labor Party,17985.0,96004.0,0.18733594433565268,ALP,True,False
2022,QLD,165,Herbert,37167,McMAHON,Toni,1,IMO,Informed Medical Options Party,1658.0,92440.0,0.017935958459541324,IMO,False,False
2022,QLD,165,Herbert,37239,RING,John,2,ALP,Australian Labor Party,19971.0,92440.0,0.21604283859800952,ALP,True,False
2022,QLD,165,Herbert,37330,HUMPHREYS,Scott,3,GRN,Queensland Greens,7596.0,92440.0,0.08217221981826049,GRN,True,False
2022,QLD,165,Herbert,37720,BALLARD,Larna,4,GAP,The Great Australian Party,749.0,92440.0,0.008102553007356123,GAP,False,False
2022,QLD,165,Herbert,37471,THOMPSON,Phillip,5,LNP,Liberal National Party of Queensland,43453.0,92440.0,0.4700670705322371,LNP,True,False
2022,QLD,165,Herbert,37411,EGAN,Angela,6,IND,Independent,2983.0,92440.0,0.03226958026828213,IND,False,True
2022,QLD,165,Herbert,35955,CLARE,Steven,7,IND,Independent,942.0,92440.0,0.010190393768931199,IND,False,True
2022,QLD,165,Herbert,35990,DOWLING,Greg Ian,8,UAPP,United Australia Party,2383.0,92440.0,0.025778883600173084,UAPP,False,False
2022,QLD,165,Herbert,37295,HAWKS,Clynton,9,KAP,Katter's Australian Party (KAP),6472.0,92440.0,0.07001298139333621,KAP,False,False
2022,QLD,165,Herbert,37218,MCCORMACK,Toni,10,AJP,Animal Justice Party,1359.0,92440.0,0.014701427953266984,AJP,False,False
2022,QLD,165,Herbert,38221,PEPE,Diane,11,ON,Pauline Hanson's One Nation,4874.0,92440.0,0.052726092600605796,ON,False,False
2022,QLD,166,Hinkler,37476,PITT,Keith,1,LNP,Liberal National Party of Queensland,42720.0,101406.0,0.42127684752381517,LNP,True,False
2022,QLD,166,Hinkler,35986,NASH,Kristie,2,UAPP,United Australia Party,7417.0,101406.0,0.07314162870047138,UAPP,False,False
2022,QLD,166,Hinkler,38223,MENHENNETT,Zak,3,ON,Pauline Hanson's One Nation,8837.0,101406.0,0.08714474488689032,ON,False,False
2022,QLD,166,Hinkler,37242,SCANES,Jason,4,ALP,Australian Labor Party,23634.0,101406.0,0.233063132359032,ALP,True,False
2022,QLD,166,Hinkler,37335,McLEAN,Andrew,5,GRN,Queensland Greens,5562.0,101406.0,0.05484882551328324,GRN,True,False
2022,QLD,166,Hinkler,36247,DEMPSEY,Jack,6,IND,Independent,13236.0,101406.0,0.1305248210165079,IND,False,True
2022,QLD,167,Kennedy,37304,KATTER,Bob,1,KAP,Katter's Australian Party (KAP),39036.0,93604.0,0.41703346010854236,KAP,False,False
2022,QLD,167,Kennedy,37474,MACDONALD,Bryce,2,LNP,Liberal National Party of Queensland,26387.0,93604.0,0.2819003461390539,LNP,True,False
2022,QLD,167,Kennedy,36118,SACKLEY,Jen,3,IND,Independent,2981.0,93604.0,0.031846929618392375,IND,False,True
2022,QLD,167,Kennedy,37339,COX,Jennifer,4,GRN,Queensland Greens,6013.0,93604.0,0.06423870774753215,GRN,True,False
2022,QLD,167,Kennedy,37249,BRANDON,Jason,5,ALP,Australian Labor Party,15033.0,93604.0,0.16060211102089655,ALP,True,False
2022,QLD,167,Kennedy,35991,CAMPION,Peter,6,UAPP,United Australia Party,4154.0,93604.0,0.04437844536558267,UAPP,False,False
2022,QLD,168,Leichhardt,36042,O'SHANE,Pat,1,SAL,Socialist Alliance,3729.0,91707.0,0.04066210867218424,SAL,False,False
2022,QLD,168,Leichhardt,37158,MOGOROVICH,Silvia,2,IMO,Informed Medical Options Party,1641.0,91707.0,0.017893944846085905,IMO,False,False
2022,QLD,168,Leichhardt,37480,ENTSCH,Warren,3,LNP,Liberal National Party of Queensland,33652.0,91707.0,0.3669512687144929,LNP,True,False
2022,QLD,168,Leichhardt,37310,JENSEN,Rod,4,KAP,Katter's Australian Party (KAP),5166.0,91707.0,0.056331577742157087,KAP,False,False
2022,QLD,168,Leichhardt,37424,CROPP,Adam,5,SOPA,"FUSION: Science, Pirate, Secular, Climate Emergency",930.0,91707.0,0.010140992508750696,SOPA,False,False
2022,QLD,168,Leichhardt,37221,BAYLY,Susanne,6,AJP,Animal Justice Party,1253.0,91707.0,0.013663079154263033,AJP,False,False
2022,QLD,168,Leichhardt,37342,MUSUMECI,Phillip,7,GRN,Queensland Greens,9143.0,91707.0,0.09969795108334151,GRN,True,False
2022,QLD,168,Leichhardt,35993,HANNAGAN,Daniel Lucas,8,UAPP,United Australia Party,3593.0,91707.0,0.0391791248214422,UAPP,False,False
2022,QLD,168,Leichhardt,38224,COURT,Geena,9,ON,Pauline Hanson's One Nation,6822.0,91707.0,0.07438908698354542,ON,False,False
2022,QLD,168,Leichhardt,37832,ROE,Paul,10,CYA,Australian Federation Party,466.0,91707.0,0.00508140054739551,CYA,False,False
2022,QLD,168,Leichhardt,37251,FAITH,Elida,11,ALP,Australian Labor Party,25312.0,91707.0,0.2760094649263415,ALP,True,False
2022,QLD,169,Lilley,35998,HOOGLAND,Gerardine Louise,1,UAPP,United Australia Party,3320.0,99007.0,0.03353298251638773,UAPP,False,False
2022,QLD,169,Lilley,37344,STEVENS,Melissa,2,GRN,Queensland Greens,16916.0,99007.0,0.17085660609855868,GRN,True,False
2022,QLD,169,Lilley,37488,LOBO,Vivian,3,LNP,Liberal National Party of Queensland,29530.0,99007.0,0.2982617390689547,LNP,True,False
2022,QLD,169,Lilley,37161,McGRATH,Stephen,4,IMO,Informed Medical Options Party,1378.0,99007.0,0.013918207803488642,IMO,False,False
2022,QLD,169,Lilley,37305,FRESHWATER,Daniel,5,LDP,Liberal Democrats,2412.0,99007.0,0.02436191380407446,LDP,False,False
2022,QLD,169,Lilley,37254,WELLS,Anika,6,ALP,Australian Labor Party,41424.0,99007.0,0.41839465896350764,ALP,True,False
2022,QLD,169,Lilley,38227,WILDE,Michelle,7,ON,Pauline Hanson's One Nation,4027.0,99007.0,0.040673891745028126,ON,False,False
2022,QLD,302,Longman,37257,FANNING,Rebecca,1,ALP,Australian Labor Party,34036.0,108065.0,0.3149585897376579,ALP,True,False
2022,QLD,302,Longman,35999,SUTHERLAND,Stefanie Alexis,2,UAPP,United Australia Party,5949.0,108065.0,0.05505020126775552,UAPP,False,False
2022,QLD,302,Longman,37656,QUINLAN,Nigel David,3,HMP,Legalise Cannabis Australia,6025.0,108065.0,0.05575348170082821,HMP,False,False
2022,QLD,302,Longman,37347,SNIJDERS,Earl,4,GRN,Queensland Greens,7814.0,108065.0,0.07230833294776293,GRN,True,False
2022,QLD,302,Longman,38225,TAYLOR,Ross,5,ON,Pauline Hanson's One Nation,8917.0,108065.0,0.08251515291722575,ON,False,False
2022,QLD,302,Longman,37313,LIPPONER,Jens,6,LDP,Liberal Democrats,2011.0,108065.0,0.018609170406699672,LDP,False,False
2022,QLD,302,Longman,37209,GILBARD,Paula,7,AJP,Animal Justice Party,2060.0,108065.0,0.01906260121223338,AJP,False,False
2022,QLD,302,Longman,37492,YOUNG,Terry,8,LNP,Liberal National Party of Queensland,41253.0,108065.0,0.38174246980983667,LNP,True,False
2022,QLD,170,Maranoa,37498,LITTLEPROUD,David,1,LNP,Liberal National Party of Queensland,52382.0,93115.0,0.5625516834022445,LNP,True,False
2022,QLD,170,Maranoa,37785,RICHARDSON,Malcolm J,2,ASP,"Shooters, Fishers and Farmers Party",3695.0,93115.0,0.03968211351554529,ASP,False,False
2022,QLD,170,Maranoa,37246,KERRIGAN,Dave,3,ALP,Australian Labor Party,14236.0,93115.0,0.15288621596950008,ALP,True,False
2022,QLD,170,Maranoa,36002,McDONALD,Nathan John,4,UAPP,United Australia Party,6202.0,93115.0,0.0666058100198679,UAPP,False,False
2022,QLD,170,Maranoa,37351,PARKER,Ellisa,5,GRN,Queensland Greens,4533.0,93115.0,0.048681737636256245,GRN,True,False
2022,QLD,170,Maranoa,38231,KELLY,Mike,6,ON,Pauline Hanson's One Nation,11070.0,93115.0,0.1188852494227568,ON,False,False
2022,QLD,170,Maranoa,37673,TUNBRIDGE,Brett James,7,CYA,Australian Federation Party,997.0,93115.0,0.010707190033829136,CYA,False,False
2022,QLD,171,McPherson,37494,ANDREWS,Karen,1,LNP,Liberal National Party of Queensland,42288.0,97083.0,0.43558604493062636,LNP,True,False
2022,QLD,171,McPherson,38229,HARGRAVES,Kevin,2,ON,Pauline Hanson's One Nation,7013.0,97083.0,0.07223715789582111,ON,False,False
2022,QLD,171,McPherson,37763,PEAD,Gary,3,CYA,Australian Federation Party,594.0,97083.0,0.0061184759432650416,CYA,False,False
2022,QLD,171,McPherson,37355,TURNER,Scott,4,GRN,Queensland Greens,14971.0,97083.0,0.15420825479229114,GRN,True,False
2022,QLD,171,McPherson,37381,CULLEN,Andy,5,AUVA,Australian Values Party,2310.0,97083.0,0.02379407311269738,AUVA,False,False
2022,QLD,171,McPherson,36000,BERRIGAN,Joshua Lawrence,6,UAPP,United Australia Party,6490.0,97083.0,0.0668500149356736,UAPP,False,False
2022,QLD,171,McPherson,37303,PYNE,Glenn,7,LDP,Liberal Democrats,2063.0,97083.0,0.021249858368612425,LDP,False,False
2022,QLD,171,McPherson,37260,UNGERER,Carl,8,ALP,Australian Labor Party,21354.0,97083.0,0.21995612002101295,ALP,True,False
2022,QLD,172,Moncrieff,37501,BELL,Angie,1,LNP,Liberal National Party of Queensland,45104.0,98178.0,0.4594104585548697,LNP,True,False
2022,QLD,172,Moncrieff,38233,SCHULTZ,Leeanne,2,ON,Pauline Hanson's One Nation,6981.0,98178.0,0.07110554299333863,ON,False,False
2022,QLD,172,Moncrieff,37609,TAYLER,James,3,CYA,Australian Federation Party,645.0,98178.0,0.0065696999327751636,CYA,False,False
2022,QLD,172,Moncrieff,37197,BERRY-LAW,Sonia Michelle,4,AJP,Animal Justice Party,2384.0,98178.0,0.024282425798040293,AJP,False,False
2022,QLD,172,Moncrieff,37359,BROADBENT,April,5,GRN,Queensland Greens,11850.0,98178.0,0.12069913829982278,GRN,True,False
2022,QLD,172,Moncrieff,37250,PALMER,Glen,6,ALP,Australian Labor Party,20430.0,98178.0,0.20809142577766912,ALP,True,False
2022,QLD,172,Moncrieff,37297,DEMETRE,Diane,7,LDP,Liberal Democrats,4305.0,98178.0,0.04384892745829005,LDP,False,False
2022,QLD,172,Moncrieff,37162,CUDMORE,Timothy,8,IMO,Informed Medical Options Party,997.0,98178.0,0.010155024547250912,IMO,False,False
2022,QLD,172,Moncrieff,36010,HAPP,Diane Olga,9,UAPP,United Australia Party,5482.0,98178.0,0.05583735663794333,UAPP,False,False
2022,QLD,173,Moreton,37834,POWER,Peter,1,CYA,Australian Federation Party,1468.0,92556.0,0.015860668136047366,CYA,False,False
2022,QLD,173,Moreton,38235,SWANN,Neil,2,ON,Pauline Hanson's One Nation,3364.0,92556.0,0.03634556376680064,ON,False,False
2022,QLD,173,Moreton,37253,PERRETT,Graham,3,ALP,Australian Labor Party,34633.0,92556.0,0.374184277626518,ALP,True,False
2022,QLD,173,Moreton,37363,GARTON,Claire,4,GRN,Queensland Greens,19250.0,92556.0,0.20798219456329142,GRN,True,False
2022,QLD,173,Moreton,37468,HUANG,Steven,5,LNP,Liberal National Party of Queensland,30777.0,92556.0,0.33252301309477506,LNP,True,False
2022,QLD,173,Moreton,36006,FOLLETT,Chelsea,6,UAPP,United Australia Party,3064.0,92556.0,0.033104282812567526,UAPP,False,False
2022,QLD,174,Oxley,36011,COOMBES,Timothy,1,UAPP,United Australia Party,5079.0,95412.0,0.05323229782417306,UAPP,False,False
2022,QLD,174,Oxley,37366,WORSTELING,Asha,2,GRN,Queensland Greens,13595.0,95412.0,0.14248731815704524,GRN,True,False
2022,QLD,174,Oxley,37693,MCMILLEN,Kyle,3,LNP,Liberal National Party of Queensland,27385.0,95412.0,0.28701840439357734,LNP,True,False
2022,QLD,174,Oxley,38237,KOZLOWSKI,Dylan,4,ON,Pauline Hanson's One Nation,5568.0,95412.0,0.058357439315809334,ON,False,False
2022,QLD,174,Oxley,37259,DICK,Milton,5,ALP,Australian Labor Party,43785.0,95412.0,0.45890454030939504,ALP,True,False
2022,QLD,175,Petrie,36008,GUENOUN,Kelly Anne,1,UAPP,United Australia Party,5914.0,106513.0,0.05552373888633312,UAPP,False,False
2022,QLD,175,Petrie,37328,SIMON,Will,2,GRN,Queensland Greens,12169.0,106513.0,0.11424896491508078,GRN,True,False
2022,QLD,175,Petrie,37308,WILSON,Anneke,3,LDP,Liberal Democrats,2189.0,106513.0,0.0205514819787256,LDP,False,False
2022,QLD,175,Petrie,38239,MITCHELL,Marcus,4,ON,Pauline Hanson's One Nation,5613.0,106513.0,0.05269779275769155,ON,False,False
2022,QLD,175,Petrie,37268,DENTON,Mick,5,ALP,Australian Labor Party,31972.0,106513.0,0.3001699323087323,ALP,True,False
2022,QLD,175,Petrie,37486,HOWARTH,Luke,6,LNP,Liberal National Party of Queensland,46325.0,106513.0,0.43492343657581706,LNP,True,False
2022,QLD,175,Petrie,37206,CICCHITTI,Chris,7,AJP,Animal Justice Party,2331.0,106513.0,0.021884652577619634,AJP,False,False
2022,QLD,176,Rankin,37491,DARWEN,Paul,1,LNP,Liberal National Party of Queensland,25478.0,87822.0,0.2901095397508597,LNP,True,False
2022,QLD,176,Rankin,37369,COTTER,Neil,2,GRN,Queensland Greens,9394.0,87822.0,0.10696636378128486,GRN,True,False
2022,QLD,176,Rankin,36013,CRANK,Jeff,3,UAPP,United Australia Party,5064.0,87822.0,0.05766208922593428,UAPP,False,False
2022,QLD,176,Rankin,38234,COOKSON,Glen,4,ON,Pauline Hanson's One Nation,7006.0,87822.0,0.07977499943066657,ON,False,False
2022,QLD,176,Rankin,37201,CLARKE,Suzanne,5,AJP,Animal Justice Party,2284.0,87822.0,0.0260071508278108,AJP,False,False
2022,QLD,176,Rankin,37263,CHALMERS,Jim,6,ALP,Australian Labor Party,38596.0,87822.0,0.4394798569834438,ALP,True,False
2022,QLD,177,Ryan,36016,POLLARD,Kathryn,1,UAPP,United Australia Party,2062.0,99316.0,0.020762012163196262,UAPP,False,False
2022,QLD,177,Ryan,37291,COORY,Damian,2,LDP,Liberal Democrats,2582.0,99316.0,0.025997825123847115,LDP,False,False
2022,QLD,177,Ryan,37580,REES,Janine,3,AUP,Australian Progressives,606.0,99316.0,0.006101735873373877,AUP,False,False
2022,QLD,177,Ryan,38236,LOVE,Joel,4,ON,Pauline Hanson's One Nation,2237.0,99316.0,0.022524064601876836,ON,False,False
2022,QLD,177,Ryan,37202,LIPMAN,Jina,5,AJP,Animal Justice Party,1088.0,99316.0,0.01095493173305409,AJP,False,False
2022,QLD,177,Ryan,37370,WATSON-BROWN,Elizabeth,6,GRN,Queensland Greens,30003.0,99316.0,0.302096338958476,GRN,True,False
2022,QLD,177,Ryan,37271,COSSAR,Peter,7,ALP,Australian Labor Party,22146.0,99316.0,0.22298521889725723,ALP,True,False
2022,QLD,177,Ryan,37496,SIMMONDS,Julian,8,LNP,Liberal National Party of Queensland,38239.0,99316.0,0.3850235611583229,LNP,True,False
2022,QLD,177,Ryan,37767,DANCOISNE,Axel,9,CYA,Australian Federation Party,353.0,99316.0,0.0035543114905956744,CYA,False,False
2022,QLD,178,Wide Bay,37685,JACOBI,Kelli,1,IND,Independent,4106.0,95703.0,0.04290356624139264,IND,False,True
2022,QLD,178,Wide Bay,38238,BUCKLEY,Nathan,2,ON,Pauline Hanson's One Nation,9765.0,95703.0,0.10203441898373092,ON,False,False
2022,QLD,178,Wide Bay,36019,BENNETT,Tracy,3,UAPP,United Australia Party,4406.0,95703.0,0.04603826421324305,UAPP,False,False
2022,QLD,178,Wide Bay,37371,ARMSTRONG,Craig,4,GRN,Queensland Greens,9088.0,95703.0,0.0949604505605885,GRN,True,False
2022,QLD,178,Wide Bay,37506,O'BRIEN,Llew,5,LNP,Liberal National Party of Queensland,41601.0,95703.0,0.43468856775649667,LNP,True,False
2022,QLD,178,Wide Bay,37684,WOODWARD,John,6,CYA,Australian Federation Party,501.0,95703.0,0.0052349456129901885,CYA,False,False
2022,QLD,178,Wide Bay,32076,JEROME,Tim,7,IND,Independent,2737.0,95703.0,0.02859889449651526,IND,False,True
2022,QLD,178,Wide Bay,37269,WILLIAMS,Geoff,8,ALP,Australian Labor Party,20345.0,95703.0,0.21258476745765545,ALP,True,False
2022,QLD,178,Wide Bay,37375,WILLIAMS,Daniel,9,AUVA,Australian Values Party,1057.0,95703.0,0.011044585854152952,AUVA,False,False
2022,QLD,178,Wide Bay,37163,NEWLAND,Andrea,10,IMO,Informed Medical Options Party,2097.0,95703.0,0.02191153882323438,IMO,False,False
2022,QLD,316,Wright,37500,BUCHHOLZ,Scott,1,LNP,Liberal National Party of Queensland,45753.0,105933.0,0.43190507207385803,LNP,True,False
2022,QLD,316,Wright,36014,DUFFILL,Cassandra Deanne,2,UAPP,United Australia Party,8703.0,105933.0,0.08215570218911954,UAPP,False,False
2022,QLD,316,Wright,38240,HICKS,Keith,3,ON,Pauline Hanson's One Nation,15095.0,105933.0,0.1424957284321222,ON,False,False
2022,QLD,316,Wright,37737,BANASIAK,Shonna-Lee,4,CYA,Australian Federation Party,1632.0,105933.0,0.015405964147149613,CYA,False,False
2022,QLD,316,Wright,37270,McCREADIE,Pam,5,ALP,Australian Labor Party,22643.0,105933.0,0.21374831261268915,ALP,True,False
2022,QLD,316,Wright,37372,THOMPSON,Nicole,6,GRN,Queensland Greens,12107.0,105933.0,0.1142892205450615,GRN,True,False
2022,SA,179,Adelaide,37049,GRANTHAM,Amy,1,LP,Liberal,36080.0,112764.0,0.3199602710084779,LP,True,False
2022,SA,179,Adelaide,36973,GEORGANAS,Steve,2,ALP,Australian Labor Party,45086.0,112764.0,0.3998261856620907,ALP,True,False
2022,SA,179,Adelaide,36094,ALLWOOD,Sean,3,UAPP,United Australia Party,3055.0,112764.0,0.027091979709836473,UAPP,False,False
2022,SA,179,Adelaide,36053,McMILLAN,Matthew,4,SOPA,"FUSION: Science, Pirate, Secular, Climate Emergency",1631.0,112764.0,0.014463835976020715,SOPA,False,False
2022,SA,179,Adelaide,36463,GALDIES,Rebecca,5,GRN,The Greens,22666.0,112764.0,0.20100386648221064,GRN,True,False
2022,SA,179,Adelaide,37714,GERHARD,Faith,6,CYA,Australian Federation Party,870.0,112764.0,0.007715228264339683,CYA,False,False
2022,SA,179,Adelaide,36885,ALLWOOD,Gayle,7,ON,Pauline Hanson's One Nation,3376.0,112764.0,0.02993863289702387,ON,False,False
2022,SA,180,Barker,37705,PIETZSCH,Jonathan,1,NP,National Party,2531.0,105799.0,0.023922721386780595,NP,True,False
2022,SA,180,Barker,36904,QUAREMBA,Carlos,2,ON,Pauline Hanson's One Nation,6958.0,105799.0,0.06576621707199501,ON,False,False
2022,SA,180,Barker,37822,PANNELL,Vince,3,IND,Independent,1913.0,105799.0,0.018081456346468305,IND,False,True
2022,SA,180,Barker,37830,FRY,Maddy,4,IND,Independent,3190.0,105799.0,0.030151513719411337,IND,False,True
2022,SA,180,Barker,36466,HILLAM,Rosa,5,GRN,The Greens,7841.0,105799.0,0.0741122316846095,GRN,True,False
2022,SA,180,Barker,37083,PASIN,Tony,6,LP,Liberal,56330.0,105799.0,0.5324246921048403,LP,True,False
2022,SA,180,Barker,36103,SWIGGS,David,7,UAPP,United Australia Party,4222.0,105799.0,0.03990585922362215,UAPP,False,False
2022,SA,180,Barker,36977,BRAES,Mark,8,ALP,Australian Labor Party,22054.0,105799.0,0.20845187572661367,ALP,True,False
2022,SA,180,Barker,37711,HANTON,Kym,9,CYA,Australian Federation Party,760.0,105799.0,0.007183432735659127,CYA,False,False
2022,SA,182,Boothby,36472,CARTER,Jeremy,1,GRN,The Greens,17285.0,113707.0,0.1520135084031766,GRN,True,False
2022,SA,182,Boothby,36100,CLARK,Graeme,2,UAPP,United Australia Party,2520.0,113707.0,0.02216222396158548,UAPP,False,False
2022,SA,182,Boothby,37718,HARRIS,Peter,3,CYA,Australian Federation Party,543.0,113707.0,0.004775431591722585,CYA,False,False
2022,SA,182,Boothby,36915,NIKOLIC,Aleksandra,4,LDP,Liberal Democrats,1250.0,113707.0,0.010993166647611845,LDP,False,False
2022,SA,182,Boothby,37734,BUSUTTIL,Paul,5,IND,Independent,1048.0,113707.0,0.009216670917357771,IND,False,True
2022,SA,182,Boothby,36600,BRAY,Frankie,6,AJP,Animal Justice Party,1358.0,113707.0,0.011942976245965508,AJP,False,False
2022,SA,182,Boothby,37059,SWIFT,Rachel,7,LP,Liberal,43196.0,113707.0,0.379888661208193,LP,True,False
2022,SA,182,Boothby,37700,DYER,Jo,8,IND,Independent,7441.0,113707.0,0.06544012241990378,IND,False,True
2022,SA,182,Boothby,36979,MILLER-FROST,Louise,9,ALP,Australian Labor Party,36746.0,113707.0,0.3231639213065159,ALP,True,False
2022,SA,182,Boothby,36872,COUCH,Bob,10,ON,Pauline Hanson's One Nation,2320.0,113707.0,0.020403317297967582,ON,False,False
2022,SA,183,Grey,36476,WHITE,Tim,1,GRN,The Greens,6994.0,103118.0,0.06782520995364534,GRN,True,False
2022,SA,183,Grey,36099,WATERS,Suzanne,2,UAPP,United Australia Party,5781.0,103118.0,0.05606198723792161,UAPP,False,False
2022,SA,183,Grey,36911,MILLER,Peter,3,LDP,Liberal Democrats,1427.0,103118.0,0.013838515099206734,LDP,False,False
2022,SA,183,Grey,37725,HABERMANN,Liz,4,IND,Independent,11613.0,103118.0,0.11261855350181346,IND,False,True
2022,SA,183,Grey,36978,WATSON,Julie,5,ALP,Australian Labor Party,22068.0,103118.0,0.21400725382571423,ALP,True,False
2022,SA,183,Grey,36877,WHITE,Kerry Ann,6,ON,Pauline Hanson's One Nation,6452.0,103118.0,0.06256909559921643,ON,False,False
2022,SA,183,Grey,37715,DEMPSEY,Tracey,7,CYA,Australian Federation Party,721.0,103118.0,0.006991989759304874,CYA,False,False
2022,SA,183,Grey,32089,CARMODY,Richard,8,IND,Independent,1332.0,103118.0,0.012917240442987645,IND,False,True
2022,SA,183,Grey,37069,RAMSEY,Rowan,9,LP,Liberal,46730.0,103118.0,0.45317015458018967,LP,True,False
2022,SA,185,Hindmarsh,36478,O'SULLIVAN,Patrick,1,GRN,The Greens,15310.0,110343.0,0.13874917303317835,GRN,True,False
2022,SA,185,Hindmarsh,37075,FINIZIO,Anna,2,LP,Liberal,36072.0,110343.0,0.32690791441233247,LP,True,False
2022,SA,185,Hindmarsh,36888,JOHNSON,Walter,3,ON,Pauline Hanson's One Nation,4341.0,110343.0,0.039340964084717656,ON,False,False
2022,SA,185,Hindmarsh,36984,BUTLER,Mark,4,ALP,Australian Labor Party,46547.0,110343.0,0.4218391742113229,ALP,True,False
2022,SA,185,Hindmarsh,37706,RICHARDS,Dianne,5,CYA,Australian Federation Party,653.0,110343.0,0.005917910515392911,CYA,False,False
2022,SA,185,Hindmarsh,36412,MELISSOURGOS,George,6,UAPP,United Australia Party,3896.0,110343.0,0.035308084790154334,UAPP,False,False
2022,SA,185,Hindmarsh,37179,WITT,Jamie,7,GAP,The Great Australian Party,1184.0,110343.0,0.010730177718568464,GAP,False,False
2022,SA,185,Hindmarsh,36610,PASTRO,Matt,8,AJP,Animal Justice Party,2340.0,110343.0,0.021206601234332944,AJP,False,False
2022,SA,186,Kingston,37780,DE JONGE,Rob,1,IND,Independent,2963.0,109362.0,0.02709350597099541,IND,False,True
2022,SA,186,Kingston,36859,GODFREY-BROWN,Robert,2,ON,Pauline Hanson's One Nation,5313.0,109362.0,0.04858177429088715,ON,False,False
2022,SA,186,Kingston,36415,JACKSON,Russell,3,UAPP,United Australia Party,4321.0,109362.0,0.03951098187670306,UAPP,False,False
2022,SA,186,Kingston,36983,RISHWORTH,Amanda,4,ALP,Australian Labor Party,53810.0,109362.0,0.4920356248056912,ALP,True,False
2022,SA,186,Kingston,36464,PHOTAKIS,John,5,GRN,The Greens,13603.0,109362.0,0.12438506976829246,GRN,True,False
2022,SA,186,Kingston,37713,ENRIGHT,Sam,6,CYA,Australian Federation Party,1079.0,109362.0,0.009866315539218375,CYA,False,False
2022,SA,186,Kingston,37071,BOURNE,Kathleen,7,LP,Liberal,28273.0,109362.0,0.25852672774821234,LP,True,False
2022,SA,187,Makin,37712,LAZOOTIN,Abram Nicholas,1,CYA,Australian Federation Party,1907.0,107642.0,0.017716133107894688,CYA,False,False
2022,SA,187,Makin,36991,ZAPPIA,Tony,2,ALP,Australian Labor Party,49843.0,107642.0,0.4630441649170398,ALP,True,False
2022,SA,187,Makin,36411,DROZDOFF,Kimberley,3,UAPP,United Australia Party,4638.0,107642.0,0.04308727076791587,UAPP,False,False
2022,SA,187,Makin,36871,VAID,Rajan,4,ON,Pauline Hanson's One Nation,5097.0,107642.0,0.04735140558518051,ON,False,False
2022,SA,187,Makin,37052,HOWARD-JONES,Alan,5,LP,Liberal,33840.0,107642.0,0.31437542966500065,LP,True,False
2022,SA,187,Makin,36468,MUSTACA,Emma,6,GRN,The Greens,12317.0,107642.0,0.11442559595696847,GRN,True,False
2022,SA,188,Mayo,36988,BELL,Marisa,1,ALP,Australian Labor Party,21051.0,116214.0,0.1811399659249316,ALP,True,False
2022,SA,188,Mayo,36606,CHAPLIN,Padma,2,AJP,Animal Justice Party,1929.0,116214.0,0.016598688626155197,AJP,False,False
2022,SA,188,Mayo,36913,VAN RAALTE,Jacob,3,LDP,Liberal Democrats,1424.0,116214.0,0.012253256922573872,LDP,False,False
2022,SA,188,Mayo,37710,SHARKIE,Rebekha,4,XEN,Centre Alliance,36500.0,116214.0,0.31407575679350164,XEN,False,False
2022,SA,188,Mayo,36474,ELLIOTT,Greg,5,GRN,The Greens,13705.0,116214.0,0.1179289930645189,GRN,True,False
2022,SA,188,Mayo,37057,BLUCK,Allison,6,LP,Liberal,31411.0,116214.0,0.27028585196275834,LP,True,False
2022,SA,188,Mayo,36423,McGRAIL,Samantha,7,UAPP,United Australia Party,4089.0,116214.0,0.0351850895761268,UAPP,False,False
2022,SA,188,Mayo,36875,SCOTT,Tonya,8,ON,Pauline Hanson's One Nation,4775.0,116214.0,0.04108799284079371,ON,False,False
2022,SA,188,Mayo,37708,NEUGEBAUER,Mark,9,CYA,Australian Federation Party,1330.0,116214.0,0.011444404288639923,CYA,False,False
2022,SA,325,Spence,36429,WARREN,Alvin Eric,1,UAPP,United Australia Party,7158.0,106227.0,0.06738399841848118,UAPP,False,False
2022,SA,325,Spence,36990,BURNELL,Matt,2,ALP,Australian Labor Party,46596.0,106227.0,0.43864554209381795,ALP,True,False
2022,SA,325,Spence,36479,DEEX,David,3,GRN,The Greens,12052.0,106227.0,0.11345514793790656,GRN,True,False
2022,SA,325,Spence,37717,BAWDEN,Matilda,4,CYA,Australian Federation Party,1736.0,106227.0,0.016342361169947375,CYA,False,False
2022,SA,325,Spence,37061,LOCK,Shawn,5,LP,Liberal,27153.0,106227.0,0.2556129797509108,LP,True,False
2022,SA,325,Spence,36883,CHAMPION,Linda,6,ON,Pauline Hanson's One Nation,11532.0,106227.0,0.10855997062893614,ON,False,False
2022,SA,190,Sturt,36481,McCUSKER,Katie,1,GRN,The Greens,18454.0,112610.0,0.16387532190746826,GRN,True,False
2022,SA,190,Sturt,36996,BARAM,Sonja,2,ALP,Australian Labor Party,34528.0,112610.0,0.30661575348548087,ALP,True,False
2022,SA,190,Sturt,37703,SCHMIDT,Chris,3,TNL,TNL,251.0,112610.0,0.0022289317112157,TNL,False,False
2022,SA,190,Sturt,36887,ALLWOOD,Alexander,4,ON,Pauline Hanson's One Nation,2893.0,112610.0,0.02569043601811562,ON,False,False
2022,SA,190,Sturt,37702,FULCO,Angela,5,AUP,Australian Progressives,457.0,112610.0,0.0040582541514963145,AUP,False,False
2022,SA,190,Sturt,36432,GRANT,Stephen,6,UAPP,United Australia Party,3008.0,112610.0,0.026711659710505285,UAPP,False,False
2022,SA,190,Sturt,37716,SCARBOROUGH,Kathy,7,CYA,Australian Federation Party,755.0,112610.0,0.00670455554568866,CYA,False,False
2022,SA,190,Sturt,36595,SHERLOCK,David,8,AJP,Animal Justice Party,1531.0,112610.0,0.013595595417813694,AJP,False,False
2022,SA,190,Sturt,36920,McMAHON,Thomas,9,LDP,Liberal Democrats,1147.0,112610.0,0.010185596305834295,LDP,False,False
2022,SA,190,Sturt,37783,ELHAM,Inty,10,DPDA,Drew Pavlou Democratic Alliance,1007.0,112610.0,0.00894236746292514,DPDA,False,False
2022,SA,190,Sturt,37067,STEVENS,James,11,LP,Liberal,48579.0,112610.0,0.43139152828345617,LP,True,False
2022,TAS,192,Bass,36070,RAZAY,George,1,IND,Independent,3450.0,68609.0,0.05028494803888703,IND,False,True
2022,TAS,192,Bass,37348,SALT,Bob,2,JLN,Jacqui Lambie Network,4587.0,68609.0,0.06685711787083327,JLN,False,False
2022,TAS,192,Bass,37287,ROSOL,Cecily,3,GRN,The Greens,7614.0,68609.0,0.11097669401973502,GRN,True,False
2022,TAS,192,Bass,37134,ARCHER,Bridget Kathleen,4,LP,Liberal,27257.0,68609.0,0.3972802402017228,LP,True,False
2022,TAS,192,Bass,36814,BAKER,Alison,5,AJP,Animal Justice Party,969.0,68609.0,0.014123511492661313,AJP,False,False
2022,TAS,192,Bass,37003,HUMBLE,Stephen,6,LDP,Liberal Democrats,732.0,68609.0,0.010669154192598639,LDP,False,False
2022,TAS,192,Bass,36111,SQUIBB,Kyle,7,UAPP,United Australia Party,1140.0,68609.0,0.016615895873719193,UAPP,False,False
2022,TAS,192,Bass,37601,DAVY,Melanie,8,ON,Pauline Hanson's One Nation,3230.0,68609.0,0.047078371642204374,ON,False,False
2022,TAS,192,Bass,37226,HART,Ross,9,ALP,Australian Labor Party,19630.0,68609.0,0.28611406666763833,ALP,True,False
2022,TAS,193,Braddon,37618,MINEUR,Ludo,1,ON,Pauline Hanson's One Nation,3065.0,70598.0,0.043414827615513185,ON,False,False
2022,TAS,193,Braddon,37292,BRIGGS,Darren,2,GRN,The Greens,4745.0,70598.0,0.06721153573755631,GRN,True,False
2022,TAS,193,Braddon,37137,PEARCE,Gavin,3,LP,Liberal,31142.0,70598.0,0.4411173121051588,LP,True,False
2022,TAS,193,Braddon,37111,RANKIN,Scott,4,TLOC,The Local Party,719.0,70598.0,0.010184424487945834,TLOC,False,False
2022,TAS,193,Braddon,37231,LYNCH,Chris,5,ALP,Australian Labor Party,15886.0,70598.0,0.22502053882546247,ALP,True,False
2022,TAS,193,Braddon,36113,BOBBERMIEN,Darren Scott,6,UAPP,United Australia Party,1000.0,70598.0,0.014164707215501856,UAPP,False,False
2022,TAS,193,Braddon,37622,GARLAND,Craig Anthony,7,IND,Independent,5538.0,70598.0,0.07844414855944927,IND,False,True
2022,TAS,193,Braddon,36816,MARTIN,Keone Patrick,8,AJP,Animal Justice Party,566.0,70598.0,0.00801722428397405,AJP,False,False
2022,TAS,193,Braddon,37353,LEHMANN,Sophie,9,JLN,Jacqui Lambie Network,6966.0,70598.0,0.09867135046318593,JLN,False,False
2022,TAS,193,Braddon,36989,WHITE,Duncan,10,LDP,Liberal Democrats,971.0,70598.0,0.013753930706252302,LDP,False,False
2022,TAS,319,Clark,37607,CAMERON,Michelle,1,ON,Pauline Hanson's One Nation,1715.0,65894.0,0.02602664886029077,ON,False,False
2022,TAS,319,Clark,37267,DAVIS,Simon,2,ALP,Australian Labor Party,12364.0,65894.0,0.18763468601086594,ALP,True,False
2022,TAS,319,Clark,36995,RAMSDEN,Ian,3,LDP,Liberal Democrats,739.0,65894.0,0.011214981637174857,LDP,False,False
2022,TAS,319,Clark,37141,COATS,Will,4,LP,Liberal,10441.0,65894.0,0.15845145233253408,LP,True,False
2022,TAS,319,Clark,37298,SHELLEY,Janet,5,GRN,The Greens,8861.0,65894.0,0.13447354842626036,GRN,True,False
2022,TAS,319,Clark,33553,WILKIE,Andrew,6,IND,Independent,30005.0,65894.0,0.4553525358909764,IND,False,True
2022,TAS,319,Clark,36817,DAVIES,Casey,7,AJP,Animal Justice Party,828.0,65894.0,0.012565635717971287,AJP,False,False
2022,TAS,319,Clark,36115,GALLOWAY,Sandra,8,UAPP,United Australia Party,941.0,65894.0,0.014280511123926306,UAPP,False,False
2022,TAS,195,Franklin,37109,BATEMAN,Anna,1,TLOC,The Local Party,3535.0,71259.0,0.04960776884323384,TLOC,False,False
2022,TAS,195,Franklin,37272,COLLINS,Julie,2,ALP,Australian Labor Party,26147.0,71259.0,0.3669290896588501,ALP,True,False
2022,TAS,195,Franklin,36982,PITT,Duane,3,LDP,Liberal Democrats,1434.0,71259.0,0.02012377383909401,LDP,False,False
2022,TAS,195,Franklin,37608,HINDLEY,Steve,4,ON,Pauline Hanson's One Nation,2033.0,71259.0,0.028529729578018217,ON,False,False
2022,TAS,195,Franklin,36117,MATTHEWS,Lisa,5,UAPP,United Australia Party,1380.0,71259.0,0.01936597482423273,UAPP,False,False
2022,TAS,195,Franklin,37373,HANNAN,Chris,6,JLN,Jacqui Lambie Network,4215.0,71259.0,0.05915042310444996,JLN,False,False
2022,TAS,195,Franklin,37140,JOHNSON,Kristy Maree,7,LP,Liberal,19048.0,71259.0,0.26730658583477174,LP,True,False
2022,TAS,195,Franklin,36825,LOVE,Katrina,8,AJP,Animal Justice Party,1097.0,71259.0,0.015394546653756017,AJP,False,False
2022,TAS,195,Franklin,37306,DARKO,Jade,9,GRN,The Greens,12370.0,71259.0,0.17359210766359337,GRN,True,False
2022,TAS,196,Lyons,37139,BOWER,Susie,1,LP,Liberal,27296.0,73338.0,0.37219449671384547,LP,True,False
2022,TAS,196,Lyons,36999,GRIFFITHS,Rhys,2,LDP,Liberal Democrats,1188.0,73338.0,0.016198969156508224,LDP,False,False
2022,TAS,196,Lyons,37276,MITCHELL,Brian,3,ALP,Australian Labor Party,21295.0,73338.0,0.29036788568000216,ALP,True,False
2022,TAS,196,Lyons,36829,GRALTON,Anna Megan,4,AJP,Animal Justice Party,1312.0,73338.0,0.017889770650958575,AJP,False,False
2022,TAS,196,Lyons,36120,EVANS,Jason,5,UAPP,United Australia Party,1976.0,73338.0,0.026943739943821758,UAPP,False,False
2022,TAS,196,Lyons,37374,PFITZNER,Troy Robert,6,JLN,Jacqui Lambie Network,7962.0,73338.0,0.10856581853882026,JLN,False,False
2022,TAS,196,Lyons,37613,GOYNE,Emma Jane,7,ON,Pauline Hanson's One Nation,3927.0,73338.0,0.05354659248956885,ON,False,False
2022,TAS,196,Lyons,37315,JOHNSTONE,Liz,8,GRN,The Greens,8382.0,73338.0,0.11429272682647468,GRN,True,False
2022,VIC,197,Aston,35983,SPELMAN,Rebekah Jane,1,UAPP,United Australia Party,5990.0,98160.0,0.06102281988590057,UAPP,False,False
2022,VIC,197,Aston,36704,TUDGE,Alan,2,LP,Liberal,42260.0,98160.0,0.43052159739201307,LP,True,False
2022,VIC,197,Aston,36489,COOKSON,Asher,3,GVIC,The Greens,11855.0,98160.0,0.12077220863895681,GVIC,False,False
2022,VIC,197,Aston,36181,BRUCE,Ryan,4,TNL,TNL,973.0,98160.0,0.00991238793806031,TNL,False,False
2022,VIC,197,Aston,37636,IBBOTSON,Craig,5,ON,Pauline Hanson's One Nation,3022.0,98160.0,0.030786471067644663,ON,False,False
2022,VIC,197,Aston,36938,ROCHE,Liam,6,LDP,Liberal Democrats,2111.0,98160.0,0.021505704971475144,LDP,False,False
2022,VIC,197,Aston,36377,DOYLE,Mary,7,ALP,Australian Labor Party,31949.0,98160.0,0.3254788101059495,ALP,True,False
2022,VIC,198,Ballarat,36491,BARNES,John,1,GVIC,The Greens,14076.0,96500.0,0.14586528497409326,GVIC,False,False
2022,VIC,198,Ballarat,36703,GREEN,Ben,2,LP,Liberal,26142.0,96500.0,0.2709015544041451,LP,True,False
2022,VIC,198,Ballarat,33575,GRAHAM,Alex,3,IND,Independent,2044.0,96500.0,0.02118134715025907,IND,False,True
2022,VIC,198,Ballarat,37442,SEDGMAN,Kerryn,4,CYA,Australian Federation Party,682.0,96500.0,0.007067357512953368,CYA,False,False
2022,VIC,198,Ballarat,35985,PRYSE-SMITH,Terri Elizabeth,5,UAPP,United Australia Party,3693.0,96500.0,0.03826943005181347,UAPP,False,False
2022,VIC,198,Ballarat,37733,TAXIS,Rosalie,6,ON,Pauline Hanson's One Nation,3476.0,96500.0,0.03602072538860104,ON,False,False
2022,VIC,198,Ballarat,36993,McGRATH,Julia,7,LDP,Liberal Democrats,3216.0,96500.0,0.033326424870466324,LDP,False,False
2022,VIC,198,Ballarat,36409,KING,Catherine,8,ALP,Australian Labor Party,43171.0,96500.0,0.4473678756476684,ALP,True,False
2022,VIC,200,Bendigo,37782,LAURIE,James,1,IND,Independent,4319.0,99779.0,0.04328566131149841,IND,False,True
2022,VIC,200,Bendigo,36424,CHESTERS,Lisa,2,ALP,Australian Labor Party,42883.0,99779.0,0.4297798133875866,ALP,True,False
2022,VIC,200,Bendigo,36706,SCHADE,Darin,3,LP,Liberal,26576.0,99779.0,0.2663486304733461,LP,True,False
2022,VIC,200,Bendigo,36499,SINCLAIR,Cate,4,GVIC,The Greens,14026.0,99779.0,0.14057066116116618,GVIC,False,False
2022,VIC,200,Bendigo,36895,BANSEMER,Matt,5,LDP,Liberal Democrats,2888.0,99779.0,0.028943966165225148,LDP,False,False
2022,VIC,200,Bendigo,37758,MIHAIL,Ben,6,ON,Pauline Hanson's One Nation,5508.0,99779.0,0.05520199641207068,ON,False,False
2022,VIC,200,Bendigo,35980,SUARES,Elijah,7,UAPP,United Australia Party,3579.0,99779.0,0.035869271089106924,UAPP,False,False
2022,VIC,201,Bruce,36886,SKROBO,Christine,1,LDP,Liberal Democrats,4821.0,95290.0,0.0505929268548641,LDP,False,False
2022,VIC,201,Bruce,35987,BABET,Matt,2,UAPP,United Australia Party,8299.0,95290.0,0.08709203484101165,UAPP,False,False
2022,VIC,201,Bruce,37641,DEANS,Hayley,3,ON,Pauline Hanson's One Nation,4544.0,95290.0,0.04768601112393745,ON,False,False
2022,VIC,201,Bruce,36413,HILL,Julian,4,ALP,Australian Labor Party,39516.0,95290.0,0.4146919928638892,ALP,True,False
2022,VIC,201,Bruce,36769,MOODY,James,5,LP,Liberal,28837.0,95290.0,0.30262357015426594,LP,True,False
2022,VIC,201,Bruce,36505,KIRWAN,Matthew,6,GVIC,The Greens,9273.0,95290.0,0.0973134641620317,GVIC,False,False
2022,VIC,203,Calwell,37626,PRESTON,Mark,1,ON,Pauline Hanson's One Nation,5957.0,84995.0,0.07008647567503971,ON,False,False
2022,VIC,203,Calwell,36705,STAKER-GUNN,Tim,2,LP,Liberal,20111.0,84995.0,0.2366139184657921,LP,True,False
2022,VIC,203,Calwell,36530,ABBOUD,Natalie,3,GVIC,The Greens,8277.0,84995.0,0.09738219895287958,GVIC,False,False
2022,VIC,203,Calwell,36419,VAMVAKINOU,Maria,4,ALP,Australian Labor Party,38127.0,84995.0,0.44857932819577623,ALP,True,False
2022,VIC,203,Calwell,35994,NAIM,Joshua,5,UAPP,United Australia Party,7578.0,84995.0,0.08915818577563386,UAPP,False,False
2022,VIC,203,Calwell,36640,SMALL,Jerome,6,VNS,Victorian Socialists,3433.0,84995.0,0.04039061121242426,VNS,False,False
2022,VIC,203,Calwell,37441,BENGTSSON,Maria,7,CYA,Australian Federation Party,1512.0,84995.0,0.017789281722454264,CYA,False,False
2022,VIC,204,Casey,36514,GAME,Jenny,1,GVIC,The Greens,12894.0,99621.0,0.1294305417532448,GVIC,False,False
2022,VIC,204,Casey,37729,COLE,Craig,2,IND,Independent,3455.0,99621.0,0.03468144266771062,IND,False,True
2022,VIC,204,Casey,36699,KLOP,Andrew,3,AJP,Animal Justice Party,1844.0,99621.0,0.018510153481695626,AJP,False,False
2022,VIC,204,Casey,36711,VIOLI,Aaron,4,LP,Liberal,36347.0,99621.0,0.36485279208199073,LP,True,False
2022,VIC,204,Casey,36379,BRINDLE,Bill,5,ALP,Australian Labor Party,24779.0,99621.0,0.24873269692133185,ALP,True,False
2022,VIC,204,Casey,37634,MURPHY,Paul,6,ON,Pauline Hanson's One Nation,3260.0,99621.0,0.03272402405115387,ON,False,False
2022,VIC,204,Casey,37849,FIELD,Chris,7,CYA,Australian Federation Party,686.0,99621.0,0.006886098312604772,CYA,False,False
2022,VIC,204,Casey,36879,SMITH,Trevor Walter,8,LDP,Liberal Democrats,2008.0,99621.0,0.02015639272844079,LDP,False,False
2022,VIC,204,Casey,37288,SULLIVAN,Peter,9,DHJP,Derryn Hinch's Justice Party,1207.0,99621.0,0.01211591933427691,DHJP,False,False
2022,VIC,204,Casey,36003,BELLVE,Anthony Sebastian,10,UAPP,United Australia Party,4834.0,99621.0,0.048523905602232464,UAPP,False,False
2022,VIC,204,Casey,36746,FERRES MILES,Claire,11,IND,Independent,8307.0,99621.0,0.08338603306531756,IND,False,True
2022,VIC,205,Chisholm,36709,LIU,Gladys,1,LP,Liberal,35038.0,96518.0,0.3630203692575478,LP,True,False
2022,VIC,205,Chisholm,37319,STANFIELD,Thomas,2,DHJP,Derryn Hinch's Justice Party,946.0,96518.0,0.009801280590148988,DHJP,False,False
2022,VIC,205,Chisholm,37796,ANTONIE,Anthea,3,CYA,Australian Federation Party,567.0,96518.0,0.005874551897055471,CYA,False,False
2022,VIC,205,Chisholm,37680,TYRRELL,Aaron,4,ON,Pauline Hanson's One Nation,1377.0,96518.0,0.014266768892849002,ON,False,False
2022,VIC,205,Chisholm,36701,WHITFIELD,Rod,5,AJP,Animal Justice Party,1122.0,96518.0,0.01162477465343252,AJP,False,False
2022,VIC,205,Chisholm,35969,DARE,Ryan,6,CEC,Citizens Party,384.0,96518.0,0.003978532501709525,CEC,False,False
2022,VIC,205,Chisholm,36884,KING,Ethelyn,7,LDP,Liberal Democrats,1620.0,96518.0,0.01678443399158706,LDP,False,False
2022,VIC,205,Chisholm,36524,NEWMAN,Sarah,8,GVIC,The Greens,12130.0,96518.0,0.12567603970243893,GVIC,False,False
2022,VIC,205,Chisholm,35988,KEMPSON,Melanie Merle,9,UAPP,United Australia Party,2295.0,96518.0,0.023777948154748336,UAPP,False,False
2022,VIC,205,Chisholm,37675,MURPHY,Dominique,10,IND,Independent,1590.0,96518.0,0.016473611139891004,IND,False,True
2022,VIC,205,Chisholm,37839,TSENG,Wayne,11,IND,Independent,757.0,96518.0,0.00784309662446383,IND,False,True
2022,VIC,205,Chisholm,36382,GARLAND,Carina,12,ALP,Australian Labor Party,38692.0,96518.0,0.4008785925941275,ALP,True,False
2022,VIC,320,Cooper,36690,BANGAAR,Rabin,1,AJP,Animal Justice Party,2207.0,93750.0,0.023541333333333334,AJP,False,False
2022,VIC,320,Cooper,36659,LARKIN,Kath,2,VNS,Victorian Socialists,3250.0,93750.0,0.034666666666666665,VNS,False,False
2022,VIC,320,Cooper,36527,LIDDLE,Celeste,3,GVIC,The Greens,25648.0,93750.0,0.2735786666666667,GVIC,False,False
2022,VIC,320,Cooper,36049,WHITEHEAD,Adrian,4,SOPA,"FUSION: Science, Pirate, Secular, Climate Emergency",1585.0,93750.0,0.016906666666666667,SOPA,False,False
2022,VIC,320,Cooper,36730,ATKINSON,Jadon,5,LP,Liberal,15329.0,93750.0,0.16350933333333334,LP,True,False
2022,VIC,320,Cooper,35995,LA ROSA,Adam,6,UAPP,United Australia Party,4170.0,93750.0,0.04448,UAPP,False,False
2022,VIC,320,Cooper,37778,TURNER,William Tristan,7,ON,Pauline Hanson's One Nation,2807.0,93750.0,0.029941333333333334,ON,False,False
2022,VIC,320,Cooper,36384,KEARNEY,Ged,8,ALP,Australian Labor Party,38754.0,93750.0,0.413376,ALP,True,False
2022,VIC,328,Corangamite,37799,JUHASZ,Stephen,1,CYA,Australian Federation Party,868.0,100967.0,0.008596868283696654,CYA,False,False
2022,VIC,328,Corangamite,36493,MARSHALL,Alex,2,GVIC,The Greens,15349.0,100967.0,0.1520199669198847,GVIC,False,False
2022,VIC,328,Corangamite,36391,COKER,Libby,3,ALP,Australian Labor Party,38573.0,100967.0,0.38203571463943664,ALP,True,False
2022,VIC,328,Corangamite,36673,WATKINS,Meg,4,AJP,Animal Justice Party,1986.0,100967.0,0.019669793100716076,AJP,False,False
2022,VIC,328,Corangamite,36708,ASHER,Stephanie,5,LP,Liberal,34463.0,100967.0,0.34132934523161035,LP,True,False
2022,VIC,328,Corangamite,36944,BARKER,Paul,6,LDP,Liberal Democrats,2526.0,100967.0,0.025018075212693256,LDP,False,False
2022,VIC,328,Corangamite,37647,SORENSEN,Luke,7,ON,Pauline Hanson's One Nation,2548.0,100967.0,0.02523596818762566,ON,False,False
2022,VIC,328,Corangamite,35997,ABOU-ZEID,Daniel William,8,UAPP,United Australia Party,3233.0,100967.0,0.03202036308893005,UAPP,False,False
2022,VIC,328,Corangamite,37293,D'ARGENT,Jean-Marie,9,DHJP,Derryn Hinch's Justice Party,1421.0,100967.0,0.014073905335406619,DHJP,False,False
2022,VIC,208,Corio,36961,BULL,Sue,1,SAL,Socialist Alliance,2444.0,96944.0,0.0252104307641525,SAL,False,False
2022,VIC,208,Corio,37762,TAYLOR,Jessica,2,CYA,Australian Federation Party,1080.0,96944.0,0.011140452219838257,CYA,False,False
2022,VIC,208,Corio,36710,PATEL,Manish,3,LP,Liberal,23822.0,96944.0,0.24572949331572866,LP,True,False
2022,VIC,208,Corio,36495,NORTHEAST,Simon,4,GVIC,The Greens,14450.0,96944.0,0.14905512460802112,GVIC,False,False
2022,VIC,208,Corio,37669,JONES,Robert,5,ON,Pauline Hanson's One Nation,3788.0,96944.0,0.039074104637729,ON,False,False
2022,VIC,208,Corio,36681,ADAMS,Naomi,6,AJP,Animal Justice Party,2350.0,96944.0,0.024240798811685095,AJP,False,False
2022,VIC,208,Corio,36899,PAYNE,Max,7,LDP,Liberal Democrats,3383.0,96944.0,0.03489643505528965,LDP,False,False
2022,VIC,208,Corio,35989,MURDOCK,Shane,8,UAPP,United Australia Party,4781.0,96944.0,0.04931713153985806,UAPP,False,False
2022,VIC,208,Corio,36381,MARLES,Richard,9,ALP,Australian Labor Party,40846.0,96944.0,0.4213360290476976,ALP,True,False
2022,VIC,209,Deakin,36387,GREGG,Matt,1,ALP,Australian Labor Party,32844.0,100269.0,0.327558866648715,ALP,True,False
2022,VIC,209,Deakin,36500,HUMPHREYS,Rob,2,GVIC,The Greens,13904.0,100269.0,0.13866698580817602,GVIC,False,False
2022,VIC,209,Deakin,37833,LIU,Qian,3,IND,Independent,1271.0,100269.0,0.01267590182409319,IND,False,True
2022,VIC,209,Deakin,36707,DOLHEGUY,Katherine,4,AJP,Animal Justice Party,1650.0,100269.0,0.016455734075337344,AJP,False,False
2022,VIC,209,Deakin,36876,CARR,Harrison,5,LDP,Liberal Democrats,1843.0,100269.0,0.018380556303543467,LDP,False,False
2022,VIC,209,Deakin,36712,SUKKAR,Michael,6,LP,Liberal,41626.0,100269.0,0.4151432646181771,LP,True,False
2022,VIC,209,Deakin,37277,THOMPSON,Judith,7,DHJP,Derryn Hinch's Justice Party,1080.0,100269.0,0.010771025940220806,DHJP,False,False
2022,VIC,209,Deakin,35992,GIDLEY,Bianca Joy,8,UAPP,United Australia Party,2836.0,100269.0,0.028283916265246487,UAPP,False,False
2022,VIC,209,Deakin,37444,BASTIN,Samantha,9,CYA,Australian Federation Party,909.0,100269.0,0.009065613499685845,CYA,False,False
2022,VIC,209,Deakin,37743,COUGHLAN,Natasha,10,ON,Pauline Hanson's One Nation,2306.0,100269.0,0.022998135016804797,ON,False,False
2022,VIC,210,Dunkley,37460,BERGWERF,Darren,1,IND,Independent,3698.0,95722.0,0.0386327072146424,IND,False,True
2022,VIC,210,Dunkley,36389,MURPHY,Peta,2,ALP,Australian Labor Party,38506.0,95722.0,0.40226907085100605,ALP,True,False
2022,VIC,210,Dunkley,36925,WILLIS,Damian,3,LDP,Liberal Democrats,2398.0,95722.0,0.025051712250057458,LDP,False,False
2022,VIC,210,Dunkley,36742,JOHNSTON,Elizabeth,4,AJP,Animal Justice Party,2013.0,95722.0,0.02102964835669961,AJP,False,False
2022,VIC,210,Dunkley,36503,O'BRIEN,Liam,5,GVIC,The Greens,9898.0,95722.0,0.10340360627650906,GVIC,False,False
2022,VIC,210,Dunkley,36713,COOMBES,Sharn,6,LP,Liberal,31108.0,95722.0,0.32498276258331416,LP,True,False
2022,VIC,210,Dunkley,37772,MIDDLEBROOK,Scott,7,ON,Pauline Hanson's One Nation,2689.0,95722.0,0.02809176573828378,ON,False,False
2022,VIC,210,Dunkley,37445,WOODS,Kathryn,8,CYA,Australian Federation Party,566.0,95722.0,0.005912956269196214,CYA,False,False
2022,VIC,210,Dunkley,35996,IRVINE,Adrian Kain,9,UAPP,United Australia Party,4846.0,95722.0,0.05062577046029126,UAPP,False,False
2022,VIC,211,Flinders,36001,VAN DER END,Alex,1,UAPP,United Australia Party,4472.0,98902.0,0.04521647691654365,UAPP,False,False
2022,VIC,211,Flinders,37736,MARR,Cyndi,2,ON,Pauline Hanson's One Nation,3373.0,98902.0,0.03410446704818912,ON,False,False
2022,VIC,211,Flinders,36924,ABRAHAM,Chrysten,3,LDP,Liberal Democrats,2366.0,98902.0,0.023922670926776,LDP,False,False
2022,VIC,211,Flinders,36714,McKENZIE,Zoe,4,LP,Liberal,43013.0,98902.0,0.43490525975207783,LP,True,False
2022,VIC,211,Flinders,37798,EARL,Jefferson,5,CYA,Australian Federation Party,486.0,98902.0,0.004913955228407919,CYA,False,False
2022,VIC,211,Flinders,36506,LANE,Colin,6,GVIC,The Greens,9293.0,98902.0,0.09396169946007159,GVIC,False,False
2022,VIC,211,Flinders,37583,RUSSELL,Sarah,7,IND,Independent,5189.0,98902.0,0.052466077531293606,IND,False,True
2022,VIC,211,Flinders,36393,SNOWBALL,Surbhi,8,ALP,Australian Labor Party,21487.0,98902.0,0.2172554650057633,ALP,True,False
2022,VIC,211,Flinders,37210,O'CONNOR,Despi,9,IND,Independent,7163.0,98902.0,0.0724252290145801,IND,False,True
2022,VIC,211,Flinders,36697,ENGELANDER,Pamela,10,AJP,Animal Justice Party,2060.0,98902.0,0.02082869911629694,AJP,False,False
2022,VIC,321,Fraser,36716,WOOD,David,1,LP,Liberal,22730.0,92101.0,0.24679428019239746,LP,True,False
2022,VIC,321,Fraser,36385,MULINO,Daniel,2,ALP,Australian Labor Party,38732.0,92101.0,0.42053832205947816,ALP,True,False
2022,VIC,321,Fraser,36882,CURSIO,Anthony,3,LDP,Liberal Democrats,2349.0,92101.0,0.025504609070476976,LDP,False,False
2022,VIC,321,Fraser,36510,MITCHELL-SEARS,Bella,4,GVIC,The Greens,17078.0,92101.0,0.1854268683293341,GVIC,False,False
2022,VIC,321,Fraser,36005,RAYMOND,Keith James Aaron,5,UAPP,United Australia Party,4088.0,92101.0,0.04438605444023409,UAPP,False,False
2022,VIC,321,Fraser,37630,de PYLE,Sabine,6,ON,Pauline Hanson's One Nation,2695.0,92101.0,0.02926135438268857,ON,False,False
2022,VIC,321,Fraser,36654,ROBERTSON,Catherine,7,VNS,Victorian Socialists,4429.0,92101.0,0.048088511525390606,VNS,False,False
2022,VIC,212,Gellibrand,36513,RODOREDA,Suzette,1,GVIC,The Greens,15241.0,92197.0,0.1653090664555246,GVIC,False,False
2022,VIC,212,Gellibrand,36718,CLARK,Monica,2,LP,Liberal,24869.0,92197.0,0.2697376270377561,LP,True,False
2022,VIC,212,Gellibrand,37443,MOORS,Sharynn,3,CYA,Australian Federation Party,1135.0,92197.0,0.012310595789450849,CYA,False,False
2022,VIC,212,Gellibrand,36731,CHARLES,Andrew,4,VNS,Victorian Socialists,1503.0,92197.0,0.016302048873607602,VNS,False,False
2022,VIC,212,Gellibrand,36009,ISAC,Abraham,5,UAPP,United Australia Party,5080.0,92197.0,0.05509940670520733,UAPP,False,False
2022,VIC,212,Gellibrand,36874,GLASSON,Chloe,6,LDP,Liberal Democrats,2185.0,92197.0,0.023699252687180712,LDP,False,False
2022,VIC,212,Gellibrand,37819,BRADDOCK,Rob,7,ON,Pauline Hanson's One Nation,2802.0,92197.0,0.030391444407084828,ON,False,False
2022,VIC,212,Gellibrand,36388,WATTS,Tim,8,ALP,Australian Labor Party,39382.0,92197.0,0.427150558044188,ALP,True,False
2022,VIC,213,Gippsland,37653,HANSFORD,Greg,1,ON,Pauline Hanson's One Nation,9443.0,100906.0,0.09358214575941966,ON,False,False
2022,VIC,213,Gippsland,36048,CHESTER,Darren,2,NP,The Nationals,54635.0,100906.0,0.5414445127148039,NP,True,False
2022,VIC,213,Gippsland,36004,FORSTER,Gregory Emil,3,UAPP,United Australia Party,4593.0,100906.0,0.04551761044932908,UAPP,False,False
2022,VIC,213,Gippsland,36534,THORPE,Marjorie,4,GVIC,The Greens,8545.0,100906.0,0.0846827740669534,GVIC,False,False
2022,VIC,213,Gippsland,36880,McDONALD,Jim,5,LDP,Liberal Democrats,4286.0,100906.0,0.04247517491526767,LDP,False,False
2022,VIC,213,Gippsland,36392,LANGLEY,Jannette,6,ALP,Australian Labor Party,19404.0,100906.0,0.19229778209422632,ALP,True,False
2022,VIC,214,Goldstein,36687,GALLI-McROSTIE,Alana,1,GVIC,The Greens,7683.0,98087.0,0.07832842272676298,GVIC,False,False
2022,VIC,214,Goldstein,37279,SULLIVAN,Ellie Jean,2,DHJP,Derryn Hinch's Justice Party,589.0,98087.0,0.006004873224790238,DHJP,False,False
2022,VIC,214,Goldstein,37572,HOULT,Brandon,3,SPP,Sustainable Australia Party - Stop Overdevelopment / Corruption,443.0,98087.0,0.004516398707270076,SPP,False,False
2022,VIC,214,Goldstein,36932,SEGAL,David,4,LDP,Liberal Democrats,2072.0,98087.0,0.021124104111655977,LDP,False,False
2022,VIC,214,Goldstein,36074,DANIEL,Zoe,5,IND,Independent,33815.0,98087.0,0.3447449713009879,IND,False,True
2022,VIC,214,Goldstein,37667,STARK,Lisa,6,ON,Pauline Hanson's One Nation,1239.0,98087.0,0.012631643337037528,ON,False,False
2022,VIC,214,Goldstein,36007,REYNOLDS,Catherine Frances,7,UAPP,United Australia Party,1840.0,98087.0,0.018758856933130792,UAPP,False,False
2022,VIC,214,Goldstein,36717,WILSON,Tim,8,LP,Liberal,39607.0,98087.0,0.40379459051658223,LP,True,False
2022,VIC,214,Goldstein,36416,ABBOTT,Martyn,9,ALP,Australian Labor Party,10799.0,98087.0,0.11009613914178229,ALP,True,False
2022,VIC,309,Gorton,37668,CONNOR,Daniel,1,ON,Pauline Hanson's One Nation,6719.0,92434.0,0.0726897029231668,ON,False,False
2022,VIC,309,Gorton,36757,MORRIS,Praise,2,GVIC,The Greens,8325.0,92434.0,0.0900642620680702,GVIC,False,False
2022,VIC,309,Gorton,36012,VIRAG,Michael,3,UAPP,United Australia Party,7082.0,92434.0,0.076616829305234,UAPP,False,False
2022,VIC,309,Gorton,36678,GIBSON,Belle,4,VNS,Victorian Socialists,2064.0,92434.0,0.022329445874894518,VNS,False,False
2022,VIC,309,Gorton,36421,O'CONNOR,Brendan,5,ALP,Australian Labor Party,38178.0,92434.0,0.41302983750567973,ALP,True,False
2022,VIC,309,Gorton,37784,LONCAR,Steven J,6,IND,Independent,2341.0,92434.0,0.02532617867884112,IND,False,True
2022,VIC,309,Gorton,37187,DOBRAN,Tony,7,GAP,The Great Australian Party,1312.0,92434.0,0.0141939113313283,GAP,False,False
2022,VIC,309,Gorton,37681,LASSIG,Paul,8,CYA,Australian Federation Party,1063.0,92434.0,0.011500097366769803,CYA,False,False
2022,VIC,309,Gorton,36719,FLETCHER,John,9,LP,Liberal,25350.0,92434.0,0.2742497349460155,LP,True,False
2022,VIC,326,Hawke,37769,WILLIAMS,Michael,1,CYA,Australian Federation Party,1926.0,87184.0,0.02209120939621949,CYA,False,False
2022,VIC,326,Hawke,37194,LACEY,Michael Edward,2,GAP,The Great Australian Party,1827.0,87184.0,0.02095567994127363,GAP,False,False
2022,VIC,326,Hawke,36426,RAE,Sam,3,ALP,Australian Labor Party,32020.0,87184.0,0.36726922371077264,ALP,True,False
2022,VIC,326,Hawke,37859,BINGHAM,Jarrod James,4,IND,Independent,6908.0,87184.0,0.07923472196733346,IND,False,True
2022,VIC,326,Hawke,37228,MARTUCCI,Max,5,TNL,TNL,1432.0,87184.0,0.016425032115984586,TNL,False,False
2022,VIC,326,Hawke,36715,HAQUE,Enamul,6,LP,Liberal,22960.0,87184.0,0.2633510735914847,LP,True,False
2022,VIC,326,Hawke,36518,WHEELOCK,Lynda,7,GVIC,The Greens,7785.0,87184.0,0.08929390713892457,GVIC,False,False
2022,VIC,326,Hawke,37623,SUDUK,Nick,8,ON,Pauline Hanson's One Nation,4872.0,87184.0,0.055881813176729675,ON,False,False
2022,VIC,326,Hawke,35961,VESSEY,Glenn,9,CEC,Citizens Party,434.0,87184.0,0.004977977610570747,CEC,False,False
2022,VIC,326,Hawke,36684,HYNES,Jack,10,VNS,Victorian Socialists,889.0,87184.0,0.010196825105523949,VNS,False,False
2022,VIC,326,Hawke,36015,CUTHBERTSON,Andrew Glenn,11,UAPP,United Australia Party,6131.0,87184.0,0.0703225362451826,UAPP,False,False
2022,VIC,215,Higgins,36940,FORD,Matthew,1,LDP,Liberal Democrats,2648.0,95511.0,0.027724555286825603,LDP,False,False
2022,VIC,215,Higgins,36017,SPENCER,Ingram Magnus,2,UAPP,United Australia Party,1917.0,95511.0,0.02007098658793228,UAPP,False,False
2022,VIC,215,Higgins,36748,WALKER,Alicia,3,AJP,Animal Justice Party,1295.0,95511.0,0.013558647695029891,AJP,False,False
2022,VIC,215,Higgins,36732,ALLEN,Katie,4,LP,Liberal,38859.0,95511.0,0.4068536608348777,LP,True,False
2022,VIC,215,Higgins,37573,JOHNSON,Andrew,5,REAS,Reason Australia,1458.0,95511.0,0.015265257404906241,REAS,False,False
2022,VIC,215,Higgins,36433,ANANDA-RAJAH,Michelle,6,ALP,Australian Labor Party,27187.0,95511.0,0.28464784160986695,ALP,True,False
2022,VIC,215,Higgins,37802,MENOUDAKIS,Suzie,7,CYA,Australian Federation Party,515.0,95511.0,0.005392049083351656,CYA,False,False
2022,VIC,215,Higgins,36521,SEMMENS,Sonya,8,GVIC,The Greens,21632.0,95511.0,0.22648700149720974,GVIC,False,False
2022,VIC,216,Holt,37827,RAGUPATHY,Ravi,1,IND,Independent,2673.0,88896.0,0.030068844492440606,IND,False,True
2022,VIC,216,Holt,36438,FERNANDO,Cassandra,2,ALP,Australian Labor Party,36326.0,88896.0,0.4086348092152628,ALP,True,False
2022,VIC,216,Holt,36021,HANSEN,Gerardine,3,UAPP,United Australia Party,8592.0,88896.0,0.09665226781857451,UAPP,False,False
2022,VIC,216,Holt,37635,AMBARD,Sandy,4,ON,Pauline Hanson's One Nation,4295.0,88896.0,0.04831488480921526,ON,False,False
2022,VIC,216,Holt,37768,SALDANHA,Gregory,5,CYA,Australian Federation Party,730.0,88896.0,0.008211843052555795,CYA,False,False
2022,VIC,216,Holt,36936,NUNEZ-SILVA,Matthew,6,LDP,Liberal Democrats,2423.0,88896.0,0.027256569474442046,LDP,False,False
2022,VIC,216,Holt,36525,MATHEW,Sujit,7,GVIC,The Greens,7583.0,88896.0,0.08530192584593232,GVIC,False,False
2022,VIC,216,Holt,36722,PERERA,Ranj,8,LP,Liberal,26274.0,88896.0,0.29555885529157666,LP,True,False
2022,VIC,217,Hotham,36962,SOK,Edward,1,LDP,Liberal Democrats,6591.0,100202.0,0.06577713019700206,LDP,False,False
2022,VIC,217,Hotham,36428,O'NEIL,Clare,2,ALP,Australian Labor Party,47135.0,100202.0,0.470399792419313,ALP,True,False
2022,VIC,217,Hotham,36529,WILLOUGHBY,Louisa,3,GVIC,The Greens,12408.0,100202.0,0.12382986367537574,GVIC,False,False
2022,VIC,217,Hotham,36023,RIDGWAY,Bruce Scott,4,UAPP,United Australia Party,5869.0,100202.0,0.05857168519590427,UAPP,False,False
2022,VIC,217,Hotham,37657,TULL,Roger,5,ON,Pauline Hanson's One Nation,2926.0,100202.0,0.029201013951817328,ON,False,False
2022,VIC,217,Hotham,36720,BEVINAKOPPA,Savitri,6,LP,Liberal,25273.0,100202.0,0.25222051456058764,LP,True,False
2022,VIC,218,Indi,36698,ALEKSOV,Angel,1,AJP,Animal Justice Party,1749.0,101564.0,0.017220668740892443,AJP,False,False
2022,VIC,218,Indi,32086,HAINES,Helen,2,IND,Independent,41319.0,101564.0,0.4068272222441022,IND,False,True
2022,VIC,218,Indi,37281,O'CONNELL,Lachlan,3,DHJP,Derryn Hinch's Justice Party,1074.0,101564.0,0.010574613051868773,DHJP,False,False
2022,VIC,218,Indi,36025,WILLIAMS,Stephen,4,UAPP,United Australia Party,2558.0,101564.0,0.025186089559292663,UAPP,False,False
2022,VIC,218,Indi,37678,STEVENS,Beth,5,ON,Pauline Hanson's One Nation,5366.0,101564.0,0.05283368122563113,ON,False,False
2022,VIC,218,Indi,36531,GILBERT,Benjamin,6,GVIC,The Greens,3626.0,101564.0,0.03570162656059234,GVIC,False,False
2022,VIC,218,Indi,36055,FISHER,Liz,7,NP,The Nationals,3854.0,101564.0,0.03794651648221811,NP,True,False
2022,VIC,218,Indi,36431,DAVID,Nadia,8,ALP,Australian Labor Party,8723.0,101564.0,0.08588673151904218,ALP,True,False
2022,VIC,218,Indi,36898,FIDGE,Julian,9,LDP,Liberal Democrats,2300.0,101564.0,0.022645819384821395,LDP,False,False
2022,VIC,218,Indi,36721,LYMAN,Ross,10,LP,Liberal,30995.0,101564.0,0.3051770312315387,LP,True,False
2022,VIC,219,Isaacs,37728,SOKIRANSKY,Boris,1,ON,Pauline Hanson's One Nation,3130.0,98184.0,0.03187892120915831,ON,False,False
2022,VIC,219,Isaacs,36434,DREYFUS,Mark,2,ALP,Australian Labor Party,39228.0,98184.0,0.39953556587631384,ALP,True,False
2022,VIC,219,Isaacs,36952,O'DONNELL,Sarah,3,LDP,Liberal Democrats,4785.0,98184.0,0.04873502811048643,LDP,False,False
2022,VIC,219,Isaacs,36725,BEATON,Robbie,4,LP,Liberal,31306.0,98184.0,0.31885032184469975,LP,True,False
2022,VIC,219,Isaacs,36532,BRESKIN,Alex,5,GVIC,The Greens,12621.0,98184.0,0.12854436568076266,GVIC,False,False
2022,VIC,219,Isaacs,36677,LIVINGSTONE,Alix,6,AJP,Animal Justice Party,2259.0,98184.0,0.023007822048398924,AJP,False,False
2022,VIC,219,Isaacs,36029,McCAMISH,Scott Anson,7,UAPP,United Australia Party,4855.0,98184.0,0.04944797523018007,UAPP,False,False
2022,VIC,220,Jagajaga,36435,THWAITES,Kate,1,ALP,Australian Labor Party,41412.0,101243.0,0.4090356864178264,ALP,True,False
2022,VIC,220,Jagajaga,37438,PALMARINI,Brendan,2,CYA,Australian Federation Party,764.0,101243.0,0.007546200724988394,CYA,False,False
2022,VIC,220,Jagajaga,36032,ZELINKA,Allison,3,UAPP,United Australia Party,3493.0,101243.0,0.0345011506968383,UAPP,False,False
2022,VIC,220,Jagajaga,36896,MUSTAF,Zahra,4,IND,Independent,3150.0,101243.0,0.031113262151457384,IND,False,True
2022,VIC,220,Jagajaga,36939,TESA,Maya,5,LDP,Liberal Democrats,3760.0,101243.0,0.037138370060152304,LDP,False,False
2022,VIC,220,Jagajaga,36539,CHASE,Liz,6,GVIC,The Greens,16855.0,101243.0,0.16648064557549658,GVIC,False,False
2022,VIC,220,Jagajaga,37663,BOOKER,John,7,ON,Pauline Hanson's One Nation,2274.0,101243.0,0.022460812105528284,ON,False,False
2022,VIC,220,Jagajaga,36726,TOMAR,Sahil,8,LP,Liberal,29535.0,101243.0,0.29172387226771235,LP,True,False
2022,VIC,221,Kooyong,36081,RYAN,Monique,1,IND,Independent,41303.0,102517.0,0.40288927690041654,IND,False,True
2022,VIC,221,Kooyong,36035,HARDIMAN,Scott Andrew,2,UAPP,United Australia Party,1011.0,102517.0,0.00986177902201586,UAPP,False,False
2022,VIC,221,Kooyong,36949,THOM,Alexandra,3,LDP,Liberal Democrats,1080.0,102517.0,0.010534838124408634,LDP,False,False
2022,VIC,221,Kooyong,37284,DALE,Michele,4,DHJP,Derryn Hinch's Justice Party,177.0,102517.0,0.0017265429148336374,DHJP,False,False
2022,VIC,221,Kooyong,37640,COYNE,Josh,5,ON,Pauline Hanson's One Nation,741.0,102517.0,0.007228069490913702,ON,False,False
2022,VIC,221,Kooyong,37800,ANDERSON,Will,6,IND,Independent,265.0,102517.0,0.0025849371323780445,IND,False,True
2022,VIC,221,Kooyong,36729,FRYDENBERG,Josh,7,LP,Liberal,43736.0,102517.0,0.4266219261195704,LP,True,False
2022,VIC,221,Kooyong,36442,LYNCH,Peter,8,ALP,Australian Labor Party,7091.0,102517.0,0.06916901587053854,ALP,True,False
2022,VIC,221,Kooyong,36695,NEHMER,Rachael,9,AJP,Animal Justice Party,500.0,102517.0,0.004877239872411405,AJP,False,False
2022,VIC,221,Kooyong,36544,MITCHEM,Piers,10,GVIC,The Greens,6461.0,102517.0,0.06302369363130017,GVIC,False,False
2022,VIC,221,Kooyong,37245,CONNOLLY,David,11,AUVA,Australian Values Party,152.0,102517.0,0.001482680921213067,AUVA,False,False
2022,VIC,223,La Trobe,36734,WOOD,Jason,1,LP,Liberal,41786.0,91672.0,0.45582075224714197,LP,True,False
2022,VIC,223,La Trobe,37655,ERVIN,Hadden,2,ON,Pauline Hanson's One Nation,4555.0,91672.0,0.049688018151671176,ON,False,False
2022,VIC,223,La Trobe,36549,SCHILLING,Michael,3,GVIC,The Greens,9980.0,91672.0,0.10886639322803036,GVIC,False,False
2022,VIC,223,La Trobe,36037,MOTT,Merryn,4,UAPP,United Australia Party,6182.0,91672.0,0.0674360764464613,UAPP,False,False
2022,VIC,223,La Trobe,36458,ABHIMANYU KUMAR,,5,ALP,Australian Labor Party,23918.0,91672.0,0.2609084562352736,ALP,True,False
2022,VIC,223,La Trobe,37829,SKINNER,Rebecca,6,CYA,Australian Federation Party,890.0,91672.0,0.00970852604939349,CYA,False,False
2022,VIC,223,La Trobe,36965,ABELMAN,Michael,7,LDP,Liberal Democrats,1911.0,91672.0,0.020846059865607818,LDP,False,False
2022,VIC,223,La Trobe,36689,JEGES,Helen,8,AJP,Animal Justice Party,2450.0,91672.0,0.026725717776420282,AJP,False,False
2022,VIC,222,Lalor,32267,MOINUDDIN,Aijaz,1,IND,Independent,2535.0,88522.0,0.028636949007026503,IND,False,True
2022,VIC,222,Lalor,36672,URIBE,Claudio,2,VNS,Victorian Socialists,1482.0,88522.0,0.016741600957953955,VNS,False,False
2022,VIC,222,Lalor,36018,PATERSON,Juanita Coral,3,UAPP,United Australia Party,6340.0,88522.0,0.07162061408463433,UAPP,False,False
2022,VIC,222,Lalor,36443,RYAN,Joanne,4,ALP,Australian Labor Party,39047.0,88522.0,0.441099387722826,ALP,True,False
2022,VIC,222,Lalor,36943,BARCATTA,Patrizia,5,LDP,Liberal Democrats,3403.0,88522.0,0.03844242109306161,LDP,False,False
2022,VIC,222,Lalor,37440,MALLIAROS,Peter,6,CYA,Australian Federation Party,951.0,88522.0,0.01074309211269515,CYA,False,False
2022,VIC,222,Lalor,37625,INGARFILL,James,7,ON,Pauline Hanson's One Nation,3489.0,88522.0,0.03941393100020334,ON,False,False
2022,VIC,222,Lalor,36533,BODDEKE,Jack,8,GVIC,The Greens,9192.0,88522.0,0.10383859379589255,GVIC,False,False
2022,VIC,222,Lalor,36740,GADDIPATI,Ravi,9,LP,Liberal,22083.0,88522.0,0.24946341022570662,LP,True,False
2022,VIC,322,Macnamara,37774,MYERS,John B,1,IND,Independent,1835.0,93031.0,0.01972460792639013,IND,False,True
2022,VIC,322,Macnamara,36736,HARKIN,Colleen,2,LP,Liberal,26976.0,93031.0,0.28996786017564036,LP,True,False
2022,VIC,322,Macnamara,36436,BURNS,Josh,3,ALP,Australian Labor Party,29552.0,93031.0,0.31765755500854553,ALP,True,False
2022,VIC,322,Macnamara,37779,ANNE,Debera,4,ON,Pauline Hanson's One Nation,1349.0,93031.0,0.014500542829809419,ON,False,False
2022,VIC,322,Macnamara,37007,McCATHIE,Rob,5,LDP,Liberal Democrats,1946.0,93031.0,0.020917758596596833,LDP,False,False
2022,VIC,322,Macnamara,36693,SCHULTZ,Ben,6,AJP,Animal Justice Party,1724.0,93031.0,0.018531457256183423,AJP,False,False
2022,VIC,322,Macnamara,36538,HODGINS-MAY,Steph,7,GVIC,The Greens,27587.0,93031.0,0.2965355634143458,GVIC,False,False
2022,VIC,322,Macnamara,36020,HICKEY,Jane Elizabeth,8,UAPP,United Australia Party,2062.0,93031.0,0.022164654792488525,UAPP,False,False
2022,VIC,224,Mallee,36060,WEBSTER,Anne,1,NP,The Nationals,50187.0,102229.0,0.4909272319987479,NP,True,False
2022,VIC,224,Mallee,37570,BALDWIN,Sophie,2,IND,Independent,10256.0,102229.0,0.10032378287961341,IND,False,True
2022,VIC,224,Mallee,37690,HAENEL,Claudia,3,IND,Independent,2196.0,102229.0,0.021481184399730017,IND,False,True
2022,VIC,224,Mallee,35970,LAHY,Chris,4,CEC,Citizens Party,822.0,102229.0,0.008040771209735008,CEC,False,False
2022,VIC,224,Mallee,36439,HART,Carole,5,ALP,Australian Labor Party,17133.0,102229.0,0.16759432255035264,ALP,True,False
2022,VIC,224,Mallee,36596,McCOLL,Sam,6,GVIC,The Greens,5463.0,102229.0,0.05343884807637755,GVIC,False,False
2022,VIC,224,Mallee,36022,KING,Stuart William,7,UAPP,United Australia Party,9271.0,102229.0,0.09068855217208424,UAPP,False,False
2022,VIC,224,Mallee,37674,ATKINSON,Vanessa,8,ON,Pauline Hanson's One Nation,6901.0,102229.0,0.06750530671335922,ON,False,False
2022,VIC,225,Maribyrnong,37196,HOBART,Mark Michael,1,GAP,The Great Australian Party,1741.0,93968.0,0.01852758385833475,GAP,False,False
2022,VIC,225,Maribyrnong,36660,DADICH,Daniel Nair,2,VNS,Victorian Socialists,1837.0,93968.0,0.019549208241103355,VNS,False,False
2022,VIC,225,Maribyrnong,36441,SHORTEN,Bill,3,ALP,Australian Labor Party,39792.0,93968.0,0.4234633066575856,ALP,True,False
2022,VIC,225,Maribyrnong,37751,TINDAL,Jodie,4,ON,Pauline Hanson's One Nation,2227.0,93968.0,0.0236995572961008,ON,False,False
2022,VIC,225,Maribyrnong,36024,BESANKO,Darren,5,UAPP,United Australia Party,3433.0,93968.0,0.03653371360463136,UAPP,False,False
2022,VIC,225,Maribyrnong,36728,D'SILVA,Mira,6,LP,Liberal,25493.0,93968.0,0.27129448322833305,LP,True,False
2022,VIC,225,Maribyrnong,36543,PRYOR,Rhonda,7,GVIC,The Greens,15278.0,93968.0,0.16258726374936147,GVIC,False,False
2022,VIC,225,Maribyrnong,37582,ANSALONE,Alexander Anthony,8,CYA,Australian Federation Party,590.0,93968.0,0.0062787331857653665,CYA,False,False
2022,VIC,225,Maribyrnong,36954,SMITH,Cameron,9,LDP,Liberal Democrats,3577.0,93968.0,0.038066150178784265,LDP,False,False
2022,VIC,226,McEwen,36547,BARKER,Neil,1,GVIC,The Greens,13524.0,95719.0,0.14128856339911616,GVIC,False,False
2022,VIC,226,McEwen,36054,McRAE,Paul Joseph,2,UAPP,United Australia Party,5474.0,95719.0,0.0571882280424994,UAPP,False,False
2022,VIC,226,McEwen,37619,NEIL,Christopher,3,CYA,Australian Federation Party,1721.0,95719.0,0.01797971144704813,CYA,False,False
2022,VIC,226,McEwen,37660,BRADBURY,Chris,4,ON,Pauline Hanson's One Nation,5387.0,95719.0,0.05627931758585025,ON,False,False
2022,VIC,226,McEwen,36957,HERRON,John,5,LDP,Liberal Democrats,2579.0,95719.0,0.026943449054001818,LDP,False,False
2022,VIC,226,McEwen,36724,WELCH,Richard,6,LP,Liberal,31796.0,95719.0,0.332180653788694,LP,True,False
2022,VIC,226,McEwen,36445,MITCHELL,Rob,7,ALP,Australian Labor Party,35238.0,95719.0,0.36814007668279025,ALP,True,False
2022,VIC,228,Melbourne,36034,BORG,Justin,1,UAPP,United Australia Party,1709.0,96506.0,0.01770874349781361,UAPP,False,False
2022,VIC,228,Melbourne,36448,PATERSON,Keir,2,ALP,Australian Labor Party,24155.0,96506.0,0.2502953184257974,ALP,True,False
2022,VIC,228,Melbourne,36551,BANDT,Adam,3,GVIC,The Greens,47883.0,96506.0,0.4961660414896483,GVIC,False,False
2022,VIC,228,Melbourne,36727,DAMCHES,James,4,LP,Liberal,14660.0,96506.0,0.15190765341015067,LP,True,False
2022,VIC,228,Melbourne,36948,PEPPARD,Richard,5,LDP,Liberal Democrats,1596.0,96506.0,0.016537831844652146,LDP,False,False
2022,VIC,228,Melbourne,37817,ROBSON,Scott,6,IND,Independent,1094.0,96506.0,0.011336082730607423,IND,False,True
2022,VIC,228,Melbourne,37775,STRAGAN,Walter,7,ON,Pauline Hanson's One Nation,937.0,96506.0,0.00970924087621495,ON,False,False
2022,VIC,228,Melbourne,36680,POON,Bruce,8,AJP,Animal Justice Party,1316.0,96506.0,0.013636457836818437,AJP,False,False
2022,VIC,228,Melbourne,36661,BOLGER,Colleen,9,VNS,Victorian Socialists,3156.0,96506.0,0.0327026298882971,VNS,False,False
2022,VIC,229,Menzies,36453,OAKLEY,Naomi,1,ALP,Australian Labor Party,33635.0,101019.0,0.33295716647363366,ALP,True,False
2022,VIC,229,Menzies,37646,SABHLOK,Sanjeev,2,CYA,Australian Federation Party,968.0,101019.0,0.009582355794454508,CYA,False,False
2022,VIC,229,Menzies,36929,CHEESMAN,Greg,3,LDP,Liberal Democrats,3646.0,101019.0,0.03609222027539374,LDP,False,False
2022,VIC,229,Menzies,37631,HAYES,John,4,ON,Pauline Hanson's One Nation,2312.0,101019.0,0.02288678367435829,ON,False,False
2022,VIC,229,Menzies,36733,WOLAHAN,Keith,5,LP,Liberal,42526.0,101019.0,0.4209703125154674,LP,True,False
2022,VIC,229,Menzies,36557,PHEASANT,Bill,6,GVIC,The Greens,14289.0,101019.0,0.14144863837495916,GVIC,False,False
2022,VIC,229,Menzies,36041,SCAGLIONE,Nathan,7,UAPP,United Australia Party,3643.0,101019.0,0.036062522891733235,UAPP,False,False
2022,VIC,323,Monash,36561,MORGAN,Mat,1,GVIC,The Greens,9533.0,96712.0,0.09857101497228886,GVIC,False,False
2022,VIC,323,Monash,36737,BROADBENT,Russell,2,LP,Liberal,36546.0,96712.0,0.37788485399950367,LP,True,False
2022,VIC,323,Monash,36065,LEONARD,Deb,3,IND,Independent,10372.0,96712.0,0.1072462569277856,IND,False,True
2022,VIC,323,Monash,37629,HICKEN,Allan,4,ON,Pauline Hanson's One Nation,7289.0,96712.0,0.07536810323434527,ON,False,False
2022,VIC,323,Monash,37637,WELSH,David Matthew,5,CYA,Australian Federation Party,674.0,96712.0,0.006969145504177351,CYA,False,False
2022,VIC,323,Monash,36455,O'DONNELL,Jessica,6,ALP,Australian Labor Party,24759.0,96712.0,0.2560075275043428,ALP,True,False
2022,VIC,323,Monash,36914,EDWARDS,Meg,7,LDP,Liberal Democrats,3548.0,96712.0,0.03668624369261312,LDP,False,False
2022,VIC,323,Monash,36039,McSHANE,Christine Ann,8,UAPP,United Australia Party,3991.0,96712.0,0.041266854164943335,UAPP,False,False
2022,VIC,324,Nicholls,36951,LAIRD,Tim,1,LDP,Liberal Democrats,3366.0,95191.0,0.03536048576020842,LDP,False,False
2022,VIC,324,Nicholls,36061,BIRRELL,Sam,2,NP,The Nationals,24886.0,95191.0,0.26143227826160037,NP,True,False
2022,VIC,324,Nicholls,37691,TYRRELL,Rikkie-Lee,3,ON,Pauline Hanson's One Nation,6219.0,95191.0,0.065331806578353,ON,False,False
2022,VIC,324,Nicholls,36451,LODWICK,Bill,4,ALP,Australian Labor Party,10970.0,95191.0,0.11524198716265194,ALP,True,False
2022,VIC,324,Nicholls,35967,DAVY,Jeff,5,CEC,Citizens Party,377.0,95191.0,0.003960458446701894,CEC,False,False
2022,VIC,324,Nicholls,36026,PETERSON,Robert,6,UAPP,United Australia Party,3821.0,95191.0,0.040140349402779676,UAPP,False,False
2022,VIC,324,Nicholls,36565,CHRISTOE,Ian,7,GVIC,The Greens,3058.0,95191.0,0.03212488575600635,GVIC,False,False
2022,VIC,324,Nicholls,36051,OTTO,Andrea,8,SOPA,"FUSION: Science, Pirate, Secular, Climate Emergency",653.0,95191.0,0.006859892216701159,SOPA,False,False
2022,VIC,324,Nicholls,36739,BROOKS,Steve,9,LP,Liberal,17187.0,95191.0,0.18055278335136726,LP,True,False
2022,VIC,324,Nicholls,37764,TABONE,Eleonor,10,CYA,Australian Federation Party,367.0,95191.0,0.0038554064985135148,CYA,False,False
2022,VIC,324,Nicholls,37571,PRIESTLY,Rob,11,IND,Independent,24287.0,95191.0,0.25513966656511644,IND,False,True
2022,VIC,232,Scullin,36567,PATERSON,Patchouli,1,GVIC,The Greens,9953.0,91122.0,0.10922718992120455,GVIC,False,False
2022,VIC,232,Scullin,37649,van BREE,Ursula,2,ON,Pauline Hanson's One Nation,5907.0,91122.0,0.06482517942977546,ON,False,False
2022,VIC,232,Scullin,37214,KOELMEYER,Eric,3,LDP,Liberal Democrats,3422.0,91122.0,0.03755404841860363,LDP,False,False
2022,VIC,232,Scullin,36447,GILES,Andrew,4,ALP,Australian Labor Party,42147.0,91122.0,0.4625337459669454,ALP,True,False
2022,VIC,232,Scullin,36027,ALBARRI,Yassin,5,UAPP,United Australia Party,7444.0,91122.0,0.08169267575338557,UAPP,False,False
2022,VIC,232,Scullin,36741,PERERA,Virosh,6,LP,Liberal,19780.0,91122.0,0.21707161827001165,LP,True,False
2022,VIC,232,Scullin,36658,ROWE,Cameron,7,VNS,Victorian Socialists,2469.0,91122.0,0.027095542240073746,VNS,False,False
2022,VIC,233,Wannon,37812,GARNER,Graham,1,IND,Independent,2346.0,101101.0,0.023204518254023206,IND,False,True
2022,VIC,233,Wannon,36735,TEHAN,Dan,2,LP,Liberal,44948.0,101101.0,0.4445851178524446,LP,True,False
2022,VIC,233,Wannon,37820,GRAHAM,Ronnie,3,ON,Pauline Hanson's One Nation,3275.0,101101.0,0.03239334922503239,ON,False,False
2022,VIC,233,Wannon,36670,McALLISTER,Hilary,4,GVIC,The Greens,6444.0,101101.0,0.06373824195606374,GVIC,False,False
2022,VIC,233,Wannon,33601,DYSON,Alex,5,IND,Independent,19504.0,101101.0,0.1929159948961929,IND,False,True
2022,VIC,233,Wannon,36030,KENSEN,Craige,6,UAPP,United Australia Party,3308.0,101101.0,0.032719755492032716,UAPP,False,False
2022,VIC,233,Wannon,36931,MEAD,Amanda,7,LDP,Liberal Democrats,1973.0,101101.0,0.019515138327019513,LDP,False,False
2022,VIC,233,Wannon,36450,WILSON,Gilbert,8,ALP,Australian Labor Party,19303.0,101101.0,0.19092788399719093,ALP,True,False
2022,VIC,234,Wills,36738,WRIGHT,Tom,1,LP,Liberal,15771.0,91198.0,0.1729314239347354,LP,True,False
2022,VIC,234,Wills,37747,TINDAL,Jill,2,ON,Pauline Hanson's One Nation,2554.0,91198.0,0.028005000109651526,ON,False,False
2022,VIC,234,Wills,36664,BLACK,Emma,3,VNS,Victorian Socialists,2714.0,91198.0,0.029759424548783966,VNS,False,False
2022,VIC,234,Wills,37770,SERGI,Sam,4,CYA,Australian Federation Party,789.0,91198.0,0.00865150551547183,CYA,False,False
2022,VIC,234,Wills,36958,BOLTON,Sue,5,SAL,Socialist Alliance,3096.0,91198.0,0.03394811289721266,SAL,False,False
2022,VIC,234,Wills,36031,ZIVKOVIC,Irene,6,UAPP,United Australia Party,3352.0,91198.0,0.036755191999824556,UAPP,False,False
2022,VIC,234,Wills,36452,KHALIL,Peter,7,ALP,Australian Labor Party,35449.0,91198.0,0.38870369964253604,ALP,True,False
2022,VIC,234,Wills,36686,HORSFALL,Leah,8,AJP,Animal Justice Party,1680.0,91198.0,0.01842145661089059,AJP,False,False
2022,VIC,234,Wills,36554,JEFFORD,Sarah,9,GVIC,The Greens,25793.0,91198.0,0.28282418474089344,GVIC,False,False
2022,WA,235,Brand,37186,KING,Madeleine,1,ALP,Australian Labor Party,48031.0,95681.0,0.5019909908968343,ALP,True,False
2022,WA,235,Brand,37788,HEFFERNAN,Malcolm,2,CYA,Australian Federation Party,598.0,95681.0,0.006249934678776351,CYA,False,False
2022,WA,235,Brand,36566,HUDSON,Peter,3,LP,Liberal,21056.0,95681.0,0.22006458962594455,LP,True,False
2022,WA,235,Brand,36460,PIKE,David,4,UAPP,United Australia Party,2711.0,95681.0,0.028333733970171717,UAPP,False,False
2022,WA,235,Brand,36575,LONSDALE,Heather,5,GRN,The Greens (WA),10900.0,95681.0,0.11392021404458566,GRN,True,False
2022,WA,235,Brand,36471,CRICHTON,Jayne,6,AUC,Australian Christians,2090.0,95681.0,0.021843417188365508,AUC,False,False
2022,WA,235,Brand,37847,O'LOGHLEN,Michael,7,WAP,WESTERN AUSTRALIA PARTY,2592.0,95681.0,0.02709001787188679,WAP,False,False
2022,WA,235,Brand,37191,MARSHALL,Alison,8,LDP,Liberal Democrats,1074.0,95681.0,0.011224799071916054,LDP,False,False
2022,WA,235,Brand,37376,GLEESON,Andrew,9,GAP,The Great Australian Party,1490.0,95681.0,0.015572579718021342,GAP,False,False
2022,WA,235,Brand,37350,TAYLOR,Jake,10,ON,Pauline Hanson's One Nation,5139.0,95681.0,0.05370972293349777,ON,False,False
2022,WA,317,Burt,37215,CASTLE,Michele,1,CYA,Australian Federation Party,1741.0,91550.0,0.019016930638995084,CYA,False,False
2022,WA,317,Burt,37382,CARTER,Travis,2,ON,Pauline Hanson's One Nation,4436.0,91550.0,0.04845439650464227,ON,False,False
2022,WA,317,Burt,36477,McCURRY,Joshua,3,UAPP,United Australia Party,2274.0,91550.0,0.024838885854724196,UAPP,False,False
2022,WA,317,Burt,36583,GARLETT,Daniel,4,GRN,The Greens (WA),9004.0,91550.0,0.09835062807209176,GRN,True,False
2022,WA,317,Burt,37850,PHELAN,Stephen,5,WAP,WESTERN AUSTRALIA PARTY,2390.0,91550.0,0.02610595303113053,WAP,False,False
2022,WA,317,Burt,36569,GOODE,David,6,LP,Liberal,21009.0,91550.0,0.2294811578372474,LP,True,False
2022,WA,317,Burt,36480,SPYKER,Warnar,7,AUC,Australian Christians,3428.0,91550.0,0.03744401966138722,AUC,False,False
2022,WA,317,Burt,37195,KEOGH,Matt,8,ALP,Australian Labor Party,47268.0,91550.0,0.5163080283997815,ALP,True,False
2022,WA,236,Canning,36571,HASTIE,Andrew,1,LP,Liberal,41294.0,94264.0,0.4380675549520496,LP,True,False
2022,WA,236,Canning,37199,HUNT,Amanda,2,ALP,Australian Labor Party,30897.0,94264.0,0.32777094118645506,ALP,True,False
2022,WA,236,Canning,37385,SIWES,Tammi,3,ON,Pauline Hanson's One Nation,4215.0,94264.0,0.04471484341848426,ON,False,False
2022,WA,236,Canning,37225,GARDYNE,Anthony,4,CYA,Australian Federation Party,628.0,94264.0,0.006662140371721972,CYA,False,False
2022,WA,236,Canning,36482,WALDECK,James Gordon,5,UAPP,United Australia Party,2438.0,94264.0,0.025863532207417467,UAPP,False,False
2022,WA,236,Canning,37851,BEDFORD,Brad,6,WAP,WESTERN AUSTRALIA PARTY,2202.0,94264.0,0.02335992531613341,WAP,False,False
2022,WA,236,Canning,37761,CONGRENE,Judith,7,IMO,Informed Medical Options Party,785.0,94264.0,0.008327675464652465,IMO,False,False
2022,WA,236,Canning,36588,MOFFAT,Jodie,8,GRN,The Greens (WA),7659.0,94264.0,0.08125053042518883,GRN,True,False
2022,WA,236,Canning,37856,WILLIAMS,Ashley Elphin,9,IND,Independent,1708.0,94264.0,0.018119324450479504,IND,False,True
2022,WA,236,Canning,36494,du PLESSIS,Andriette,10,AUC,Australian Christians,1689.0,94264.0,0.017917762878723584,AUC,False,False
2022,WA,236,Canning,37207,GARDINER,David,11,LDP,Liberal Democrats,749.0,94264.0,0.007945769328693881,LDP,False,False
2022,WA,237,Cowan,37205,ALY,Anne,1,ALP,Australian Labor Party,46712.0,99684.0,0.46860077845993336,ALP,True,False
2022,WA,237,Cowan,36591,TRIPP,Isabella,2,GRN,The Greens (WA),9829.0,99684.0,0.0986015809959472,GRN,True,False
2022,WA,237,Cowan,36484,IRADUKUNDA,Sylvia,3,AUC,Australian Christians,1859.0,99684.0,0.018648930620761606,AUC,False,False
2022,WA,237,Cowan,37243,CALAUTTI,Michael,4,CYA,Australian Federation Party,1125.0,99684.0,0.011285662694113399,CYA,False,False
2022,WA,237,Cowan,37387,WALSH,Tyler,5,ON,Pauline Hanson's One Nation,2839.0,99684.0,0.028479996789855945,ON,False,False
2022,WA,237,Cowan,37222,van KRIEKEN,Micah,6,LDP,Liberal Democrats,1080.0,99684.0,0.010834236186348862,LDP,False,False
2022,WA,237,Cowan,37841,LAVERACK,Roland,7,WAP,WESTERN AUSTRALIA PARTY,1714.0,99684.0,0.017194334095742548,WAP,False,False
2022,WA,237,Cowan,36483,HAND,Claire Elizabeth,8,UAPP,United Australia Party,2423.0,99684.0,0.024306809518077125,UAPP,False,False
2022,WA,237,Cowan,36574,CONNELLY,Vince,9,LP,Liberal,30328.0,99684.0,0.30424140283295215,LP,True,False
2022,WA,237,Cowan,37219,ANAGNO,Michael,10,AJP,Animal Justice Party,1775.0,99684.0,0.017806267806267807,AJP,False,False
2022,WA,238,Curtin,36485,VERHOEFF,Ladeisha Louise,1,UAPP,United Australia Party,1828.0,105037.0,0.01740339118596304,UAPP,False,False
2022,WA,238,Curtin,37840,BURN,Bill,2,WAP,WESTERN AUSTRALIA PARTY,1243.0,105037.0,0.011833925188266991,WAP,False,False
2022,WA,238,Curtin,37255,CULLITY,Judith,3,CYA,Australian Federation Party,763.0,105037.0,0.007264106933747156,CYA,False,False
2022,WA,238,Curtin,36578,HAMMOND,Celia,4,LP,Liberal,43408.0,105037.0,0.4132638974837438,LP,True,False
2022,WA,238,Curtin,37395,GRILLO,Dale Marie,5,ON,Pauline Hanson's One Nation,1310.0,105037.0,0.012471795652960386,ON,False,False
2022,WA,238,Curtin,36589,CHANEY,Kate,6,IND,Independent,30942.0,105037.0,0.2945819092319849,IND,False,True
2022,WA,238,Curtin,37282,SPENCER,Yannick,7,ALP,Australian Labor Party,14654.0,105037.0,0.1395127431286118,ALP,True,False
2022,WA,238,Curtin,36593,PIDGEON,Cameron,8,GRN,The Greens (WA),10889.0,105037.0,0.10366823119472186,GRN,True,False
2022,WA,312,Durack,37261,SHORE,Craig,1,CYA,Australian Federation Party,1453.0,89523.0,0.016230465913787517,CYA,False,False
2022,WA,312,Durack,36582,PRICE,Melissa,2,LP,Liberal,30736.0,89523.0,0.3433307641611653,LP,True,False
2022,WA,312,Durack,37848,McRAE,Adrian,3,GAP,The Great Australian Party,2738.0,89523.0,0.030584319113523897,GAP,False,False
2022,WA,312,Durack,37845,FELS,Anthony James,4,WAP,WESTERN AUSTRALIA PARTY,2483.0,89523.0,0.02773588910112485,WAP,False,False
2022,WA,312,Durack,37294,RILEY,Jeremiah,5,ALP,Australian Labor Party,26093.0,89523.0,0.2914669973079544,ALP,True,False
2022,WA,312,Durack,37401,JOHANNSEN,Brenton,6,ON,Pauline Hanson's One Nation,6174.0,89523.0,0.06896551724137931,ON,False,False
2022,WA,312,Durack,37853,BLAYNEY,Ian,7,NP,The Nationals,9160.0,89523.0,0.10232007417088346,NP,True,False
2022,WA,312,Durack,36597,McNEAIR,Bianca,8,GRN,The Greens (WA),8457.0,89523.0,0.09446734358768137,GRN,True,False
2022,WA,312,Durack,36486,MIDDLETON,Andrew Charles,9,UAPP,United Australia Party,2229.0,89523.0,0.024898629402499917,UAPP,False,False
2022,WA,239,Forrest,36487,ALLAN,Helen,1,UAPP,United Australia Party,2426.0,95090.0,0.02551267220527921,UAPP,False,False
2022,WA,239,Forrest,37237,MARKHAM,Paul,2,LDP,Liberal Democrats,1577.0,95090.0,0.016584288568724365,LDP,False,False
2022,WA,239,Forrest,37843,DUNN,Mailee,3,CYA,Australian Federation Party,1152.0,95090.0,0.012114838573982543,CYA,False,False
2022,WA,239,Forrest,36602,TERRANTROY,Christine,4,GRN,The Greens (WA),12780.0,95090.0,0.13439899043011883,GRN,True,False
2022,WA,239,Forrest,37854,STEPHENS,Greg,5,WAP,WESTERN AUSTRALIA PARTY,2130.0,95090.0,0.022399831738353138,WAP,False,False
2022,WA,239,Forrest,36881,AITKEN,Tracy Nyree,6,GAP,The Great Australian Party,2907.0,95090.0,0.030571037964034074,GAP,False,False
2022,WA,239,Forrest,37300,ENGLISH,Bronwen,7,ALP,Australian Labor Party,26092.0,95090.0,0.27439268061836153,ALP,True,False
2022,WA,239,Forrest,37406,MEZGER,Shane,8,ON,Pauline Hanson's One Nation,5020.0,95090.0,0.05279209170259754,ON,False,False
2022,WA,239,Forrest,36584,MARINO,Nola,9,LP,Liberal,41006.0,95090.0,0.43123356819854874,LP,True,False
2022,WA,240,Fremantle,37518,TILBURY,Ben,1,GAP,The Great Australian Party,2293.0,98053.0,0.023385312025129265,GAP,False,False
2022,WA,240,Fremantle,37551,WAINWRIGHT,Sam,2,SAL,Socialist Alliance,1184.0,98053.0,0.012075102240624969,SAL,False,False
2022,WA,240,Fremantle,37264,GAVRANICH,Cathy,3,CYA,Australian Federation Party,1367.0,98053.0,0.013941439833559402,CYA,False,False
2022,WA,240,Fremantle,37314,WILSON,Josh,4,ALP,Australian Labor Party,43111.0,98053.0,0.4396703823442424,ALP,True,False
2022,WA,240,Fremantle,36488,JINMAN,Stella,5,UAPP,United Australia Party,2000.0,98053.0,0.02039713216321785,UAPP,False,False
2022,WA,240,Fremantle,36587,KOUL,Bill,6,LP,Liberal,23749.0,98053.0,0.24220574587213037,LP,True,False
2022,WA,240,Fremantle,36609,TOWNSEND,Felicity,7,GRN,The Greens (WA),17790.0,98053.0,0.1814324905918228,GRN,True,False
2022,WA,240,Fremantle,37244,LOH,Yan,8,LDP,Liberal Democrats,1251.0,98053.0,0.012758406168092765,LDP,False,False
2022,WA,240,Fremantle,37855,KNAPP,Janetia,9,WAP,WESTERN AUSTRALIA PARTY,2248.0,98053.0,0.022926376551456865,WAP,False,False
2022,WA,240,Fremantle,37408,EDGAR,William,10,ON,Pauline Hanson's One Nation,3060.0,98053.0,0.031207612209723314,ON,False,False
2022,WA,305,Hasluck,32531,WILLIAMS,Jeanene,1,IND,Independent,3318.0,98513.0,0.03368083400160385,IND,False,True
2022,WA,305,Hasluck,36612,STURCKE,Brendan,2,GRN,The Greens (WA),10826.0,98513.0,0.10989412564839159,GRN,True,False
2022,WA,305,Hasluck,36490,SCOTT,Will,3,UAPP,United Australia Party,2973.0,98513.0,0.030178758133444318,UAPP,False,False
2022,WA,305,Hasluck,37835,CLARK,Pauline,4,WAP,WESTERN AUSTRALIA PARTY,2561.0,98513.0,0.025996568980743658,WAP,False,False
2022,WA,305,Hasluck,37409,MONCK,Ian,5,ON,Pauline Hanson's One Nation,3783.0,98513.0,0.038401023215210175,ON,False,False
2022,WA,305,Hasluck,36590,WYATT,Ken,6,LP,Liberal,32889.0,98513.0,0.33385441515333003,LP,True,False
2022,WA,305,Hasluck,37266,SMITH,Marijanna,7,CYA,Australian Federation Party,1739.0,98513.0,0.01765249256443312,CYA,False,False
2022,WA,305,Hasluck,37317,LAWRENCE,Tania,8,ALP,Australian Labor Party,39144.0,98513.0,0.39734857328474416,ALP,True,False
2022,WA,305,Hasluck,37256,McCREANOR,Steven,9,LDP,Liberal Democrats,1280.0,98513.0,0.012993209018099134,LDP,False,False
2022,WA,242,Moore,37325,ANDERSSON,Sue,1,GAP,The Great Australian Party,1926.0,104531.0,0.018425156173766635,GAP,False,False
2022,WA,242,Moore,37781,GUNNESS,Peter,2,WAP,WESTERN AUSTRALIA PARTY,3095.0,104531.0,0.029608441514957284,WAP,False,False
2022,WA,242,Moore,37321,FRENCH,Tom,3,ALP,Australian Labor Party,34227.0,104531.0,0.3274339669571706,ALP,True,False
2022,WA,242,Moore,36615,COOPER,Mark,4,GRN,The Greens (WA),14902.0,104531.0,0.14256058011498982,GRN,True,False
2022,WA,242,Moore,36592,GOODENOUGH,Ian,5,LP,Liberal,43706.0,104531.0,0.41811520027551635,LP,True,False
2022,WA,242,Moore,37410,BRIGHTMAN,Brian,6,ON,Pauline Hanson's One Nation,3541.0,104531.0,0.03387511838593336,ON,False,False
2022,WA,242,Moore,36492,WATKINSON,Helen,7,UAPP,United Australia Party,2342.0,104531.0,0.022404836842659117,UAPP,False,False
2022,WA,242,Moore,37844,SUTER,Martin,8,CYA,Australian Federation Party,792.0,104531.0,0.00757669973500684,CYA,False,False
2022,WA,243,O'Connor,37412,KUSTRIN,Stan,1,ON,Pauline Hanson's One Nation,6833.0,96718.0,0.07064869000599681,ON,False,False
2022,WA,243,O'Connor,37323,WELDON,Shaneane,2,ALP,Australian Labor Party,25754.0,96718.0,0.2662792861721706,ALP,True,False
2022,WA,243,O'Connor,36619,WATSON,Giz,3,GRN,The Greens (WA),10284.0,96718.0,0.10632974213693418,GRN,True,False
2022,WA,243,O'Connor,37274,MIDDLE,Isaac,4,CYA,Australian Federation Party,1348.0,96718.0,0.013937426332223578,CYA,False,False
2022,WA,243,O'Connor,37842,BESSANT,Morris,5,WAP,WESTERN AUSTRALIA PARTY,2366.0,96718.0,0.024462871440683223,WAP,False,False
2022,WA,243,O'Connor,36560,MOSELEY,Justin,6,AUC,Australian Christians,2779.0,96718.0,0.028733017638908995,AUC,False,False
2022,WA,243,O'Connor,36496,TIRRONEN,Tracy Anne,7,UAPP,United Australia Party,1722.0,96718.0,0.0178043383858227,UAPP,False,False
2022,WA,243,O'Connor,36894,BARBER,Brenden,8,GAP,The Great Australian Party,2337.0,96718.0,0.024163030666473666,GAP,False,False
2022,WA,243,O'Connor,36594,WILSON,Rick,9,LP,Liberal,43295.0,96718.0,0.4476415972207862,LP,True,False
2022,WA,244,Pearce,37836,STEWART,Roslyn,1,GAP,The Great Australian Party,2160.0,94916.0,0.0227569640524253,GAP,False,False
2022,WA,244,Pearce,36624,NELSON,Donna,2,GRN,The Greens (WA),10416.0,94916.0,0.10973913776391757,GRN,True,False
2022,WA,244,Pearce,37265,MARSHALL,David,3,LDP,Liberal Democrats,1548.0,94916.0,0.0163091575709048,LDP,False,False
2022,WA,244,Pearce,37326,ROBERTS,Tracey,4,ALP,Australian Labor Party,40596.0,94916.0,0.42770449660752663,ALP,True,False
2022,WA,244,Pearce,36501,DALBY,Trevor Richard,5,UAPP,United Australia Party,2534.0,94916.0,0.02669729023557672,UAPP,False,False
2022,WA,244,Pearce,37809,PAICE,Jim,6,WAP,WESTERN AUSTRALIA PARTY,2206.0,94916.0,0.023241603101689916,WAP,False,False
2022,WA,244,Pearce,37415,MALLOY,Aaron,7,ON,Pauline Hanson's One Nation,4295.0,94916.0,0.045250537317206796,ON,False,False
2022,WA,244,Pearce,36598,AITKEN,Linda,8,LP,Liberal,28380.0,94916.0,0.29900122213325464,LP,True,False
2022,WA,244,Pearce,36526,MONTGOMERY,Vanessa,9,AUC,Australian Christians,2097.0,94916.0,0.022093219267562896,AUC,False,False
2022,WA,244,Pearce,37285,MARCH,Nigel,10,CYA,Australian Federation Party,684.0,94916.0,0.007206371949934679,CYA,False,False
2022,WA,245,Perth,37417,BAILEY,Cameron,1,ON,Pauline Hanson's One Nation,2749.0,102081.0,0.0269295951254396,ON,False,False
2022,WA,245,Perth,36515,POWELL,Dean,2,AUC,Australian Christians,1514.0,102081.0,0.01483135941066408,AUC,False,False
2022,WA,245,Perth,37748,CONNOR,Sean,3,GAP,The Great Australian Party,702.0,102081.0,0.006876891879977665,GAP,False,False
2022,WA,245,Perth,37803,VOS,Dave,4,WAP,WESTERN AUSTRALIA PARTY,1878.0,102081.0,0.01839715520028213,WAP,False,False
2022,WA,245,Perth,37233,SZMEKURA-MOOR,Sarah,5,AJP,Animal Justice Party,1535.0,102081.0,0.01503707839852666,AJP,False,False
2022,WA,245,Perth,37327,GORMAN,Patrick,6,ALP,Australian Labor Party,40066.0,102081.0,0.39249223655724375,ALP,True,False
2022,WA,245,Perth,37273,NICKOLS,Evan,7,LDP,Liberal Democrats,1407.0,102081.0,0.013783172186792841,LDP,False,False
2022,WA,245,Perth,36507,EBERHART,Sonya Michelle,8,UAPP,United Australia Party,1605.0,102081.0,0.015722808358068593,UAPP,False,False
2022,WA,245,Perth,36628,PERKS,Caroline,9,GRN,The Greens (WA),22621.0,102081.0,0.22159853449711503,GRN,True,False
2022,WA,245,Perth,36601,DWYER,David,10,LP,Liberal,27294.0,102081.0,0.26737590736767863,LP,True,False
2022,WA,245,Perth,37290,GYURU,Aiden,11,CYA,Australian Federation Party,710.0,102081.0,0.006955261018211028,CYA,False,False
2022,WA,247,Swan,36516,HILTON,Paul,1,UAPP,United Australia Party,2637.0,100036.0,0.026360510216322124,UAPP,False,False
2022,WA,247,Swan,37278,THOMPSON,Matthew,2,LDP,Liberal Democrats,1821.0,100036.0,0.0182034467591667,LDP,False,False
2022,WA,247,Swan,37227,GREEN,Timothy,3,AJP,Animal Justice Party,2214.0,100036.0,0.022132032468311406,AJP,False,False
2022,WA,247,Swan,37333,MASCARENHAS,Zaneta,4,ALP,Australian Labor Party,39082.0,100036.0,0.39067935543204446,ALP,True,False
2022,WA,247,Swan,37296,PALLIER,Carl,5,CYA,Australian Federation Party,792.0,100036.0,0.007917149826062618,CYA,False,False
2022,WA,247,Swan,37846,BRADLEY,Rod,6,WAP,WESTERN AUSTRALIA PARTY,2059.0,100036.0,0.020582590267503698,WAP,False,False
2022,WA,247,Swan,37420,HALLIFAX,Peter,7,ON,Pauline Hanson's One Nation,2544.0,100036.0,0.0254308448958375,ON,False,False
2022,WA,247,Swan,36607,McSWEENEY,Kristy,8,LP,Liberal,32096.0,100036.0,0.32084449598144665,LP,True,False
2022,WA,247,Swan,36631,UINK,Clint,9,GRN,The Greens (WA),14861.0,100036.0,0.14855651965292493,GRN,True,False
2022,WA,247,Swan,36535,GOWER,Dena,10,AUC,Australian Christians,1930.0,100036.0,0.019293054500379863,AUC,False,False
2022,WA,248,Tangney,37422,CHANG,Tshung-Hui,1,ON,Pauline Hanson's One Nation,2288.0,107548.0,0.021274221742849705,ON,False,False
2022,WA,248,Tangney,37852,GILLETT,Jay Dean,2,WAP,WESTERN AUSTRALIA PARTY,2096.0,107548.0,0.01948897236582735,WAP,False,False
2022,WA,248,Tangney,36548,STAER,Mark,3,AUC,Australian Christians,2481.0,107548.0,0.023068769293710715,AUC,False,False
2022,WA,248,Tangney,36520,MARK,Travis Llewellyn,4,UAPP,United Australia Party,1721.0,107548.0,0.016002157176330568,UAPP,False,False
2022,WA,248,Tangney,37337,LIM,Sam,5,ALP,Australian Labor Party,40940.0,107548.0,0.3806672369546621,ALP,True,False
2022,WA,248,Tangney,36608,MORTON,Ben,6,LP,Liberal,43008.0,107548.0,0.399895860453007,LP,True,False
2022,WA,248,Tangney,37302,FOWLER,Brent,7,CYA,Australian Federation Party,1028.0,107548.0,0.009558522706140514,CYA,False,False
2022,WA,248,Tangney,37283,HOLROYD,Jacqueline,8,LDP,Liberal Democrats,1110.0,107548.0,0.010320972960910477,LDP,False,False
2022,WA,248,Tangney,36635,ABDUL RAZAK,Adam,9,GRN,The Greens (WA),12876.0,107548.0,0.11972328634656154,GRN,True,False
