year,state,division_id,division,candidate_id,surname,given_name,ballot_position,party_ab,party_name,votes,total_formal_votes,vote_share,party_std,is_major,is_independent,division_link,above_threshold,running_var,funding_rate,funding_amount,n_candidates,next_vote_share,next_votes,next_total_formal_votes,contests_next,next_vote_share_uncond,vote_share_change,election_pair,next_year,lagged_vote_share
2004,ACT,101,Canberra,14298,ARNOLD,Jim,3,CEC,Citizens Electoral Council,765.0,100678.0,0.0075984822900733,CEC,False,False,Canberra,0,-0.0324015177099267,1.94,0.0,5,0.0082940966571222,953.0,114901.0,1,0.0082940966571222,0.0006956143670488997,2004-2007,2007,
2004,ACT,101,Canberra,15158,MATTHEWS,Aaron,5,DEM,Australian Democrats,2218.0,100678.0,0.0220306323129184,DEM,False,False,Canberra,0,-0.0179693676870816,1.94,0.0,5,,,,0,0.0,,2004-2007,2007,
2004,ACT,102,Fraser,14756,VASSILOPOULOS,James,1,SAL,Socialist Alliance,2067.0,107948.0,0.019148108348464,SAL,False,False,Fraser,0,-0.020851891651536,1.94,0.0,5,0.0049595141700404,539.0,108680.0,1,0.0049595141700404,-0.014188594178423601,2004-2007,2007,
2004,ACT,102,Fraser,15137,GRIMSEY,Lynne,4,DEM,Australian Democrats,2792.0,107948.0,0.0258643050357579,DEM,False,False,Fraser,0,-0.0141356949642421,1.94,0.0,5,0.0230861244019138,2509.0,108680.0,1,0.0230861244019138,-0.0027781806338441004,2004-2007,2007,
2004,NSW,103,Banks,15349,STAVRINOS,Harry,1,HAN,Pauline Hanson's One Nation (NSW Division),2302.0,73382.0,0.0313700907579515,ON,False,False,Banks,0,-0.008629909242048497,1.94,0.0,7,,,,0,0.0,,2004-2007,2007,
2004,NSW,103,Banks,15410,BRISCOE-HOUGH,Greg,4,FFP,Family First,655.0,73382.0,0.0089258946335613,FFP,False,False,Banks,0,-0.0310741053664387,1.94,0.0,7,,,,0,0.0,,2004-2007,2007,
2004,NSW,103,Banks,15556,CLYBURN,Mark,5,DEM,Australian Democrats,675.0,73382.0,0.0091984410345861,DEM,False,False,Banks,0,-0.0308015589654139,1.94,0.0,7,,,,0,0.0,,2004-2007,2007,
2004,NSW,103,Banks,15129,PETERSON,Janne,7,CDP,Christian Democratic Party (Fred Nile Group),2654.0,73382.0,0.0361669074159875,CDP,False,False,Banks,0,-0.0038330925840125013,1.94,0.0,7,0.0385449873334868,3180.0,82501.0,1,0.0385449873334868,0.002378079917499304,2004-2007,2007,
2004,NSW,104,Barton,15569,COGHLAN,Eoin,1,DEM,Australian Democrats,1648.0,74329.0,0.0221716961078448,DEM,False,False,Barton,0,-0.0178283038921552,1.94,0.0,5,,,,0,0.0,,2004-2007,2007,
2004,NSW,104,Barton,15382,BAIRD,Neil,3,HAN,Pauline Hanson's One Nation (NSW Division),1284.0,74329.0,0.0172745496374228,ON,False,False,Barton,0,-0.022725450362577202,1.94,0.0,5,,,,0,0.0,,2004-2007,2007,
2004,NSW,105,Bennelong,15436,HANNAH,Gary,1,IND,Independent,854.0,76814.0,0.0111177649907568,IND,False,True,Bennelong,0,-0.028882235009243203,1.94,0.0,7,0.0027491487991165,239.0,86936.0,1,0.0027491487991165,-0.0083686161916403,2004-2007,2007,
2004,NSW,105,Bennelong,15309,ROLLO,Troy,2,IND,Independent,451.0,76814.0,0.0058713255396151,IND,False,True,Bennelong,0,-0.0341286744603849,1.94,0.0,7,0.0027491487991165,239.0,86936.0,1,0.0027491487991165,-0.0031221767404986003,2004-2007,2007,
2004,NSW,105,Bennelong,15234,LEVICK,Ray,4,CDP,Christian Democratic Party (Fred Nile Group),1824.0,76814.0,0.0237456713619913,CDP,False,False,Bennelong,0,-0.0162543286380087,1.94,0.0,7,0.0128715376828931,1119.0,86936.0,1,0.0128715376828931,-0.0108741336790982,2004-2007,2007,
2004,NSW,105,Bennelong,15558,GOLDFINCH,Peter,7,DEM,Australian Democrats,967.0,76814.0,0.0125888509907048,DEM,False,False,Bennelong,0,-0.0274111490092952,1.94,0.0,7,0.0070166559307996,610.0,86936.0,1,0.0070166559307996,-0.0055721950599052,2004-2007,2007,
2004,NSW,106,Berowra,15214,BENSON,Matthew,2,IND,Independent,860.0,77795.0,0.0110546950318143,IND,False,True,Berowra,0,-0.028945304968185703,1.94,0.0,8,0.0174695542624032,1456.0,83345.0,1,0.0174695542624032,0.006414859230588902,2004-2007,2007,
2004,NSW,106,Berowra,15560,VAN DE WEG,Margaret,5,DEM,Australian Democrats,1457.0,77795.0,0.0187287100713413,DEM,False,False,Berowra,0,-0.0212712899286587,1.94,0.0,8,0.0116863639090527,974.0,83345.0,1,0.0116863639090527,-0.007042346162288601,2004-2007,2007,
2004,NSW,106,Berowra,15415,CLARK,Lance,6,FFP,Family First,883.0,77795.0,0.0113503438524326,FFP,False,False,Berowra,0,-0.0286496561475674,1.94,0.0,8,0.0125862379266902,1049.0,83345.0,1,0.0125862379266902,0.0012358940742575996,2004-2007,2007,
2004,NSW,106,Berowra,15533,COLEMAN,Bruce,7,CDP,Christian Democratic Party (Fred Nile Group),2411.0,77795.0,0.0309917089787261,CDP,False,False,Berowra,0,-0.009008291021273901,1.94,0.0,8,0.02549643049973,2125.0,83345.0,1,0.02549643049973,-0.005495278478996099,2004-2007,2007,
2004,NSW,106,Berowra,14656,BLADE,Ross,8,IND,Independent,694.0,77795.0,0.0089208818047432,IND,False,True,Berowra,0,-0.0310791181952568,1.94,0.0,8,0.0174695542624032,1456.0,83345.0,1,0.0174695542624032,0.008548672457660002,2004-2007,2007,
2004,NSW,107,Blaxland,15350,VINNICOMBE,Bob,1,HAN,Pauline Hanson's One Nation (NSW Division),3300.0,69005.0,0.0478226215491631,ON,False,False,Blaxland,1,0.007822621549163099,1.94,6402.0,8,0.0155184879157198,1202.0,77456.0,1,0.0155184879157198,-0.0323041336334433,2004-2007,2007,
2004,NSW,107,Blaxland,15139,SQUIRES,Matthew,2,CDP,Christian Democratic Party (Fred Nile Group),2378.0,69005.0,0.0344612709223969,CDP,False,False,Blaxland,0,-0.005538729077603104,1.94,0.0,8,0.0238845279900846,1850.0,77456.0,1,0.0238845279900846,-0.010576742932312297,2004-2007,2007,
2004,NSW,107,Blaxland,15551,EVE-MACLEOD,Martine,4,DEM,Australian Democrats,875.0,69005.0,0.012680240562278,DEM,False,False,Blaxland,0,-0.027319759437722,1.94,0.0,8,,,,0,0.0,,2004-2007,2007,
2004,NSW,107,Blaxland,15095,BASSI,Raul,6,SAL,Socialist Alliance,493.0,69005.0,0.0071444098253749,SAL,False,False,Blaxland,0,-0.0328555901746251,1.94,0.0,8,0.0067393100599049,522.0,77456.0,1,0.0067393100599049,-0.00040509976547000066,2004-2007,2007,
2004,NSW,107,Blaxland,14702,BOATH,Terry,7,CEC,Citizens Electoral Council,230.0,69005.0,0.0033330918049416,CEC,False,False,Blaxland,0,-0.0366669081950584,1.94,0.0,8,,,,0,0.0,,2004-2007,2007,
2004,NSW,108,Bradfield,15397,MONTGOMERY,Sarah,2,FFP,Family First,1459.0,80770.0,0.0180636374891667,FFP,False,False,Bradfield,0,-0.0219363625108333,1.94,0.0,5,0.0090002490187475,759.0,84331.0,1,0.0090002490187475,-0.0090633884704192,2004-2007,2007,
2004,NSW,108,Bradfield,15557,TSOULOS,Jeannette,4,DEM,Australian Democrats,1971.0,80770.0,0.0244026247369072,DEM,False,False,Bradfield,0,-0.015597375263092801,1.94,0.0,5,,,,0,0.0,,2004-2007,2007,
2004,NSW,109,Calare,14716,VAN SCHAIK,Heidi,1,CEC,Citizens Electoral Council,648.0,81334.0,0.0079671478102638,CEC,False,False,Calare,0,-0.0320328521897362,1.94,0.0,7,0.0096374428004418,794.0,82387.0,1,0.0096374428004418,0.0016702949901779996,2004-2007,2007,
2004,NSW,109,Calare,6975,ANDREN,Peter,2,IND,Independent,40851.0,81334.0,0.5022622765387169,IND,False,True,Calare,1,0.46226227653871693,1.94,79250.94,7,0.2310437326277204,19035.0,82387.0,1,0.2310437326277204,-0.27121854391099653,2004-2007,2007,
2004,NSW,109,Calare,14316,ADAMS,Robyn,3,CLR,Country Labor,13439.0,81334.0,0.1652322521946541,CLR,False,False,Calare,1,0.1252322521946541,1.94,26071.66,7,0.2459854103195892,20266.0,82387.0,1,0.2459854103195892,0.08075315812493511,2004-2007,2007,
2004,NSW,109,Calare,15419,WOODS,Melanie,6,FFP,Family First,959.0,81334.0,0.0117908869599429,FFP,False,False,Calare,0,-0.0282091130400571,1.94,0.0,7,,,,0,0.0,,2004-2007,2007,
2004,NSW,110,Charlton,15555,ROFFEY,Ben,2,DEM,Australian Democrats,1513.0,77835.0,0.0194385559195734,DEM,False,False,Charlton,0,-0.0205614440804266,1.94,0.0,7,,,,0,0.0,,2004-2007,2007,
2004,NSW,110,Charlton,14704,STOW,David,3,CEC,Citizens Electoral Council,380.0,77835.0,0.0048821224384916,CEC,False,False,Charlton,0,-0.0351178775615084,1.94,0.0,7,0.0035343760143298,294.0,83183.0,1,0.0035343760143298,-0.0013477464241617998,2004-2007,2007,
2004,NSW,110,Charlton,15402,SCARFE,Paul,4,FFP,Family First,3317.0,77835.0,0.0426157898117813,FFP,False,False,Charlton,1,0.002615789811781302,1.94,6434.98,7,,,,0,0.0,,2004-2007,2007,
2004,NSW,110,Charlton,15353,JOHNSON,Bob,6,HAN,Pauline Hanson's One Nation (NSW Division),2416.0,77835.0,0.031040020556305,ON,False,False,Charlton,0,-0.008959979443695,1.94,0.0,7,,,,0,0.0,,2004-2007,2007,
2004,NSW,111,Chifley,15404,HEATHCOTE,Robert,3,FFP,Family First,1211.0,71584.0,0.0169171881984801,FFP,False,False,Chifley,0,-0.0230828118015199,1.94,0.0,8,0.0126449942749041,1016.0,80348.0,1,0.0126449942749041,-0.004272193923576001,2004-2007,2007,
2004,NSW,111,Chifley,13209,HYLAND,Wayne,4,IND,Independent,850.0,71584.0,0.0118741618238712,IND,False,True,Chifley,0,-0.0281258381761288,1.94,0.0,8,0.0060237964852889,484.0,80348.0,1,0.0060237964852889,-0.0058503653385823,2004-2007,2007,
2004,NSW,111,Chifley,15152,VINCENT,Dave,5,CDP,Christian Democratic Party (Fred Nile Group),2653.0,71584.0,0.037061354492624,CDP,False,False,Chifley,0,-0.002938645507375999,1.94,0.0,8,0.0342385622541942,2751.0,80348.0,1,0.0342385622541942,-0.0028227922384298013,2004-2007,2007,
2004,NSW,111,Chifley,15358,COOKSLEY,Terry,7,HAN,Pauline Hanson's One Nation (NSW Division),1579.0,71584.0,0.022058001788109,ON,False,False,Chifley,0,-0.017941998211891002,1.94,0.0,8,0.014723452979539,1183.0,80348.0,1,0.014723452979539,-0.007334548808569999,2004-2007,2007,
2004,NSW,111,Chifley,14743,RAND,Graham,8,,,315.0,71584.0,0.0044004246759052,,False,False,Chifley,0,-0.0355995753240948,1.94,0.0,8,,,,0,0.0,,2004-2007,2007,
2004,NSW,112,Cook,15432,PHILLIPS,Peter,1,NGS,No GST,1035.0,74377.0,0.0139155921857563,NGS,False,False,Cook,0,-0.0260844078142437,1.94,0.0,8,,,,0,0.0,,2004-2007,2007,
2004,NSW,112,Cook,15552,MENDELSSOHN,David,3,DEM,Australian Democrats,661.0,74377.0,0.0088871559756376,DEM,False,False,Cook,0,-0.0311128440243624,1.94,0.0,8,,,,0,0.0,,2004-2007,2007,
2004,NSW,112,Cook,12125,STRANG,Graeme,6,IND,Independent,466.0,74377.0,0.0062653777377415,IND,False,True,Cook,0,-0.0337346222622585,1.94,0.0,8,0.0080481261686041,693.0,86107.0,1,0.0080481261686041,0.0017827484308626006,2004-2007,2007,
2004,NSW,112,Cook,15357,FREW,Andy,7,HAN,Pauline Hanson's One Nation (NSW Division),1582.0,74377.0,0.02127001626847,ON,False,False,Cook,0,-0.018729983731530002,1.94,0.0,8,0.0129606187650249,1116.0,86107.0,1,0.0129606187650249,-0.0083093975034451,2004-2007,2007,
2004,NSW,112,Cook,15162,SMITH,Beth,8,CDP,Christian Democratic Party (Fred Nile Group),1735.0,74377.0,0.0233271038089732,CDP,False,False,Cook,0,-0.0166728961910268,1.94,0.0,8,0.0224023598545995,1929.0,86107.0,1,0.0224023598545995,-0.0009247439543737003,2004-2007,2007,
2004,NSW,113,Cowper,15595,KAPEEN,Trevor,4,DEM,Australian Democrats,1468.0,77683.0,0.018897313440521,DEM,False,False,Cowper,0,-0.021102686559479,1.94,0.0,6,,,,0,0.0,,2004-2007,2007,
2004,NSW,113,Cowper,15408,MANN,Norm,5,LEF,Lower Excise Fuel and Beer Party,2007.0,77683.0,0.0258357684435462,LEF,False,False,Cowper,0,-0.014164231556453803,1.94,0.0,6,,,,0,0.0,,2004-2007,2007,
2004,NSW,113,Cowper,15379,STOKES,Allan,6,HAN,Pauline Hanson's One Nation (NSW Division),3098.0,77683.0,0.0398800252307454,ON,False,False,Cowper,0,-0.00011997476925459938,1.94,0.0,6,,,,0,0.0,,2004-2007,2007,
2004,NSW,114,Cunningham,15324,KEENE,James Stewart,1,PLP,Progressive Labour Party,1774.0,73255.0,0.024216777011808,PLP,False,False,Cunningham,0,-0.015783222988192,1.94,0.0,11,,,,0,0.0,,2004-2007,2007,
2004,NSW,114,Cunningham,15559,EVANS,Tony,2,DEM,Australian Democrats,686.0,73255.0,0.0093645484949832,DEM,False,False,Cunningham,0,-0.0306354515050168,1.94,0.0,11,,,,0,0.0,,2004-2007,2007,
2004,NSW,114,Cunningham,15136,DAKERS,Jeff,5,CDP,Christian Democratic Party (Fred Nile Group),2547.0,73255.0,0.0347689577503242,CDP,False,False,Cunningham,0,-0.005231042249675799,1.94,0.0,11,0.0264991867409087,2232.0,84229.0,1,0.0264991867409087,-0.008269771009415502,2004-2007,2007,
2004,NSW,114,Cunningham,15480,SCROGIE,Christopher,6,LFF,liberals for forests,509.0,73255.0,0.0069483311719336,LFF,False,False,Cunningham,0,-0.0330516688280664,1.94,0.0,11,,,,0,0.0,,2004-2007,2007,
2004,NSW,114,Cunningham,15514,WILCOCK,Paul,7,IND,Independent,375.0,73255.0,0.0051191044979864,IND,False,True,Cunningham,0,-0.0348808955020136,1.94,0.0,11,,,,0,0.0,,2004-2007,2007,
2004,NSW,114,Cunningham,15111,WILLIAMS,Chris,9,SAL,Socialist Alliance,310.0,73255.0,0.0042317930516688,SAL,False,False,Cunningham,0,-0.0357682069483312,1.94,0.0,11,0.0083819112182265,706.0,84229.0,1,0.0083819112182265,0.0041501181665577,2004-2007,2007,
2004,NSW,114,Cunningham,15426,MOULDS,David,10,IND,Independent,1796.0,73255.0,0.0245170978090232,IND,False,True,Cunningham,0,-0.0154829021909768,1.94,0.0,11,,,,0,0.0,,2004-2007,2007,
2004,NSW,115,Dobell,15481,SANZARI,Frank,1,LFF,liberals for forests,1487.0,75398.0,0.0197220085413406,LFF,False,False,Dobell,0,-0.0202779914586594,1.94,0.0,12,,,,0,0.0,,2004-2007,2007,
2004,NSW,115,Dobell,15383,PATON,Naomi,2,FFP,Family First,1656.0,75398.0,0.0219634473062945,FFP,False,False,Dobell,0,-0.0180365526937055,1.94,0.0,12,0.0170760716539637,1407.0,82396.0,1,0.0170760716539637,-0.0048873756523308,2004-2007,2007,
2004,NSW,115,Dobell,14892,WALLACE,Les,4,IND,Independent,430.0,75398.0,0.0057030690469243,IND,False,True,Dobell,0,-0.0342969309530757,1.94,0.0,12,0.0198917423175882,1639.0,82396.0,1,0.0198917423175882,0.0141886732706639,2004-2007,2007,
2004,NSW,115,Dobell,15445,CHIA,Siou Hong,6,ORP,Outdoor Recreation Party,445.0,75398.0,0.005902013316003,ORP,False,False,Dobell,0,-0.034097986683997,1.94,0.0,12,,,,0,0.0,,2004-2007,2007,
2004,NSW,115,Dobell,14196,UNGER,Paul,8,IND,Independent,475.0,75398.0,0.0062999018541605,IND,False,True,Dobell,0,-0.0337000981458395,1.94,0.0,12,0.0198917423175882,1639.0,82396.0,1,0.0198917423175882,0.0135918404634277,2004-2007,2007,
2004,NSW,115,Dobell,15567,HASTIE,Carolyn,9,DEM,Australian Democrats,647.0,75398.0,0.0085811294729303,DEM,False,False,Dobell,0,-0.0314188705270697,1.94,0.0,12,,,,0,0.0,,2004-2007,2007,
2004,NSW,115,Dobell,14705,HUGHES,Steven,10,CEC,Citizens Electoral Council,132.0,75398.0,0.001750709567893,CEC,False,False,Dobell,0,-0.038249290432107,1.94,0.0,12,0.0019054323025389,157.0,82396.0,1,0.0019054323025389,0.00015472273464590004,2004-2007,2007,
2004,NSW,115,Dobell,15351,WEBBER,Andrew,11,HAN,Pauline Hanson's One Nation (NSW Division),1163.0,75398.0,0.0154248123292395,ON,False,False,Dobell,0,-0.0245751876707605,1.94,0.0,12,,,,0,0.0,,2004-2007,2007,
2004,NSW,115,Dobell,14611,LAING-PEACH,James,12,IND,Independent,417.0,75398.0,0.0055306506803894,IND,False,True,Dobell,0,-0.0344693493196106,1.94,0.0,12,0.0198917423175882,1639.0,82396.0,1,0.0198917423175882,0.0143610916371988,2004-2007,2007,
2004,NSW,117,Eden-Monaro,14314,WATT,Kel,1,CLR,Country Labor,32592.0,84130.0,0.3874004516819208,CLR,False,False,Eden-Monaro,1,0.3474004516819208,1.94,63228.479999999996,7,,,,0,0.0,,2004-2007,2007,
2004,NSW,117,Eden-Monaro,15183,BENNETT,Ursula,3,CDP,Christian Democratic Party (Fred Nile Group),1170.0,84130.0,0.0139070486152383,CDP,False,False,Eden-Monaro,0,-0.0260929513847617,1.94,0.0,7,0.0107614525007678,911.0,84654.0,1,0.0107614525007678,-0.0031455961144704996,2004-2007,2007,
2004,NSW,117,Eden-Monaro,15356,TARLINTON,Don,5,HAN,Pauline Hanson's One Nation (NSW Division),1541.0,84130.0,0.018316890526566,ON,False,False,Eden-Monaro,0,-0.021683109473434,1.94,0.0,7,,,,0,0.0,,2004-2007,2007,
2004,NSW,117,Eden-Monaro,15450,QUILTY,Tim,6,ORP,Outdoor Recreation Party,1063.0,84130.0,0.0126352074170925,ORP,False,False,Eden-Monaro,0,-0.0273647925829075,1.94,0.0,7,,,,0,0.0,,2004-2007,2007,
2004,NSW,117,Eden-Monaro,15618,AHMED,Nazia,7,DEM,Australian Democrats,725.0,84130.0,0.0086176155949126,DEM,False,False,Eden-Monaro,0,-0.0313823844050874,1.94,0.0,7,,,,0,0.0,,2004-2007,2007,
2004,NSW,118,Farrer,14304,MATHEWS,Nico,1,CLR,Country Labor,17354.0,76097.0,0.228051040119847,CLR,False,False,Farrer,1,0.188051040119847,1.94,33666.76,10,0.3273629418379531,28238.0,86259.0,1,0.3273629418379531,0.09931190171810611,2004-2007,2007,
2004,NSW,118,Farrer,15400,WELLER,Jennifer,2,FFP,Family First,1395.0,76097.0,0.0183318659079858,FFP,False,False,Farrer,0,-0.0216681340920142,1.94,0.0,10,0.0308025829188838,2657.0,86259.0,1,0.0308025829188838,0.012470717010898,2004-2007,2007,
2004,NSW,118,Farrer,15531,MORGAN,Matt,3,IND,Independent,682.0,76097.0,0.0089622455550153,IND,False,True,Farrer,0,-0.031037754444984703,1.94,0.0,10,,,,0,0.0,,2004-2007,2007,
2004,NSW,118,Farrer,14703,LAHY,Chris,5,CEC,Citizens Electoral Council,318.0,76097.0,0.0041788769596698,CEC,False,False,Farrer,0,-0.0358211230403302,1.94,0.0,10,0.0036286068700077,313.0,86259.0,1,0.0036286068700077,-0.0005502700896621001,2004-2007,2007,
2004,NSW,118,Farrer,15590,KOVACS,Frank,6,DEM,Australian Democrats,463.0,76097.0,0.0060843397242992,DEM,False,False,Farrer,0,-0.0339156602757008,1.94,0.0,10,,,,0,0.0,,2004-2007,2007,
2004,NSW,118,Farrer,15578,BURBIDGE,John,7,IND,Independent,1956.0,76097.0,0.0257040356387242,IND,False,True,Farrer,0,-0.014295964361275802,1.94,0.0,10,,,,0,0.0,,2004-2007,2007,
2004,NSW,118,Farrer,15352,JONES,Ray,8,HAN,Pauline Hanson's One Nation (NSW Division),1618.0,76097.0,0.0212623362287606,ON,False,False,Farrer,0,-0.0187376637712394,1.94,0.0,10,,,,0,0.0,,2004-2007,2007,
2004,NSW,118,Farrer,15178,BURN,Ian Paul,9,CDP,Christian Democratic Party (Fred Nile Group),1275.0,76097.0,0.0167549312062236,CDP,False,False,Farrer,0,-0.0232450687937764,1.94,0.0,10,,,,0,0.0,,2004-2007,2007,
2004,NSW,119,Fowler,15547,NUNEZ,Jose,2,IND,Independent,1594.0,70314.0,0.022669738601132,IND,False,True,Fowler,0,-0.017330261398868,1.94,0.0,5,,,,0,0.0,,2004-2007,2007,
2004,NSW,119,Fowler,14722,JOHNSON,Hal,3,CEC,Citizens Electoral Council,1162.0,70314.0,0.0165258696703359,CEC,False,False,Fowler,0,-0.0234741303296641,1.94,0.0,5,,,,0,0.0,,2004-2007,2007,
2004,NSW,120,Gilmore,15364,HARDING,Col,1,HAN,Pauline Hanson's One Nation (NSW Division),1762.0,80111.0,0.0219944826553157,ON,False,False,Gilmore,0,-0.0180055173446843,1.94,0.0,6,,,,0,0.0,,2004-2007,2007,
2004,NSW,120,Gilmore,15163,GREEN,Paul,2,CDP,Christian Democratic Party (Fred Nile Group),3381.0,80111.0,0.0422039420304327,CDP,False,False,Gilmore,1,0.0022039420304326984,1.94,6559.139999999999,6,0.0218291727303257,1755.0,80397.0,1,0.0218291727303257,-0.020374769300107,2004-2007,2007,
2004,NSW,120,Gilmore,14731,McCLUNG,Jean,5,CEC,Citizens Electoral Council,176.0,80111.0,0.0021969517294753,CEC,False,False,Gilmore,0,-0.0378030482705247,1.94,0.0,6,0.0007338582285408,59.0,80397.0,1,0.0007338582285408,-0.0014630935009345,2004-2007,2007,
2004,NSW,121,Grayndler,15099,JOHNSON,Sue,2,SAL,Socialist Alliance,1010.0,75484.0,0.0133803190080016,SAL,False,False,Grayndler,0,-0.0266196809919984,1.94,0.0,5,0.0166269083969465,1394.0,83840.0,1,0.0166269083969465,0.0032465893889449,2004-2007,2007,
2004,NSW,121,Grayndler,15570,HARRISON,Jen,3,DEM,Australian Democrats,1579.0,75484.0,0.0209183403105293,DEM,False,False,Grayndler,0,-0.0190816596894707,1.94,0.0,5,0.0167819656488549,1407.0,83840.0,1,0.0167819656488549,-0.004136374661674401,2004-2007,2007,
2004,NSW,122,Greenway,14528,LOPEZ,Jean,1,SAS,Save the ADI Site Party,1362.0,75879.0,0.017949630332503,SAS,False,False,Greenway,0,-0.022050369667497002,1.94,0.0,14,,,,0,0.0,,2004-2007,2007,
2004,NSW,122,Greenway,14254,CHIDIAC,Joe,2,FPY,The Fishing Party,881.0,75879.0,0.0116105905454737,FPY,False,False,Greenway,0,-0.028389409454526303,1.94,0.0,14,,,,0,0.0,,2004-2007,2007,
2004,NSW,122,Greenway,15446,BAYLEY,Grant,3,ORP,Outdoor Recreation Party,772.0,75879.0,0.0101740929637976,ORP,False,False,Greenway,0,-0.0298259070362024,1.94,0.0,14,,,,0,0.0,,2004-2007,2007,
2004,NSW,122,Greenway,14200,IVOR,F,4,IND,Independent,420.0,75879.0,0.0055351282963665,IND,False,True,Greenway,0,-0.0344648717036335,1.94,0.0,14,0.0166786716673704,1343.0,80522.0,1,0.0166786716673704,0.0111435433710039,2004-2007,2007,
2004,NSW,122,Greenway,15561,KING,David,5,DEM,Australian Democrats,672.0,75879.0,0.0088562052741865,DEM,False,False,Greenway,0,-0.031143794725813502,1.94,0.0,14,,,,0,0.0,,2004-2007,2007,
2004,NSW,122,Greenway,15366,PETTITT,Tony,8,HAN,Pauline Hanson's One Nation (NSW Division),1040.0,75879.0,0.0137060319719553,ON,False,False,Greenway,0,-0.0262939680280447,1.94,0.0,14,,,,0,0.0,,2004-2007,2007,
2004,NSW,122,Greenway,15483,HOULTON,Julie-Anne,9,LFF,liberals for forests,895.0,75879.0,0.0117950948220192,LFF,False,False,Greenway,0,-0.0282049051779808,1.94,0.0,14,,,,0,0.0,,2004-2007,2007,
2004,NSW,122,Greenway,15155,TAN,Greg,10,CDP,Christian Democratic Party (Fred Nile Group),2142.0,75879.0,0.0282291543114695,CDP,False,False,Greenway,0,-0.011770845688530502,1.94,0.0,14,0.0212488512456223,1711.0,80522.0,1,0.0212488512456223,-0.006980303065847199,2004-2007,2007,
2004,NSW,122,Greenway,12985,TANDA,Amarjit,11,IND,Independent,267.0,75879.0,0.0035187601312616,IND,False,True,Greenway,0,-0.0364812398687384,1.94,0.0,14,0.0166786716673704,1343.0,80522.0,1,0.0166786716673704,0.013159911536108801,2004-2007,2007,
2004,NSW,122,Greenway,14757,REVES,Goran,13,CEC,Citizens Electoral Council,79.0,75879.0,0.0010411312747927,CEC,False,False,Greenway,0,-0.0389588687252073,1.94,0.0,14,0.0028315243039169,228.0,80522.0,1,0.0028315243039169,0.0017903930291242002,2004-2007,2007,
2004,NSW,122,Greenway,15395,DORHAUER,John,14,FFP,Family First,877.0,75879.0,0.0115578750378892,FFP,False,False,Greenway,0,-0.0284421249621108,1.94,0.0,14,0.0162936837137676,1312.0,80522.0,1,0.0162936837137676,0.004735808675878401,2004-2007,2007,
2004,NSW,123,Gwydir,14321,SIMS,Glenn Richard,2,CLR,Country Labor,17396.0,75792.0,0.2295229047920625,CLR,False,False,Gwydir,1,0.1895229047920625,1.94,33748.24,6,,,,0,0.0,,2004-2007,2007,
2004,NSW,123,Gwydir,14752,STRINGER,Richard,4,CEC,Citizens Electoral Council,808.0,75792.0,0.010660755752586,CEC,False,False,Gwydir,0,-0.029339244247414,1.94,0.0,6,,,,0,0.0,,2004-2007,2007,
2004,NSW,123,Gwydir,15384,ROGERS,Colin,5,HAN,Pauline Hanson's One Nation (NSW Division),3441.0,75792.0,0.0454005699810006,ON,False,False,Gwydir,1,0.005400569981000601,1.94,6675.54,6,,,,0,0.0,,2004-2007,2007,
2004,NSW,123,Gwydir,12990,HAIGH,Bruce,6,IND,Independent,3797.0,75792.0,0.0500976356343677,IND,False,True,Gwydir,1,0.010097635634367698,1.94,7366.179999999999,6,,,,0,0.0,,2004-2007,2007,
2004,NSW,124,Hughes,15599,BUNT,Rob,1,DEM,Australian Democrats,1162.0,79092.0,0.0146917513781419,DEM,False,False,Hughes,0,-0.0253082486218581,1.94,0.0,6,,,,0,0.0,,2004-2007,2007,
2004,NSW,124,Hughes,15149,VANDERJAGT,John,4,CDP,Christian Democratic Party (Fred Nile Group),2589.0,79092.0,0.0327340312547413,CDP,False,False,Hughes,0,-0.0072659687452587,1.94,0.0,6,0.0289634693901986,2419.0,83519.0,1,0.0289634693901986,-0.0037705618645427,2004-2007,2007,
2004,NSW,124,Hughes,14274,DAVIS,Bob,6,VET,"Ex-Service, Service & Veterans Party",1504.0,79092.0,0.0190158296667172,VET,False,False,Hughes,0,-0.0209841703332828,1.94,0.0,6,,,,0,0.0,,2004-2007,2007,
2004,NSW,125,Hume,15171,PEET,Geoff,1,CDP,Christian Democratic Party (Fred Nile Group),2880.0,80946.0,0.0355792750722704,CDP,False,False,Hume,0,-0.004420724927729602,1.94,0.0,8,0.0239106384497341,2010.0,84063.0,1,0.0239106384497341,-0.0116686366225363,2004-2007,2007,
2004,NSW,125,Hume,15575,MINISSALE,Giuseppe,2,DEM,Australian Democrats,713.0,80946.0,0.008808341363378,DEM,False,False,Hume,0,-0.031191658636622002,1.94,0.0,8,,,,0,0.0,,2004-2007,2007,
2004,NSW,125,Hume,15381,MARTIN,Peter,3,IND,Independent,1023.0,80946.0,0.0126380549996293,IND,False,True,Hume,0,-0.027361945000370702,1.94,0.0,8,,,,0,0.0,,2004-2007,2007,
2004,NSW,125,Hume,15292,SCHOFIELD,Arthur,4,IND,Independent,1011.0,80946.0,0.0124898080201615,IND,False,True,Hume,0,-0.0275101919798385,1.94,0.0,8,,,,0,0.0,,2004-2007,2007,
2004,NSW,125,Hume,14728,COSGROVE,Lindsay,8,CEC,Citizens Electoral Council,541.0,80946.0,0.0066834679910063,CEC,False,False,Hume,0,-0.033316532008993704,1.94,0.0,8,0.0054126072112582,455.0,84063.0,1,0.0054126072112582,-0.0012708607797480998,2004-2007,2007,
2004,NSW,126,Hunter,12778,FOX,Bill,3,IND,Independent,2618.0,80632.0,0.0324684988590137,IND,False,True,Hunter,0,-0.007531501140986302,1.94,0.0,8,,,,0,0.0,,2004-2007,2007,
2004,NSW,126,Hunter,15413,SCHOLES,Neil,4,HAN,Pauline Hanson's One Nation (NSW Division),2543.0,80632.0,0.0315383470582399,ON,False,False,Hunter,0,-0.0084616529417601,1.94,0.0,8,,,,0,0.0,,2004-2007,2007,
2004,NSW,126,Hunter,14717,LAWLER,Ann,6,CEC,Citizens Electoral Council,2590.0,80632.0,0.0321212421867248,CEC,False,False,Hunter,0,-0.007878757813275204,1.94,0.0,8,0.0155666025617765,1287.0,82677.0,1,0.0155666025617765,-0.016554639624948297,2004-2007,2007,
2004,NSW,126,Hunter,15430,WOODS,Michael,7,FFP,Family First,1176.0,80632.0,0.0145847802361345,FFP,False,False,Hunter,0,-0.0254152197638655,1.94,0.0,8,,,,0,0.0,,2004-2007,2007,
2004,NSW,126,Hunter,15150,MELBOURNE,Adrian,8,CDP,Christian Democratic Party (Fred Nile Group),1673.0,80632.0,0.0207485861692628,CDP,False,False,Hunter,0,-0.0192514138307372,1.94,0.0,8,0.0209973753280839,1736.0,82677.0,1,0.0209973753280839,0.0002487891588210979,2004-2007,2007,
2004,NSW,127,Kingsford Smith,15221,COGAN,James,2,,,214.0,73715.0,0.0029030726446449,,False,False,Kingsford Smith,0,-0.0370969273553551,1.94,0.0,9,,,,0,0.0,,2004-2007,2007,
2004,NSW,127,Kingsford Smith,14141,MATTHEWS,Charles,3,IND,Independent,2505.0,73715.0,0.0339822288543715,IND,False,True,Kingsford Smith,0,-0.0060177711456285005,1.94,0.0,9,,,,0,0.0,,2004-2007,2007,
2004,NSW,127,Kingsford Smith,14218,GILROY,Reg Stewart,4,NGS,No GST,563.0,73715.0,0.00763752289222,NGS,False,False,Kingsford Smith,0,-0.03236247710778,1.94,0.0,9,,,,0,0.0,,2004-2007,2007,
2004,NSW,127,Kingsford Smith,15572,TILLOTSON,Nicole,5,DEM,Australian Democrats,747.0,73715.0,0.0101336227362137,DEM,False,False,Kingsford Smith,0,-0.0298663772637863,1.94,0.0,9,,,,0,0.0,,2004-2007,2007,
2004,NSW,127,Kingsford Smith,15365,WINTER,Anna,6,HAN,Pauline Hanson's One Nation (NSW Division),779.0,73715.0,0.0105677270569083,ON,False,False,Kingsford Smith,0,-0.0294322729430917,1.94,0.0,9,,,,0,0.0,,2004-2007,2007,
2004,NSW,127,Kingsford Smith,15168,FRANCES,Maureen,9,SAL,Socialist Alliance,273.0,73715.0,0.0037034524859255,SAL,False,False,Kingsford Smith,0,-0.036296547514074504,1.94,0.0,9,,,,0,0.0,,2004-2007,2007,
2004,NSW,128,Lindsay,14615,DERRIG,Garth,1,NGS,No GST,1156.0,73054.0,0.0158239110794754,NGS,False,False,Lindsay,0,-0.0241760889205246,1.94,0.0,10,,,,0,0.0,,2004-2007,2007,
2004,NSW,128,Lindsay,14901,ANDERSON,Bruce,2,CEC,Citizens Electoral Council,148.0,73054.0,0.0020258986503134,CEC,False,False,Lindsay,0,-0.0379741013496866,1.94,0.0,10,,,,0,0.0,,2004-2007,2007,
2004,NSW,128,Lindsay,15391,WATSON,Megan,4,FFP,Family First,1006.0,73054.0,0.0137706354203739,FFP,False,False,Lindsay,0,-0.026229364579626102,1.94,0.0,10,0.0111982768116119,915.0,81709.0,1,0.0111982768116119,-0.002572358608762001,2004-2007,2007,
2004,NSW,128,Lindsay,15256,PHILLIPS,John,5,CDP,Christian Democratic Party (Fred Nile Group),2026.0,73054.0,0.027732909902264,CDP,False,False,Lindsay,0,-0.012267090097736001,1.94,0.0,10,0.0305719076233952,2498.0,81709.0,1,0.0305719076233952,0.0028389977211311992,2004-2007,2007,
2004,NSW,128,Lindsay,15562,WATERS,Geraldine,8,DEM,Australian Democrats,615.0,73054.0,0.008418430202316,DEM,False,False,Lindsay,0,-0.031581569797684,1.94,0.0,10,,,,0,0.0,,2004-2007,2007,
2004,NSW,128,Lindsay,14526,BATES,Barbie,9,SAS,Save the ADI Site Party,1953.0,73054.0,0.0267336490815013,SAS,False,False,Lindsay,0,-0.0132663509184987,1.94,0.0,10,,,,0,0.0,,2004-2007,2007,
2004,NSW,128,Lindsay,15369,KEDWELL,Louise,10,HAN,Pauline Hanson's One Nation (NSW Division),1367.0,73054.0,0.0187121855066115,ON,False,False,Lindsay,0,-0.021287814493388502,1.94,0.0,10,,,,0,0.0,,2004-2007,2007,
2004,NSW,129,Lowe,15494,AVERY,Timothy,2,LFF,liberals for forests,717.0,76415.0,0.0093829745468821,LFF,False,False,Lowe,0,-0.030617025453117903,1.94,0.0,7,,,,0,0.0,,2004-2007,2007,
2004,NSW,129,Lowe,15184,RAHME,Peter,3,CDP,Christian Democratic Party (Fred Nile Group),1519.0,76415.0,0.0198782961460446,CDP,False,False,Lowe,0,-0.0201217038539554,1.94,0.0,7,0.0205404580928896,1616.0,78674.0,1,0.0205404580928896,0.0006621619468449996,2004-2007,2007,
2004,NSW,129,Lowe,15602,PACE,Biannca,4,DEM,Australian Democrats,1013.0,76415.0,0.0132565595759994,DEM,False,False,Lowe,0,-0.0267434404240006,1.94,0.0,7,,,,0,0.0,,2004-2007,2007,
2004,NSW,129,Lowe,15373,MASON,John,6,HAN,Pauline Hanson's One Nation (NSW Division),678.0,76415.0,0.0088726035464241,ON,False,False,Lowe,0,-0.0311273964535759,1.94,0.0,7,,,,0,0.0,,2004-2007,2007,
2004,NSW,130,Lyne,15564,WILDBLOOD,Peter,1,DEM,Australian Democrats,1401.0,83394.0,0.0167997697676091,DEM,False,False,Lyne,0,-0.0232002302323909,1.94,0.0,10,,,,0,0.0,,2004-2007,2007,
2004,NSW,130,Lyne,15363,STANFIELD,Joan,2,HAN,Pauline Hanson's One Nation (NSW Division),3046.0,83394.0,0.0365254095018826,ON,False,False,Lyne,0,-0.003474590498117401,1.94,0.0,10,,,,0,0.0,,2004-2007,2007,
2004,NSW,130,Lyne,14744,MULDOON,Graeme,3,CEC,Citizens Electoral Council,225.0,83394.0,0.0026980358299158,CEC,False,False,Lyne,0,-0.037301964170084204,1.94,0.0,10,0.002327287445296,184.0,79062.0,1,0.002327287445296,-0.0003707483846197997,2004-2007,2007,
2004,NSW,130,Lyne,14520,MURPHY,Robyn,4,NCO,New Country,2824.0,83394.0,0.0338633474830323,NCO,False,False,Lyne,0,-0.006136652516967704,1.94,0.0,10,,,,0,0.0,,2004-2007,2007,
2004,NSW,130,Lyne,15388,APOSTLE,Simon,5,FFP,Family First,1181.0,83394.0,0.0141616902894692,FFP,False,False,Lyne,0,-0.0258383097105308,1.94,0.0,10,,,,0,0.0,,2004-2007,2007,
2004,NSW,130,Lyne,15096,BAILEY,Ron,9,SAL,Socialist Alliance,141.0,83394.0,0.0016907691200805,SAL,False,False,Lyne,0,-0.0383092308799195,1.94,0.0,10,,,,0,0.0,,2004-2007,2007,
2004,NSW,130,Lyne,15548,SALT,Kerry,10,IND,Independent,1327.0,83394.0,0.0159124157613257,IND,False,True,Lyne,0,-0.0240875842386743,1.94,0.0,10,0.0123826870051352,979.0,79062.0,1,0.0123826870051352,-0.0035297287561905,2004-2007,2007,
2004,NSW,131,Macarthur,15406,AGIUS,Mick,1,FFP,Family First,1735.0,74291.0,0.0233541074961973,FFP,False,False,Macarthur,0,-0.0166458925038027,1.94,0.0,8,0.017266581399598,1323.0,76622.0,1,0.017266581399598,-0.006087526096599301,2004-2007,2007,
2004,NSW,131,Macarthur,15252,DUNKERLEY,Ralph Bernard,2,CDP,Christian Democratic Party (Fred Nile Group),1730.0,74291.0,0.0232868045927501,CDP,False,False,Macarthur,0,-0.0167131954072499,1.94,0.0,8,0.0177103181853775,1357.0,76622.0,1,0.0177103181853775,-0.0055764864073725995,2004-2007,2007,
2004,NSW,131,Macarthur,15370,WATKINS,Len,4,HAN,Pauline Hanson's One Nation (NSW Division),1266.0,74291.0,0.0170410951528448,ON,False,False,Macarthur,0,-0.022958904847155202,1.94,0.0,8,,,,0,0.0,,2004-2007,2007,
2004,NSW,131,Macarthur,15523,BRAZENALL,Max,5,IND,Independent,558.0,74291.0,0.0075110040247136,IND,False,True,Macarthur,0,-0.0324889959752864,1.94,0.0,8,,,,0,0.0,,2004-2007,2007,
2004,NSW,131,Macarthur,15581,PEARCE,Lester,7,DEM,Australian Democrats,625.0,74291.0,0.0084128629309068,DEM,False,False,Macarthur,0,-0.031587137069093205,1.94,0.0,8,0.0080655686356398,618.0,76622.0,1,0.0080655686356398,-0.0003472942952669998,2004-2007,2007,
2004,NSW,132,Mackellar,15347,WELLS,Stephen,1,IND,Independent,1231.0,78195.0,0.015742694545687,IND,False,True,Mackellar,0,-0.024257305454313,1.94,0.0,7,0.0196704514314989,1651.0,83933.0,1,0.0196704514314989,0.0039277568858119005,2004-2007,2007,
2004,NSW,132,Mackellar,15593,NICOTRA,Mario,3,DEM,Australian Democrats,1133.0,78195.0,0.0144894174819361,DEM,False,False,Mackellar,0,-0.0255105825180639,1.94,0.0,7,0.0111160091978125,933.0,83933.0,1,0.0111160091978125,-0.0033734082841235993,2004-2007,2007,
2004,NSW,132,Mackellar,15420,DUNN,Robert Thomas,4,IND,Independent,6050.0,78195.0,0.0773706758744165,IND,False,True,Mackellar,1,0.0373706758744165,1.94,11737.0,7,0.0196704514314989,1651.0,83933.0,1,0.0196704514314989,-0.0577002244429176,2004-2007,2007,
2004,NSW,132,Mackellar,15443,TRESTRAIL,Roz,5,FFP,Family First,1318.0,78195.0,0.0168552976533026,FFP,False,False,Mackellar,0,-0.0231447023466974,1.94,0.0,7,,,,0,0.0,,2004-2007,2007,
2004,NSW,133,Macquarie,15517,WILLIAMS,Tim,1,IND,Independent,1774.0,78885.0,0.022488432528364,IND,False,True,Macquarie,0,-0.017511567471636,1.94,0.0,9,0.0472488515508338,4145.0,87727.0,1,0.0472488515508338,0.024760419022469796,2004-2007,2007,
2004,NSW,133,Macquarie,15563,HAYDON,John,2,DEM,Australian Democrats,969.0,78885.0,0.0122837041262597,DEM,False,False,Macquarie,0,-0.0277162958737403,1.94,0.0,9,,,,0,0.0,,2004-2007,2007,
2004,NSW,133,Macquarie,14504,DERRIG,Matthew,4,NGS,No GST,639.0,78885.0,0.0081003993154592,NGS,False,False,Macquarie,0,-0.0318996006845408,1.94,0.0,9,,,,0,0.0,,2004-2007,2007,
2004,NSW,133,Macquarie,15396,GERI,Troy,6,FFP,Family First,1082.0,78885.0,0.0137161691069278,FFP,False,False,Macquarie,0,-0.0262838308930722,1.94,0.0,9,0.0053005346130609,465.0,87727.0,1,0.0053005346130609,-0.0084156344938669,2004-2007,2007,
2004,NSW,133,Macquarie,14742,SEGEDIN,Michael,7,CEC,Citizens Electoral Council,86.0,78885.0,0.0010901945870571,CEC,False,False,Macquarie,0,-0.0389098054129429,1.94,0.0,9,0.0011285009176194,99.0,87727.0,1,0.0011285009176194,3.830633056229986e-05,2004-2007,2007,
2004,NSW,133,Macquarie,15164,GRIGG,Brian,8,CDP,Christian Democratic Party (Fred Nile Group),1855.0,78885.0,0.0235152437091969,CDP,False,False,Macquarie,0,-0.0164847562908031,1.94,0.0,9,0.0194010965837199,1702.0,87727.0,1,0.0194010965837199,-0.004114147125477002,2004-2007,2007,
2004,NSW,134,Mitchell,15614,KESHAVARZ TALEBI,Kamran,1,DEM,Australian Democrats,1440.0,84815.0,0.0169781288687142,DEM,False,False,Mitchell,0,-0.0230218711312858,1.94,0.0,9,,,,0,0.0,,2004-2007,2007,
2004,NSW,134,Mitchell,15394,MONTGOMERY,Joy,2,FFP,Family First,1140.0,84815.0,0.0134410186877321,FFP,False,False,Mitchell,0,-0.0265589813122679,1.94,0.0,9,0.0125739735971161,1022.0,81279.0,1,0.0125739735971161,-0.0008670450906159994,2004-2007,2007,
2004,NSW,134,Mitchell,15195,BODLAY,Jordie Stuart,4,IND,Independent,476.0,84815.0,0.0056122148204916,IND,False,True,Mitchell,0,-0.0343877851795084,1.94,0.0,9,0.0100271902951561,815.0,81279.0,1,0.0100271902951561,0.004414975474664499,2004-2007,2007,
2004,NSW,134,Mitchell,15367,BYLEVELD,Norman,5,HAN,Pauline Hanson's One Nation (NSW Division),1037.0,84815.0,0.0122266108589282,ON,False,False,Mitchell,0,-0.027773389141071803,1.94,0.0,9,,,,0,0.0,,2004-2007,2007,
2004,NSW,134,Mitchell,15253,HORGAN,Michael,8,CDP,Christian Democratic Party (Fred Nile Group),2161.0,84815.0,0.0254789836703413,CDP,False,False,Mitchell,0,-0.0145210163296587,1.94,0.0,9,0.025824628747893,2099.0,81279.0,1,0.025824628747893,0.00034564507755169976,2004-2007,2007,
2004,NSW,134,Mitchell,9473,BURKE,Stephen,9,IND,Independent,1048.0,84815.0,0.0123563048988976,IND,False,True,Mitchell,0,-0.0276436951011024,1.94,0.0,9,0.0100271902951561,815.0,81279.0,1,0.0100271902951561,-0.0023291146037415014,2004-2007,2007,
2004,NSW,135,New England,14865,LAWLER,Steve,1,CEC,Citizens Electoral Council,455.0,80441.0,0.0056563195385437,CEC,False,False,New England,0,-0.0343436804614563,1.94,0.0,7,0.0026427061310782,225.0,85140.0,1,0.0026427061310782,-0.0030136134074655,2004-2007,2007,
2004,NSW,135,New England,14334,SMITH,Greg,5,CLR,Country Labor,6988.0,80441.0,0.0868711229348218,CLR,False,False,New England,1,0.0468711229348218,1.94,13556.72,7,0.0982851773549448,8368.0,85140.0,1,0.0982851773549448,0.011414054420122999,2004-2007,2007,
2004,NSW,135,New England,15377,SCHOLES,Raymond,6,HAN,Pauline Hanson's One Nation (NSW Division),1146.0,80441.0,0.0142464663542223,ON,False,False,New England,0,-0.0257535336457777,1.94,0.0,7,0.0125792811839323,1071.0,85140.0,1,0.0125792811839323,-0.0016671851702900007,2004-2007,2007,
2004,NSW,135,New England,13274,WINDSOR,Tony,7,IND,Independent,46072.0,80441.0,0.5727427555599757,IND,False,True,New England,1,0.5327427555599756,1.94,89379.68,7,0.6193798449612403,52734.0,85140.0,1,0.6193798449612403,0.04663708940126465,2004-2007,2007,
2004,NSW,136,Newcastle,15571,SMITH,Eddie,3,DEM,Australian Democrats,2018.0,81318.0,0.0248161538650729,DEM,False,False,Newcastle,0,-0.015183846134927102,1.94,0.0,7,0.0105387663374534,891.0,84545.0,1,0.0105387663374534,-0.0142773875276195,2004-2007,2007,
2004,NSW,136,Newcastle,15313,WILLIAMS,Harry,4,PLP,Progressive Labour Party,2001.0,81318.0,0.0246070980594702,PLP,False,False,Newcastle,0,-0.0153929019405298,1.94,0.0,7,,,,0,0.0,,2004-2007,2007,
2004,NSW,136,Newcastle,15114,ROBSON,Peter,6,SAL,Socialist Alliance,491.0,81318.0,0.006038023561819,SAL,False,False,Newcastle,0,-0.033961976438181,1.94,0.0,7,0.0039387308533916,333.0,84545.0,1,0.0039387308533916,-0.0020992927084274,2004-2007,2007,
2004,NSW,136,Newcastle,14762,BOWER,Don,7,CEC,Citizens Electoral Council,813.0,81318.0,0.0099977864679406,CEC,False,False,Newcastle,0,-0.030002213532059403,1.94,0.0,7,,,,0,0.0,,2004-2007,2007,
2004,NSW,137,North Sydney,14370,COWDERY,Edwina Mary,3,IND,Independent,1884.0,80199.0,0.0234915647327273,IND,False,True,North Sydney,0,-0.016508435267272702,1.94,0.0,5,0.0061691472268158,526.0,85263.0,1,0.0061691472268158,-0.0173224175059115,2004-2007,2007,
2004,NSW,137,North Sydney,15629,de VOOGD,Jan,5,DEM,Australian Democrats,1456.0,80199.0,0.0181548398359081,DEM,False,False,North Sydney,0,-0.021845160164091902,1.94,0.0,5,,,,0,0.0,,2004-2007,2007,
2004,NSW,138,Page,15019,GRIFFITHS,Angela,1,CEC,Citizens Electoral Council,839.0,77633.0,0.0108072597993121,CEC,False,False,Page,0,-0.0291927402006879,1.94,0.0,8,0.0016723190270143,143.0,85510.0,1,0.0016723190270143,-0.0091349407722978,2004-2007,2007,
2004,NSW,138,Page,15455,MATEER,Chris,2,ORP,Outdoor Recreation Party,1225.0,77633.0,0.0157793721742042,ORP,False,False,Page,0,-0.0242206278257958,1.94,0.0,8,,,,0,0.0,,2004-2007,2007,
2004,NSW,138,Page,9663,BEHN,Doug,4,,,1216.0,77633.0,0.0156634420929244,,False,False,Page,0,-0.0243365579070756,1.94,0.0,8,,,,0,0.0,,2004-2007,2007,
2004,NSW,138,Page,15188,FLANAGAN,Tom,6,SAL,Socialist Alliance,460.0,77633.0,0.0059253152654154,SAL,False,False,Page,0,-0.0340746847345846,1.94,0.0,8,,,,0,0.0,,2004-2007,2007,
2004,NSW,138,Page,15479,ANDERSON,Belinda,8,LFF,liberals for forests,2155.0,77633.0,0.0277588139064573,LFF,False,False,Page,0,-0.012241186093542702,1.94,0.0,8,,,,0,0.0,,2004-2007,2007,
2004,NSW,139,Parkes,14325,KNAGGE,Joe,1,CLR,Country Labor,23568.0,75335.0,0.3128426362248623,CLR,False,False,Parkes,1,0.2728426362248623,1.94,45721.92,5,0.2536953279414083,20922.0,82469.0,1,0.2536953279414083,-0.05914730828345399,2004-2007,2007,
2004,NSW,139,Parkes,15505,BOLAND,Michael John,4,IND,Independent,2904.0,75335.0,0.0385478197385013,IND,False,True,Parkes,0,-0.001452180261498702,1.94,0.0,5,0.2073263893099225,17098.0,82469.0,1,0.2073263893099225,0.1687785695714212,2004-2007,2007,
2004,NSW,139,Parkes,14798,RANGIHAEATA,Makere,5,CEC,Citizens Electoral Council,717.0,75335.0,0.0095174885511382,CEC,False,False,Parkes,0,-0.0304825114488618,1.94,0.0,5,0.0034800955510555,287.0,82469.0,1,0.0034800955510555,-0.0060373930000827,2004-2007,2007,
2004,NSW,140,Parramatta,15492,GUEST,Mark Antony,2,LFF,liberals for forests,985.0,75009.0,0.0131317575224306,LFF,False,False,Parramatta,0,-0.0268682424775694,1.94,0.0,11,,,,0,0.0,,2004-2007,2007,
2004,NSW,140,Parramatta,15362,SATCHWELL,John,3,HAN,Pauline Hanson's One Nation (NSW Division),859.0,75009.0,0.0114519590982415,ON,False,False,Parramatta,0,-0.0285480409017585,1.94,0.0,11,,,,0,0.0,,2004-2007,2007,
2004,NSW,140,Parramatta,15465,SAAD,Simon,4,NGS,No GST,581.0,75009.0,0.0077457371782052,NGS,False,False,Parramatta,0,-0.032254262821794805,1.94,0.0,11,,,,0,0.0,,2004-2007,2007,
2004,NSW,140,Parramatta,15407,MARKWELL,Andrew,5,FFP,Family First,674.0,75009.0,0.0089855883960591,FFP,False,False,Parramatta,0,-0.031014411603940903,1.94,0.0,11,0.0104249823902324,888.0,85180.0,1,0.0104249823902324,0.0014393939941732999,2004-2007,2007,
2004,NSW,140,Parramatta,15201,BAISSARI,Sam,6,CDP,Christian Democratic Party (Fred Nile Group),1948.0,75009.0,0.0259702169073044,CDP,False,False,Parramatta,0,-0.014029783092695602,1.94,0.0,11,0.0282108476168114,2403.0,85180.0,1,0.0282108476168114,0.002240630709507002,2004-2007,2007,
2004,NSW,140,Parramatta,15576,MCFARLANE,Rob,8,DEM,Australian Democrats,798.0,75009.0,0.0106387233531976,DEM,False,False,Parramatta,0,-0.029361276646802402,1.94,0.0,11,,,,0,0.0,,2004-2007,2007,
2004,NSW,140,Parramatta,14529,BLOOR,Margaret,10,SAS,Save the ADI Site Party,175.0,75009.0,0.0023330533669293,SAS,False,False,Parramatta,0,-0.0376669466330707,1.94,0.0,11,,,,0,0.0,,2004-2007,2007,
2004,NSW,249,Paterson,15573,McKENZIE,Bruce,1,VET,"Ex-Service, Service & Veterans Party",987.0,79420.0,0.0124276001007302,VET,False,False,Paterson,0,-0.027572399899269802,1.94,0.0,11,,,,0,0.0,,2004-2007,2007,
2004,NSW,249,Paterson,15301,SMITH,Neil,2,IND,Independent,351.0,79420.0,0.0044195416771594,IND,False,True,Paterson,0,-0.035580458322840604,1.94,0.0,11,,,,0,0.0,,2004-2007,2007,
2004,NSW,249,Paterson,15515,HENNELLY,Paul,3,FPY,The Fishing Party,778.0,79420.0,0.0097960211533618,FPY,False,False,Paterson,0,-0.030203978846638203,1.94,0.0,11,0.0127865961199294,1073.0,83916.0,1,0.0127865961199294,0.0029905749665676013,2004-2007,2007,
2004,NSW,249,Paterson,14300,TUFFY,Mike,4,IND,Independent,677.0,79420.0,0.0085243011835809,IND,False,True,Paterson,0,-0.0314756988164191,1.94,0.0,11,,,,0,0.0,,2004-2007,2007,
2004,NSW,249,Paterson,15598,PATERSON,Brett,6,DEM,Australian Democrats,577.0,79420.0,0.0072651725006295,DEM,False,False,Paterson,0,-0.0327348274993705,1.94,0.0,11,,,,0,0.0,,2004-2007,2007,
2004,NSW,249,Paterson,15411,GRIFFITH,Charlie,7,HAN,Pauline Hanson's One Nation (NSW Division),1417.0,79420.0,0.0178418534374213,ON,False,False,Paterson,0,-0.022158146562578702,1.94,0.0,11,0.0099146765813432,832.0,83916.0,1,0.0099146765813432,-0.007927176856078098,2004-2007,2007,
2004,NSW,249,Paterson,15417,ROBB,Larissa,8,FFP,Family First,681.0,79420.0,0.008574666330899,FFP,False,False,Paterson,0,-0.031425333669101,1.94,0.0,11,0.0066614233280899,559.0,83916.0,1,0.0066614233280899,-0.0019132430028091004,2004-2007,2007,
2004,NSW,249,Paterson,14803,KING,Tony,9,CEC,Citizens Electoral Council,727.0,79420.0,0.0091538655250566,CEC,False,False,Paterson,0,-0.0308461344749434,1.94,0.0,11,0.0040635873969207,341.0,83916.0,1,0.0040635873969207,-0.0050902781281359,2004-2007,2007,
2004,NSW,142,Prospect,15196,POULARAS,Manny,2,CDP,Christian Democratic Party (Fred Nile Group),2285.0,75493.0,0.0302677069397162,CDP,False,False,Prospect,0,-0.009732293060283802,1.94,0.0,6,0.0275788146279949,2187.0,79300.0,1,0.0275788146279949,-0.0026888923117213,2004-2007,2007,
2004,NSW,142,Prospect,15587,ARTHUR,Lily,4,DEM,Australian Democrats,1131.0,75493.0,0.0149815214655663,DEM,False,False,Prospect,0,-0.025018478534433702,1.94,0.0,6,,,,0,0.0,,2004-2007,2007,
2004,NSW,142,Prospect,15385,ABROMAS,John,5,HAN,Pauline Hanson's One Nation (NSW Division),1438.0,75493.0,0.0190481236670949,ON,False,False,Prospect,0,-0.0209518763329051,1.94,0.0,6,,,,0,0.0,,2004-2007,2007,
2004,NSW,144,Reid,15053,KHOURY,Nicholas,1,NGS,No GST,3084.0,64346.0,0.0479283871569328,NGS,False,False,Reid,1,0.007928387156932802,1.94,5982.96,8,,,,0,0.0,,2004-2007,2007,
2004,NSW,144,Reid,15126,MACDONALD,Lisa,2,SAL,Socialist Alliance,673.0,64346.0,0.0104590805955304,SAL,False,False,Reid,0,-0.029540919404469602,1.94,0.0,8,,,,0,0.0,,2004-2007,2007,
2004,NSW,144,Reid,15368,WILLIAMS,Neville,3,HAN,Pauline Hanson's One Nation (NSW Division),1267.0,64346.0,0.0196904236471575,ON,False,False,Reid,0,-0.0203095763528425,1.94,0.0,8,,,,0,0.0,,2004-2007,2007,
2004,NSW,144,Reid,15257,LAURENCE,Kylie Mary,4,CDP,Christian Democratic Party (Fred Nile Group),2296.0,64346.0,0.0356820936810368,CDP,False,False,Reid,0,-0.004317906318963199,1.94,0.0,8,0.039905334978222,3170.0,79438.0,1,0.039905334978222,0.004223241297185196,2004-2007,2007,
2004,NSW,144,Reid,15585,YOO,Tony,7,DEM,Australian Democrats,802.0,64346.0,0.0124638672178534,DEM,False,False,Reid,0,-0.027536132782146602,1.94,0.0,8,0.0141368110979631,1123.0,79438.0,1,0.0141368110979631,0.0016729438801097,2004-2007,2007,
2004,NSW,145,Richmond,15416,LEES,Craig,1,FFP,Family First,1626.0,78819.0,0.0206295436379553,FFP,False,False,Richmond,0,-0.0193704563620447,1.94,0.0,8,,,,0,0.0,,2004-2007,2007,
2004,NSW,145,Richmond,15526,JEFFERYS,Dean,2,NDP,Nuclear Disarmament Party of Australia,341.0,78819.0,0.0043263680077138,NDP,False,False,Richmond,0,-0.0356736319922862,1.94,0.0,8,,,,0,0.0,,2004-2007,2007,
2004,NSW,145,Richmond,15540,WATT,Allan,3,VET,"Ex-Service, Service & Veterans Party",617.0,78819.0,0.0078280617617579,VET,False,False,Richmond,0,-0.032171938238242104,1.94,0.0,8,,,,0,0.0,,2004-2007,2007,
2004,NSW,145,Richmond,15482,TYLER,Fiona,4,LFF,liberals for forests,1417.0,78819.0,0.0179778987300016,LFF,False,False,Richmond,0,-0.0220221012699984,1.94,0.0,8,,,,0,0.0,,2004-2007,2007,
2004,NSW,145,Richmond,15608,WINTON-BROWN,Timothy,6,DEM,Australian Democrats,913.0,78819.0,0.0115835014400081,DEM,False,False,Richmond,0,-0.0284164985599919,1.94,0.0,8,0.0116584443953562,950.0,81486.0,1,0.0116584443953562,7.494295534809896e-05,2004-2007,2007,
2004,NSW,250,Riverina,15374,TURNER,Neil,1,HAN,Pauline Hanson's One Nation (NSW Division),3389.0,81294.0,0.0416881934706128,ON,False,False,Riverina,1,0.0016881934706127963,1.94,6574.66,4,0.0217762393608193,1837.0,84358.0,1,0.0217762393608193,-0.019911954109793496,2004-2007,2007,
2004,NSW,250,Riverina,14402,BROOKS,Victoria,2,CLR,Country Labor,20080.0,81294.0,0.2470046989937756,CLR,False,False,Riverina,1,0.2070046989937756,1.94,38955.2,4,0.2900851134450793,24471.0,84358.0,1,0.2900851134450793,0.0430804144513037,2004-2007,2007,
2004,NSW,146,Robertson,15454,DORHAUER,Carolyn,2,FFP,Family First,1312.0,77990.0,0.0168226695730221,FFP,False,False,Robertson,0,-0.0231773304269779,1.94,0.0,6,0.0081183350533195,708.0,87210.0,1,0.0081183350533195,-0.0087043345197026,2004-2007,2007,
2004,NSW,146,Robertson,15361,PARKES,Don,3,HAN,Pauline Hanson's One Nation (NSW Division),1344.0,77990.0,0.0172329785869983,ON,False,False,Robertson,0,-0.0227670214130017,1.94,0.0,6,0.010595115239078,924.0,87210.0,1,0.010595115239078,-0.006637863347920301,2004-2007,2007,
2004,NSW,146,Robertson,14783,TOMLIN,Nicholas,5,CEC,Citizens Electoral Council,211.0,77990.0,0.0027054750609052,CEC,False,False,Robertson,0,-0.0372945249390948,1.94,0.0,6,0.0016167870657034,141.0,87210.0,1,0.0016167870657034,-0.0010886879952018,2004-2007,2007,
2004,NSW,148,Shortland,15418,DIXON,Brian,3,FFP,Family First,1804.0,80275.0,0.0224727499221426,FFP,False,False,Shortland,0,-0.017527250077857402,1.94,0.0,6,0.0192188541167393,1644.0,85541.0,1,0.0192188541167393,-0.0032538958054032993,2004-2007,2007,
2004,NSW,148,Shortland,15612,LEE,Peter,5,DEM,Australian Democrats,1211.0,80275.0,0.0150856431018374,DEM,False,False,Shortland,0,-0.0249143568981626,1.94,0.0,6,,,,0,0.0,,2004-2007,2007,
2004,NSW,148,Shortland,15372,ROBERTS,Florence,6,HAN,Pauline Hanson's One Nation (NSW Division),2113.0,80275.0,0.0263220180629087,ON,False,False,Shortland,0,-0.0136779819370913,1.94,0.0,6,,,,0,0.0,,2004-2007,2007,
2004,NSW,149,Sydney,15520,WARD,Jane,1,IND,Independent,1346.0,82283.0,0.0163581784815818,IND,False,True,Sydney,0,-0.0236418215184182,1.94,0.0,8,0.0127866882608014,979.0,76564.0,1,0.0127866882608014,-0.0035714902207803993,2004-2007,2007,
2004,NSW,149,Sydney,14835,FORD,Adrian,5,CEC,Citizens Electoral Council,150.0,82283.0,0.0018229767995819,CEC,False,False,Sydney,0,-0.0381770232004181,1.94,0.0,8,0.0024032182226633,184.0,76564.0,1,0.0024032182226633,0.0005802414230814,2004-2007,2007,
2004,NSW,149,Sydney,14142,WEBB,Michael,6,IND,Independent,553.0,82283.0,0.0067207078011253,IND,False,True,Sydney,0,-0.0332792921988747,1.94,0.0,8,0.0127866882608014,979.0,76564.0,1,0.0127866882608014,0.0060659804596761005,2004-2007,2007,
2004,NSW,149,Sydney,15118,PRICE,Susan,7,SAL,Socialist Alliance,564.0,82283.0,0.006854392766428,SAL,False,False,Sydney,0,-0.033145607233572,1.94,0.0,8,,,,0,0.0,,2004-2007,2007,
2004,NSW,149,Sydney,15584,BLEICHER,Michelle,8,DEM,Australian Democrats,1701.0,82283.0,0.020672556907259,DEM,False,False,Sydney,0,-0.019327443092741002,1.94,0.0,8,0.0114152865576511,874.0,76564.0,1,0.0114152865576511,-0.009257270349607898,2004-2007,2007,
2004,NSW,150,Throsby,15615,ROBERTS,Madeleine,2,DEM,Australian Democrats,2078.0,79087.0,0.0262748618609885,DEM,False,False,Throsby,0,-0.013725138139011502,1.94,0.0,4,,,,0,0.0,,2004-2007,2007,
2004,NSW,151,Warringah,15371,KELLY,David,1,HAN,Pauline Hanson's One Nation (NSW Division),1142.0,74816.0,0.015264114627887,ON,False,False,Warringah,0,-0.024735885372113,1.94,0.0,10,,,,0,0.0,,2004-2007,2007,
2004,NSW,151,Warringah,15464,McPHERSON,Phil,2,FFP,Family First,1023.0,74816.0,0.0136735457656116,FFP,False,False,Warringah,0,-0.0263264542343884,1.94,0.0,10,0.0053589686335805,456.0,85091.0,1,0.0053589686335805,-0.008314577132031101,2004-2007,2007,
2004,NSW,151,Warringah,14467,UNDERWOOD,Dian Maie,3,IND,Independent,524.0,74816.0,0.0070038494439692,IND,False,True,Warringah,0,-0.0329961505560308,1.94,0.0,10,0.0179689978963697,1529.0,85091.0,1,0.0179689978963697,0.0109651484524005,2004-2007,2007,
2004,NSW,151,Warringah,15493,PETERSEN,Patricia,5,IND,Independent,1914.0,74816.0,0.0255827630453378,IND,False,True,Warringah,0,-0.0144172369546622,1.94,0.0,10,0.0179689978963697,1529.0,85091.0,1,0.0179689978963697,-0.0076137651489681,2004-2007,2007,
2004,NSW,151,Warringah,15536,THYER,Peter,7,IND,Independent,471.0,74816.0,0.0062954448246364,IND,False,True,Warringah,0,-0.0337045551753636,1.94,0.0,10,0.0179689978963697,1529.0,85091.0,1,0.0179689978963697,0.011673553071733301,2004-2007,2007,
2004,NSW,151,Warringah,14451,FRANCEY,Neil,8,IND,Independent,312.0,74816.0,0.0041702309666381,IND,False,True,Warringah,0,-0.0358297690333619,1.94,0.0,10,0.0179689978963697,1529.0,85091.0,1,0.0179689978963697,0.013798766929731601,2004-2007,2007,
2004,NSW,151,Warringah,15580,KELLY,Edward,9,FPY,The Fishing Party,618.0,74816.0,0.0082602651839178,FPY,False,False,Warringah,0,-0.0317397348160822,1.94,0.0,10,,,,0,0.0,,2004-2007,2007,
2004,NSW,251,Watson,15470,CANNONE,Cat,2,FFP,Family First,1150.0,68928.0,0.0166840761374187,FFP,False,False,Watson,0,-0.0233159238625813,1.94,0.0,7,0.0250329872781138,2011.0,80334.0,1,0.0250329872781138,0.008348911140695098,2004-2007,2007,
2004,NSW,251,Watson,15375,COLEMAN,John,3,HAN,Pauline Hanson's One Nation (NSW Division),1093.0,68928.0,0.0158571262766945,ON,False,False,Watson,0,-0.0241428737233055,1.94,0.0,7,,,,0,0.0,,2004-2007,2007,
2004,NSW,251,Watson,15592,DALRYMPLE,Garry,4,DEM,Australian Democrats,914.0,68928.0,0.0132602135561745,DEM,False,False,Watson,0,-0.0267397864438255,1.94,0.0,7,,,,0,0.0,,2004-2007,2007,
2004,NSW,251,Watson,13321,POULSEN,Ron,6,,,335.0,68928.0,0.0048601439182915,,False,False,Watson,0,-0.0351398560817085,1.94,0.0,7,,,,0,0.0,,2004-2007,2007,
2004,NSW,152,Wentworth,15589,VOGLER,Robert,1,IND,Independent,339.0,73624.0,0.0046044768010431,IND,False,True,Wentworth,0,-0.035395523198956905,1.94,0.0,11,0.0087683523654159,774.0,88272.0,1,0.0087683523654159,0.004163875564372801,2004-2007,2007,
2004,NSW,152,Wentworth,15478,SHEIL,Pat,2,IND,Independent,218.0,73624.0,0.0029609909812017,IND,False,True,Wentworth,0,-0.0370390090187983,1.94,0.0,11,0.0087683523654159,774.0,88272.0,1,0.0087683523654159,0.005807361384214201,2004-2007,2007,
2004,NSW,152,Wentworth,15600,MORRISON,Lindy,5,DEM,Australian Democrats,683.0,73624.0,0.0092768662392698,DEM,False,False,Wentworth,0,-0.0307231337607302,1.94,0.0,11,0.0081679354721769,721.0,88272.0,1,0.0081679354721769,-0.0011089307670929006,2004-2007,2007,
2004,NSW,152,Wentworth,15472,SHEN,Victor,7,FPY,The Fishing Party,239.0,73624.0,0.0032462240573725,FPY,False,False,Wentworth,0,-0.0367537759426275,1.94,0.0,11,,,,0,0.0,,2004-2007,2007,
2004,NSW,152,Wentworth,14944,BUCKLEY,Brian,8,NGS,No GST,171.0,73624.0,0.0023226121916766,NGS,False,False,Wentworth,0,-0.0376773878083234,1.94,0.0,11,,,,0,0.0,,2004-2007,2007,
2004,NSW,152,Wentworth,15469,HULL,Leonie,9,FFP,Family First,301.0,73624.0,0.0040883407584483,FFP,False,False,Wentworth,0,-0.0359116592415517,1.94,0.0,11,0.0028887982599238,255.0,88272.0,1,0.0028887982599238,-0.0011995424985245,2004-2007,2007,
2004,NSW,152,Wentworth,12223,KING,Peter,10,IND,Independent,13236.0,73624.0,0.1797783331522329,IND,False,True,Wentworth,1,0.1397783331522329,1.94,25677.84,11,0.0087683523654159,774.0,88272.0,1,0.0087683523654159,-0.171009980786817,2004-2007,2007,
2004,NSW,152,Wentworth,14934,JAMIESON,John,11,CEC,Citizens Electoral Council,65.0,73624.0,0.0008828642833858,CEC,False,False,Wentworth,0,-0.0391171357166142,1.94,0.0,11,0.0008836324089178,78.0,88272.0,1,0.0008836324089178,7.681255320000002e-07,2004-2007,2007,
2004,NSW,153,Werriwa,15565,BARGSHOON,Sam,1,IND,Independent,3779.0,77582.0,0.0487097522621226,IND,False,True,Werriwa,1,0.008709752262122603,1.94,7331.26,7,0.0252916823485133,2016.0,79710.0,1,0.0252916823485133,-0.023418069913609302,2004-2007,2007,
2004,NSW,153,Werriwa,15586,BRISCOE-HOUGH,Patrick,2,DEM,Australian Democrats,965.0,77582.0,0.012438452218298,DEM,False,False,Werriwa,0,-0.027561547781702,1.94,0.0,7,,,,0,0.0,,2004-2007,2007,
2004,NSW,153,Werriwa,15386,DOGGETT,Charles,3,HAN,Pauline Hanson's One Nation (NSW Division),1831.0,77582.0,0.0236008352452888,ON,False,False,Werriwa,0,-0.0163991647547112,1.94,0.0,7,,,,0,0.0,,2004-2007,2007,
2004,NSW,153,Werriwa,15119,HEAD,Mike,7,,,497.0,77582.0,0.0064061251321182,,False,False,Werriwa,0,-0.033593874867881804,1.94,0.0,7,,,,0,0.0,,2004-2007,2007,
2004,NT,306,Lingiari,15187,CURTIS,David,2,DEM,Australian Democrats,1260.0,42999.0,0.0293030070466755,DEM,False,False,Lingiari,0,-0.010696992953324502,1.94,0.0,5,,,,0,0.0,,2004-2007,2007,
2004,NT,306,Lingiari,14454,MILLS,Andrew Ian,5,IND,Independent,1063.0,42999.0,0.0247215051512825,IND,False,True,Lingiari,0,-0.0152784948487175,1.94,0.0,5,0.0184998822345459,864.0,46703.0,1,0.0184998822345459,-0.006221622916736603,2004-2007,2007,
2004,NT,307,Solomon,15566,FOLEY,Maurice,1,,,718.0,47916.0,0.0149845563068703,,False,False,Solomon,0,-0.0250154436931297,1.94,0.0,7,,,,0,0.0,,2004-2007,2007,
2004,NT,307,Solomon,15317,DEAN,Duncan,5,DEM,Australian Democrats,892.0,47916.0,0.0186159111778946,DEM,False,False,Solomon,0,-0.0213840888221054,1.94,0.0,7,,,,0,0.0,,2004-2007,2007,
2004,NT,307,Solomon,15077,WEST,Mark,6,FFP,Family First,1000.0,47916.0,0.0208698555805993,FFP,False,False,Solomon,0,-0.0191301444194007,1.94,0.0,7,,,,0,0.0,,2004-2007,2007,
2004,NT,307,Solomon,14353,FLYNN,Peter,7,CEC,Citizens Electoral Council,235.0,47916.0,0.0049044160614408,CEC,False,False,Solomon,0,-0.0350955839385592,1.94,0.0,7,0.00475635798874,245.0,51510.0,1,0.00475635798874,-0.00014805807270080063,2004-2007,2007,
2004,QLD,304,Blair,15254,PRICE,Alan,1,NCO,New Country,1691.0,81781.0,0.0206771744048128,NCO,False,False,Blair,0,-0.0193228255951872,1.94,0.0,9,,,,0,0.0,,2004-2007,2007,
2004,QLD,304,Blair,15461,BENNETT,John,2,TGA,The Great Australians,473.0,81781.0,0.0057837394993947,TGA,False,False,Blair,0,-0.0342162605006053,1.94,0.0,9,,,,0,0.0,,2004-2007,2007,
2004,QLD,304,Blair,15080,STAPLETON,Rodney,5,CEC,Citizens Electoral Council,458.0,81781.0,0.0056003228133674,CEC,False,False,Blair,0,-0.0343996771866326,1.94,0.0,9,0.0017171195619543,143.0,83279.0,1,0.0017171195619543,-0.0038832032514131,2004-2007,2007,
2004,QLD,304,Blair,15258,McKENZIE,Neal,7,DEM,Australian Democrats,1049.0,81781.0,0.0128269402428436,DEM,False,False,Blair,0,-0.0271730597571564,1.94,0.0,9,0.0088257543918634,735.0,83279.0,1,0.0088257543918634,-0.0040011858509802,2004-2007,2007,
2004,QLD,304,Blair,15315,CHIDGEY,David,8,HAN,One Nation,4330.0,81781.0,0.0529462833665521,ON,False,False,Blair,1,0.012946283366552097,1.94,8400.199999999999,9,,,,0,0.0,,2004-2007,2007,
2004,QLD,304,Blair,15084,SMITH,Priscilla,9,FFP,Family First,2982.0,81781.0,0.0364632371822305,FFP,False,False,Blair,0,-0.0035367628177695037,1.94,0.0,9,0.0206294504016618,1718.0,83279.0,1,0.0206294504016618,-0.015833786780568695,2004-2007,2007,
2004,QLD,310,Bonner,15102,WHEELER,William Raymond,1,CEC,Citizens Electoral Council,451.0,77801.0,0.005796840657575,CEC,False,False,Bonner,0,-0.034203159342425,1.94,0.0,7,,,,0,0.0,,2004-2007,2007,
2004,QLD,310,Bonner,15310,MYATT,Barry,3,HAN,One Nation,1436.0,77801.0,0.0184573463066027,ON,False,False,Bonner,0,-0.0215426536933973,1.94,0.0,7,,,,0,0.0,,2004-2007,2007,
2004,QLD,310,Bonner,15112,HUNT,Trevor,5,FFP,Family First,3393.0,77801.0,0.0436112646367013,FFP,False,False,Bonner,1,0.0036112646367012988,1.94,6582.42,7,0.0192869107441971,1612.0,83580.0,1,0.0192869107441971,-0.0243243538925042,2004-2007,2007,
2004,QLD,310,Bonner,15261,SMITH,Chad,6,DEM,Australian Democrats,1090.0,77801.0,0.0140101026979087,DEM,False,False,Bonner,0,-0.0259898973020913,1.94,0.0,7,0.0100143575017946,837.0,83580.0,1,0.0100143575017946,-0.003995745196114099,2004-2007,2007,
2004,QLD,155,Bowman,15094,CAYLEY,Mal,2,FFP,Family First,3126.0,77809.0,0.0401753010577182,FFP,False,False,Bowman,1,0.00017530105771820098,1.94,6064.44,6,0.0292999683243585,2405.0,82082.0,1,0.0292999683243585,-0.0108753327333597,2004-2007,2007,
2004,QLD,155,Bowman,15283,BROMWICH,Robert H,3,DEM,Australian Democrats,835.0,77809.0,0.0107314063925766,DEM,False,False,Bowman,0,-0.0292685936074234,1.94,0.0,6,0.0082356667722521,676.0,82082.0,1,0.0082356667722521,-0.0024957396203245004,2004-2007,2007,
2004,QLD,156,Brisbane,15597,BARNES,J F,2,IND,Independent,767.0,79323.0,0.0096693266770041,IND,False,True,Brisbane,0,-0.030330673322995903,1.94,0.0,9,,,,0,0.0,,2004-2007,2007,
2004,QLD,156,Brisbane,15289,SCHRADER,Tracy,5,DEM,Australian Democrats,1269.0,79323.0,0.0159978820770772,DEM,False,False,Brisbane,0,-0.0240021179229228,1.94,0.0,9,0.0151185841553416,1266.0,83738.0,1,0.0151185841553416,-0.0008792979217356004,2004-2007,2007,
2004,QLD,156,Brisbane,15165,CONTARINO,Nick,7,CEC,Citizens Electoral Council,76.0,79323.0,0.0009581079888556,CEC,False,False,Brisbane,0,-0.0390418920111444,1.94,0.0,9,0.0016360553153884,137.0,83738.0,1,0.0016360553153884,0.0006779473265328001,2004-2007,2007,
2004,QLD,156,Brisbane,15170,WYNTER,Coral,8,SAL,Socialist Alliance,313.0,79323.0,0.0039458921119977,SAL,False,False,Brisbane,0,-0.0360541078880023,1.94,0.0,9,0.0067591774343786,566.0,83738.0,1,0.0067591774343786,0.0028132853223809,2004-2007,2007,
2004,QLD,156,Brisbane,15172,NEWINGTON,Charles,9,FFP,Family First,1899.0,79323.0,0.0239400930373283,FFP,False,False,Brisbane,0,-0.0160599069626717,1.94,0.0,9,0.0141273973584274,1183.0,83738.0,1,0.0141273973584274,-0.009812695678900899,2004-2007,2007,
2004,QLD,157,Capricornia,15264,JOHNS,Naomi,1,DEM,Australian Democrats,1185.0,82575.0,0.0143505903723887,DEM,False,False,Capricornia,0,-0.0256494096276113,1.94,0.0,9,0.0049600376116596,422.0,85080.0,1,0.0049600376116596,-0.0093905527607291,2004-2007,2007,
2004,QLD,157,Capricornia,15322,COLEMAN,Larry H,3,HAN,One Nation,2575.0,82575.0,0.0311837723281864,ON,False,False,Capricornia,0,-0.0088162276718136,1.94,0.0,9,,,,0,0.0,,2004-2007,2007,
2004,QLD,157,Capricornia,15524,CANALES,Judy,4,HMP,Help End Marijuana Prohibition,787.0,82575.0,0.0095307296397214,HMP,False,False,Capricornia,0,-0.0304692703602786,1.94,0.0,9,,,,0,0.0,,2004-2007,2007,
2004,QLD,157,Capricornia,15098,INGREY,Bill,7,CEC,Citizens Electoral Council,273.0,82575.0,0.00330608537693,CEC,False,False,Capricornia,0,-0.03669391462307,1.94,0.0,9,0.0026093088857545,222.0,85080.0,1,0.0026093088857545,-0.0006967764911755001,2004-2007,2007,
2004,QLD,157,Capricornia,15116,SPACKMAN,Alan J,9,FFP,Family First,3424.0,82575.0,0.0414653345443536,FFP,False,False,Capricornia,1,0.0014653345443536026,1.94,6642.5599999999995,9,0.0177244945933239,1508.0,85080.0,1,0.0177244945933239,-0.023740839951029703,2004-2007,2007,
2004,QLD,158,Dawson,14823,MENZEL,Margaret F,1,IND,Independent,5647.0,81819.0,0.0690181987069018,IND,False,True,Dawson,1,0.029018198706901803,1.94,10955.18,9,,,,0,0.0,,2004-2007,2007,
2004,QLD,158,Dawson,15088,SMITH,Bev,2,FFP,Family First,2435.0,81819.0,0.029760813502976,FFP,False,False,Dawson,0,-0.010239186497024,1.94,0.0,9,0.030010262057918,2398.0,79906.0,1,0.030010262057918,0.00024944855494199794,2004-2007,2007,
2004,QLD,158,Dawson,14701,LOWIS,Debbie,4,NCO,New Country,645.0,81819.0,0.0078832545007883,NCO,False,False,Dawson,0,-0.0321167454992117,1.94,0.0,9,,,,0,0.0,,2004-2007,2007,
2004,QLD,158,Dawson,15348,ARROITA,Lewis,5,HAN,One Nation,2572.0,81819.0,0.0314352412031435,ON,False,False,Dawson,0,-0.008564758796856503,1.94,0.0,9,,,,0,0.0,,2004-2007,2007,
2004,QLD,158,Dawson,15332,JULIEN,Archie,7,DEM,Australian Democrats,690.0,81819.0,0.0084332490008433,DEM,False,False,Dawson,0,-0.0315667509991567,1.94,0.0,9,0.0152178810101869,1216.0,79906.0,1,0.0152178810101869,0.006784632009343601,2004-2007,2007,
2004,QLD,158,Dawson,15082,PUKALLUS,Jan,9,CEC,Citizens Electoral Council,2192.0,81819.0,0.026790843202679,CEC,False,False,Dawson,0,-0.013209156797321,1.94,0.0,9,0.0054063524641453,432.0,79906.0,1,0.0054063524641453,-0.0213844907385337,2004-2007,2007,
2004,QLD,252,Dickson,15083,SHUTTLEWORTH,Dale,1,FFP,Family First,3454.0,76428.0,0.0451928612550374,FFP,False,False,Dickson,1,0.005192861255037401,1.94,6700.76,6,0.0253813797979555,2118.0,83447.0,1,0.0253813797979555,-0.019811481457081902,2004-2007,2007,
2004,QLD,252,Dickson,15423,HYLAND,Terry,2,TGA,The Great Australians,373.0,76428.0,0.0048804103208248,TGA,False,False,Dickson,0,-0.0351195896791752,1.94,0.0,6,,,,0,0.0,,2004-2007,2007,
2004,QLD,252,Dickson,15269,REYE,Kirsty,5,DEM,Australian Democrats,1270.0,76428.0,0.0166169466687601,DEM,False,False,Dickson,0,-0.0233830533312399,1.94,0.0,6,0.009550972473546,797.0,83447.0,1,0.009550972473546,-0.007065974195214099,2004-2007,2007,
2004,QLD,159,Fadden,15128,MARTIN,Ken,1,CEC,Citizens Electoral Council,598.0,71073.0,0.0084138843161256,CEC,False,False,Fadden,0,-0.0315861156838744,1.94,0.0,7,0.0069756571140915,582.0,83433.0,1,0.0069756571140915,-0.0014382272020340998,2004-2007,2007,
2004,QLD,159,Fadden,15127,REES,Lyn,3,FFP,Family First,2680.0,71073.0,0.0377077089752789,FFP,False,False,Fadden,0,-0.002292291024721102,1.94,0.0,7,0.0208910143468411,1743.0,83433.0,1,0.0208910143468411,-0.0168166946284378,2004-2007,2007,
2004,QLD,159,Fadden,15459,WALTER,John,5,HAN,One Nation,1428.0,71073.0,0.0200920180659322,ON,False,False,Fadden,0,-0.0199079819340678,1.94,0.0,7,0.0083300372754186,695.0,83433.0,1,0.0083300372754186,-0.0117619807905136,2004-2007,2007,
2004,QLD,159,Fadden,15285,WILSON,Suzanne,7,DEM,Australian Democrats,1109.0,71073.0,0.015603675094621,DEM,False,False,Fadden,0,-0.024396324905379,1.94,0.0,7,0.0060407752328215,504.0,83433.0,1,0.0060407752328215,-0.0095628998617995,2004-2007,2007,
2004,QLD,160,Fairfax,15115,HUNT,Paula,1,FFP,Family First,3390.0,74719.0,0.0453699862150189,FFP,False,False,Fairfax,1,0.005369986215018899,1.94,6576.599999999999,7,0.0400038945075273,3287.0,82167.0,1,0.0400038945075273,-0.0053660917074915965,2004-2007,2007,
2004,QLD,160,Fairfax,15272,CAMPBELL,Debbie,3,DEM,Australian Democrats,1896.0,74719.0,0.0253750719361875,DEM,False,False,Fairfax,0,-0.0146249280638125,1.94,0.0,7,0.0092981367215548,764.0,82167.0,1,0.0092981367215548,-0.0160769352146327,2004-2007,2007,
2004,QLD,160,Fairfax,15307,ROZANSKI,Patrick,4,HAN,One Nation,2317.0,74719.0,0.031009515651976,ON,False,False,Fairfax,0,-0.008990484348024002,1.94,0.0,7,0.0104786593157837,861.0,82167.0,1,0.0104786593157837,-0.020530856336192296,2004-2007,2007,
2004,QLD,160,Fairfax,15110,WATT,Kev,5,CEC,Citizens Electoral Council,216.0,74719.0,0.002890830980072,CEC,False,False,Fairfax,0,-0.037109169019928,1.94,0.0,7,0.0062555527158104,514.0,82167.0,1,0.0062555527158104,0.0033647217357383997,2004-2007,2007,
2004,QLD,161,Fisher,15401,HAYS,Liz,1,TGA,The Great Australians,748.0,76321.0,0.0098007101584098,TGA,False,False,Fisher,0,-0.0301992898415902,1.94,0.0,7,,,,0,0.0,,2004-2007,2007,
2004,QLD,161,Fisher,15311,SAVAGE,Kevin J,5,HAN,One Nation,1929.0,76321.0,0.0252748260635997,ON,False,False,Fisher,0,-0.014725173936400302,1.94,0.0,7,,,,0,0.0,,2004-2007,2007,
2004,QLD,161,Fisher,15346,HILL,Ronald Stuart,6,FFP,Family First,3174.0,76321.0,0.0415875054048033,FFP,False,False,Fisher,1,0.001587505404803298,1.94,6157.5599999999995,7,0.0216788568417619,1728.0,79709.0,1,0.0216788568417619,-0.0199086485630414,2004-2007,2007,
2004,QLD,161,Fisher,15263,WILMOT,Craig,7,DEM,Australian Democrats,1201.0,76321.0,0.0157361669789441,DEM,False,False,Fisher,0,-0.024263833021055902,1.94,0.0,7,0.0082173907588854,655.0,79709.0,1,0.0082173907588854,-0.007518776220058698,2004-2007,2007,
2004,QLD,162,Forde,15345,HEAPS,Aaron,1,HAN,One Nation,2935.0,75418.0,0.0389164390463815,ON,False,False,Forde,0,-0.001083560953618501,1.94,0.0,8,0.0085709176374412,671.0,78288.0,1,0.0085709176374412,-0.0303455214089403,2004-2007,2007,
2004,QLD,162,Forde,15448,HOWSE,David Gordon,2,,,515.0,75418.0,0.0068286085549868,,False,False,Forde,0,-0.0331713914450132,1.94,0.0,8,,,,0,0.0,,2004-2007,2007,
2004,QLD,162,Forde,14942,HINDS,Shereen,3,FFP,Family First,2986.0,75418.0,0.0395926701848365,FFP,False,False,Forde,0,-0.0004073298151635041,1.94,0.0,8,0.0224300020437359,1756.0,78288.0,1,0.0224300020437359,-0.017162668141100595,2004-2007,2007,
2004,QLD,162,Forde,15338,HOPE,Daniel,5,CEC,Citizens Electoral Council,171.0,75418.0,0.0022673632289373,CEC,False,False,Forde,0,-0.0377326367710627,1.94,0.0,8,0.0027590435315757,216.0,78288.0,1,0.0027590435315757,0.0004916803026384,2004-2007,2007,
2004,QLD,162,Forde,15343,MARTIN,Anita,6,DEM,Australian Democrats,1018.0,75418.0,0.0134981039009255,DEM,False,False,Forde,0,-0.026501896099074503,1.94,0.0,8,0.0053520335172695,419.0,78288.0,1,0.0053520335172695,-0.008146070383656001,2004-2007,2007,
2004,QLD,163,Griffith,15103,HANSEN,Lynda,2,SAL,Socialist Alliance,580.0,80520.0,0.0072031793343268,SAL,False,False,Griffith,0,-0.0327968206656732,1.94,0.0,7,0.0035387328196333,293.0,82798.0,1,0.0035387328196333,-0.0036644465146935,2004-2007,2007,
2004,QLD,163,Griffith,15056,TURNER,James,4,FFP,Family First,1572.0,80520.0,0.0195230998509687,FFP,False,False,Griffith,0,-0.0204769001490313,1.94,0.0,7,0.0078987415154955,654.0,82798.0,1,0.0078987415154955,-0.011624358335473201,2004-2007,2007,
2004,QLD,163,Griffith,14877,ROSBOROUGH,Derek,6,IND,Independent,768.0,80520.0,0.0095380029806259,IND,False,True,Griffith,0,-0.0304619970193741,1.94,0.0,7,0.0273436556438561,2264.0,82798.0,1,0.0273436556438561,0.017805652663230198,2004-2007,2007,
2004,QLD,163,Griffith,15278,CARNWELL,Bruce,7,DEM,Australian Democrats,1084.0,80520.0,0.0134624937903626,DEM,False,False,Griffith,0,-0.0265375062096374,1.94,0.0,7,0.0098915432739921,819.0,82798.0,1,0.0098915432739921,-0.0035709505163705,2004-2007,2007,
2004,QLD,164,Groom,15609,JEANNERET,Rod,2,IND,Independent,1929.0,81396.0,0.0236989532655167,IND,False,True,Groom,0,-0.0163010467344833,1.94,0.0,8,0.0073993993993993,616.0,83250.0,1,0.0073993993993993,-0.0162995538661174,2004-2007,2007,
2004,QLD,164,Groom,14994,FINDLAY,Peter C,3,FFP,Family First,5168.0,81396.0,0.0634920634920634,FFP,False,False,Groom,1,0.023492063492063404,1.94,10025.92,8,0.0438318318318318,3649.0,83250.0,1,0.0438318318318318,-0.019660231660231606,2004-2007,2007,
2004,QLD,164,Groom,15262,DONGES,Christoph,4,DEM,Australian Democrats,860.0,81396.0,0.0105656297606762,DEM,False,False,Groom,0,-0.029434370239323798,1.94,0.0,8,0.0073033033033033,608.0,83250.0,1,0.0073033033033033,-0.003262326457372901,2004-2007,2007,
2004,QLD,164,Groom,15100,CARTER,Oliver,5,CEC,Citizens Electoral Council,310.0,81396.0,0.0038085409602437,CEC,False,False,Groom,0,-0.0361914590397563,1.94,0.0,8,0.0031591591591591,263.0,83250.0,1,0.0031591591591591,-0.0006493818010846002,2004-2007,2007,
2004,QLD,164,Groom,14276,WIECK,Noel,8,TGA,The Great Australians,1230.0,81396.0,0.0151113076809671,TGA,False,False,Groom,0,-0.0248886923190329,1.94,0.0,8,,,,0,0.0,,2004-2007,2007,
2004,QLD,165,Herbert,15097,EATON,Cathy,1,FFP,Family First,2993.0,77983.0,0.0383801597784132,FFP,False,False,Herbert,0,-0.0016198402215868019,1.94,0.0,7,0.0156778884340441,1283.0,81835.0,1,0.0156778884340441,-0.0227022713443691,2004-2007,2007,
2004,QLD,165,Herbert,15273,HOOLIHAN,Richard,5,DEM,Australian Democrats,1025.0,77983.0,0.013143890335073,DEM,False,False,Herbert,0,-0.026856109664927,1.94,0.0,7,0.0058165821470031,476.0,81835.0,1,0.0058165821470031,-0.007327308188069901,2004-2007,2007,
2004,QLD,165,Herbert,15091,MARSDEN,Les,6,CEC,Citizens Electoral Council,323.0,77983.0,0.0041419283690035,CEC,False,False,Herbert,0,-0.0358580716309965,1.94,0.0,7,,,,0,0.0,,2004-2007,2007,
2004,QLD,165,Herbert,15308,BRENNAN,William Michael,7,HAN,One Nation,2675.0,77983.0,0.0343023479476296,ON,False,False,Herbert,0,-0.005697652052370404,1.94,0.0,7,0.009140343373862,748.0,81835.0,1,0.009140343373862,-0.025162004573767598,2004-2007,2007,
2004,QLD,166,Hinkler,15144,ROLLS,Cindy,3,CEC,Citizens Electoral Council,306.0,84769.0,0.0036098101900458,CEC,False,False,Hinkler,0,-0.036390189809954204,1.94,0.0,8,,,,0,0.0,,2004-2007,2007,
2004,QLD,166,Hinkler,14144,WELLS,Roy D,4,IND,Independent,2782.0,84769.0,0.0328186011395675,IND,False,True,Hinkler,0,-0.007181398860432502,1.94,0.0,8,0.0229425281766343,1887.0,82249.0,1,0.0229425281766343,-0.009876072962933198,2004-2007,2007,
2004,QLD,166,Hinkler,15280,JENSEN,Alison,5,DEM,Australian Democrats,906.0,84769.0,0.0106878693862143,DEM,False,False,Hinkler,0,-0.0293121306137857,1.94,0.0,8,0.0076839839998054,632.0,82249.0,1,0.0076839839998054,-0.003003885386408899,2004-2007,2007,
2004,QLD,166,Hinkler,15123,ZERK,Tracey,7,VET,"Ex-Service, Service & Veterans Party",734.0,84769.0,0.0086588257499793,VET,False,False,Hinkler,0,-0.0313411742500207,1.94,0.0,8,,,,0,0.0,,2004-2007,2007,
2004,QLD,166,Hinkler,15157,RUB,Cameron,8,FFP,Family First,4010.0,84769.0,0.0473050289610588,FFP,False,False,Hinkler,1,0.0073050289610588,1.94,7779.4,8,0.0350885725054408,2886.0,82249.0,1,0.0350885725054408,-0.012216456455618002,2004-2007,2007,
2004,QLD,167,Kennedy,13270,KATTER,Bob,3,IND,Independent,32688.0,81457.0,0.4012914789398087,IND,False,True,Kennedy,1,0.36129147893980873,1.94,63414.72,8,0.3952550444004422,32537.0,82319.0,1,0.3952550444004422,-0.006036434539366531,2004-2007,2007,
2004,QLD,167,Kennedy,15173,HARRIS,Judith A,5,CEC,Citizens Electoral Council,316.0,81457.0,0.0038793473857372,CEC,False,False,Kennedy,0,-0.0361206526142628,1.94,0.0,8,,,,0,0.0,,2004-2007,2007,
2004,QLD,167,Kennedy,15297,HENNESSEY,Terry,6,DEM,Australian Democrats,575.0,81457.0,0.0070589390721484,DEM,False,False,Kennedy,0,-0.0329410609278516,1.94,0.0,8,0.0073373097340832,604.0,82319.0,1,0.0073373097340832,0.0002783706619347995,2004-2007,2007,
2004,QLD,167,Kennedy,15323,HANKIN,Bill,7,HAN,One Nation,3698.0,81457.0,0.045398185545748,ON,False,False,Kennedy,1,0.005398185545748002,1.94,7174.12,8,0.0175050717331357,1441.0,82319.0,1,0.0175050717331357,-0.027893113812612304,2004-2007,2007,
2004,QLD,167,Kennedy,15020,DOUGLAS,Keith,8,FFP,Family First,2592.0,81457.0,0.0318204696956676,FFP,False,False,Kennedy,0,-0.008179530304332404,1.94,0.0,8,0.0203355239981049,1674.0,82319.0,1,0.0203355239981049,-0.011484945697562698,2004-2007,2007,
2004,QLD,168,Leichhardt,14173,SACKLEY,Jen,1,IND,Independent,3789.0,77563.0,0.0488506117607622,IND,False,True,Leichhardt,1,0.008850611760762198,1.94,7350.66,6,0.0174577722050082,1448.0,82943.0,1,0.0174577722050082,-0.031392839555754,2004-2007,2007,
2004,QLD,168,Leichhardt,15175,LIPPMANN,Ric,3,FFP,Family First,2100.0,77563.0,0.0270747650297177,FFP,False,False,Leichhardt,0,-0.0129252349702823,1.94,0.0,6,0.0131053856262734,1087.0,82943.0,1,0.0131053856262734,-0.013969379403444301,2004-2007,2007,
2004,QLD,168,Leichhardt,15288,REID,Allen,4,DEM,Australian Democrats,972.0,77563.0,0.0125317483851836,DEM,False,False,Leichhardt,0,-0.027468251614816398,1.94,0.0,6,0.0056906550281518,472.0,82943.0,1,0.0056906550281518,-0.006841093357031801,2004-2007,2007,
2004,QLD,169,Lilley,14889,HILL,Brad,2,FFP,Family First,2314.0,82310.0,0.0281132304701737,FFP,False,False,Lilley,0,-0.0118867695298263,1.94,0.0,5,0.0164786472180307,1376.0,83502.0,1,0.0164786472180307,-0.011634583252143001,2004-2007,2007,
2004,QLD,169,Lilley,15290,FORSYTH,Dawn,4,DEM,Australian Democrats,1230.0,82310.0,0.0149435062568339,DEM,False,False,Lilley,0,-0.0250564937431661,1.94,0.0,5,0.0121553974755095,1015.0,83502.0,1,0.0121553974755095,-0.0027881087813244002,2004-2007,2007,
2004,QLD,302,Longman,15279,KENNEDY,Jacqueline,1,DEM,Australian Democrats,1339.0,77774.0,0.017216550518168,DEM,False,False,Longman,0,-0.022783449481832002,1.94,0.0,6,0.0140296655025978,1153.0,82183.0,1,0.0140296655025978,-0.0031868850155701983,2004-2007,2007,
2004,QLD,302,Longman,15312,MEREDITH,Susan,4,HAN,One Nation,3017.0,77774.0,0.0387918841772314,ON,False,False,Longman,0,-0.001208115822768599,1.94,0.0,6,,,,0,0.0,,2004-2007,2007,
2004,QLD,302,Longman,15079,LEW,Tom,5,FFP,Family First,2187.0,77774.0,0.0281199372540951,FFP,False,False,Longman,0,-0.0118800627459049,1.94,0.0,6,0.0185561490819269,1525.0,82183.0,1,0.0185561490819269,-0.0095637881721682,2004-2007,2007,
2004,QLD,170,Maranoa,15319,RIDGE,Greg,2,DEM,Australian Democrats,903.0,79071.0,0.0114201160981902,DEM,False,False,Maranoa,0,-0.0285798839018098,1.94,0.0,9,0.0127025898607016,1004.0,79039.0,1,0.0127025898607016,0.0012824737625114005,2004-2007,2007,
2004,QLD,170,Maranoa,15331,FERRARO,Santo,3,HAN,One Nation,3535.0,79071.0,0.0447066560433028,ON,False,False,Maranoa,1,0.004706656043302802,1.94,6857.9,9,0.0350965978820582,2774.0,79039.0,1,0.0350965978820582,-0.009610058161244606,2004-2007,2007,
2004,QLD,170,Maranoa,14932,MOLONEY,Stephen,4,FFP,Family First,3067.0,79071.0,0.0387879247764667,FFP,False,False,Maranoa,0,-0.001212075223533303,1.94,0.0,9,0.0383861131846303,3034.0,79039.0,1,0.0383861131846303,-0.00040181159183640125,2004-2007,2007,
2004,QLD,170,Maranoa,15475,BLACK,Philip,6,IND,Independent,2570.0,79071.0,0.0325024345208736,IND,False,True,Maranoa,0,-0.007497565479126403,1.94,0.0,9,,,,0,0.0,,2004-2007,2007,
2004,QLD,170,Maranoa,15117,KLINGSPORN,David,8,CEC,Citizens Electoral Council,280.0,79071.0,0.0035411212707566,CEC,False,False,Maranoa,0,-0.0364588787292434,1.94,0.0,9,,,,0,0.0,,2004-2007,2007,
2004,QLD,170,Maranoa,14510,BENHAM,Rick,9,NCO,New Country,1654.0,79071.0,0.0209179092208268,NCO,False,False,Maranoa,0,-0.0190820907791732,1.94,0.0,9,,,,0,0.0,,2004-2007,2007,
2004,QLD,171,McPherson,15267,WHITE,Russell V,2,DEM,Australian Democrats,788.0,73148.0,0.0107726800459342,DEM,False,False,McPherson,0,-0.0292273199540658,1.94,0.0,6,0.0094584414497363,791.0,83629.0,1,0.0094584414497363,-0.0013142385961979006,2004-2007,2007,
2004,QLD,171,McPherson,15018,DAVEY,Rob,4,FFP,Family First,2063.0,73148.0,0.0282030950948761,FFP,False,False,McPherson,0,-0.0117969049051239,1.94,0.0,6,0.0153296105417977,1282.0,83629.0,1,0.0153296105417977,-0.012873484553078402,2004-2007,2007,
2004,QLD,171,McPherson,15354,LEWIS,Paul,5,HAN,One Nation,1347.0,73148.0,0.0184147208399409,ON,False,False,McPherson,0,-0.0215852791600591,1.94,0.0,6,,,,0,0.0,,2004-2007,2007,
2004,QLD,172,Moncrieff,15215,SANDERSON,Sandy,1,CEC,Citizens Electoral Council,641.0,72721.0,0.0088145102515091,CEC,False,False,Moncrieff,0,-0.0311854897484909,1.94,0.0,7,0.0026321939459539,214.0,81301.0,1,0.0026321939459539,-0.006182316305555199,2004-2007,2007,
2004,QLD,172,Moncrieff,15355,SMITH,Mark Chapman,3,HAN,One Nation,1230.0,72721.0,0.0169139588289489,ON,False,False,Moncrieff,0,-0.023086041171051102,1.94,0.0,7,,,,0,0.0,,2004-2007,2007,
2004,QLD,172,Moncrieff,15274,ROBERTS,Ros,5,DEM,Australian Democrats,834.0,72721.0,0.0114684891571898,DEM,False,False,Moncrieff,0,-0.0285315108428102,1.94,0.0,7,0.0089912793200575,731.0,81301.0,1,0.0089912793200575,-0.0024772098371323003,2004-2007,2007,
2004,QLD,172,Moncrieff,15016,TAYLER,James,7,FFP,Family First,2186.0,72721.0,0.0300600926829939,FFP,False,False,Moncrieff,0,-0.0099399073170061,1.94,0.0,7,0.0177119592624936,1440.0,81301.0,1,0.0177119592624936,-0.012348133420500302,2004-2007,2007,
2004,QLD,173,Moreton,15293,STEEN,Frederika E,1,DEM,Australian Democrats,1307.0,78812.0,0.0165837689691925,DEM,False,False,Moreton,0,-0.0234162310308075,1.94,0.0,7,0.0126140233141948,1015.0,80466.0,1,0.0126140233141948,-0.003969745654997699,2004-2007,2007,
2004,QLD,173,Moreton,14906,TAM,Terence,4,FFP,Family First,2142.0,78812.0,0.0271786022433132,FFP,False,False,Moreton,0,-0.012821397756686802,1.94,0.0,7,0.0138319290134963,1113.0,80466.0,1,0.0138319290134963,-0.0133466732298169,2004-2007,2007,
2004,QLD,173,Moreton,15327,WEEDON,Barry,5,HAN,One Nation,846.0,78812.0,0.0107344059280312,ON,False,False,Moreton,0,-0.0292655940719688,1.94,0.0,7,,,,0,0.0,,2004-2007,2007,
2004,QLD,173,Moreton,12810,LAMB,Andrew,6,IND,Independent,799.0,78812.0,0.0101380500431406,IND,False,True,Moreton,0,-0.029861949956859403,1.94,0.0,7,0.0084383466308751,679.0,80466.0,1,0.0084383466308751,-0.0016997034122654998,2004-2007,2007,
2004,QLD,174,Oxley,15109,HAAG,Brian,1,CEC,Citizens Electoral Council,881.0,78877.0,0.0111692888928331,CEC,False,False,Oxley,0,-0.028830711107166902,1.94,0.0,9,0.0035911773842808,289.0,80475.0,1,0.0035911773842808,-0.0075781115085523,2004-2007,2007,
2004,QLD,174,Oxley,14264,PUGH,George,2,IND,Independent,1920.0,78877.0,0.0243416965655387,IND,False,True,Oxley,0,-0.015658303434461302,1.94,0.0,9,,,,0,0.0,,2004-2007,2007,
2004,QLD,174,Oxley,15122,BOYNE,Robert,3,FFP,Family First,2906.0,78877.0,0.0368421719892997,FFP,False,False,Oxley,0,-0.003157828010700303,1.94,0.0,9,0.0209009009009009,1682.0,80475.0,1,0.0209009009009009,-0.0159412710883988,2004-2007,2007,
2004,QLD,174,Oxley,15321,FLYNN,Bill,5,HAN,One Nation,2100.0,78877.0,0.026623730618558,ON,False,False,Oxley,0,-0.013376269381442,1.94,0.0,9,,,,0,0.0,,2004-2007,2007,
2004,QLD,174,Oxley,15291,WOOD,Nicholas,6,DEM,Australian Democrats,903.0,78877.0,0.0114482041659799,DEM,False,False,Oxley,0,-0.0285517958340201,1.94,0.0,9,0.0118173345759552,951.0,80475.0,1,0.0118173345759552,0.00036913040997530074,2004-2007,2007,
2004,QLD,174,Oxley,15113,MYLES,Michael Matthew,8,SAL,Socialist Alliance,358.0,78877.0,0.004538712172116,SAL,False,False,Oxley,0,-0.035461287827884,1.94,0.0,9,,,,0,0.0,,2004-2007,2007,
2004,QLD,175,Petrie,15044,WHINCOP,Wade,2,FFP,Family First,2972.0,79627.0,0.0373240232584424,FFP,False,False,Petrie,0,-0.0026759767415576036,1.94,0.0,5,0.0182312336147389,1516.0,83154.0,1,0.0182312336147389,-0.019092789643703496,2004-2007,2007,
2004,QLD,175,Petrie,15282,BELL,Terri,3,DEM,Australian Democrats,1403.0,79627.0,0.0176196516257048,DEM,False,False,Petrie,0,-0.0223803483742952,1.94,0.0,5,0.009789066070183,814.0,83154.0,1,0.009789066070183,-0.0078305855555218,2004-2007,2007,
2004,QLD,176,Rankin,14158,POWER,Darren,1,IND,Independent,5134.0,78481.0,0.0654171073253399,IND,False,True,Rankin,1,0.025417107325339895,1.94,9959.96,9,,,,0,0.0,,2004-2007,2007,
2004,QLD,176,Rankin,15130,WILSON,Ross,2,FFP,Family First,4036.0,78481.0,0.0514264599074935,FFP,False,False,Rankin,1,0.011426459907493497,1.94,7829.84,9,0.0353008753418328,2827.0,80083.0,1,0.0353008753418328,-0.016125584565660697,2004-2007,2007,
2004,QLD,176,Rankin,15341,HANDS,Margaret,3,HAN,One Nation,1601.0,78481.0,0.0203998419999745,ON,False,False,Rankin,0,-0.0196001580000255,1.94,0.0,9,,,,0,0.0,,2004-2007,2007,
2004,QLD,176,Rankin,15270,SPORLE,Catherine,4,DEM,Australian Democrats,653.0,78481.0,0.0083204852129814,DEM,False,False,Rankin,0,-0.0316795147870186,1.94,0.0,9,0.0073673563677684,590.0,80083.0,1,0.0073673563677684,-0.0009531288452130004,2004-2007,2007,
2004,QLD,176,Rankin,15105,MEYERS,Robert David,5,CEC,Citizens Electoral Council,158.0,78481.0,0.0020132261311655,CEC,False,False,Rankin,0,-0.0379867738688345,1.94,0.0,9,0.0034089632006792,273.0,80083.0,1,0.0034089632006792,0.0013957370695137001,2004-2007,2007,
2004,QLD,177,Ryan,14930,CAMPBELL,Percy,1,FFP,Family First,2670.0,79435.0,0.0336123874866242,FFP,False,False,Ryan,0,-0.006387612513375801,1.94,0.0,6,0.0133177959047777,1120.0,84098.0,1,0.0133177959047777,-0.020294591581846502,2004-2007,2007,
2004,QLD,177,Ryan,15294,INGRAM,Simon,2,DEM,Australian Democrats,1926.0,79435.0,0.0242462390633851,DEM,False,False,Ryan,0,-0.015753760936614902,1.94,0.0,6,0.0143523032652381,1207.0,84098.0,1,0.0143523032652381,-0.009893935798146998,2004-2007,2007,
2004,QLD,177,Ryan,15092,SOLOMON,Neville W,4,CEC,Citizens Electoral Council,222.0,79435.0,0.0027947378359665,CEC,False,False,Ryan,0,-0.0372052621640335,1.94,0.0,6,0.0010701800280624,90.0,84098.0,1,0.0010701800280624,-0.0017245578079040998,2004-2007,2007,
2004,QLD,178,Wide Bay,14175,d'OLIVEIRA,Cy,3,IND,Independent,816.0,81877.0,0.0099661687653431,IND,False,True,Wide Bay,0,-0.030033831234656902,1.94,0.0,8,0.0691528282464995,5576.0,80633.0,1,0.0691528282464995,0.0591866594811564,2004-2007,2007,
2004,QLD,178,Wide Bay,15314,ROBINSON,Wesley Charles,4,HAN,One Nation,4048.0,81877.0,0.0494400136790551,ON,False,False,Wide Bay,1,0.009440013679055101,1.94,7853.12,8,0.0123522627212183,996.0,80633.0,1,0.0123522627212183,-0.0370877509578368,2004-2007,2007,
2004,QLD,178,Wide Bay,14143,HEDBERG,Lars,5,IND,Independent,9980.0,81877.0,0.1218901523016231,IND,False,True,Wide Bay,1,0.08189015230162311,1.94,19361.2,8,0.0691528282464995,5576.0,80633.0,1,0.0691528282464995,-0.0527373240551236,2004-2007,2007,
2004,QLD,178,Wide Bay,15101,WILSON,Glen,7,FFP,Family First,2899.0,81877.0,0.0354067686896198,FFP,False,False,Wide Bay,0,-0.004593231310380204,1.94,0.0,8,0.0346260216040578,2792.0,80633.0,1,0.0346260216040578,-0.0007807470855620002,2004-2007,2007,
2004,QLD,178,Wide Bay,15277,WEIR,Darryl William,8,DEM,Australian Democrats,935.0,81877.0,0.0114195683769556,DEM,False,False,Wide Bay,0,-0.0285804316230444,1.94,0.0,8,0.008916944675257,719.0,80633.0,1,0.008916944675257,-0.002502623701698601,2004-2007,2007,
2004,SA,179,Adelaide,14860,PASCOE,Richard,2,DEM,Australian Democrats,1355.0,85076.0,0.015926935916122,DEM,False,False,Adelaide,0,-0.024073064083878,1.94,0.0,6,0.0152665726375176,1353.0,88625.0,1,0.0152665726375176,-0.0006603632786044006,2004-2007,2007,
2004,SA,179,Adelaide,14489,BARLOW,Amanda,4,IND,Independent,978.0,85076.0,0.0114956039306032,IND,False,True,Adelaide,0,-0.028504396069396802,1.94,0.0,6,,,,0,0.0,,2004-2007,2007,
2004,SA,179,Adelaide,14807,ROBINS,Peter G,6,FFP,Family First,1753.0,85076.0,0.0206051060228501,FFP,False,False,Adelaide,0,-0.019394893977149903,1.94,0.0,6,0.0203215796897038,1801.0,88625.0,1,0.0203215796897038,-0.00028352633314629797,2004-2007,2007,
2004,SA,180,Barker,14825,CORNISH,Philip,1,FFP,Family First,5276.0,90714.0,0.0581608131049231,FFP,False,False,Barker,1,0.018160813104923096,1.94,10235.44,8,0.0572140616915002,5418.0,94697.0,1,0.0572140616915002,-0.0009467514134228958,2004-2007,2007,
2004,SA,180,Barker,14601,SCHMIDT,Rodger N,2,IND,Independent,1572.0,90714.0,0.0173291884383887,IND,False,True,Barker,0,-0.0226708115616113,1.94,0.0,8,,,,0,0.0,,2004-2007,2007,
2004,SA,180,Barker,14846,McNAUGHTON,Graham,5,DEM,Australian Democrats,1339.0,90714.0,0.0147606764115792,DEM,False,False,Barker,0,-0.0252393235884208,1.94,0.0,8,0.0209510332956693,1984.0,94697.0,1,0.0209510332956693,0.006190356884090099,2004-2007,2007,
2004,SA,180,Barker,15275,RUSSELL-TAYLOR,Neil,7,HAN,One Nation,1501.0,90714.0,0.0165465088079017,ON,False,False,Barker,0,-0.023453491192098302,1.94,0.0,8,,,,0,0.0,,2004-2007,2007,
2004,SA,182,Boothby,12816,STARLING,Paul,2,IND,Independent,646.0,86208.0,0.0074935040831477,IND,False,True,Boothby,0,-0.0325064959168523,1.94,0.0,7,0.0491067932928398,4390.0,89397.0,1,0.0491067932928398,0.041613289209692095,2004-2007,2007,
2004,SA,182,Boothby,14855,SIMMS,Robert,3,DEM,Australian Democrats,1746.0,86208.0,0.0202533407572383,DEM,False,False,Boothby,0,-0.0197466592427617,1.94,0.0,7,0.0154367596228061,1380.0,89397.0,1,0.0154367596228061,-0.004816581134432202,2004-2007,2007,
2004,SA,182,Boothby,14778,MUNN,Paul,6,FFP,Family First,2571.0,86208.0,0.0298232182628062,FFP,False,False,Boothby,0,-0.010176781737193802,1.94,0.0,7,0.0244191639540476,2183.0,89397.0,1,0.0244191639540476,-0.0054040543087586,2004-2007,2007,
2004,SA,182,Boothby,15247,STAKER,Clarke,7,HAN,One Nation,581.0,86208.0,0.0067395137342242,ON,False,False,Boothby,0,-0.0332604862657758,1.94,0.0,7,0.0034564918285848,309.0,89397.0,1,0.0034564918285848,-0.0032830219056393995,2004-2007,2007,
2004,SA,183,Grey,14834,ROBERTSON,Gil,1,DEM,Australian Democrats,2036.0,87008.0,0.0234001471129091,DEM,False,False,Grey,0,-0.016599852887090902,1.94,0.0,7,0.012272140894049,1094.0,89145.0,1,0.012272140894049,-0.011128006218860098,2004-2007,2007,
2004,SA,183,Grey,14796,KLEINIG,Roger,2,FFP,Family First,4397.0,87008.0,0.0505355829349025,FFP,False,False,Grey,1,0.010535582934902497,1.94,8530.18,7,0.0449716753603679,4009.0,89145.0,1,0.0449716753603679,-0.0055639075745346,2004-2007,2007,
2004,SA,183,Grey,15217,FITZPATRICK,Peter,3,HAN,One Nation,1903.0,87008.0,0.0218715520411916,ON,False,False,Grey,0,-0.0181284479588084,1.94,0.0,7,,,,0,0.0,,2004-2007,2007,
2004,SA,183,Grey,14346,SIEBERT,Paul,5,CEC,Citizens Electoral Council,270.0,87008.0,0.0031031629275468,CEC,False,False,Grey,0,-0.0368968370724532,1.94,0.0,7,,,,0,0.0,,2004-2007,2007,
2004,SA,185,Hindmarsh,15486,IENCO,Joe,1,IND,Independent,1130.0,86906.0,0.0130025544841552,IND,False,True,Hindmarsh,0,-0.0269974455158448,1.94,0.0,9,0.0068243958370082,619.0,90704.0,1,0.0068243958370082,-0.006178158647147,2004-2007,2007,
2004,SA,185,Hindmarsh,15059,PRINCE,Nicole,3,DEM,Australian Democrats,1366.0,86906.0,0.0157181322348284,DEM,False,False,Hindmarsh,0,-0.024281867765171602,1.94,0.0,9,0.020043217498677,1818.0,90704.0,1,0.020043217498677,0.004325085263848602,2004-2007,2007,
2004,SA,185,Hindmarsh,15190,PANNACH,Barbara,4,HAN,One Nation,490.0,86906.0,0.005638275838262,ON,False,False,Hindmarsh,0,-0.034361724161738,1.94,0.0,9,,,,0,0.0,,2004-2007,2007,
2004,SA,185,Hindmarsh,15054,GRACE,Trevor,5,FFP,Family First,1953.0,86906.0,0.0224725565553586,FFP,False,False,Hindmarsh,0,-0.0175274434446414,1.94,0.0,9,0.0212228788146057,1925.0,90704.0,1,0.0212228788146057,-0.0012496777407529011,2004-2007,2007,
2004,SA,185,Hindmarsh,15306,THOMAS,Bill,6,IND,Independent,397.0,86906.0,0.0045681540975306,IND,False,True,Hindmarsh,0,-0.0354318459024694,1.94,0.0,9,0.0068243958370082,619.0,90704.0,1,0.0068243958370082,0.0022562417394776,2004-2007,2007,
2004,SA,185,Hindmarsh,15447,MUSOLINO,Tony,9,IND,Independent,478.0,86906.0,0.0055001956136515,IND,False,True,Hindmarsh,0,-0.034499804386348504,1.94,0.0,9,0.0068243958370082,619.0,90704.0,1,0.0068243958370082,0.0013242002233567005,2004-2007,2007,
2004,SA,186,Kingston,14761,COLE,Andrew,1,FFP,Family First,4767.0,84535.0,0.0563908440291003,FFP,False,False,Kingston,1,0.0163908440291003,1.94,9247.98,6,0.0571217027107668,5169.0,90491.0,1,0.0571217027107668,0.0007308586816665019,2004-2007,2007,
2004,SA,186,Kingston,15237,PAYNE,Laurel,2,HAN,One Nation,869.0,84535.0,0.0102797657774886,ON,False,False,Kingston,0,-0.029720234222511403,1.94,0.0,6,,,,0,0.0,,2004-2007,2007,
2004,SA,186,Kingston,14847,ALBRIGHTON,Deirdre,6,DEM,Australian Democrats,1825.0,84535.0,0.0215886910747027,DEM,False,False,Kingston,0,-0.018411308925297302,1.94,0.0,6,0.0094926567282934,859.0,90491.0,1,0.0094926567282934,-0.012096034346409299,2004-2007,2007,
2004,SA,187,Makin,14785,PILLAR,Rob,2,FFP,Family First,4172.0,84802.0,0.0491969529020542,FFP,False,False,Makin,1,0.009196952902054197,1.94,8093.679999999999,7,0.0354822073233625,3096.0,87255.0,1,0.0354822073233625,-0.0137147455786917,2004-2007,2007,
2004,SA,187,Makin,14417,WALKER,Jeanie,4,IND,Independent,820.0,84802.0,0.0096695832645456,IND,False,True,Makin,0,-0.0303304167354544,1.94,0.0,7,,,,0,0.0,,2004-2007,2007,
2004,SA,187,Makin,15265,HORVAT,Victor,5,HAN,One Nation,715.0,84802.0,0.0084314049196952,ON,False,False,Makin,0,-0.0315685950803048,1.94,0.0,7,0.0057532519626382,502.0,87255.0,1,0.0057532519626382,-0.002678152957057,2004-2007,2007,
2004,SA,187,Makin,14854,OPITZ,Catherine,7,DEM,Australian Democrats,1484.0,84802.0,0.017499587273885,DEM,False,False,Makin,0,-0.022500412726115002,1.94,0.0,7,0.0137298722136267,1198.0,87255.0,1,0.0137298722136267,-0.0037697150602582982,2004-2007,2007,
2004,SA,188,Mayo,14684,DEEGAN,Brian,2,IND,Independent,12577.0,83003.0,0.1515246436875775,IND,False,True,Mayo,1,0.1115246436875775,1.94,24399.38,8,,,,0,0.0,,2004-2007,2007,
2004,SA,188,Mayo,15437,GREAR,Jon,3,IND,Independent,606.0,83003.0,0.0073009409298459,IND,False,True,Mayo,0,-0.0326990590701541,1.94,0.0,8,,,,0,0.0,,2004-2007,2007,
2004,SA,188,Mayo,14902,BRAZHER-DE LAINE,Kathy,4,DEM,Australian Democrats,1505.0,83003.0,0.018131874751515,DEM,False,False,Mayo,0,-0.021868125248485002,1.94,0.0,8,0.0152368444484017,1369.0,89848.0,1,0.0152368444484017,-0.002895030303113298,2004-2007,2007,
2004,SA,188,Mayo,15198,FECHNER,Robert,7,HAN,One Nation,774.0,83003.0,0.009324964157922,ON,False,False,Mayo,0,-0.030675035842078,1.94,0.0,8,,,,0,0.0,,2004-2007,2007,
2004,SA,188,Mayo,14881,CRAMP,Kevin,8,FFP,Family First,3027.0,83003.0,0.0364685613772996,FFP,False,False,Mayo,0,-0.003531438622700403,1.94,0.0,8,0.0402346184667438,3615.0,89848.0,1,0.0402346184667438,0.0037660570894442053,2004-2007,2007,
2004,SA,189,Port Adelaide,15220,BATTEN,Stan,2,HAN,One Nation,1191.0,85657.0,0.0139042927022893,ON,False,False,Port Adelaide,0,-0.0260957072977107,1.94,0.0,6,,,,0,0.0,,2004-2007,2007,
2004,SA,189,Port Adelaide,14804,BUNTING,Richard,4,FFP,Family First,4085.0,85657.0,0.047690206287869,FFP,False,False,Port Adelaide,1,0.0076902062878689975,1.94,7924.9,6,0.0577587825376315,5230.0,90549.0,1,0.0577587825376315,0.010068576249762505,2004-2007,2007,
2004,SA,189,Port Adelaide,14829,TUCKER,Trevor,6,DEM,Australian Democrats,1710.0,85657.0,0.0199633421670149,DEM,False,False,Port Adelaide,0,-0.0200366578329851,1.94,0.0,6,0.020121702061867,1822.0,90549.0,1,0.020121702061867,0.00015835989485209895,2004-2007,2007,
2004,SA,190,Sturt,14793,McPHERSON,Sally,1,FFP,Family First,4167.0,87119.0,0.0478311275381948,FFP,False,False,Sturt,1,0.007831127538194801,1.94,8083.98,6,0.0342403002373199,3102.0,90595.0,1,0.0342403002373199,-0.013590827300874901,2004-2007,2007,
2004,SA,190,Sturt,14845,PINE,Kerrin,4,DEM,Australian Democrats,1970.0,87119.0,0.0226127480802121,DEM,False,False,Sturt,0,-0.0173872519197879,1.94,0.0,6,0.0117445775153154,1064.0,90595.0,1,0.0117445775153154,-0.010868170564896699,2004-2007,2007,
2004,SA,190,Sturt,15328,RICHARDS,Brian,5,HAN,One Nation,597.0,87119.0,0.0068526957380135,ON,False,False,Sturt,0,-0.033147304261986504,1.94,0.0,6,,,,0,0.0,,2004-2007,2007,
2004,SA,191,Wakefield,15202,DWYER,David,1,HAN,One Nation,2066.0,80616.0,0.0256276669643743,ON,False,False,Wakefield,0,-0.014372333035625701,1.94,0.0,6,0.0095801764042097,832.0,86846.0,1,0.0095801764042097,-0.0160474905601646,2004-2007,2007,
2004,SA,191,Wakefield,15029,WAY,Richard,2,DEM,Australian Democrats,1346.0,80616.0,0.0166964374317753,DEM,False,False,Wakefield,0,-0.0233035625682247,1.94,0.0,6,0.011698869262833,1016.0,86846.0,1,0.011698869262833,-0.0049975681689423,2004-2007,2007,
2004,SA,191,Wakefield,14838,POINTON,David G,4,FFP,Family First,4379.0,80616.0,0.0543192418378485,FFP,False,False,Wakefield,1,0.014319241837848502,1.94,8495.26,6,0.0516201091587407,4483.0,86846.0,1,0.0516201091587407,-0.0026991326791078046,2004-2007,2007,
2004,TAS,192,Bass,14275,LARNER,Caroline,1,CEC,Citizens Electoral Council,847.0,62439.0,0.0135652396739217,CEC,False,False,Bass,0,-0.0264347603260783,1.94,0.0,6,0.0034307198245476,219.0,63835.0,1,0.0034307198245476,-0.0101345198493741,2004-2007,2007,
2004,TAS,192,Bass,14667,BERGMAN,Christine,5,FFP,Family First,1145.0,62439.0,0.0183378977882413,FFP,False,False,Bass,0,-0.0216621022117587,1.94,0.0,6,0.0145688102138325,930.0,63835.0,1,0.0145688102138325,-0.003769087574408801,2004-2007,2007,
2004,TAS,192,Bass,14214,de LANDELLES,Meredith,6,SAL,Socialist Alliance,219.0,62439.0,0.0035074232450872,SAL,False,False,Bass,0,-0.0364925767549128,1.94,0.0,6,,,,0,0.0,,2004-2007,2007,
2004,TAS,193,Braddon,14659,DE BOMFORD,Wayne,4,FFP,Family First,2581.0,64787.0,0.0398382391529164,FFP,False,False,Braddon,0,-0.00016176084708360156,1.94,0.0,4,0.0322210651816302,2135.0,66261.0,1,0.0322210651816302,-0.007617173971286202,2004-2007,2007,
2004,TAS,194,Denison,14666,PAPICCIO,Gino,4,FFP,Family First,1578.0,63824.0,0.0247242416645775,FFP,False,False,Denison,0,-0.0152757583354225,1.94,0.0,5,0.0212599656088791,1360.0,63970.0,1,0.0212599656088791,-0.003464276055698403,2004-2007,2007,
2004,TAS,194,Denison,14212,EMANUEL,Kamala,5,SAL,Socialist Alliance,544.0,63824.0,0.0085234394585109,SAL,False,False,Denison,0,-0.031476560541489104,1.94,0.0,5,0.0077223698608722,494.0,63970.0,1,0.0077223698608722,-0.0008010695976387004,2004-2007,2007,
2004,TAS,195,Franklin,14211,SHIELDS,Glenn,4,SAL,Socialist Alliance,345.0,64489.0,0.005349749569694,SAL,False,False,Franklin,0,-0.034650250430306,1.94,0.0,5,0.0053968535604447,365.0,67632.0,1,0.0053968535604447,4.710399075069996e-05,2004-2007,2007,
2004,TAS,195,Franklin,14668,MUMFORD,Marc,5,FFP,Family First,2063.0,64489.0,0.0319899517747212,FFP,False,False,Franklin,0,-0.008010048225278801,1.94,0.0,5,0.0222379938490655,1504.0,67632.0,1,0.0222379938490655,-0.0097519579256557,2004-2007,2007,
2004,TAS,196,Lyons,14675,PAPICCIO,Marie,2,FFP,Family First,1606.0,60584.0,0.0265086491482899,FFP,False,False,Lyons,0,-0.013491350851710101,1.94,0.0,5,0.0224922766534266,1427.0,63444.0,1,0.0224922766534266,-0.0040163724948633,2004-2007,2007,
2004,TAS,196,Lyons,14268,JENKINS,Saul,3,CEC,Citizens Electoral Council,311.0,60584.0,0.0051333685461507,CEC,False,False,Lyons,0,-0.0348666314538493,1.94,0.0,5,0.0129090221297522,819.0,63444.0,1,0.0129090221297522,0.007775653583601499,2004-2007,2007,
2004,VIC,197,Aston,14486,MITCHELL,Doug,1,CEC,Citizens Electoral Council,557.0,81445.0,0.0068389710847811,CEC,False,False,Aston,0,-0.0331610289152189,1.94,0.0,7,0.0028550785437934,245.0,85812.0,1,0.0028550785437934,-0.0039838925409877,2004-2007,2007,
2004,VIC,197,Aston,14771,NATHAN,Peter,3,FFP,Family First,2290.0,81445.0,0.0281171342623856,FFP,False,False,Aston,0,-0.0118828657376144,1.94,0.0,7,0.0347037710343541,2978.0,85812.0,1,0.0347037710343541,0.006586636771968496,2004-2007,2007,
2004,VIC,197,Aston,15463,BREWER,Nevil,6,NGS,No GST,573.0,81445.0,0.0070354226778807,NGS,False,False,Aston,0,-0.0329645773221193,1.94,0.0,7,,,,0,0.0,,2004-2007,2007,
2004,VIC,197,Aston,15161,AYLIFFE,Nahum,7,DEM,Democrats,998.0,81445.0,0.0122536681195899,DEM,False,False,Aston,0,-0.0277463318804101,1.94,0.0,7,0.0145201137370064,1246.0,85812.0,1,0.0145201137370064,0.0022664456174165005,2004-2007,2007,
2004,VIC,198,Ballarat,14872,LINDORFF,Claire,3,DLP,D.L.P. - Democratic Labor Party,1109.0,83852.0,0.0132256833468492,DLP,False,False,Ballarat,0,-0.0267743166531508,1.94,0.0,6,,,,0,0.0,,2004-2007,2007,
2004,VIC,198,Ballarat,14511,von THULE HALBORG,Valiant,5,CEC,Citizens Electoral Council,192.0,83852.0,0.0022897486046844,CEC,False,False,Ballarat,0,-0.0377102513953156,1.94,0.0,6,,,,0,0.0,,2004-2007,2007,
2004,VIC,198,Ballarat,14862,ADAMEK,Vlad,6,FFP,Family First,1799.0,83852.0,0.0214544673949339,FFP,False,False,Ballarat,0,-0.0185455326050661,1.94,0.0,6,0.0365228680758017,3207.0,87808.0,1,0.0365228680758017,0.015068400680867799,2004-2007,2007,
2004,VIC,199,Batman,15191,KNEEBONE,Scott,3,DEM,Democrats,1105.0,75544.0,0.0146272371068516,DEM,False,False,Batman,0,-0.025372762893148403,1.94,0.0,9,0.0203236213454513,1619.0,79661.0,1,0.0203236213454513,0.0056963842385996995,2004-2007,2007,
2004,VIC,199,Batman,14495,MELLADO,Walter Hernan,4,CEC,Citizens Electoral Council,171.0,75544.0,0.0022635814889336,CEC,False,False,Batman,0,-0.0377364185110664,1.94,0.0,9,0.0036153199181531,288.0,79661.0,1,0.0036153199181531,0.0013517384292195001,2004-2007,2007,
2004,VIC,199,Batman,15513,BISHOP,Craig,6,IND,Independent,708.0,75544.0,0.009372021603304,IND,False,True,Batman,0,-0.030627978396696003,1.94,0.0,9,,,,0,0.0,,2004-2007,2007,
2004,VIC,199,Batman,14663,BYRNE,Peter,7,,,201.0,75544.0,0.0026607010483956,,False,False,Batman,0,-0.0373392989516044,1.94,0.0,9,,,,0,0.0,,2004-2007,2007,
2004,VIC,199,Batman,14378,MATTHEWS,Graham,8,SAL,Socialist Alliance,430.0,75544.0,0.0056920470189558,SAL,False,False,Batman,0,-0.0343079529810442,1.94,0.0,9,,,,0,0.0,,2004-2007,2007,
2004,VIC,199,Batman,14712,ARIARATNAM,Chris,9,FFP,Family First,853.0,75544.0,0.0112914328073705,FFP,False,False,Batman,0,-0.0287085671926295,1.94,0.0,9,0.026236175794931,2090.0,79661.0,1,0.026236175794931,0.0149447429875605,2004-2007,2007,
2004,VIC,200,Bendigo,14713,HULLS,Nathan,2,FFP,Family First,3238.0,88110.0,0.036749517648394,FFP,False,False,Bendigo,0,-0.0032504823516060002,1.94,0.0,5,0.035456263198844,3190.0,89970.0,1,0.035456263198844,-0.001293254449550002,2004-2007,2007,
2004,VIC,200,Bendigo,14471,WHITE,Vern,4,CEC,Citizens Electoral Council,373.0,88110.0,0.0042333446827828,CEC,False,False,Bendigo,0,-0.0357666553172172,1.94,0.0,5,,,,0,0.0,,2004-2007,2007,
2004,VIC,201,Bruce,14748,WARNER,Richard,3,FFP,Family First,2064.0,78451.0,0.0263094160686288,FFP,False,False,Bruce,0,-0.013690583931371202,1.94,0.0,6,0.0284983422532937,2295.0,80531.0,1,0.0284983422532937,0.002188926184664902,2004-2007,2007,
2004,VIC,201,Bruce,15147,van den BERGEN,Paul,4,DEM,Democrats,1079.0,78451.0,0.0137538081095205,DEM,False,False,Bruce,0,-0.0262461918904795,1.94,0.0,6,0.0125665892637617,1012.0,80531.0,1,0.0125665892637617,-0.0011872188457588,2004-2007,2007,
2004,VIC,201,Bruce,14484,LARNER,William,6,CEC,Citizens Electoral Council,282.0,78451.0,0.003594600451237,CEC,False,False,Bruce,0,-0.036405399548763,1.94,0.0,6,,,,0,0.0,,2004-2007,2007,
2004,VIC,203,Calwell,15050,CANHAM,Gary,2,FFP,Family First,1870.0,79368.0,0.0235611329503074,FFP,False,False,Calwell,0,-0.0164388670496926,1.94,0.0,7,0.0434334067462617,3747.0,86270.0,1,0.0434334067462617,0.0198722737959543,2004-2007,2007,
2004,VIC,203,Calwell,14485,YOHANNA,Sleiman,3,CEC,Citizens Electoral Council,1745.0,79368.0,0.0219861909081745,CEC,False,False,Calwell,0,-0.0180138090918255,1.94,0.0,7,0.0210617827750086,1817.0,86270.0,1,0.0210617827750086,-0.0009244081331659,2004-2007,2007,
2004,VIC,203,Calwell,15182,GATT,Jonathon,5,DEM,Democrats,1180.0,79368.0,0.014867452877734,DEM,False,False,Calwell,0,-0.025132547122266,1.94,0.0,7,0.0092616204937985,799.0,86270.0,1,0.0092616204937985,-0.0056058323839354995,2004-2007,2007,
2004,VIC,203,Calwell,15529,TOWERS,Denis,7,IND,Independent,1202.0,79368.0,0.0151446426771494,IND,False,True,Calwell,0,-0.024855357322850602,1.94,0.0,7,0.0072331053668714,624.0,86270.0,1,0.0072331053668714,-0.007911537310278001,2004-2007,2007,
2004,VIC,204,Casey,15512,CHAPMAN,Daniel,2,,,531.0,80057.0,0.0066327741484192,,False,False,Casey,0,-0.0333672258515808,1.94,0.0,7,,,,0,0.0,,2004-2007,2007,
2004,VIC,204,Casey,14715,RUSHTON,Andrew,3,FFP,Family First,3243.0,80057.0,0.040508637595713,FFP,False,False,Casey,1,0.000508637595712999,1.94,6291.42,7,0.041909071320836,3501.0,83538.0,1,0.041909071320836,0.0014004337251230028,2004-2007,2007,
2004,VIC,204,Casey,15181,VANDERSMAN,Jos,4,DEM,Democrats,1002.0,80057.0,0.0125160822913674,DEM,False,False,Casey,0,-0.0274839177086326,1.94,0.0,7,0.0185065479183126,1546.0,83538.0,1,0.0185065479183126,0.005990465626945201,2004-2007,2007,
2004,VIC,204,Casey,14483,BECK,Jeremy,5,CEC,Citizens Electoral Council,167.0,80057.0,0.0020860137152279,CEC,False,False,Casey,0,-0.0379139862847721,1.94,0.0,7,,,,0,0.0,,2004-2007,2007,
2004,VIC,205,Chisholm,15176,BENNETT,James,1,DEM,Democrats,1561.0,77830.0,0.0200565334703841,DEM,False,False,Chisholm,0,-0.0199434665296159,1.94,0.0,7,0.0131832636402333,1053.0,79874.0,1,0.0131832636402333,-0.006873269830150802,2004-2007,2007,
2004,VIC,205,Chisholm,14723,ONG,Gary,3,FFP,Family First,1468.0,77830.0,0.0188616214827187,FFP,False,False,Chisholm,0,-0.0211383785172813,1.94,0.0,7,0.0244510103412875,1953.0,79874.0,1,0.0244510103412875,0.0055893888585688,2004-2007,2007,
2004,VIC,205,Chisholm,14259,LYSAGHT,Owen,5,IND,Independent,763.0,77830.0,0.009803417705255,IND,False,True,Chisholm,0,-0.030196582294745,1.94,0.0,7,,,,0,0.0,,2004-2007,2007,
2004,VIC,205,Chisholm,14491,BARWICK,Wayne,6,CEC,Citizens Electoral Council,137.0,77830.0,0.0017602466915071,CEC,False,False,Chisholm,0,-0.0382397533084929,1.94,0.0,7,0.001877957783509,150.0,79874.0,1,0.001877957783509,0.00011771109200189997,2004-2007,2007,
2004,VIC,207,Corangamite,14805,MODRA,Christine,3,FFP,Family First,2318.0,84642.0,0.0273859313343257,FFP,False,False,Corangamite,0,-0.0126140686656743,1.94,0.0,6,0.0355886452640662,3217.0,90394.0,1,0.0355886452640662,0.0082027139297405,2004-2007,2007,
2004,VIC,207,Corangamite,14498,BAILEY,Andrew,5,CEC,Citizens Electoral Council,313.0,84642.0,0.0036979277427281,CEC,False,False,Corangamite,0,-0.0363020722572719,1.94,0.0,6,,,,0,0.0,,2004-2007,2007,
2004,VIC,207,Corangamite,14385,JOHNSON,Chris,6,SAL,Socialist Alliance,491.0,84642.0,0.0058009026251742,SAL,False,False,Corangamite,0,-0.0341990973748258,1.94,0.0,6,,,,0,0.0,,2004-2007,2007,
2004,VIC,208,Corio,12288,MALESIC,Steve,1,IND,Independent,2877.0,80137.0,0.0359010195040992,IND,False,True,Corio,0,-0.004098980495900802,1.94,0.0,7,0.1268048313483701,10530.0,83041.0,1,0.1268048313483701,0.09090381184427089,2004-2007,2007,
2004,VIC,208,Corio,14490,BIRD,Steven,2,CEC,Citizens Electoral Council,251.0,80137.0,0.0031321362167288,CEC,False,False,Corio,0,-0.0368678637832712,1.94,0.0,7,0.0022880263965992,190.0,83041.0,1,0.0022880263965992,-0.0008441098201296001,2004-2007,2007,
2004,VIC,208,Corio,14774,ALDERSON,Gordon,3,FFP,Family First,2077.0,80137.0,0.0259181152276726,FFP,False,False,Corio,0,-0.0140818847723274,1.94,0.0,7,0.0396310256379378,3291.0,83041.0,1,0.0396310256379378,0.013712910410265199,2004-2007,2007,
2004,VIC,208,Corio,14387,GOODEN,Tim,6,SAL,Socialist Alliance,505.0,80137.0,0.0063017083244943,SAL,False,False,Corio,0,-0.0336982916755057,1.94,0.0,7,0.0039980250719524,332.0,83041.0,1,0.0039980250719524,-0.0023036832525418997,2004-2007,2007,
2004,VIC,209,Deakin,15179,BAILEY,Alan,1,DEM,Democrats,1595.0,80884.0,0.0197195984372681,DEM,False,False,Deakin,0,-0.0202804015627319,1.94,0.0,7,0.0146397764548657,1205.0,82310.0,1,0.0146397764548657,-0.005079821982402401,2004-2007,2007,
2004,VIC,209,Deakin,14726,DE ZILWA,Yasmin,3,FFP,Family First,1889.0,80884.0,0.0233544335097176,FFP,False,False,Deakin,0,-0.016645566490282402,1.94,0.0,7,0.0314542582918235,2589.0,82310.0,1,0.0314542582918235,0.008099824782105903,2004-2007,2007,
2004,VIC,209,Deakin,15471,RASKOVY,Steve,5,IND,Independent,739.0,80884.0,0.0091365412195242,IND,False,True,Deakin,0,-0.0308634587804758,1.94,0.0,7,,,,0,0.0,,2004-2007,2007,
2004,VIC,209,Deakin,14472,TAIT,Simon,6,CEC,Citizens Electoral Council,140.0,80884.0,0.0017308738440235,CEC,False,False,Deakin,0,-0.0382691261559765,1.94,0.0,7,,,,0,0.0,,2004-2007,2007,
2004,VIC,210,Dunkley,14527,PEUT,Gabrielle M,2,CEC,Citizens Electoral Council,178.0,82948.0,0.0021459227467811,CEC,False,False,Dunkley,0,-0.037854077253218904,1.94,0.0,7,,,,0,0.0,,2004-2007,2007,
2004,VIC,210,Dunkley,15145,BAILEY,Karen,3,DEM,Democrats,1008.0,82948.0,0.0121521917345807,DEM,False,False,Dunkley,0,-0.0278478082654193,1.94,0.0,7,0.0161450858756539,1395.0,86404.0,1,0.0161450858756539,0.0039928941410732,2004-2007,2007,
2004,VIC,210,Dunkley,14773,EASTMAN,Cameron,5,FFP,Family First,1949.0,82948.0,0.0234966485026763,FFP,False,False,Dunkley,0,-0.016503351497323702,1.94,0.0,7,0.0258668580158326,2235.0,86404.0,1,0.0258668580158326,0.0023702095131563003,2004-2007,2007,
2004,VIC,210,Dunkley,13435,DAVIS,Fletcher,6,IND,Independent,722.0,82948.0,0.0087042484448087,IND,False,True,Dunkley,0,-0.0312957515551913,1.94,0.0,7,,,,0,0.0,,2004-2007,2007,
2004,VIC,211,Flinders,15535,MADIGAN,Paul,1,IND,Independent,1043.0,82944.0,0.012574749228395,IND,False,True,Flinders,0,-0.027425250771605,1.94,0.0,8,,,,0,0.0,,2004-2007,2007,
2004,VIC,211,Flinders,14916,JOHNSTONE,Dean,2,FFP,Family First,1435.0,82944.0,0.0173008294753086,FFP,False,False,Flinders,0,-0.0226991705246914,1.94,0.0,8,0.022398738099262,1988.0,88755.0,1,0.022398738099262,0.005097908623953398,2004-2007,2007,
2004,VIC,211,Flinders,15545,ADAMS,Neale,4,IND,Independent,503.0,82944.0,0.0060643325617283,IND,False,True,Flinders,0,-0.0339356674382717,1.94,0.0,8,,,,0,0.0,,2004-2007,2007,
2004,VIC,211,Flinders,15132,ERROL,Bruce,5,DEM,Democrats,715.0,82944.0,0.008620273919753,DEM,False,False,Flinders,0,-0.031379726080247,1.94,0.0,8,0.0092614500591515,822.0,88755.0,1,0.0092614500591515,0.0006411761393984999,2004-2007,2007,
2004,VIC,211,Flinders,14507,BROADBENT,Henry,7,CEC,Citizens Electoral Council,174.0,82944.0,0.0020978009259259,CEC,False,False,Flinders,0,-0.0379021990740741,1.94,0.0,8,,,,0,0.0,,2004-2007,2007,
2004,VIC,212,Gellibrand,15532,ASSAF,Wajde,3,IND,Independent,606.0,79420.0,0.0076303198186854,IND,False,True,Gellibrand,0,-0.0323696801813146,1.94,0.0,8,0.0231712533865678,1950.0,84156.0,1,0.0231712533865678,0.0155409335678824,2004-2007,2007,
2004,VIC,212,Gellibrand,14839,LEE,Michael,5,FFP,Family First,1463.0,79420.0,0.0184210526315789,FFP,False,False,Gellibrand,0,-0.0215789473684211,1.94,0.0,8,0.0202005798754693,1700.0,84156.0,1,0.0202005798754693,0.0017795272438904004,2004-2007,2007,
2004,VIC,212,Gellibrand,14492,ISHERWOOD,Kel,6,CEC,Citizens Electoral Council,149.0,79420.0,0.0018761017375975,CEC,False,False,Gellibrand,0,-0.0381238982624025,1.94,0.0,8,0.0033865678026522,285.0,84156.0,1,0.0033865678026522,0.0015104660650547,2004-2007,2007,
2004,VIC,212,Gellibrand,14406,WALDRON,Linda,7,SAL,Socialist Alliance,508.0,79420.0,0.0063963737093931,SAL,False,False,Gellibrand,0,-0.0336036262906069,1.94,0.0,8,0.0158515138552212,1334.0,84156.0,1,0.0158515138552212,0.0094551401458281,2004-2007,2007,
2004,VIC,212,Gellibrand,15174,GRAROCK,Max,8,DEM,Democrats,1032.0,79420.0,0.0129942080080584,DEM,False,False,Gellibrand,0,-0.0270057919919416,1.94,0.0,8,0.0129283711203003,1088.0,84156.0,1,0.0129283711203003,-6.583688775809934e-05,2004-2007,2007,
2004,VIC,213,Gippsland,14534,SINDT,Christina,1,,,1288.0,85234.0,0.0151113405448529,,False,False,Gippsland,0,-0.0248886594551471,1.94,0.0,9,,,,0,0.0,,2004-2007,2007,
2004,VIC,213,Gippsland,14516,STANTON,Heather,3,CEC,Citizens Electoral Council,233.0,85234.0,0.0027336508904897,CEC,False,False,Gippsland,0,-0.0372663491095103,1.94,0.0,9,,,,0,0.0,,2004-2007,2007,
2004,VIC,213,Gippsland,15189,LANGMORE,David Leonard,5,DEM,Democrats,1312.0,85234.0,0.0153929183189806,DEM,False,False,Gippsland,0,-0.0246070816810194,1.94,0.0,9,,,,0,0.0,,2004-2007,2007,
2004,VIC,213,Gippsland,15553,KELLY,Peter Maxwell,6,IND,Independent,3139.0,85234.0,0.0368280263744515,IND,False,True,Gippsland,0,-0.0031719736255485034,1.94,0.0,9,0.0316197910166664,2787.0,88141.0,1,0.0316197910166664,-0.005208235357785099,2004-2007,2007,
2004,VIC,213,Gippsland,14815,LILLYMAN,Doug,7,FFP,Family First,2405.0,85234.0,0.0282164394490461,FFP,False,False,Gippsland,0,-0.011783560550953903,1.94,0.0,9,0.0431354307303071,3802.0,88141.0,1,0.0431354307303071,0.014918991281261004,2004-2007,2007,
2004,VIC,213,Gippsland,14642,BUCKLEY,Ben,9,HAN,One Nation,2539.0,85234.0,0.0297885820212591,ON,False,False,Gippsland,0,-0.010211417978740901,1.94,0.0,9,,,,0,0.0,,2004-2007,2007,
2004,VIC,214,Goldstein,15549,O'BRIEN,Terry,1,IND,Independent,1585.0,81868.0,0.0193604338691552,IND,False,True,Goldstein,0,-0.020639566130844802,1.94,0.0,7,,,,0,0.0,,2004-2007,2007,
2004,VIC,214,Goldstein,14711,HERMANS,Mark,3,FFP,Family First,1088.0,81868.0,0.0132896858357355,FFP,False,False,Goldstein,0,-0.0267103141642645,1.94,0.0,7,0.0113717628577122,970.0,85299.0,1,0.0113717628577122,-0.0019179229780233002,2004-2007,2007,
2004,VIC,214,Goldstein,15153,IGAI,Aron Paul,5,DEM,Democrats,1006.0,81868.0,0.0122880734841452,DEM,False,False,Goldstein,0,-0.0277119265158548,1.94,0.0,7,0.0166707698800689,1422.0,85299.0,1,0.0166707698800689,0.004382696395923702,2004-2007,2007,
2004,VIC,214,Goldstein,14468,SHOMALI,Heather E,7,CEC,Citizens Electoral Council,168.0,81868.0,0.0020520838422826,CEC,False,False,Goldstein,0,-0.0379479161577174,1.94,0.0,7,0.0021805648366334,186.0,85299.0,1,0.0021805648366334,0.00012848099435079988,2004-2007,2007,
2004,VIC,309,Gorton,14797,MALLON,Ian,3,FFP,Family First,2052.0,82413.0,0.0248989843835317,FFP,False,False,Gorton,0,-0.015101015616468302,1.94,0.0,5,0.0395014341150666,3746.0,94832.0,1,0.0395014341150666,0.014602449731534899,2004-2007,2007,
2004,VIC,309,Gorton,14494,CAMPBELL,Colin Ross Morgan,5,CEC,Citizens Electoral Council,510.0,82413.0,0.0061883440719303,CEC,False,False,Gorton,0,-0.0338116559280697,1.94,0.0,5,,,,0,0.0,,2004-2007,2007,
2004,VIC,215,Higgins,15223,McBETH,Adam,2,DEM,Democrats,1440.0,79239.0,0.0181728694203611,DEM,False,False,Higgins,0,-0.0218271305796389,1.94,0.0,6,0.0121280427299121,990.0,81629.0,1,0.0121280427299121,-0.0060448266904490015,2004-2007,2007,
2004,VIC,215,Higgins,14506,REID,Katherine,3,CEC,Citizens Electoral Council,243.0,79239.0,0.0030666717146859,CEC,False,False,Higgins,0,-0.0369333282853141,1.94,0.0,6,,,,0,0.0,,2004-2007,2007,
2004,VIC,215,Higgins,14824,PRINGLE,Glen,4,FFP,Family First,658.0,79239.0,0.0083039917212483,FFP,False,False,Higgins,0,-0.0316960082787517,1.94,0.0,6,0.0076810937289443,627.0,81629.0,1,0.0076810937289443,-0.000622897992304001,2004-2007,2007,
2004,VIC,216,Holt,14522,JOHN,Jason,1,CEC,Citizens Electoral Council,1169.0,81613.0,0.0143236984303971,CEC,False,False,Holt,0,-0.0256763015696029,1.94,0.0,6,0.003736204576043,347.0,92875.0,1,0.003736204576043,-0.0105874938543541,2004-2007,2007,
2004,VIC,216,Holt,14770,BURGESS,Stephen,4,FFP,Family First,3403.0,81613.0,0.0416967885018318,FFP,False,False,Holt,1,0.001696788501831796,1.94,6601.82,6,0.0438869448183041,4076.0,92875.0,1,0.0438869448183041,0.0021901563164723054,2004-2007,2007,
2004,VIC,216,Holt,15142,BERK,Daniel,6,DEM,Democrats,1160.0,81613.0,0.0142134218813179,DEM,False,False,Holt,0,-0.025786578118682103,1.94,0.0,6,0.012436069986541,1155.0,92875.0,1,0.012436069986541,-0.0017773518947769,2004-2007,2007,
2004,VIC,217,Hotham,14758,COOMBE,Roger,1,FFP,Family First,2045.0,79532.0,0.0257129205854247,FFP,False,False,Hotham,0,-0.014287079414575302,1.94,0.0,7,0.0203735353063407,1657.0,81331.0,1,0.0203735353063407,-0.0053393852790839975,2004-2007,2007,
2004,VIC,217,Hotham,14376,COX,Josephine,3,SAL,Socialist Alliance,274.0,79532.0,0.0034451541517879,SAL,False,False,Hotham,0,-0.0365548458482121,1.94,0.0,7,,,,0,0.0,,2004-2007,2007,
2004,VIC,217,Hotham,15295,JOSS,Jessica,6,DEM,Democrats,975.0,79532.0,0.0122592164160337,DEM,False,False,Hotham,0,-0.0277407835839663,1.94,0.0,7,0.0098363477640752,800.0,81331.0,1,0.0098363477640752,-0.002422868651958501,2004-2007,2007,
2004,VIC,217,Hotham,14481,ELLERY,Adam,7,CEC,Citizens Electoral Council,224.0,79532.0,0.0028164763868631,CEC,False,False,Hotham,0,-0.0371835236131369,1.94,0.0,7,0.0029509043292225,240.0,81331.0,1,0.0029509043292225,0.0001344279423593996,2004-2007,2007,
2004,VIC,218,Indi,14738,McMARTIN,Warren,1,FFP,Family First,3341.0,82764.0,0.0403677927601372,FFP,False,False,Indi,1,0.0003677927601372019,1.94,6481.54,5,0.0381622604527045,3232.0,84691.0,1,0.0381622604527045,-0.0022055323074327005,2004-2007,2007,
2004,VIC,218,Indi,14474,BAILEY,Merrill Christine,2,CEC,Citizens Electoral Council,558.0,82764.0,0.0067420617659852,CEC,False,False,Indi,0,-0.0332579382340148,1.94,0.0,5,0.0041799010520598,354.0,84691.0,1,0.0041799010520598,-0.0025621607139254005,2004-2007,2007,
2004,VIC,219,Isaacs,15151,FLETCHER,Haydn,3,DEM,Democrats,862.0,84060.0,0.0102545800618605,DEM,False,False,Isaacs,0,-0.0297454199381395,1.94,0.0,8,0.0218014408871083,1970.0,90361.0,1,0.0218014408871083,0.011546860825247798,2004-2007,2007,
2004,VIC,219,Isaacs,15530,FORD,Gordon W,4,IND,Independent,650.0,84060.0,0.0077325719724006,IND,False,True,Isaacs,0,-0.0322674280275994,1.94,0.0,8,0.0125828620754529,1137.0,90361.0,1,0.0125828620754529,0.0048502901030522995,2004-2007,2007,
2004,VIC,219,Isaacs,14706,GROVES,Carl L,5,HAN,One Nation,536.0,84060.0,0.0063763978110873,ON,False,False,Isaacs,0,-0.0336236021889127,1.94,0.0,8,,,,0,0.0,,2004-2007,2007,
2004,VIC,219,Isaacs,15025,MATHEWS,Jacob,6,FFP,Family First,2019.0,84060.0,0.0240185581727337,FFP,False,False,Isaacs,0,-0.0159814418272663,1.94,0.0,8,0.0255419926738305,2308.0,90361.0,1,0.0255419926738305,0.0015234345010968,2004-2007,2007,
2004,VIC,219,Isaacs,14496,MALLIOTIS,Martha,7,CEC,Citizens Electoral Council,214.0,84060.0,0.0025458006186057,CEC,False,False,Isaacs,0,-0.0374541993813943,1.94,0.0,8,,,,0,0.0,,2004-2007,2007,
2004,VIC,220,Jagajaga,14710,BARTON,Jennifer,1,FFP,Family First,1956.0,85537.0,0.0228672971930275,FFP,False,False,Jagajaga,0,-0.017132702806972502,1.94,0.0,8,0.0235905637744902,2065.0,87535.0,1,0.0235905637744902,0.0007232665814627011,2004-2007,2007,
2004,VIC,220,Jagajaga,14466,LELE,Stephen,4,CEC,Citizens Electoral Council,162.0,85537.0,0.0018939172521832,CEC,False,False,Jagajaga,0,-0.0381060827478168,1.94,0.0,8,0.0056663049066087,496.0,87535.0,1,0.0056663049066087,0.0037723876544255,2004-2007,2007,
2004,VIC,220,Jagajaga,15159,HAYWARD,Cate,5,DEM,Democrats,983.0,85537.0,0.0114921028326922,DEM,False,False,Jagajaga,0,-0.0285078971673078,1.94,0.0,8,0.0111840977894556,979.0,87535.0,1,0.0111840977894556,-0.00030800504323660015,2004-2007,2007,
2004,VIC,220,Jagajaga,15630,SCHOREL-HLAVKA,Gary,6,ADP,The Aged and Disability Pensioners Party,285.0,85537.0,0.0033318914621742,ADP,False,False,Jagajaga,0,-0.0366681085378258,1.94,0.0,8,,,,0,0.0,,2004-2007,2007,
2004,VIC,220,Jagajaga,14263,MINSTER,Barry,8,VET,"Ex-Service, Service & Veterans Party",527.0,85537.0,0.0061610764932134,VET,False,False,Jagajaga,0,-0.0338389235067866,1.94,0.0,8,,,,0,0.0,,2004-2007,2007,
2004,VIC,221,Kooyong,14523,REED,Andrew,1,CEC,Citizens Electoral Council,446.0,79727.0,0.0055940898315501,CEC,False,False,Kooyong,0,-0.034405910168449905,1.94,0.0,6,0.0018796992481203,154.0,81928.0,1,0.0018796992481203,-0.0037143905834298,2004-2007,2007,
2004,VIC,221,Kooyong,14832,LAIDLER,John,4,FFP,Family First,1099.0,79727.0,0.0137845397418691,FFP,False,False,Kooyong,0,-0.0262154602581309,1.94,0.0,6,0.0153915633238941,1261.0,81928.0,1,0.0153915633238941,0.0016070235820250002,2004-2007,2007,
2004,VIC,221,Kooyong,15167,DETTMAN,Mary,5,DEM,Democrats,1472.0,79727.0,0.0184630050045781,DEM,False,False,Kooyong,0,-0.0215369949954219,1.94,0.0,6,0.0128893662728249,1056.0,81928.0,1,0.0128893662728249,-0.0055736387317532,2004-2007,2007,
2004,VIC,223,La Trobe,15131,HOLLAND,Tony,2,DEM,Democrats,1160.0,77731.0,0.0149232609898238,DEM,False,False,La Trobe,0,-0.0250767390101762,1.94,0.0,8,0.0118663743067199,1012.0,85283.0,1,0.0118663743067199,-0.0030568866831039,2004-2007,2007,
2004,VIC,223,La Trobe,6850,DEAN,Frank,4,IND,Independent,777.0,77731.0,0.0099960118871492,IND,False,True,La Trobe,0,-0.0300039881128508,1.94,0.0,8,,,,0,0.0,,2004-2007,2007,
2004,VIC,223,La Trobe,14509,BEILHARZ,Kurt,6,CEC,Citizens Electoral Council,131.0,77731.0,0.001685299301437,CEC,False,False,La Trobe,0,-0.038314700698563,1.94,0.0,8,0.0016415932835383,140.0,85283.0,1,0.0016415932835383,-4.370601789870001e-05,2004-2007,2007,
2004,VIC,223,La Trobe,15281,VOIGT,Wolf,7,CDP,Christian Democratic Party (Fred Nile Group),459.0,77731.0,0.0059049799951113,CDP,False,False,La Trobe,0,-0.034095020004888704,1.94,0.0,8,,,,0,0.0,,2004-2007,2007,
2004,VIC,223,La Trobe,14786,BRIDGES,Darryl,8,FFP,Family First,1830.0,77731.0,0.0235427306994635,FFP,False,False,La Trobe,0,-0.016457269300536502,1.94,0.0,8,0.0284112894715242,2423.0,85283.0,1,0.0284112894715242,0.004868558772060702,2004-2007,2007,
2004,VIC,222,Lalor,14776,BULLER,Arthur,2,FFP,Family First,2607.0,82024.0,0.0317833804740076,FFP,False,False,Lalor,0,-0.008216619525992404,1.94,0.0,6,0.0439566191403387,4199.0,95526.0,1,0.0439566191403387,0.012173238666331104,2004-2007,2007,
2004,VIC,222,Lalor,15141,HOWE,Roger,5,DEM,Democrats,1182.0,82024.0,0.0144104164634741,DEM,False,False,Lalor,0,-0.0255895835365259,1.94,0.0,6,0.0092016833113497,879.0,95526.0,1,0.0092016833113497,-0.0052087331521244,2004-2007,2007,
2004,VIC,222,Lalor,14480,LARNER,Sally,6,CEC,Citizens Electoral Council,462.0,82024.0,0.0056324978055203,CEC,False,False,Lalor,0,-0.034367502194479704,1.94,0.0,6,,,,0,0.0,,2004-2007,2007,
2004,VIC,224,Mallee,14864,SMITH,Kevin,4,FFP,Family First,3787.0,83855.0,0.0451612903225806,FFP,False,False,Mallee,1,0.0051612903225806,1.94,7346.78,6,0.0652931283037001,5435.0,83240.0,1,0.0652931283037001,0.020131837981119498,2004-2007,2007,
2004,VIC,224,Mallee,15186,PARR,Stephen,5,DEM,Democrats,1301.0,83855.0,0.0155148768707888,DEM,False,False,Mallee,0,-0.024485123129211202,1.94,0.0,6,0.027907256126862,2323.0,83240.0,1,0.027907256126862,0.012392379256073198,2004-2007,2007,
2004,VIC,224,Mallee,14473,CAMPBELL,Trudy,6,CEC,Citizens Electoral Council,1197.0,83855.0,0.0142746407489118,CEC,False,False,Mallee,0,-0.025725359251088202,1.94,0.0,6,0.0072080730418068,600.0,83240.0,1,0.0072080730418068,-0.007066567707105001,2004-2007,2007,
2004,VIC,225,Maribyrnong,15185,LIVESAY,Robert,2,DEM,Democrats,1261.0,78074.0,0.0161513435971001,DEM,False,False,Maribyrnong,0,-0.0238486564028999,1.94,0.0,6,0.0157042244616687,1242.0,79087.0,1,0.0157042244616687,-0.0004471191354314015,2004-2007,2007,
2004,VIC,225,Maribyrnong,14760,HOLT,David,4,FFP,Family First,1443.0,78074.0,0.0184824653533826,FFP,False,False,Maribyrnong,0,-0.0215175346466174,1.94,0.0,6,0.0257817340397284,2039.0,79087.0,1,0.0257817340397284,0.007299268686345801,2004-2007,2007,
2004,VIC,225,Maribyrnong,14488,KOZLOWSKI,Andre,5,CEC,Citizens Electoral Council,656.0,78074.0,0.0084022850116556,CEC,False,False,Maribyrnong,0,-0.0315977149883444,1.94,0.0,6,0.0144271498476361,1141.0,79087.0,1,0.0144271498476361,0.0060248648359805,2004-2007,2007,
2004,VIC,226,McEwen,15550,GORDON,Robert,1,IND,Independent,2220.0,87418.0,0.0253952275275114,IND,False,True,McEwen,0,-0.014604772472488602,1.94,0.0,9,0.008794892754043,850.0,96647.0,1,0.008794892754043,-0.0166003347734684,2004-2007,2007,
2004,VIC,226,McEwen,14721,SACH,Mark,2,FFP,Family First,1500.0,87418.0,0.0171589375185888,FFP,False,False,McEwen,0,-0.0228410624814112,1.94,0.0,9,0.0248740260949641,2404.0,96647.0,1,0.0248740260949641,0.0077150885763753,2004-2007,2007,
2004,VIC,226,McEwen,15154,WHITE,Marj,4,DEM,Democrats,713.0,87418.0,0.0081562149671692,DEM,False,False,McEwen,0,-0.0318437850328308,1.94,0.0,9,0.0098399329518764,951.0,96647.0,1,0.0098399329518764,0.001683717984707199,2004-2007,2007,
2004,VIC,226,McEwen,14469,McLENNAN,Rod,5,CEC,Citizens Electoral Council,188.0,87418.0,0.0021505868356631,CEC,False,False,McEwen,0,-0.037849413164336904,1.94,0.0,9,0.001676203089594,162.0,96647.0,1,0.001676203089594,-0.0004743837460690998,2004-2007,2007,
2004,VIC,226,McEwen,14260,SMITH,Maurie,6,IND,Independent,278.0,87418.0,0.0031801230867784,IND,False,True,McEwen,0,-0.036819876913221604,1.94,0.0,9,0.008794892754043,850.0,96647.0,1,0.008794892754043,0.0056147696672646,2004-2007,2007,
2004,VIC,226,McEwen,15503,LUTZ,Damon Gordon,9,IND,Independent,398.0,87418.0,0.0045528380882655,IND,False,True,McEwen,0,-0.0354471619117345,1.94,0.0,9,0.008794892754043,850.0,96647.0,1,0.008794892754043,0.0042420546657775,2004-2007,2007,
2004,VIC,227,McMillan,14648,GIZYCKI de GOZDAWA,A R,1,HAN,One Nation,1044.0,75431.0,0.0138404634699261,ON,False,False,McMillan,0,-0.0261595365300739,1.94,0.0,10,,,,0,0.0,,2004-2007,2007,
2004,VIC,227,McMillan,14524,REID,Graeme,2,CEC,Citizens Electoral Council,127.0,75431.0,0.0016836579125293,CEC,False,False,McMillan,0,-0.0383163420874707,1.94,0.0,10,0.0035601314891769,287.0,80615.0,1,0.0035601314891769,0.0018764735766476001,2004-2007,2007,
2004,VIC,227,McMillan,14607,EMANUEL,Howard,3,IND,Independent,1079.0,75431.0,0.0143044636820405,IND,False,True,McMillan,0,-0.0256955363179595,1.94,0.0,10,,,,0,0.0,,2004-2007,2007,
2004,VIC,227,McMillan,15298,GRANT,Julie,5,DEM,Democrats,638.0,75431.0,0.0084580610093993,DEM,False,False,McMillan,0,-0.031541938990600704,1.94,0.0,10,0.0149599950381442,1206.0,80615.0,1,0.0149599950381442,0.0065019340287449,2004-2007,2007,
2004,VIC,227,McMillan,15039,BYRNE,Greg,8,DLP,D.L.P. - Democratic Labor Party,263.0,75431.0,0.0034866301653166,DLP,False,False,McMillan,0,-0.0365133698346834,1.94,0.0,10,0.0096135954847112,775.0,80615.0,1,0.0096135954847112,0.006126965319394601,2004-2007,2007,
2004,VIC,227,McMillan,15320,PAUL,Harold,9,FFP,Family First,1289.0,75431.0,0.0170884649547268,FFP,False,False,McMillan,0,-0.022911535045273202,1.94,0.0,10,0.0293989952242138,2370.0,80615.0,1,0.0293989952242138,0.012310530269487002,2004-2007,2007,
2004,VIC,228,Melbourne,14382,KENNY,Zoe,2,SAL,Socialist Alliance,619.0,81204.0,0.0076227772030934,SAL,False,False,Melbourne,0,-0.0323772227969066,1.94,0.0,8,,,,0,0.0,,2004-2007,2007,
2004,VIC,228,Melbourne,15249,WILLIAMS,Angela,4,DEM,Democrats,1326.0,81204.0,0.0163292448647849,DEM,False,False,Melbourne,0,-0.0236707551352151,1.94,0.0,8,0.0143292648116643,1255.0,87583.0,1,0.0143292648116643,-0.0019999800531206,2004-2007,2007,
2004,VIC,228,Melbourne,14476,ANGER,Steven,6,IND,Independent,559.0,81204.0,0.0068838973449583,IND,False,True,Melbourne,0,-0.0331161026550417,1.94,0.0,8,,,,0,0.0,,2004-2007,2007,
2004,VIC,228,Melbourne,14768,WILLIS,Chris,7,FFP,Family First,718.0,81204.0,0.0088419289690163,FFP,False,False,Melbourne,0,-0.0311580710309837,1.94,0.0,8,0.0100247764977221,878.0,87583.0,1,0.0100247764977221,0.0011828475287058004,2004-2007,2007,
2004,VIC,228,Melbourne,14487,McGUCKIN,Rhys,8,CEC,Citizens Electoral Council,145.0,81204.0,0.0017856263238264,CEC,False,False,Melbourne,0,-0.0382143736761736,1.94,0.0,8,0.0066907961590719,586.0,87583.0,1,0.0066907961590719,0.0049051698352455,2004-2007,2007,
2004,VIC,230,Melbourne Ports,15516,CAMERON,Les,1,IND,Independent,958.0,81636.0,0.0117350188642265,IND,False,True,Melbourne Ports,0,-0.0282649811357735,1.94,0.0,8,,,,0,0.0,,2004-2007,2007,
2004,VIC,230,Melbourne Ports,15236,BEALE,Craig,3,DEM,Democrats,1102.0,81636.0,0.0134989465431917,DEM,False,False,Melbourne Ports,0,-0.026501053456808303,1.94,0.0,8,0.0177391061906808,1527.0,86081.0,1,0.0177391061906808,0.004240159647489099,2004-2007,2007,
2004,VIC,230,Melbourne Ports,14750,JACKEL,Graeme,5,FFP,Family First,444.0,81636.0,0.0054387770101425,FFP,False,False,Melbourne Ports,0,-0.034561222989857504,1.94,0.0,8,0.0084920017193108,731.0,86081.0,1,0.0084920017193108,0.003053224709168299,2004-2007,2007,
2004,VIC,230,Melbourne Ports,14493,ISHERWOOD,Aaron,6,CEC,Citizens Electoral Council,146.0,81636.0,0.0017884266745063,CEC,False,False,Melbourne Ports,0,-0.0382115733254937,1.94,0.0,8,0.0019981180516025,172.0,86081.0,1,0.0019981180516025,0.0002096913770962001,2004-2007,2007,
2004,VIC,230,Melbourne Ports,15248,HORIN,Leonie,7,IND,Independent,374.0,81636.0,0.0045813121662011,IND,False,True,Melbourne Ports,0,-0.0354186878337989,1.94,0.0,8,,,,0,0.0,,2004-2007,2007,
2004,VIC,229,Menzies,14482,DAVIDSON,Jordon,2,CEC,Citizens Electoral Council,256.0,81239.0,0.0031511958542079,CEC,False,False,Menzies,0,-0.0368488041457921,1.94,0.0,6,,,,0,0.0,,2004-2007,2007,
2004,VIC,229,Menzies,14720,BRIDGE,John,3,FFP,Family First,1739.0,81239.0,0.0214059749627641,FFP,False,False,Menzies,0,-0.018594025037235902,1.94,0.0,6,0.0242127295214537,2036.0,84088.0,1,0.0242127295214537,0.0028067545586895996,2004-2007,2007,
2004,VIC,229,Menzies,15177,PAGE,Anne,4,DEM,Democrats,1226.0,81239.0,0.0150912738955427,DEM,False,False,Menzies,0,-0.024908726104457303,1.94,0.0,6,0.0097754733136713,822.0,84088.0,1,0.0097754733136713,-0.005315800581871399,2004-2007,2007,
2004,VIC,231,Murray,14201,BRYANT,Rob,2,IND,Independent,6235.0,80417.0,0.0775333573746844,IND,False,True,Murray,1,0.037533357374684405,1.94,12095.9,7,0.0542609688306531,4373.0,80592.0,1,0.0542609688306531,-0.023272388544031304,2004-2007,2007,
2004,VIC,231,Murray,14714,MADILL,Janine,4,FFP,Family First,1917.0,80417.0,0.0238382431575413,FFP,False,False,Murray,0,-0.0161617568424587,1.94,0.0,7,0.0331794719078816,2674.0,80592.0,1,0.0331794719078816,0.009341228750340297,2004-2007,2007,
2004,VIC,231,Murray,14477,BARWICK,Elisa,5,CEC,Citizens Electoral Council,137.0,80417.0,0.0017036198813683,CEC,False,False,Murray,0,-0.0382963801186317,1.94,0.0,7,0.0025188604327973,203.0,80592.0,1,0.0025188604327973,0.0008152405514290002,2004-2007,2007,
2004,VIC,231,Murray,15554,TEASDALE,Diane,6,IND,Independent,1083.0,80417.0,0.0134673016899411,IND,False,True,Murray,0,-0.026532698310058903,1.94,0.0,7,0.0542609688306531,4373.0,80592.0,1,0.0542609688306531,0.040793667140712,2004-2007,2007,
2004,VIC,232,Scullin,14499,STEER,Simon,1,CEC,Citizens Electoral Council,1287.0,78289.0,0.0164390910600467,CEC,False,False,Scullin,0,-0.0235609089399533,1.94,0.0,5,0.004729175089744,386.0,81621.0,1,0.004729175089744,-0.0117099159703027,2004-2007,2007,
2004,VIC,232,Scullin,14708,SHAND,Amy,3,FFP,Family First,2656.0,78289.0,0.0339255834152946,FFP,False,False,Scullin,0,-0.006074416584705401,1.94,0.0,5,0.0472794991485034,3859.0,81621.0,1,0.0472794991485034,0.0133539157332088,2004-2007,2007,
2004,VIC,233,Wannon,15169,WILLSHER,Kerre,3,DEM,Democrats,806.0,84184.0,0.0095742658937565,DEM,False,False,Wannon,0,-0.030425734106243503,1.94,0.0,7,,,,0,0.0,,2004-2007,2007,
2004,VIC,233,Wannon,14788,HAZELTON,Ruth,4,FFP,Family First,2508.0,84184.0,0.0297918844435997,FFP,False,False,Wannon,0,-0.010208115556400301,1.94,0.0,7,0.0429415488499683,3663.0,85302.0,1,0.0429415488499683,0.0131496644063686,2004-2007,2007,
2004,VIC,233,Wannon,14519,BARWICK,Robert,6,CEC,Citizens Electoral Council,149.0,84184.0,0.0017699325287465,CEC,False,False,Wannon,0,-0.0382300674712535,1.94,0.0,7,,,,0,0.0,,2004-2007,2007,
2004,VIC,233,Wannon,9618,McDONALD,Leigh,7,IND,Independent,1555.0,84184.0,0.0184714435047039,IND,False,True,Wannon,0,-0.0215285564952961,1.94,0.0,7,,,,0,0.0,,2004-2007,2007,
2004,VIC,234,Wills,14475,ISHERWOOD,Noelene W,2,CEC,Citizens Electoral Council,373.0,82048.0,0.0045461193447737,CEC,False,False,Wills,0,-0.0354538806552263,1.94,0.0,7,0.0026328914251249,227.0,86217.0,1,0.0026328914251249,-0.0019132279196488002,2004-2007,2007,
2004,VIC,234,Wills,15140,STONE,Robert,4,DEM,Democrats,1163.0,82048.0,0.0141746294851794,DEM,False,False,Wills,0,-0.025825370514820603,1.94,0.0,7,0.0232552744818307,2005.0,86217.0,1,0.0232552744818307,0.0090806449966513,2004-2007,2007,
2004,VIC,234,Wills,14707,SURACI,Deborah,6,FFP,Family First,1275.0,82048.0,0.0155396840873634,FFP,False,False,Wills,0,-0.0244603159126366,1.94,0.0,7,0.0143011239082779,1233.0,86217.0,1,0.0143011239082779,-0.0012385601790854996,2004-2007,2007,
2004,VIC,234,Wills,14373,GLANZ,David,7,SAL,Socialist Alliance,867.0,82048.0,0.0105669851794071,SAL,False,False,Wills,0,-0.0294330148205929,1.94,0.0,7,0.0072375517589338,624.0,86217.0,1,0.0072375517589338,-0.003329433420473299,2004-2007,2007,
2004,WA,235,Brand,14181,VETTOOR,Rajesh,1,CDP,CDP Christian Party,1581.0,74104.0,0.0213348807081938,CDP,False,False,Brand,0,-0.0186651192918062,1.94,0.0,8,0.0249419111240197,2061.0,82632.0,1,0.0249419111240197,0.003607030415825902,2004-2007,2007,
2004,WA,235,Brand,14139,KETTLE,Gerard,3,IND,Independent,1084.0,74104.0,0.0146280902515383,IND,False,True,Brand,0,-0.0253719097484617,1.94,0.0,8,,,,0,0.0,,2004-2007,2007,
2004,WA,235,Brand,14419,STOCKDEN,Garth,4,HAN,Pauline Hanson's One Nation,2045.0,74104.0,0.027596351074166,ON,False,False,Brand,0,-0.012403648925834,1.94,0.0,8,0.0159865427437312,1321.0,82632.0,1,0.0159865427437312,-0.0116098083304348,2004-2007,2007,
2004,WA,235,Brand,14961,PARTRIDGE,John,5,DEM,Australian Democrats,619.0,74104.0,0.0083531253373637,DEM,False,False,Brand,0,-0.0316468746626363,1.94,0.0,8,,,,0,0.0,,2004-2007,2007,
2004,WA,235,Brand,14562,TOTTEN,Rob,8,CEC,Citizens Electoral Council,742.0,74104.0,0.0100129547662744,CEC,False,False,Brand,0,-0.0299870452337256,1.94,0.0,8,0.0035700455029528,295.0,82632.0,1,0.0035700455029528,-0.006442909263321601,2004-2007,2007,
2004,WA,236,Canning,14575,McCARTHY,Brian,2,CEC,Citizens Electoral Council,642.0,74623.0,0.0086032456481245,CEC,False,False,Canning,0,-0.0313967543518755,1.94,0.0,9,0.0030420289517238,261.0,85798.0,1,0.0030420289517238,-0.005561216696400699,2004-2007,2007,
2004,WA,236,Canning,14441,DACHEFF,Angelo,3,HAN,Pauline Hanson's One Nation,2035.0,74623.0,0.027270412607373,ON,False,False,Canning,0,-0.012729587392627001,1.94,0.0,9,0.0147322781416816,1264.0,85798.0,1,0.0147322781416816,-0.0125381344656914,2004-2007,2007,
2004,WA,236,Canning,15342,CUSTERS,Bev,5,FFP,Family First,756.0,74623.0,0.0101309247819037,FFP,False,False,Canning,0,-0.0298690752180963,1.94,0.0,9,0.012960675074011,1112.0,85798.0,1,0.012960675074011,0.002829750292107301,2004-2007,2007,
2004,WA,236,Canning,14693,DODD,Margaret,6,IND,Independent,871.0,74623.0,0.0116720046098387,IND,False,True,Canning,0,-0.0283279953901613,1.94,0.0,9,,,,0,0.0,,2004-2007,2007,
2004,WA,236,Canning,14191,HILL,Vivian,8,CDP,CDP Christian Party,1802.0,74623.0,0.024148050869035,CDP,False,False,Canning,0,-0.015851949130965,1.94,0.0,9,0.0282873726660295,2427.0,85798.0,1,0.0282873726660295,0.0041393217969944995,2004-2007,2007,
2004,WA,236,Canning,14972,BENNELL,Tony,9,DEM,Australian Democrats,864.0,74623.0,0.011578199750747,DEM,False,False,Canning,0,-0.028421800249253,1.94,0.0,9,,,,0,0.0,,2004-2007,2007,
2004,WA,237,Cowan,14561,ATKINS,Basil,2,CEC,Citizens Electoral Council,282.0,76382.0,0.0036919693121416,CEC,False,False,Cowan,0,-0.0363080306878584,1.94,0.0,7,0.0022979565862971,195.0,84858.0,1,0.0022979565862971,-0.0013940127258445,2004-2007,2007,
2004,WA,237,Cowan,14971,GILFILLAN,Sarah,3,DEM,Australian Democrats,1002.0,76382.0,0.0131182739388861,DEM,False,False,Cowan,0,-0.0268817260611139,1.94,0.0,7,,,,0,0.0,,2004-2007,2007,
2004,WA,237,Cowan,14187,LEEDER,Richard,4,CDP,CDP Christian Party,1873.0,76382.0,0.0245214841192951,CDP,False,False,Cowan,0,-0.0154785158807049,1.94,0.0,7,0.0186664781163826,1584.0,84858.0,1,0.0186664781163826,-0.0058550060029124995,2004-2007,2007,
2004,WA,237,Cowan,14439,WINTON,Clem,5,HAN,Pauline Hanson's One Nation,1538.0,76382.0,0.020135634049907,ON,False,False,Cowan,0,-0.019864365950093,1.94,0.0,7,0.0092271795234391,783.0,84858.0,1,0.0092271795234391,-0.010908454526467902,2004-2007,2007,
2004,WA,238,Curtin,14960,OLVER,Rob,3,DEM,Australian Democrats,1688.0,75658.0,0.0223109254804515,DEM,False,False,Curtin,0,-0.0176890745195485,1.94,0.0,7,,,,0,0.0,,2004-2007,2007,
2004,WA,238,Curtin,14186,FORDER,Gail,4,CDP,CDP Christian Party,1272.0,75658.0,0.0168124983478283,CDP,False,False,Curtin,0,-0.0231875016521717,1.94,0.0,7,0.0126844552253891,1004.0,79152.0,1,0.0126844552253891,-0.004128043122439199,2004-2007,2007,
2004,WA,238,Curtin,14437,CAINE,Albert Martin,6,HAN,Pauline Hanson's One Nation,744.0,75658.0,0.0098337254487298,ON,False,False,Curtin,0,-0.030166274551270203,1.94,0.0,7,0.0041565595310289,329.0,79152.0,1,0.0041565595310289,-0.005677165917700899,2004-2007,2007,
2004,WA,238,Curtin,14563,HORNE,Colin,7,CEC,Citizens Electoral Council,216.0,75658.0,0.0028549525496312,CEC,False,False,Curtin,0,-0.0371450474503688,1.94,0.0,7,,,,0,0.0,,2004-2007,2007,
2004,WA,239,Forrest,15431,VAGG,Ken,1,NCO,New Country Party,1075.0,77536.0,0.0138645274453157,NCO,False,False,Forrest,0,-0.0261354725546843,1.94,0.0,9,,,,0,0.0,,2004-2007,2007,
2004,WA,239,Forrest,14195,FLANEGAN,Shane,2,CDP,CDP Christian Party,1242.0,77536.0,0.0160183656624019,CDP,False,False,Forrest,0,-0.0239816343375981,1.94,0.0,9,0.0191603498542274,1643.0,85750.0,1,0.0191603498542274,0.0031419841918255004,2004-2007,2007,
2004,WA,239,Forrest,14970,WELCH,Adam,3,DEM,Australian Democrats,1311.0,77536.0,0.0169082748658687,DEM,False,False,Forrest,0,-0.0230917251341313,1.94,0.0,9,,,,0,0.0,,2004-2007,2007,
2004,WA,239,Forrest,15339,ROSE,Linda,4,FFP,Family First,1281.0,77536.0,0.0165213578208832,FFP,False,False,Forrest,0,-0.023478642179116802,1.94,0.0,9,0.0134110787172011,1150.0,85750.0,1,0.0134110787172011,-0.003110279103682098,2004-2007,2007,
2004,WA,239,Forrest,14442,GIORGI,Alan,5,HAN,Pauline Hanson's One Nation,2667.0,77536.0,0.0343969252992158,ON,False,False,Forrest,0,-0.005603074700784201,1.94,0.0,9,0.0108221574344023,928.0,85750.0,1,0.0108221574344023,-0.023574767864813502,2004-2007,2007,
2004,WA,239,Forrest,14567,TUFFNELL,Ian,9,CEC,Citizens Electoral Council,334.0,77536.0,0.0043076764341725,CEC,False,False,Forrest,0,-0.0356923235658275,1.94,0.0,9,0.0016793002915451,144.0,85750.0,1,0.0016793002915451,-0.0026283761426274,2004-2007,2007,
2004,WA,240,Fremantle,14576,POOLE,Damian,1,CEC,Citizens Electoral Council,800.0,72666.0,0.0110092753144524,CEC,False,False,Fremantle,0,-0.0289907246855476,1.94,0.0,8,0.0030287480757437,242.0,79901.0,1,0.0030287480757437,-0.0079805272387087,2004-2007,2007,
2004,WA,240,Fremantle,14189,SHAVE,Michelle,3,CDP,CDP Christian Party,1524.0,72666.0,0.0209726694740318,CDP,False,False,Fremantle,0,-0.0190273305259682,1.94,0.0,8,0.0172213113728238,1376.0,79901.0,1,0.0172213113728238,-0.003751358101208,2004-2007,2007,
2004,WA,240,Fremantle,14479,JAMIESON,Ian,4,SAL,Socialist Alliance,350.0,72666.0,0.0048165579500729,SAL,False,False,Fremantle,0,-0.0351834420499271,1.94,0.0,8,0.004518091137783,361.0,79901.0,1,0.004518091137783,-0.00029846681228989924,2004-2007,2007,
2004,WA,240,Fremantle,14989,BEAUMONT,Delys,5,DEM,Australian Democrats,1231.0,72666.0,0.0169405223901136,DEM,False,False,Fremantle,0,-0.0230594776098864,1.94,0.0,8,,,,0,0.0,,2004-2007,2007,
2004,WA,240,Fremantle,14426,MACKINTOSH,Craig Alan,7,HAN,Pauline Hanson's One Nation,1687.0,72666.0,0.0232158093193515,ON,False,False,Fremantle,0,-0.0167841906806485,1.94,0.0,8,0.0123653020613008,988.0,79901.0,1,0.0123653020613008,-0.010850507258050701,2004-2007,2007,
2004,WA,305,Hasluck,14568,HALL,Simon Joseph,1,CEC,Citizens Electoral Council,913.0,71546.0,0.0127610208816705,CEC,False,False,Hasluck,0,-0.027238979118329502,1.94,0.0,7,0.0093517737061337,687.0,73462.0,1,0.0093517737061337,-0.0034092471755367993,2004-2007,2007,
2004,WA,305,Hasluck,14183,RYAN,Terry,2,CDP,CDP Christian Party,2221.0,71546.0,0.03104296536494,CDP,False,False,Hasluck,0,-0.00895703463506,1.94,0.0,7,0.0303422177452288,2229.0,73462.0,1,0.0303422177452288,-0.0007007476197112006,2004-2007,2007,
2004,WA,305,Hasluck,14428,NIELD,Paul,3,HAN,Pauline Hanson's One Nation,2413.0,71546.0,0.0337265535459704,ON,False,False,Hasluck,0,-0.006273446454029601,1.94,0.0,7,0.0152595899921047,1121.0,73462.0,1,0.0152595899921047,-0.0184669635538657,2004-2007,2007,
2004,WA,305,Hasluck,14964,HANNAH,Nicola,4,DEM,Australian Democrats,1236.0,71546.0,0.0172755989153831,DEM,False,False,Hasluck,0,-0.022724401084616902,1.94,0.0,7,,,,0,0.0,,2004-2007,2007,
2004,WA,241,Kalgoorlie,14425,SCOTT,Robin,3,HAN,Pauline Hanson's One Nation,1511.0,64831.0,0.0233067513997933,ON,False,False,Kalgoorlie,0,-0.0166932486002067,1.94,0.0,10,0.0163944426652026,1075.0,65571.0,1,0.0163944426652026,-0.0069123087345907,2004-2007,2007,
2004,WA,241,Kalgoorlie,14987,HODDY,Don,4,DEM,Australian Democrats,496.0,64831.0,0.0076506609492372,DEM,False,False,Kalgoorlie,0,-0.0323493390507628,1.94,0.0,10,,,,0,0.0,,2004-2007,2007,
2004,WA,241,Kalgoorlie,14613,THOMAS,Lorraine,5,CEC,Citizens Electoral Council,318.0,64831.0,0.004905060850519,CEC,False,False,Kalgoorlie,0,-0.035094939149481,1.94,0.0,10,0.0041939271934239,275.0,65571.0,1,0.0041939271934239,-0.0007111336570950998,2004-2007,2007,
2004,WA,241,Kalgoorlie,15716,COOK,Brendon,7,IND,Independent,506.0,64831.0,0.0078049081457944,IND,False,True,Kalgoorlie,0,-0.032195091854205604,1.94,0.0,10,,,,0,0.0,,2004-2007,2007,
2004,WA,241,Kalgoorlie,15487,CAMPBELL,Graeme,8,IND,Independent,6654.0,64831.0,0.1026360845891626,IND,False,True,Kalgoorlie,1,0.06263608458916259,1.94,12908.76,10,,,,0,0.0,,2004-2007,2007,
2004,WA,241,Kalgoorlie,14188,HENDRY,Craig,9,CDP,CDP Christian Party,827.0,64831.0,0.0127562431552806,CDP,False,False,Kalgoorlie,0,-0.0272437568447194,1.94,0.0,10,0.0146711198548138,962.0,65571.0,1,0.0146711198548138,0.0019148766995331998,2004-2007,2007,
2004,WA,241,Kalgoorlie,15628,ROWLAND,Nabil Haji,10,IND,Independent,252.0,64831.0,0.0038870293532415,IND,False,True,Kalgoorlie,0,-0.0361129706467585,1.94,0.0,10,,,,0,0.0,,2004-2007,2007,
2004,WA,242,Moore,14443,GAULT,George,2,HAN,Pauline Hanson's One Nation,1388.0,68196.0,0.0203530998885565,ON,False,False,Moore,0,-0.019646900111443502,1.94,0.0,7,0.0102318168234406,719.0,70271.0,1,0.0102318168234406,-0.010121283065115899,2004-2007,2007,
2004,WA,242,Moore,14190,WONG,Evelynne,3,CDP,CDP Christian Party,1445.0,68196.0,0.0211889260367176,CDP,False,False,Moore,0,-0.0188110739632824,1.94,0.0,7,0.0221428469781275,1556.0,70271.0,1,0.0221428469781275,0.0009539209414098984,2004-2007,2007,
2004,WA,242,Moore,14569,HARVEY,Arthur,5,CEC,Citizens Electoral Council,189.0,68196.0,0.0027714235439028,CEC,False,False,Moore,0,-0.0372285764560972,1.94,0.0,7,0.0016365214668924,115.0,70271.0,1,0.0016365214668924,-0.0011349020770104,2004-2007,2007,
2004,WA,242,Moore,14984,PAYNE,Kevin,7,DEM,Australian Democrats,1160.0,68196.0,0.0170097952959117,DEM,False,False,Moore,0,-0.022990204704088302,1.94,0.0,7,,,,0,0.0,,2004-2007,2007,
2004,WA,243,O'Connor,14418,McRAE,Brian,2,HAN,Pauline Hanson's One Nation,3177.0,73009.0,0.0435151830596227,ON,False,False,O'Connor,1,0.0035151830596227007,1.94,6163.38,10,0.0159596145503306,1214.0,76067.0,1,0.0159596145503306,-0.0275555685092921,2004-2007,2007,
2004,WA,243,O'Connor,14566,PAYNE,Callum Craig,4,CEC,Citizens Electoral Council,367.0,73009.0,0.0050267775205796,CEC,False,False,O'Connor,0,-0.034973222479420404,1.94,0.0,10,0.0027870167089539,212.0,76067.0,1,0.0027870167089539,-0.0022397608116256997,2004-2007,2007,
2004,WA,243,O'Connor,14182,MOSELEY,Justin,5,CDP,CDP Christian Party,2060.0,73009.0,0.0282156994343163,CDP,False,False,O'Connor,0,-0.011784300565683702,1.94,0.0,10,0.0293819921910946,2235.0,76067.0,1,0.0293819921910946,0.0011662927567783025,2004-2007,2007,
2004,WA,243,O'Connor,15305,HOUGH,Jan,8,NCO,New Country Party,639.0,73009.0,0.0087523456012272,NCO,False,False,O'Connor,0,-0.0312476543987728,1.94,0.0,10,,,,0,0.0,,2004-2007,2007,
2004,WA,243,O'Connor,14969,THACKRAH,David,9,DEM,Australian Democrats,511.0,73009.0,0.0069991370926872,DEM,False,False,O'Connor,0,-0.0330008629073128,1.94,0.0,10,,,,0,0.0,,2004-2007,2007,
2004,WA,243,O'Connor,14741,GIUDICE,George,10,IND,Independent,2013.0,73009.0,0.0275719431850867,IND,False,True,O'Connor,0,-0.0124280568149133,1.94,0.0,10,0.0148290323004719,1128.0,76067.0,1,0.0148290323004719,-0.012742910884614801,2004-2007,2007,
2004,WA,244,Pearce,14180,MERRELLS,Robert,1,CDP,CDP Christian Party,2235.0,75023.0,0.0297908641349986,CDP,False,False,Pearce,0,-0.010209135865001401,1.94,0.0,9,0.0198741187723628,1683.0,84683.0,1,0.0198741187723628,-0.009916745362635801,2004-2007,2007,
2004,WA,244,Pearce,14497,TRUMAN,Annolies,2,SAL,Socialist Alliance,286.0,75023.0,0.0038121642696239,SAL,False,False,Pearce,0,-0.0361878357303761,1.94,0.0,9,0.0037315635959991,316.0,84683.0,1,0.0037315635959991,-8.060067362479972e-05,2004-2007,2007,
2004,WA,244,Pearce,14432,GUNNYON,David,3,HAN,Pauline Hanson's One Nation,2803.0,75023.0,0.0373618756914546,ON,False,False,Pearce,0,-0.002638124308545403,1.94,0.0,9,0.0162370251408192,1375.0,84683.0,1,0.0162370251408192,-0.0211248505506354,2004-2007,2007,
2004,WA,244,Pearce,14974,McLEAN,Donella,4,DEM,Australian Democrats,1155.0,75023.0,0.0153952787811737,DEM,False,False,Pearce,0,-0.0246047212188263,1.94,0.0,9,,,,0,0.0,,2004-2007,2007,
2004,WA,244,Pearce,14565,McLEAN,Ron,7,CEC,Citizens Electoral Council,396.0,75023.0,0.0052783812964024,CEC,False,False,Pearce,0,-0.0347216187035976,1.94,0.0,9,0.0032474050281638,275.0,84683.0,1,0.0032474050281638,-0.0020309762682386005,2004-2007,2007,
2004,WA,244,Pearce,15255,RADISICH,Jeanette,8,NCO,New Country Party,911.0,75023.0,0.0121429428308652,NCO,False,False,Pearce,0,-0.0278570571691348,1.94,0.0,9,,,,0,0.0,,2004-2007,2007,
2004,WA,245,Perth,14521,ULASOWSKI,Nikki,1,SAL,Socialist Alliance,984.0,73549.0,0.013378835878122,SAL,False,False,Perth,0,-0.026621164121878,1.94,0.0,8,0.0059285002427618,464.0,78266.0,1,0.0059285002427618,-0.007450335635360201,2004-2007,2007,
2004,WA,245,Perth,14185,LOH,Augustine,2,CDP,CDP Christian Party,1807.0,73549.0,0.0245686549103318,CDP,False,False,Perth,0,-0.015431345089668203,1.94,0.0,8,0.0203664426443155,1594.0,78266.0,1,0.0203664426443155,-0.0042022122660163,2004-2007,2007,
2004,WA,245,Perth,14448,EDMONDS,Marie,3,HAN,Pauline Hanson's One Nation,1463.0,73549.0,0.0198915009041591,ON,False,False,Perth,0,-0.0201084990958409,1.94,0.0,8,0.0080239184320139,628.0,78266.0,1,0.0080239184320139,-0.011867582472145201,2004-2007,2007,
2004,WA,245,Perth,14968,BRADBURY,Ray,5,DEM,Australian Democrats,1344.0,73549.0,0.0182735319310935,DEM,False,False,Perth,0,-0.0217264680689065,1.94,0.0,8,,,,0,0.0,,2004-2007,2007,
2004,WA,245,Perth,14616,RUSSELL,Ross Herbert,7,CEC,Citizens Electoral Council,247.0,73549.0,0.0033583053474554,CEC,False,False,Perth,0,-0.036641694652544604,1.94,0.0,8,0.0020698643088953,162.0,78266.0,1,0.0020698643088953,-0.0012884410385601,2004-2007,2007,
2004,WA,246,Stirling,14593,PEARSON,Leone,1,CEC,Citizens Electoral Council,691.0,76046.0,0.0090866054756331,CEC,False,False,Stirling,0,-0.0309133945243669,1.94,0.0,8,0.0019765043050734,160.0,80951.0,1,0.0019765043050734,-0.0071101011705597,2004-2007,2007,
2004,WA,246,Stirling,15071,COLETTI,Giuseppe,2,DEM,Australian Democrats,1108.0,76046.0,0.0145701286063698,DEM,False,False,Stirling,0,-0.0254298713936302,1.94,0.0,8,,,,0,0.0,,2004-2007,2007,
2004,WA,246,Stirling,15623,ANDERSON,Marcus,5,IND,Independent,664.0,76046.0,0.0087315572153696,IND,False,True,Stirling,0,-0.0312684427846304,1.94,0.0,8,,,,0,0.0,,2004-2007,2007,
2004,WA,246,Stirling,14184,MORAN,Ray,7,CDP,CDP Christian Party,1472.0,76046.0,0.0193567051521447,CDP,False,False,Stirling,0,-0.0206432948478553,1.94,0.0,8,0.0173808847327395,1407.0,80951.0,1,0.0173808847327395,-0.001975820419405201,2004-2007,2007,
2004,WA,246,Stirling,14422,PATRICK,Alex K,8,HAN,Pauline Hanson's One Nation,1119.0,76046.0,0.0147147778975883,ON,False,False,Stirling,0,-0.0252852221024117,1.94,0.0,8,0.0064730515991155,524.0,80951.0,1,0.0064730515991155,-0.0082417262984728,2004-2007,2007,
2004,WA,247,Swan,14620,JOHARI,Azmi,2,CEC,Citizens Electoral Council,198.0,69324.0,0.0028561537129998,CEC,False,False,Swan,0,-0.0371438462870002,1.94,0.0,9,0.0012658924541801,92.0,72676.0,1,0.0012658924541801,-0.0015902612588197,2004-2007,2007,
2004,WA,247,Swan,14179,HAMENCE,Gwen,4,CDP,CDP Christian Party,1214.0,69324.0,0.0175119727655645,CDP,False,False,Swan,0,-0.0224880272344355,1.94,0.0,9,0.0166492377125873,1210.0,72676.0,1,0.0166492377125873,-0.0008627350529772024,2004-2007,2007,
2004,WA,247,Swan,15337,GREAVES,Peter,5,FFP,Family First,582.0,69324.0,0.0083953609139691,FFP,False,False,Swan,0,-0.0316046390860309,1.94,0.0,9,0.0079668666409818,579.0,72676.0,1,0.0079668666409818,-0.0004284942729872992,2004-2007,2007,
2004,WA,247,Swan,14434,VERMEER,Ted,6,HAN,Pauline Hanson's One Nation,1232.0,69324.0,0.01777162310311,ON,False,False,Swan,0,-0.02222837689689,1.94,0.0,9,0.0089025262810281,647.0,72676.0,1,0.0089025262810281,-0.0088690968220819,2004-2007,2007,
2004,WA,247,Swan,14975,REYNOLDS,Mark,7,DEM,Australian Democrats,1133.0,69324.0,0.0163435462466101,DEM,False,False,Swan,0,-0.0236564537533899,1.94,0.0,9,,,,0,0.0,,2004-2007,2007,
2004,WA,247,Swan,14213,van LIESHOUT,Teresa,9,IND,Independent,947.0,69324.0,0.0136604927586405,IND,False,True,Swan,0,-0.0263395072413595,1.94,0.0,9,0.0090263635863283,656.0,72676.0,1,0.0090263635863283,-0.0046341291723122,2004-2007,2007,
2004,WA,248,Tangney,14423,BOON,Lloyd,1,HAN,Pauline Hanson's One Nation,1828.0,74580.0,0.0245105926521855,ON,False,False,Tangney,0,-0.0154894073478145,1.94,0.0,8,0.0079097794810255,613.0,77499.0,1,0.0079097794810255,-0.016600813171160002,2004-2007,2007,
2004,WA,248,Tangney,14978,INGRAM,Andrew,2,DEM,Australian Democrats,1440.0,74580.0,0.0193081255028157,DEM,False,False,Tangney,0,-0.0206918744971843,1.94,0.0,8,,,,0,0.0,,2004-2007,2007,
2004,WA,248,Tangney,14603,VINCENT,Neil A,3,CEC,Citizens Electoral Council,204.0,74580.0,0.0027353177795655,CEC,False,False,Tangney,0,-0.0372646822204345,1.94,0.0,8,,,,0,0.0,,2004-2007,2007,
2004,WA,248,Tangney,14302,WU,Wilson,4,IND,Independent,1870.0,74580.0,0.0250737463126843,IND,False,True,Tangney,0,-0.014926253687315701,1.94,0.0,8,0.0396134143666369,3070.0,77499.0,1,0.0396134143666369,0.014539668053952601,2004-2007,2007,
2004,WA,248,Tangney,14178,TAPLEY,Colleen,8,CDP,CDP Christian Party,2075.0,74580.0,0.027822472512738,CDP,False,False,Tangney,0,-0.012177527487262002,1.94,0.0,8,0.024090633427528,1867.0,77499.0,1,0.024090633427528,-0.0037318390852099995,2004-2007,2007,
2007,ACT,101,Canberra,17310,HOLDER,John,4,CEC,Citizens Electoral Council,953.0,114901.0,0.0082940966571222,CEC,False,False,Canberra,0,-0.0317059033428778,2.1,0.0,4,,,,0,0.0,,2007-2010,2010,0.0075984822900733
2007,ACT,102,Fraser,17431,CHURCHILL,Darren,1,DEM,Australian Democrats,2509.0,108680.0,0.0230861244019138,DEM,False,False,Fraser,0,-0.0169138755980862,2.1,0.0,7,,,,0,0.0,,2007-2010,2010,0.0258643050357579
2007,ACT,102,Fraser,17311,ARNOLD,Jim,4,CEC,Citizens Electoral Council,342.0,108680.0,0.0031468531468531,CEC,False,False,Fraser,0,-0.036853146853146904,2.1,0.0,7,,,,0,0.0,,2007-2010,2010,
2007,ACT,102,Fraser,18090,IQBAL,Farida,5,SAL,Socialist Alliance,539.0,108680.0,0.0049595141700404,SAL,False,False,Fraser,0,-0.0350404858299596,2.1,0.0,7,,,,0,0.0,,2007-2010,2010,0.019148108348464
2007,ACT,102,Fraser,18402,TARANTO,Kerri,6,IND,Independent,1275.0,108680.0,0.0117316893632683,IND,False,True,Fraser,0,-0.0282683106367317,2.1,0.0,7,,,,0,0.0,,2007-2010,2010,
2007,NSW,103,Banks,18248,NGUYEN,Huu Khoa,1,CEC,Citizens Electoral Council,1430.0,82501.0,0.0173331232348698,CEC,False,False,Banks,0,-0.0226668767651302,2.1,0.0,6,,,,0,0.0,,2007-2010,2010,
2007,NSW,103,Banks,18213,NGUYEN,Don,2,LDP,LDP,492.0,82501.0,0.0059635640780111,LDP,False,False,Banks,0,-0.0340364359219889,2.1,0.0,6,,,,0,0.0,,2007-2010,2010,
2007,NSW,103,Banks,18265,CHAVURA,Stephen,6,CDP,Christian Democratic Party (Fred Nile Group),3180.0,82501.0,0.0385449873334868,CDP,False,False,Banks,0,-0.0014550126665131974,2.1,0.0,6,,,,0,0.0,,2007-2010,2010,0.0361669074159875
2007,NSW,104,Barton,18254,SVOLOS,Chris,2,CDP,Christian Democratic Party (Fred Nile Group),2465.0,81966.0,0.0300734450869872,CDP,False,False,Barton,0,-0.009926554913012801,2.1,0.0,4,,,,0,0.0,,2007-2010,2010,
2007,NSW,105,Bennelong,17984,GOLDFINCH,Peter Lloyd,2,DEM,Democrats,610.0,86936.0,0.0070166559307996,DEM,False,False,Bennelong,0,-0.0329833440692004,2.1,0.0,13,,,,0,0.0,,2007-2010,2010,0.0125888509907048
2007,NSW,105,Bennelong,18232,LEYONHJELM,David,3,LDP,LDP,89.0,86936.0,0.0010237416030183,LDP,False,False,Bennelong,0,-0.038976258396981704,2.1,0.0,13,0.0040147518789972,344.0,85684.0,1,0.0040147518789972,0.0029910102759789,2007-2010,2010,
2007,NSW,105,Bennelong,18134,SPENCER,Gavin,4,CEC,Citizens Electoral Council,70.0,86936.0,0.0008051900248458,CEC,False,False,Bennelong,0,-0.0391948099751542,2.1,0.0,13,,,,0,0.0,,2007-2010,2010,
2007,NSW,105,Bennelong,17874,WATERSON,Victor,5,ON,One Nation,261.0,86936.0,0.003002208521211,ON,False,False,Bennelong,0,-0.036997791478789004,2.1,0.0,13,0.0084613230007936,725.0,85684.0,1,0.0084613230007936,0.0054591144795825995,2007-2010,2010,
2007,NSW,105,Bennelong,17680,MARKWELL,Lorraine,6,FFP,Family First,289.0,86936.0,0.0033242845311493,FFP,False,False,Bennelong,0,-0.0366757154688507,2.1,0.0,13,0.0066523504971756,570.0,85684.0,1,0.0066523504971756,0.0033280659660262996,2007-2010,2010,
2007,NSW,105,Bennelong,17145,CORDINER,Graeme,7,IND,Independent,239.0,86936.0,0.0027491487991165,IND,False,True,Bennelong,0,-0.0372508512008835,2.1,0.0,13,,,,0,0.0,,2007-2010,2010,0.0111177649907568
2007,NSW,105,Bennelong,17145,CORDINER,Graeme,7,IND,Independent,239.0,86936.0,0.0027491487991165,IND,False,True,Bennelong,0,-0.0372508512008835,2.1,0.0,13,,,,0,0.0,,2007-2010,2010,0.0058713255396151
2007,NSW,105,Bennelong,17233,ALLEN,David L,8,IND,Independent,123.0,86936.0,0.0014148339008005,IND,False,True,Bennelong,0,-0.0385851660991995,2.1,0.0,13,,,,0,0.0,,2007-2010,2010,0.0111177649907568
2007,NSW,105,Bennelong,17233,ALLEN,David L,8,IND,Independent,123.0,86936.0,0.0014148339008005,IND,False,True,Bennelong,0,-0.0385851660991995,2.1,0.0,13,,,,0,0.0,,2007-2010,2010,0.0058713255396151
2007,NSW,105,Bennelong,18542,TAHIR,Yusuf,9,,,97.0,86936.0,0.0011157633201435,,False,False,Bennelong,0,-0.0388842366798565,2.1,0.0,13,,,,0,0.0,,2007-2010,2010,
2007,NSW,105,Bennelong,18392,TRACANELLI,Margherita,11,CCC,Climate Change Coalition,269.0,86936.0,0.0030942302383362,CCC,False,False,Bennelong,0,-0.0369057697616638,2.1,0.0,13,,,,0,0.0,,2007-2010,2010,
2007,NSW,105,Bennelong,18341,PEEBLES,Robyn,12,CDP,Christian Democratic Party (Fred Nile Group),1119.0,86936.0,0.0128715376828931,CDP,False,False,Bennelong,0,-0.027128462317106902,2.1,0.0,13,0.0212875215909621,1824.0,85684.0,1,0.0212875215909621,0.008415983908068999,2007-2010,2010,0.0237456713619913
2007,NSW,106,Berowra,17696,ELLIS,Sam,1,FFP,Family First,1049.0,83345.0,0.0125862379266902,FFP,False,False,Berowra,0,-0.0274137620733098,2.1,0.0,7,0.0097988894591946,840.0,85724.0,1,0.0097988894591946,-0.0027873484674955998,2007-2010,2010,0.0113503438524326
2007,NSW,106,Berowra,17744,GALLAGHER,Mick,3,IND,Independent,1456.0,83345.0,0.0174695542624032,IND,False,True,Berowra,0,-0.0225304457375968,2.1,0.0,7,0.0286384209789557,2455.0,85724.0,1,0.0286384209789557,0.011168866716552497,2007-2010,2010,0.0110546950318143
2007,NSW,106,Berowra,17744,GALLAGHER,Mick,3,IND,Independent,1456.0,83345.0,0.0174695542624032,IND,False,True,Berowra,0,-0.0225304457375968,2.1,0.0,7,0.0286384209789557,2455.0,85724.0,1,0.0286384209789557,0.011168866716552497,2007-2010,2010,0.0089208818047432
2007,NSW,106,Berowra,18411,McFARLANE,Rob,5,DEM,Democrats,974.0,83345.0,0.0116863639090527,DEM,False,False,Berowra,0,-0.0283136360909473,2.1,0.0,7,,,,0,0.0,,2007-2010,2010,0.0187287100713413
2007,NSW,106,Berowra,18344,LEVICK,Ray,7,CDP,Christian Democratic Party (Fred Nile Group),2125.0,83345.0,0.02549643049973,CDP,False,False,Berowra,0,-0.01450356950027,2.1,0.0,7,0.0274135597965563,2350.0,85724.0,1,0.0274135597965563,0.0019171292968262997,2007-2010,2010,0.0309917089787261
2007,NSW,107,Blaxland,17809,VINNICOMBE,Bob,3,ON,One Nation,1202.0,77456.0,0.0155184879157198,ON,False,False,Blaxland,0,-0.0244815120842802,2.1,0.0,8,0.0182987945279696,1351.0,73830.0,1,0.0182987945279696,0.0027803066122497992,2007-2010,2010,0.0478226215491631
2007,NSW,107,Blaxland,17719,KENT,Gabrielle,4,FFP,Family First,1183.0,77456.0,0.0152731873579838,FFP,False,False,Blaxland,0,-0.0247268126420162,2.1,0.0,8,,,,0,0.0,,2007-2010,2010,
2007,NSW,107,Blaxland,18277,McLACHLAN,Chris,5,CDP,Christian Democratic Party (Fred Nile Group),1850.0,77456.0,0.0238845279900846,CDP,False,False,Blaxland,0,-0.0161154720099154,2.1,0.0,8,,,,0,0.0,,2007-2010,2010,0.0344612709223969
2007,NSW,107,Blaxland,17323,STAVRINOS,Harry,6,IND,Independent,1535.0,77456.0,0.0198177029539351,IND,False,True,Blaxland,0,-0.0201822970460649,2.1,0.0,8,0.015616957876202,1153.0,73830.0,1,0.015616957876202,-0.0042007450777331,2007-2010,2010,
2007,NSW,107,Blaxland,18212,BASSI,Raul,8,SAL,Socialist Alliance,522.0,77456.0,0.0067393100599049,SAL,False,False,Blaxland,0,-0.0332606899400951,2.1,0.0,8,,,,0,0.0,,2007-2010,2010,0.0071444098253749
2007,NSW,108,Bradfield,17684,TURNBULL,James,4,FFP,Family First,759.0,84331.0,0.0090002490187475,FFP,False,False,Bradfield,0,-0.030999750981252502,2.1,0.0,6,,,,0,0.0,,2007-2010,2010,0.0180636374891667
2007,NSW,108,Bradfield,18281,WISZNIEWSKI,Witold,5,CDP,Christian Democratic Party (Fred Nile Group),1466.0,84331.0,0.0173838801864083,CDP,False,False,Bradfield,0,-0.0226161198135917,2.1,0.0,6,,,,0,0.0,,2007-2010,2010,
2007,NSW,108,Bradfield,18110,BUTLER,Robert H,6,CEC,Citizens Electoral Council,285.0,84331.0,0.0033795401453795,CEC,False,False,Bradfield,0,-0.0366204598546205,2.1,0.0,6,,,,0,0.0,,2007-2010,2010,
2007,NSW,109,Calare,18124,SIMPSON,David John,1,CEC,Citizens Electoral Council,794.0,82387.0,0.0096374428004418,CEC,False,False,Calare,0,-0.0303625571995582,2.1,0.0,5,,,,0,0.0,,2007-2010,2010,0.0079671478102638
2007,NSW,109,Calare,17483,ALLEN,Michael,2,CLR,Country Labor,20266.0,82387.0,0.2459854103195892,CLR,False,False,Calare,1,0.2059854103195892,2.1,42558.6,5,0.290513435377961,25926.0,89242.0,1,0.290513435377961,0.04452802505837178,2007-2010,2010,0.1652322521946541
2007,NSW,109,Calare,17315,PRIESTLEY,Gavin,5,IND,Independent,19035.0,82387.0,0.2310437326277204,IND,False,True,Calare,1,0.1910437326277204,2.1,39973.5,5,0.0463570964344142,4137.0,89242.0,1,0.0463570964344142,-0.18468663619330622,2007-2010,2010,0.5022622765387169
2007,NSW,110,Charlton,18556,ULRICH,Stuart,1,IND,Independent,2008.0,83183.0,0.0241395477441304,IND,False,True,Charlton,0,-0.0158604522558696,2.1,0.0,8,0.034256138661531,2846.0,83080.0,1,0.034256138661531,0.010116590917400602,2007-2010,2010,
2007,NSW,110,Charlton,18237,STOW,David,3,CEC,Citizens Electoral Council,294.0,83183.0,0.0035343760143298,CEC,False,False,Charlton,0,-0.0364656239856702,2.1,0.0,8,0.0106042368801155,881.0,83080.0,1,0.0106042368801155,0.007069860865785701,2007-2010,2010,0.0048821224384916
2007,NSW,110,Charlton,17924,COOK,Terry,4,SEP,Socialist Equality Party,404.0,83183.0,0.0048567615979226,SEP,False,False,Charlton,0,-0.0351432384020774,2.1,0.0,8,,,,0,0.0,,2007-2010,2010,
2007,NSW,110,Charlton,18426,BARRY,Patrick,7,IND,Independent,1253.0,83183.0,0.0150631739658343,IND,False,True,Charlton,0,-0.0249368260341657,2.1,0.0,8,0.034256138661531,2846.0,83080.0,1,0.034256138661531,0.0191929646956967,2007-2010,2010,
2007,NSW,110,Charlton,18262,KENDALL,Jim,8,CDP,Christian Democratic Party (Fred Nile Group),2007.0,83183.0,0.0241275260570068,CDP,False,False,Charlton,0,-0.015872473942993202,2.1,0.0,8,0.0281776600866634,2341.0,83080.0,1,0.0281776600866634,0.0040501340296566005,2007-2010,2010,
2007,NSW,111,Chifley,17979,COGAN,James,1,SEP,Socialist Equality Party,1069.0,80348.0,0.0133046248817643,SEP,False,False,Chifley,0,-0.0266953751182357,2.1,0.0,9,,,,0,0.0,,2007-2010,2010,
2007,NSW,111,Chifley,17740,JEWELL,Evan,2,FFP,Family First,1016.0,80348.0,0.0126449942749041,FFP,False,False,Chifley,0,-0.0273550057250959,2.1,0.0,9,,,,0,0.0,,2007-2010,2010,0.0169171881984801
2007,NSW,111,Chifley,13209,HYLAND,Wayne,3,IND,Independent,484.0,80348.0,0.0060237964852889,IND,False,True,Chifley,0,-0.033976203514711104,2.1,0.0,9,,,,0,0.0,,2007-2010,2010,0.0118741618238712
2007,NSW,111,Chifley,18269,VINCENT,Dave,4,CDP,Christian Democratic Party (Fred Nile Group),2751.0,80348.0,0.0342385622541942,CDP,False,False,Chifley,0,-0.0057614377458058,2.1,0.0,9,0.0506152716775951,4068.0,80371.0,1,0.0506152716775951,0.0163767094234009,2007-2010,2010,0.037061354492624
2007,NSW,111,Chifley,17983,KEDWELL,Louise,6,ON,One Nation,1183.0,80348.0,0.014723452979539,ON,False,False,Chifley,0,-0.025276547020461,2.1,0.0,9,0.0197210436600266,1585.0,80371.0,1,0.0197210436600266,0.0049975906804876,2007-2010,2010,0.022058001788109
2007,NSW,111,Chifley,18546,TANDA,Amarjit,7,IND,Independent,288.0,80348.0,0.003584407825957,IND,False,True,Chifley,0,-0.036415592174043,2.1,0.0,9,,,,0,0.0,,2007-2010,2010,0.0118741618238712
2007,NSW,112,Cook,12125,STRANG,Graeme,1,IND,Independent,693.0,86107.0,0.0080481261686041,IND,False,True,Cook,0,-0.0319518738313959,2.1,0.0,8,0.0175023440639371,1568.0,89588.0,1,0.0175023440639371,0.009454217895333001,2007-2010,2010,0.0062653777377415
2007,NSW,112,Cook,17691,KATSOULAS,Ari,2,FFP,Family First,596.0,86107.0,0.006921620774153,FFP,False,False,Cook,0,-0.033078379225847,2.1,0.0,8,0.0080256284323793,719.0,89588.0,1,0.0080256284323793,0.0011040076582263005,2007-2010,2010,
2007,NSW,112,Cook,18528,POULOS,Patricia,3,IND,Independent,394.0,86107.0,0.0045757023238528,IND,False,True,Cook,0,-0.0354242976761472,2.1,0.0,8,0.0175023440639371,1568.0,89588.0,1,0.0175023440639371,0.012926641740084302,2007-2010,2010,0.0062653777377415
2007,NSW,112,Cook,18272,SMITH,Beth,5,CDP,Christian Democratic Party (Fred Nile Group),1929.0,86107.0,0.0224023598545995,CDP,False,False,Cook,0,-0.017597640145400502,2.1,0.0,8,0.0192213242845023,1722.0,89588.0,1,0.0192213242845023,-0.0031810355700971973,2007-2010,2010,0.0233271038089732
2007,NSW,112,Cook,17923,PUTRAL,Richard,8,ON,One Nation,1116.0,86107.0,0.0129606187650249,ON,False,False,Cook,0,-0.027039381234975103,2.1,0.0,8,0.0111287225967763,997.0,89588.0,1,0.0111287225967763,-0.0018318961682485986,2007-2010,2010,0.02127001626847
2007,NSW,113,Cowper,17722,ARAPI-NUNEZ,Flavia,4,FFP,Family First,759.0,84757.0,0.0089550125653338,FFP,False,False,Cowper,0,-0.031044987434666202,2.1,0.0,6,,,,0,0.0,,2007-2010,2010,
2007,NSW,113,Cowper,18303,BELGRAVE,Leon A,5,LDP,LDP,491.0,84757.0,0.0057930318439774,LDP,False,False,Cowper,0,-0.0342069681560226,2.1,0.0,6,,,,0,0.0,,2007-2010,2010,
2007,NSW,113,Cowper,18313,LIONS,Deborah,6,CDP,Christian Democratic Party (Fred Nile Group),2428.0,84757.0,0.0286466014606463,CDP,False,False,Cowper,0,-0.011353398539353701,2.1,0.0,6,0.0239409167762539,2039.0,85168.0,1,0.0239409167762539,-0.0047056846843923986,2007-2010,2010,
2007,NSW,114,Cunningham,18211,MOORE,Jess,2,SAL,Socialist Alliance,706.0,84229.0,0.0083819112182265,SAL,False,False,Cunningham,0,-0.0316180887817735,2.1,0.0,7,0.0146381468083672,1303.0,89014.0,1,0.0146381468083672,0.006256235590140701,2007-2010,2010,0.0042317930516688
2007,NSW,114,Cunningham,17738,TRIBE,Jemma,3,FFP,Family First,1203.0,84229.0,0.0142824917783661,FFP,False,False,Cunningham,0,-0.0257175082216339,2.1,0.0,7,,,,0,0.0,,2007-2010,2010,
2007,NSW,114,Cunningham,18396,NORSWORTHY,Nolene,4,CDP,Christian Democratic Party (Fred Nile Group),2232.0,84229.0,0.0264991867409087,CDP,False,False,Cunningham,0,-0.013500813259091301,2.1,0.0,7,,,,0,0.0,,2007-2010,2010,0.0347689577503242
2007,NSW,115,Dobell,17692,ERVIN,Hadden,1,FFP,Family First,1407.0,82396.0,0.0170760716539637,FFP,False,False,Dobell,0,-0.0229239283460363,2.1,0.0,8,0.0245786686655221,2033.0,82714.0,1,0.0245786686655221,0.0075025970115584,2007-2010,2010,0.0219634473062945
2007,NSW,115,Dobell,18258,DARBY,Michael,2,CDP,Christian Democratic Party (Fred Nile Group),1549.0,82396.0,0.0187994562842856,CDP,False,False,Dobell,0,-0.0212005437157144,2.1,0.0,8,0.0242401528157264,2005.0,82714.0,1,0.0242401528157264,0.005440696531440799,2007-2010,2010,
2007,NSW,115,Dobell,18243,BIRD,Graeme,3,LDP,LDP,182.0,82396.0,0.0022088450895674,LDP,False,False,Dobell,0,-0.0377911549104326,2.1,0.0,8,,,,0,0.0,,2007-2010,2010,
2007,NSW,115,Dobell,18129,HUGHES,Steve,5,CEC,Citizens Electoral Council,157.0,82396.0,0.0019054323025389,CEC,False,False,Dobell,0,-0.0380945676974611,2.1,0.0,8,,,,0,0.0,,2007-2010,2010,0.001750709567893
2007,NSW,115,Dobell,18241,EATON,Doug,6,IND,Independent,1639.0,82396.0,0.0198917423175882,IND,False,True,Dobell,0,-0.0201082576824118,2.1,0.0,8,,,,0,0.0,,2007-2010,2010,0.0057030690469243
2007,NSW,115,Dobell,18241,EATON,Doug,6,IND,Independent,1639.0,82396.0,0.0198917423175882,IND,False,True,Dobell,0,-0.0201082576824118,2.1,0.0,8,,,,0,0.0,,2007-2010,2010,0.0062999018541605
2007,NSW,115,Dobell,18241,EATON,Doug,6,IND,Independent,1639.0,82396.0,0.0198917423175882,IND,False,True,Dobell,0,-0.0201082576824118,2.1,0.0,8,,,,0,0.0,,2007-2010,2010,0.0055306506803894
2007,NSW,117,Eden-Monaro,17158,ROSE,Acacia,1,IND,Independent,1924.0,84654.0,0.0227278096723131,IND,False,True,Eden-Monaro,0,-0.0172721903276869,2.1,0.0,7,0.0065485046214402,559.0,85363.0,1,0.0065485046214402,-0.0161793050508729,2007-2010,2010,
2007,NSW,117,Eden-Monaro,18310,CHIVERS,Matthew J,3,CDP,Christian Democratic Party (Fred Nile Group),911.0,84654.0,0.0107614525007678,CDP,False,False,Eden-Monaro,0,-0.0292385474992322,2.1,0.0,7,0.0074622494523388,637.0,85363.0,1,0.0074622494523388,-0.003299203048429,2007-2010,2010,0.0139070486152383
2007,NSW,117,Eden-Monaro,17794,HARRIS,Peter Robert,4,FFP,Family First,657.0,84654.0,0.007761003614714,FFP,False,False,Eden-Monaro,0,-0.032238996385286,2.1,0.0,7,0.0089148694399212,761.0,85363.0,1,0.0089148694399212,0.0011538658252072008,2007-2010,2010,
2007,NSW,117,Eden-Monaro,18239,QUILTY,Tim,6,LDP,LDP,272.0,84654.0,0.0032130791220733,LDP,False,False,Eden-Monaro,0,-0.036786920877926704,2.1,0.0,7,0.0134953082717336,1152.0,85363.0,1,0.0134953082717336,0.0102822291496603,2007-2010,2010,
2007,NSW,118,Farrer,17720,LEVER,Rhonda,2,FFP,Family First,2657.0,86259.0,0.0308025829188838,FFP,False,False,Farrer,0,-0.0091974170811162,2.1,0.0,6,,,,0,0.0,,2007-2010,2010,0.0183318659079858
2007,NSW,118,Farrer,18513,HENDERSON,Douglas McGregor,3,CCE,Conservatives for Climate and Environment,1088.0,86259.0,0.0126131765960653,CCE,False,False,Farrer,0,-0.027386823403934703,2.1,0.0,6,,,,0,0.0,,2007-2010,2010,
2007,NSW,118,Farrer,17488,RYAN,Chris,4,CLR,Country Labor,28238.0,86259.0,0.3273629418379531,CLR,False,False,Farrer,1,0.28736294183795313,2.1,59299.8,6,0.2529446514039085,20981.0,82947.0,1,0.2529446514039085,-0.07441829043404463,2007-2010,2010,0.228051040119847
2007,NSW,118,Farrer,18096,MATHERS,Pat,5,CEC,Citizens Electoral Council,313.0,86259.0,0.0036286068700077,CEC,False,False,Farrer,0,-0.036371393129992304,2.1,0.0,6,,,,0,0.0,,2007-2010,2010,0.0041788769596698
2007,NSW,119,Fowler,18304,TERMEULEN,Paul,3,CDP,Christian Democratic Party (Fred Nile Group),1932.0,78107.0,0.0247352990128925,CDP,False,False,Fowler,0,-0.015264700987107502,2.1,0.0,4,,,,0,0.0,,2007-2010,2010,
2007,NSW,120,Gilmore,18521,BLAKE,Simon,2,CCE,Conservatives for Climate and Environment,370.0,80397.0,0.0046021617722054,CCE,False,False,Gilmore,0,-0.035397838227794604,2.1,0.0,9,,,,0,0.0,,2007-2010,2010,
2007,NSW,120,Gilmore,18452,NONE,Of The Above,5,IND,Independent,686.0,80397.0,0.00853265669117,IND,False,True,Gilmore,0,-0.03146734330883,2.1,0.0,9,,,,0,0.0,,2007-2010,2010,
2007,NSW,120,Gilmore,17754,GREENHALGH,Brett,6,FFP,Family First,407.0,80397.0,0.0050623779494259,FFP,False,False,Gilmore,0,-0.0349376220505741,2.1,0.0,9,0.0090290061156776,781.0,86499.0,1,0.0090290061156776,0.003966628166251701,2007-2010,2010,
2007,NSW,120,Gilmore,18100,HUNT,Warwick William,7,CEC,Citizens Electoral Council,59.0,80397.0,0.0007338582285408,CEC,False,False,Gilmore,0,-0.0392661417714592,2.1,0.0,9,,,,0,0.0,,2007-2010,2010,0.0021969517294753
2007,NSW,120,Gilmore,18334,BRUMERSKYJ,Bohdan,8,CDP,Christian Democratic Party (Fred Nile Group),1755.0,80397.0,0.0218291727303257,CDP,False,False,Gilmore,0,-0.0181708272696743,2.1,0.0,9,0.0267055110463704,2310.0,86499.0,1,0.0267055110463704,0.004876338316044698,2007-2010,2010,0.0422039420304327
2007,NSW,120,Gilmore,18306,RAMSEY,Kevin,9,LDP,LDP,151.0,80397.0,0.0018781795340622,LDP,False,False,Gilmore,0,-0.0381218204659378,2.1,0.0,9,0.0043237494075076,374.0,86499.0,1,0.0043237494075076,0.0024455698734453996,2007-2010,2010,
2007,NSW,121,Grayndler,18242,HINMAN,Pip,1,SAL,Socialist Alliance,1394.0,83840.0,0.0166269083969465,SAL,False,False,Grayndler,0,-0.0233730916030535,2.1,0.0,7,0.0122778985811939,1022.0,83239.0,1,0.0122778985811939,-0.0043490098157526,2007-2010,2010,0.0133803190080016
2007,NSW,121,Grayndler,18285,HENNIEN,Ehab,3,CDP,Christian Democratic Party (Fred Nile Group),1042.0,83840.0,0.0124284351145038,CDP,False,False,Grayndler,0,-0.0275715648854962,2.1,0.0,7,,,,0,0.0,,2007-2010,2010,
2007,NSW,121,Grayndler,17892,O'CONNOR,Patrick,5,SEP,Socialist Equality Party,328.0,83840.0,0.003912213740458,SEP,False,False,Grayndler,0,-0.036087786259542,2.1,0.0,7,0.0125061569696896,1041.0,83239.0,1,0.0125061569696896,0.0085939432292316,2007-2010,2010,
2007,NSW,121,Grayndler,18077,GABRIEL,Jeffrey,7,DEM,Democrats,1407.0,83840.0,0.0167819656488549,DEM,False,False,Grayndler,0,-0.0232180343511451,2.1,0.0,7,0.0129026057497086,1074.0,83239.0,1,0.0129026057497086,-0.0038793598991462997,2007-2010,2010,0.0209183403105293
2007,NSW,122,Greenway,14200,IVOR,F,1,IND,Independent,1343.0,80522.0,0.0166786716673704,IND,False,True,Greenway,0,-0.0233213283326296,2.1,0.0,7,0.009708982700358,770.0,79308.0,1,0.009708982700358,-0.006969688967012401,2007-2010,2010,0.0055351282963665
2007,NSW,122,Greenway,14200,IVOR,F,1,IND,Independent,1343.0,80522.0,0.0166786716673704,IND,False,True,Greenway,0,-0.0233213283326296,2.1,0.0,7,0.009708982700358,770.0,79308.0,1,0.009708982700358,-0.006969688967012401,2007-2010,2010,0.0035187601312616
2007,NSW,122,Greenway,18105,REVES,Goran,4,CEC,Citizens Electoral Council,228.0,80522.0,0.0028315243039169,CEC,False,False,Greenway,0,-0.0371684756960831,2.1,0.0,7,,,,0,0.0,,2007-2010,2010,0.0010411312747927
2007,NSW,122,Greenway,18266,PHILLIPS,John,5,CDP,Christian Democratic Party (Fred Nile Group),1711.0,80522.0,0.0212488512456223,CDP,False,False,Greenway,0,-0.0187511487543777,2.1,0.0,7,0.0368436979875926,2922.0,79308.0,1,0.0368436979875926,0.0155948467419703,2007-2010,2010,0.0282291543114695
2007,NSW,122,Greenway,17747,MULLER,Joanne,7,FFP,Family First,1312.0,80522.0,0.0162936837137676,FFP,False,False,Greenway,0,-0.0237063162862324,2.1,0.0,7,0.0163413527008624,1296.0,79308.0,1,0.0163413527008624,4.766898709479897e-05,2007-2010,2010,0.0115578750378892
2007,NSW,124,Hughes,17708,MEZYED,Julie,2,FFP,Family First,1033.0,83519.0,0.0123684431087536,FFP,False,False,Hughes,0,-0.0276315568912464,2.1,0.0,5,0.0137068835668022,1183.0,86307.0,1,0.0137068835668022,0.0013384404580486006,2007-2010,2010,
2007,NSW,124,Hughes,18278,VANDERJAGT,John,5,CDP,Christian Democratic Party (Fred Nile Group),2419.0,83519.0,0.0289634693901986,CDP,False,False,Hughes,0,-0.0110365306098014,2.1,0.0,5,0.0244707845250095,2112.0,86307.0,1,0.0244707845250095,-0.004492684865189101,2007-2010,2010,0.0327340312547413
2007,NSW,125,Hume,17897,TRENT,Cathy,1,FFP,Family First,1958.0,84063.0,0.0232920547684474,FFP,False,False,Hume,0,-0.016707945231552602,2.1,0.0,6,0.0235752590438102,2075.0,88016.0,1,0.0235752590438102,0.0002832042753628007,2007-2010,2010,
2007,NSW,125,Hume,18393,PEET,Geoff,2,CDP,Christian Democratic Party (Fred Nile Group),2010.0,84063.0,0.0239106384497341,CDP,False,False,Hume,0,-0.016089361550265902,2.1,0.0,6,0.0175649881839665,1546.0,88016.0,1,0.0175649881839665,-0.0063456502657676,2007-2010,2010,0.0355792750722704
2007,NSW,125,Hume,18164,COSGROVE,Lindsay D,6,CEC,Citizens Electoral Council,455.0,84063.0,0.0054126072112582,CEC,False,False,Hume,0,-0.0345873927887418,2.1,0.0,6,,,,0,0.0,,2007-2010,2010,0.0066834679910063
2007,NSW,126,Hunter,18170,ALBURY,Daniel,1,CEC,Citizens Electoral Council,1287.0,82677.0,0.0155666025617765,CEC,False,False,Hunter,0,-0.0244333974382235,2.1,0.0,6,,,,0,0.0,,2007-2010,2010,0.0321212421867248
2007,NSW,126,Hunter,18394,HARVEY,John,4,CCC,Climate Change Coalition,2500.0,82677.0,0.0302381557144066,CCC,False,False,Hunter,0,-0.009761844285593402,2.1,0.0,6,,,,0,0.0,,2007-2010,2010,
2007,NSW,126,Hunter,18540,NEVILLE,Bernie,6,CDP,Christian Democratic Party (Fred Nile Group),1736.0,82677.0,0.0209973753280839,CDP,False,False,Hunter,0,-0.019002624671916102,2.1,0.0,6,0.0238335342007526,1938.0,81314.0,1,0.0238335342007526,0.0028361588726686995,2007-2010,2010,0.0207485861692628
2007,NSW,127,Kingsford Smith,17841,SAFARI,Alex,1,SEP,Socialist Equality Party,1096.0,86726.0,0.0126375020178493,SEP,False,False,Kingsford Smith,0,-0.0273624979821507,2.1,0.0,5,0.0070219068865888,576.0,82029.0,1,0.0070219068865888,-0.0056155951312605,2007-2010,2010,
2007,NSW,127,Kingsford Smith,18321,CAMPBELL,Marcus,4,CDP,Christian Democratic Party (Fred Nile Group),1402.0,86726.0,0.0161658556834167,CDP,False,False,Kingsford Smith,0,-0.0238341443165833,2.1,0.0,5,,,,0,0.0,,2007-2010,2010,
2007,NSW,128,Lindsay,18217,BAYLEY,Grant,1,LDP,LDP,689.0,81709.0,0.0084323636319132,LDP,False,False,Lindsay,0,-0.0315676363680868,2.1,0.0,8,,,,0,0.0,,2007-2010,2010,
2007,NSW,128,Lindsay,18514,HARROLD,Lisa,4,IND,Independent,953.0,81709.0,0.0116633418595258,IND,False,True,Lindsay,0,-0.028336658140474202,2.1,0.0,8,0.0190202698643469,1583.0,83227.0,1,0.0190202698643469,0.007356928004821099,2007-2010,2010,
2007,NSW,128,Lindsay,17729,MULLER,Iris,5,FFP,Family First,915.0,81709.0,0.0111982768116119,FFP,False,False,Lindsay,0,-0.0288017231883881,2.1,0.0,8,0.0123998221730928,1032.0,83227.0,1,0.0123998221730928,0.0012015453614809008,2007-2010,2010,0.0137706354203739
2007,NSW,128,Lindsay,18366,GREEN,Andrew,6,CDP,Christian Democratic Party (Fred Nile Group),2498.0,81709.0,0.0305719076233952,CDP,False,False,Lindsay,0,-0.009428092376604802,2.1,0.0,8,0.0300623595708123,2502.0,83227.0,1,0.0300623595708123,-0.0005095480525828984,2007-2010,2010,0.027732909902264
2007,NSW,128,Lindsay,17501,McNALLY,Kerry,8,IND,Independent,728.0,81709.0,0.0089096672337196,IND,False,True,Lindsay,0,-0.0310903327662804,2.1,0.0,8,0.0190202698643469,1583.0,83227.0,1,0.0190202698643469,0.010110602630627298,2007-2010,2010,
2007,NSW,129,Lowe,18474,SHAILER,Bill,3,CDP,Christian Democratic Party (Fred Nile Group),1616.0,78674.0,0.0205404580928896,CDP,False,False,Lowe,0,-0.0194595419071104,2.1,0.0,4,,,,0,0.0,,2007-2010,2010,0.0198782961460446
2007,NSW,130,Lyne,17316,WRIGHT,Barry,1,IND,Independent,979.0,79062.0,0.0123826870051352,IND,False,True,Lyne,0,-0.0276173129948648,2.1,0.0,9,0.4714889309967399,40061.0,84967.0,1,0.4714889309967399,0.4591062439916047,2007-2010,2010,0.0159124157613257
2007,NSW,130,Lyne,18457,SCOTT-IRVING,Stewart Gordon,5,IND,Independent,330.0,79062.0,0.0041739394399332,IND,False,True,Lyne,0,-0.0358260605600668,2.1,0.0,9,0.4714889309967399,40061.0,84967.0,1,0.4714889309967399,0.46731499155680667,2007-2010,2010,0.0159124157613257
2007,NSW,130,Lyne,18459,HARRISON,Jamie,6,IND,Independent,3326.0,79062.0,0.0420682502339935,IND,False,True,Lyne,1,0.002068250233993499,2.1,6984.6,9,0.4714889309967399,40061.0,84967.0,1,0.4714889309967399,0.42942068076274637,2007-2010,2010,0.0159124157613257
2007,NSW,130,Lyne,18440,RIACH,Rodger,7,IND,Independent,238.0,79062.0,0.0030102957172851,IND,False,True,Lyne,0,-0.0369897042827149,2.1,0.0,9,0.4714889309967399,40061.0,84967.0,1,0.4714889309967399,0.46847863527945477,2007-2010,2010,0.0159124157613257
2007,NSW,130,Lyne,18102,MULDOON,Graeme,8,CEC,Citizens Electoral Council,184.0,79062.0,0.002327287445296,CEC,False,False,Lyne,0,-0.037672712554704,2.1,0.0,9,,,,0,0.0,,2007-2010,2010,0.0026980358299158
2007,NSW,130,Lyne,18293,WALDRON,Robert L,9,CDP,Christian Democratic Party (Fred Nile Group),1679.0,79062.0,0.0212364979383268,CDP,False,False,Lyne,0,-0.0187635020616732,2.1,0.0,9,,,,0,0.0,,2007-2010,2010,
2007,NSW,131,Macarthur,18473,ELLIOTT-HALLS,Samantha,4,DEM,Democrats,618.0,76622.0,0.0080655686356398,DEM,False,False,Macarthur,0,-0.0319344313643602,2.1,0.0,7,0.0083372760635781,652.0,78203.0,1,0.0083372760635781,0.0002717074279383006,2007-2010,2010,0.0084128629309068
2007,NSW,131,Macarthur,18470,GOH,Godwin,5,CDP,Christian Democratic Party (Fred Nile Group),1357.0,76622.0,0.0177103181853775,CDP,False,False,Macarthur,0,-0.0222896818146225,2.1,0.0,7,0.0176080201526795,1377.0,78203.0,1,0.0176080201526795,-0.00010229803269800122,2007-2010,2010,0.0232868045927501
2007,NSW,131,Macarthur,18008,RAUCH,Douglas Fredrick,7,FFP,Family First,1323.0,76622.0,0.017266581399598,FFP,False,False,Macarthur,0,-0.022733418600402,2.1,0.0,7,0.0224671687786913,1757.0,78203.0,1,0.0224671687786913,0.0052005873790933015,2007-2010,2010,0.0233541074961973
2007,NSW,132,Mackellar,17607,McLELLAN,Matt,2,IND,Independent,1651.0,83933.0,0.0196704514314989,IND,False,True,Mackellar,0,-0.0203295485685011,2.1,0.0,7,,,,0,0.0,,2007-2010,2010,0.015742694545687
2007,NSW,132,Mackellar,17607,McLELLAN,Matt,2,IND,Independent,1651.0,83933.0,0.0196704514314989,IND,False,True,Mackellar,0,-0.0203295485685011,2.1,0.0,7,,,,0,0.0,,2007-2010,2010,0.0773706758744165
2007,NSW,132,Mackellar,18371,HUBBARD,Mike,4,CDP,Christian Democratic Party (Fred Nile Group),1955.0,83933.0,0.0232923879761238,CDP,False,False,Mackellar,0,-0.0167076120238762,2.1,0.0,7,,,,0,0.0,,2007-2010,2010,
2007,NSW,132,Mackellar,18387,ADAMS,John,5,CCC,Climate Change Coalition,1772.0,83933.0,0.0211120774903792,CCC,False,False,Mackellar,0,-0.018887922509620802,2.1,0.0,7,,,,0,0.0,,2007-2010,2010,
2007,NSW,132,Mackellar,17990,BARNES,Clinton,7,DEM,Democrats,933.0,83933.0,0.0111160091978125,DEM,False,False,Mackellar,0,-0.028883990802187502,2.1,0.0,7,,,,0,0.0,,2007-2010,2010,0.0144894174819361
2007,NSW,133,Macquarie,18225,FLETCHER,Kirk,1,LDP,LDP,355.0,87727.0,0.0040466447045949,LDP,False,False,Macquarie,0,-0.0359533552954051,2.1,0.0,8,0.0238773525542017,2087.0,87405.0,1,0.0238773525542017,0.019830707849606798,2007-2010,2010,
2007,NSW,133,Macquarie,18383,GIFFORD,Robert,2,CDP,Christian Democratic Party (Fred Nile Group),1702.0,87727.0,0.0194010965837199,CDP,False,False,Macquarie,0,-0.020598903416280102,2.1,0.0,8,0.021543389966249,1883.0,87405.0,1,0.021543389966249,0.002142293382529102,2007-2010,2010,0.0235152437091969
2007,NSW,133,Macquarie,17912,LIPTAK,Charles,4,FFP,Family First,465.0,87727.0,0.0053005346130609,FFP,False,False,Macquarie,0,-0.034699465386939105,2.1,0.0,8,0.0105485956180996,922.0,87405.0,1,0.0105485956180996,0.0052480610050387,2007-2010,2010,0.0137161691069278
2007,NSW,133,Macquarie,18133,SEGEDIN,Michael,6,CEC,Citizens Electoral Council,99.0,87727.0,0.0011285009176194,CEC,False,False,Macquarie,0,-0.0388714990823806,2.1,0.0,8,,,,0,0.0,,2007-2010,2010,0.0010901945870571
2007,NSW,133,Macquarie,15517,WILLIAMS,Tim,8,IND,Independent,4145.0,87727.0,0.0472488515508338,IND,False,True,Macquarie,1,0.007248851550833796,2.1,8704.5,8,0.0203420856930381,1778.0,87405.0,1,0.0203420856930381,-0.026906765857795698,2007-2010,2010,0.022488432528364
2007,NSW,134,Mitchell,18376,FIANDER,James,1,CCC,Climate Change Coalition,1715.0,81279.0,0.0211001611732427,CCC,False,False,Mitchell,0,-0.0188998388267573,2.1,0.0,7,,,,0,0.0,,2007-2010,2010,
2007,NSW,134,Mitchell,18280,ALLEN,Darryl,4,CDP,Christian Democratic Party (Fred Nile Group),2099.0,81279.0,0.025824628747893,CDP,False,False,Mitchell,0,-0.014175371252107001,2.1,0.0,7,0.0340981022107035,2855.0,83729.0,1,0.0340981022107035,0.008273473462810502,2007-2010,2010,0.0254789836703413
2007,NSW,134,Mitchell,15195,BODLAY,Jordie Stuart,5,IND,Independent,815.0,81279.0,0.0100271902951561,IND,False,True,Mitchell,0,-0.0299728097048439,2.1,0.0,7,,,,0,0.0,,2007-2010,2010,0.0056122148204916
2007,NSW,134,Mitchell,15195,BODLAY,Jordie Stuart,5,IND,Independent,815.0,81279.0,0.0100271902951561,IND,False,True,Mitchell,0,-0.0299728097048439,2.1,0.0,7,,,,0,0.0,,2007-2010,2010,0.0123563048988976
2007,NSW,134,Mitchell,17878,GRAETZ,Jarrod,7,FFP,Family First,1022.0,81279.0,0.0125739735971161,FFP,False,False,Mitchell,0,-0.0274260264028839,2.1,0.0,7,,,,0,0.0,,2007-2010,2010,0.0134410186877321
2007,NSW,135,New England,17881,DETTMANN,Brian,1,ON,One Nation,1071.0,85140.0,0.0125792811839323,ON,False,False,New England,0,-0.027420718816067703,2.1,0.0,6,0.008708814109595,794.0,91172.0,1,0.008708814109595,-0.003870467074337299,2007-2010,2010,0.0142464663542223
2007,NSW,135,New England,13274,WINDSOR,Tony,2,IND,Independent,52734.0,85140.0,0.6193798449612403,IND,False,True,New England,1,0.5793798449612403,2.1,110741.40000000001,6,0.6187755012503839,56415.0,91172.0,1,0.6187755012503839,-0.0006043437108563809,2007-2010,2010,0.5727427555599757
2007,NSW,135,New England,18206,WITTEN,Richard Innes,3,CEC,Citizens Electoral Council,225.0,85140.0,0.0026427061310782,CEC,False,False,New England,0,-0.0373572938689218,2.1,0.0,6,0.0033562935989119,306.0,91172.0,1,0.0033562935989119,0.0007135874678337001,2007-2010,2010,0.0056563195385437
2007,NSW,135,New England,17491,BRAND,Luke,5,CLR,Country Labor,8368.0,85140.0,0.0982851773549448,CLR,False,False,New England,1,0.058285177354944796,2.1,17572.8,6,0.0813188259553371,7414.0,91172.0,1,0.0813188259553371,-0.0169663513996077,2007-2010,2010,0.0868711229348218
2007,NSW,136,Newcastle,17702,EAST,Malcolm,1,FFP,Family First,1926.0,84545.0,0.0227807676385356,FFP,False,False,Newcastle,0,-0.0172192323614644,2.1,0.0,10,,,,0,0.0,,2007-2010,2010,
2007,NSW,136,Newcastle,17994,JOHNSON,Aaron,2,DEM,Democrats,891.0,84545.0,0.0105387663374534,DEM,False,False,Newcastle,0,-0.0294612336625466,2.1,0.0,10,0.017312478649163,1419.0,81964.0,1,0.017312478649163,0.0067737123117096,2007-2010,2010,0.0248161538650729
2007,NSW,136,Newcastle,18226,PAYNE,Geoff,3,SAL,Socialist Alliance,333.0,84545.0,0.0039387308533916,SAL,False,False,Newcastle,0,-0.0360612691466084,2.1,0.0,10,0.0101141964765018,829.0,81964.0,1,0.0101141964765018,0.0061754656231102,2007-2010,2010,0.006038023561819
2007,NSW,136,Newcastle,17155,BUMAN,Aaron,4,IND,Independent,6343.0,84545.0,0.0750251345437341,IND,False,True,Newcastle,1,0.035025134543734106,2.1,13320.300000000001,10,,,,0,0.0,,2007-2010,2010,
2007,NSW,136,Newcastle,17880,HOLT,Noel,6,SEP,Socialist Equality Party,277.0,84545.0,0.0032763617008693,SEP,False,False,Newcastle,0,-0.0367236382991307,2.1,0.0,10,0.0076496998682348,627.0,81964.0,1,0.0076496998682348,0.004373338167365501,2007-2010,2010,
2007,NSW,136,Newcastle,18442,CURRY,Joel,8,IND,Independent,701.0,84545.0,0.0082914424271098,IND,False,True,Newcastle,0,-0.0317085575728902,2.1,0.0,10,,,,0,0.0,,2007-2010,2010,
2007,NSW,136,Newcastle,18390,CAINE,Milton,9,CDP,Christian Democratic Party (Fred Nile Group),1064.0,84545.0,0.0125850138979241,CDP,False,False,Newcastle,0,-0.0274149861020759,2.1,0.0,10,0.0180445073446879,1479.0,81964.0,1,0.0180445073446879,0.005459493446763801,2007-2010,2010,
2007,NSW,137,North Sydney,18147,MISRA,Kundan,1,CEC,Citizens Electoral Council,245.0,85263.0,0.0028734621113495,CEC,False,False,North Sydney,0,-0.0371265378886505,2.1,0.0,8,,,,0,0.0,,2007-2010,2010,
2007,NSW,137,North Sydney,18299,BAALBERGEN,Arie,2,CDP,Christian Democratic Party (Fred Nile Group),621.0,85263.0,0.0072833468210126,CDP,False,False,North Sydney,0,-0.0327166531789874,2.1,0.0,8,,,,0,0.0,,2007-2010,2010,
2007,NSW,137,North Sydney,18458,AUSSIE-STONE,Marcus,3,IND,Independent,526.0,85263.0,0.0061691472268158,IND,False,True,North Sydney,0,-0.0338308527731842,2.1,0.0,8,,,,0,0.0,,2007-2010,2010,0.0234915647327273
2007,NSW,137,North Sydney,18342,THOMPSON,Barry,6,CCC,Climate Change Coalition,1119.0,85263.0,0.0131240983779599,CCC,False,False,North Sydney,0,-0.0268759016220401,2.1,0.0,8,,,,0,0.0,,2007-2010,2010,
2007,NSW,137,North Sydney,17703,CAFFERATTA,John,7,FFP,Family First,352.0,85263.0,0.0041284027069185,FFP,False,False,North Sydney,0,-0.0358715972930815,2.1,0.0,8,0.0114340384323699,980.0,85709.0,1,0.0114340384323699,0.007305635725451401,2007-2010,2010,
2007,NSW,138,Page,9663,BEHN,Doug,1,IND,Independent,1525.0,85510.0,0.0178341714419366,IND,False,True,Page,0,-0.0221658285580634,2.1,0.0,10,0.0104937693244636,896.0,85384.0,1,0.0104937693244636,-0.007340402117473001,2007-2010,2010,
2007,NSW,138,Page,17752,VEGA,Mirian,2,FFP,Family First,784.0,85510.0,0.0091685183019529,FFP,False,False,Page,0,-0.0308314816980471,2.1,0.0,10,,,,0,0.0,,2007-2010,2010,
2007,NSW,138,Page,18180,CULVERWELL,John,3,CEC,Citizens Electoral Council,143.0,85510.0,0.0016723190270143,CEC,False,False,Page,0,-0.0383276809729857,2.1,0.0,10,,,,0,0.0,,2007-2010,2010,0.0108072597993121
2007,NSW,138,Page,18118,MELLAND,Julia,4,DEM,Democrats,910.0,85510.0,0.0106420301719097,DEM,False,False,Page,0,-0.029357969828090302,2.1,0.0,10,0.0070036540803897,598.0,85384.0,1,0.0070036540803897,-0.0036383760915200004,2007-2010,2010,
2007,NSW,138,Page,17376,KANE,Tony,7,IND,Independent,877.0,85510.0,0.0102561103964448,IND,False,True,Page,0,-0.0297438896035552,2.1,0.0,10,0.0104937693244636,896.0,85384.0,1,0.0104937693244636,0.00023765892801880066,2007-2010,2010,
2007,NSW,138,Page,18372,AVASALU,Rhonda Joy,8,CDP,Christian Democratic Party (Fred Nile Group),1430.0,85510.0,0.0167231902701438,CDP,False,False,Page,0,-0.023276809729856202,2.1,0.0,10,,,,0,0.0,,2007-2010,2010,
2007,NSW,138,Page,18233,BEATTY,Ben,9,LDP,LDP,462.0,85510.0,0.005402876856508,LDP,False,False,Page,0,-0.034597123143492,2.1,0.0,10,,,,0,0.0,,2007-2010,2010,
2007,NSW,139,Parkes,18520,HORAN,Tim,1,IND,Independent,17098.0,82469.0,0.2073263893099225,IND,False,True,Parkes,1,0.1673263893099225,2.1,35905.8,7,0.1019223268512843,9146.0,89735.0,1,0.1019223268512843,-0.1054040624586382,2007-2010,2010,0.0385478197385013
2007,NSW,139,Parkes,18434,KIELY,Michael,2,CCC,Climate Change Coalition,939.0,82469.0,0.0113860965938716,CCC,False,False,Parkes,0,-0.0286139034061284,2.1,0.0,7,,,,0,0.0,,2007-2010,2010,
2007,NSW,139,Parkes,18463,HAIGH,Bruce Douglas,3,IND,Independent,2153.0,82469.0,0.0261067795171518,IND,False,True,Parkes,0,-0.0138932204828482,2.1,0.0,7,0.1019223268512843,9146.0,89735.0,1,0.1019223268512843,0.0758155473341325,2007-2010,2010,0.0385478197385013
2007,NSW,139,Parkes,18143,STRINGER,Richard,5,CEC,Citizens Electoral Council,287.0,82469.0,0.0034800955510555,CEC,False,False,Parkes,0,-0.0365199044489445,2.1,0.0,7,,,,0,0.0,,2007-2010,2010,0.0095174885511382
2007,NSW,139,Parkes,17489,PATRIARCA,Margaret,6,CLR,Country Labor,20922.0,82469.0,0.2536953279414083,CLR,False,False,Parkes,1,0.2136953279414083,2.1,43936.200000000004,7,0.2126372095614866,19081.0,89735.0,1,0.2126372095614866,-0.04105811837992171,2007-2010,2010,0.3128426362248623
2007,NSW,140,Parramatta,18271,EVANS,Rachel,1,SAL,Socialist Alliance,1015.0,85180.0,0.0119159427095562,SAL,False,False,Parramatta,0,-0.0280840572904438,2.1,0.0,10,0.0042136445471608,330.0,78317.0,1,0.0042136445471608,-0.007702298162395401,2007-2010,2010,
2007,NSW,140,Parramatta,17849,GORDON,Chris,2,SEP,Socialist Equality Party,261.0,85180.0,0.0030640995538858,SEP,False,False,Parramatta,0,-0.0369359004461142,2.1,0.0,10,0.0153606496673774,1203.0,78317.0,1,0.0153606496673774,0.012296550113491601,2007-2010,2010,
2007,NSW,140,Parramatta,18282,NICKOLS,Graham,3,LDP,LDP,274.0,85180.0,0.0032167175393284,LDP,False,False,Parramatta,0,-0.0367832824606716,2.1,0.0,10,,,,0,0.0,,2007-2010,2010,
2007,NSW,140,Parramatta,17321,MACDONALD,Alasdair,6,,,174.0,85180.0,0.0020427330359239,,False,False,Parramatta,0,-0.0379572669640761,2.1,0.0,10,,,,0,0.0,,2007-2010,2010,
2007,NSW,140,Parramatta,17737,HERNANDEZ,Rene,7,FFP,Family First,888.0,85180.0,0.0104249823902324,FFP,False,False,Parramatta,0,-0.0295750176097676,2.1,0.0,10,,,,0,0.0,,2007-2010,2010,0.0089855883960591
2007,NSW,140,Parramatta,17524,BUCKLEY,Brian,9,IND,Independent,639.0,85180.0,0.0075017609767551,IND,False,True,Parramatta,0,-0.032498239023244904,2.1,0.0,10,0.0183357380900698,1436.0,78317.0,1,0.0183357380900698,0.0108339771133147,2007-2010,2010,
2007,NSW,140,Parramatta,18286,BAISSARI,Sam,10,CDP,Christian Democratic Party (Fred Nile Group),2403.0,85180.0,0.0282108476168114,CDP,False,False,Parramatta,0,-0.0117891523831886,2.1,0.0,10,0.0306957620950751,2404.0,78317.0,1,0.0306957620950751,0.0024849144782636973,2007-2010,2010,0.0259702169073044
2007,NSW,249,Paterson,18109,HENNELLY,Paul,2,FPY,The Fishing Party,1073.0,83916.0,0.0127865961199294,FPY,False,False,Paterson,0,-0.0272134038800706,2.1,0.0,8,,,,0,0.0,,2007-2010,2010,0.0097960211533618
2007,NSW,249,Paterson,17741,STOKES,Christopher,4,FFP,Family First,559.0,83916.0,0.0066614233280899,FFP,False,False,Paterson,0,-0.0333385766719101,2.1,0.0,8,0.0081810016264899,674.0,82386.0,1,0.0081810016264899,0.0015195782983999997,2007-2010,2010,0.008574666330899
2007,NSW,249,Paterson,18115,KING,Tony,5,CEC,Citizens Electoral Council,341.0,83916.0,0.0040635873969207,CEC,False,False,Paterson,0,-0.0359364126030793,2.1,0.0,8,,,,0,0.0,,2007-2010,2010,0.0091538655250566
2007,NSW,249,Paterson,18338,HAYNES,Heather,6,CDP,Christian Democratic Party (Fred Nile Group),1010.0,83916.0,0.0120358453691787,CDP,False,False,Paterson,0,-0.027964154630821303,2.1,0.0,8,0.0105600466098608,870.0,82386.0,1,0.0105600466098608,-0.0014757987593178989,2007-2010,2010,
2007,NSW,249,Paterson,17872,HAMBERGER,John,7,ON,One Nation,832.0,83916.0,0.0099146765813432,ON,False,False,Paterson,0,-0.0300853234186568,2.1,0.0,8,0.012672055931833,1044.0,82386.0,1,0.012672055931833,0.0027573793504897994,2007-2010,2010,0.0178418534374213
2007,NSW,142,Prospect,17734,LEVER,Carolyn,1,FFP,Family First,2655.0,79300.0,0.0334804539722572,FFP,False,False,Prospect,0,-0.006519546027742802,2.1,0.0,5,,,,0,0.0,,2007-2010,2010,
2007,NSW,142,Prospect,18295,CALLANDER,Jason,4,CDP,Christian Democratic Party (Fred Nile Group),2187.0,79300.0,0.0275788146279949,CDP,False,False,Prospect,0,-0.012421185372005102,2.1,0.0,5,,,,0,0.0,,2007-2010,2010,0.0302677069397162
2007,NSW,144,Reid,18448,SHARAH,Alex,1,CDP,Christian Democratic Party (Fred Nile Group),3170.0,79438.0,0.039905334978222,CDP,False,False,Reid,0,-9.466502177800373e-05,2.1,0.0,7,0.030705279549907,2445.0,79628.0,1,0.030705279549907,-0.009200055428314997,2007-2010,2010,0.0356820936810368
2007,NSW,144,Reid,18428,IHRAM,Silma,2,DEM,Democrats,1123.0,79438.0,0.0141368110979631,DEM,False,False,Reid,0,-0.0258631889020369,2.1,0.0,7,,,,0,0.0,,2007-2010,2010,0.0124638672178534
2007,NSW,144,Reid,17937,LAMBERT,Veronica,4,FFP,Family First,1301.0,79438.0,0.0163775523049422,FFP,False,False,Reid,0,-0.0236224476950578,2.1,0.0,7,,,,0,0.0,,2007-2010,2010,
2007,NSW,144,Reid,18451,JOHNSON,Hal,6,CEC,Citizens Electoral Council,429.0,79438.0,0.0054004380774943,CEC,False,False,Reid,0,-0.0345995619225057,2.1,0.0,7,,,,0,0.0,,2007-2010,2010,
2007,NSW,145,Richmond,18209,FARMILO,Daniel,1,LDP,LDP,1320.0,81486.0,0.0161991016861792,LDP,False,False,Richmond,0,-0.0238008983138208,2.1,0.0,7,,,,0,0.0,,2007-2010,2010,
2007,NSW,145,Richmond,18131,McCALLUM,Graham,5,CEC,Citizens Electoral Council,176.0,81486.0,0.0021598802248238,CEC,False,False,Richmond,0,-0.0378401197751762,2.1,0.0,7,,,,0,0.0,,2007-2010,2010,
2007,NSW,145,Richmond,18531,SLEDGE,Scott,6,DEM,Democrats,950.0,81486.0,0.0116584443953562,DEM,False,False,Richmond,0,-0.0283415556046438,2.1,0.0,7,0.0062101812333766,502.0,80835.0,1,0.0062101812333766,-0.0054482631619796,2007-2010,2010,0.0115835014400081
2007,NSW,145,Richmond,18292,RAYMOND,Barbara Jean,7,CDP,Christian Democratic Party (Fred Nile Group),1039.0,81486.0,0.0127506565545001,CDP,False,False,Richmond,0,-0.027249343445499903,2.1,0.0,7,,,,0,0.0,,2007-2010,2010,
2007,NSW,250,Riverina,18192,JOHNSON,Gary,1,CEC,Citizens Electoral Council,1141.0,84358.0,0.0135256881386471,CEC,False,False,Riverina,0,-0.0264743118613529,2.1,0.0,5,,,,0,0.0,,2007-2010,2010,
2007,NSW,250,Riverina,17487,KNOX,Peter,3,CLR,Country Labor,24471.0,84358.0,0.2900851134450793,CLR,False,False,Riverina,1,0.25008511344507933,2.1,51389.1,5,0.2222891497800861,19559.0,87989.0,1,0.2222891497800861,-0.06779596366499321,2007-2010,2010,0.2470046989937756
2007,NSW,250,Riverina,17890,HESKETH,Craig,5,ON,One Nation,1837.0,84358.0,0.0217762393608193,ON,False,False,Riverina,0,-0.0182237606391807,2.1,0.0,5,0.0160360954210185,1411.0,87989.0,1,0.0160360954210185,-0.005740143939800799,2007-2010,2010,0.0416881934706128
2007,NSW,146,Robertson,18333,GRANT,George,1,CDP,Christian Democratic Party (Fred Nile Group),1929.0,87210.0,0.0221190230478156,CDP,False,False,Robertson,0,-0.0178809769521844,2.1,0.0,7,0.0180921245356862,1544.0,85341.0,1,0.0180921245356862,-0.004026898512129399,2007-2010,2010,
2007,NSW,146,Robertson,17724,LE,Daniel,2,FFP,Family First,708.0,87210.0,0.0081183350533195,FFP,False,False,Robertson,0,-0.0318816649466805,2.1,0.0,7,0.0087765552313659,749.0,85341.0,1,0.0087765552313659,0.0006582201780463998,2007-2010,2010,0.0168226695730221
2007,NSW,146,Robertson,18184,TOMLIN,Nicholas,3,CEC,Citizens Electoral Council,141.0,87210.0,0.0016167870657034,CEC,False,False,Robertson,0,-0.0383832129342966,2.1,0.0,7,,,,0,0.0,,2007-2010,2010,0.0027054750609052
2007,NSW,146,Robertson,17814,RYAN,Helen,4,ON,One Nation,924.0,87210.0,0.010595115239078,ON,False,False,Robertson,0,-0.029404884760922,2.1,0.0,7,0.0066556520312628,568.0,85341.0,1,0.0066556520312628,-0.003939463207815199,2007-2010,2010,0.0172329785869983
2007,NSW,148,Shortland,17732,REEVES,Matthew,4,FFP,Family First,1644.0,85541.0,0.0192188541167393,FFP,False,False,Shortland,0,-0.0207811458832607,2.1,0.0,5,,,,0,0.0,,2007-2010,2010,0.0224727499221426
2007,NSW,148,Shortland,18287,WALLACE,Les,5,CDP,Christian Democratic Party (Fred Nile Group),1655.0,85541.0,0.0193474474228732,CDP,False,False,Shortland,0,-0.020652552577126802,2.1,0.0,5,,,,0,0.0,,2007-2010,2010,
2007,NSW,149,Sydney,18166,FORD,Adrian,2,CEC,Citizens Electoral Council,184.0,76564.0,0.0024032182226633,CEC,False,False,Sydney,0,-0.0375967817773367,2.1,0.0,7,,,,0,0.0,,2007-2010,2010,0.0018229767995819
2007,NSW,149,Sydney,18296,LEE,John,4,CDP,Christian Democratic Party (Fred Nile Group),727.0,76564.0,0.0094953241732406,CDP,False,False,Sydney,0,-0.0305046758267594,2.1,0.0,7,,,,0,0.0,,2007-2010,2010,
2007,NSW,149,Sydney,15520,WARD,Jane,5,IND,Independent,979.0,76564.0,0.0127866882608014,IND,False,True,Sydney,0,-0.027213311739198602,2.1,0.0,7,0.0154452801189261,1226.0,79377.0,1,0.0154452801189261,0.0026585918581247,2007-2010,2010,0.0163581784815818
2007,NSW,149,Sydney,15520,WARD,Jane,5,IND,Independent,979.0,76564.0,0.0127866882608014,IND,False,True,Sydney,0,-0.027213311739198602,2.1,0.0,7,0.0154452801189261,1226.0,79377.0,1,0.0154452801189261,0.0026585918581247,2007-2010,2010,0.0067207078011253
2007,NSW,149,Sydney,18439,MATERAZZO,Mayo,7,DEM,Democrats,874.0,76564.0,0.0114152865576511,DEM,False,False,Sydney,0,-0.0285847134423489,2.1,0.0,7,0.0158232233518525,1256.0,79377.0,1,0.0158232233518525,0.0044079367942013985,2007-2010,2010,0.020672556907259
2007,NSW,150,Throsby,18406,DEAKES,Scott Gordon,3,CDP,Christian Democratic Party (Fred Nile Group),2598.0,80447.0,0.0322945541785274,CDP,False,False,Throsby,0,-0.0077054458214726035,2.1,0.0,4,,,,0,0.0,,2007-2010,2010,
2007,NSW,151,Warringah,18200,JOHANSON,Georgina,3,DEM,Democrats,1095.0,85091.0,0.0128685759951111,DEM,False,False,Warringah,0,-0.027131424004888903,2.1,0.0,8,,,,0,0.0,,2007-2010,2010,
2007,NSW,151,Warringah,15493,PETERSEN,Patricia,4,IND,Independent,1529.0,85091.0,0.0179689978963697,IND,False,True,Warringah,0,-0.0220310021036303,2.1,0.0,8,,,,0,0.0,,2007-2010,2010,0.0070038494439692
2007,NSW,151,Warringah,15493,PETERSEN,Patricia,4,IND,Independent,1529.0,85091.0,0.0179689978963697,IND,False,True,Warringah,0,-0.0220310021036303,2.1,0.0,8,,,,0,0.0,,2007-2010,2010,0.0255827630453378
2007,NSW,151,Warringah,15493,PETERSEN,Patricia,4,IND,Independent,1529.0,85091.0,0.0179689978963697,IND,False,True,Warringah,0,-0.0220310021036303,2.1,0.0,8,,,,0,0.0,,2007-2010,2010,0.0062954448246364
2007,NSW,151,Warringah,15493,PETERSEN,Patricia,4,IND,Independent,1529.0,85091.0,0.0179689978963697,IND,False,True,Warringah,0,-0.0220310021036303,2.1,0.0,8,,,,0,0.0,,2007-2010,2010,0.0041702309666381
2007,NSW,151,Warringah,18025,MIDDLETON,Brent,5,FFP,Family First,456.0,85091.0,0.0053589686335805,FFP,False,False,Warringah,0,-0.0346410313664195,2.1,0.0,8,,,,0,0.0,,2007-2010,2010,0.0136735457656116
2007,NSW,151,Warringah,18438,PRICE,Goronwy,6,CCE,Conservatives for Climate and Environment,616.0,85091.0,0.0072393085050122,CCE,False,False,Warringah,0,-0.0327606914949878,2.1,0.0,8,,,,0,0.0,,2007-2010,2010,
2007,NSW,151,Warringah,18422,McCUDDEN,Bill,8,CDP,Christian Democratic Party (Fred Nile Group),1020.0,85091.0,0.0119871666803774,CDP,False,False,Warringah,0,-0.0280128333196226,2.1,0.0,8,,,,0,0.0,,2007-2010,2010,
2007,NSW,251,Watson,17751,FOY,Merry,1,FFP,Family First,2011.0,80334.0,0.0250329872781138,FFP,False,False,Watson,0,-0.014967012721886202,2.1,0.0,6,,,,0,0.0,,2007-2010,2010,0.0166840761374187
2007,NSW,251,Watson,13321,POULSEN,Ronald,2,,,424.0,80334.0,0.0052779644982199,,False,False,Watson,0,-0.0347220355017801,2.1,0.0,6,,,,0,0.0,,2007-2010,2010,0.0048601439182915
2007,NSW,251,Watson,18312,SAMMUT,Josephine,5,CDP,Christian Democratic Party (Fred Nile Group),1988.0,80334.0,0.0247466826001444,CDP,False,False,Watson,0,-0.015253317399855602,2.1,0.0,6,,,,0,0.0,,2007-2010,2010,
2007,NSW,152,Wentworth,17602,ECUYER,Dani,1,IND,Independent,774.0,88272.0,0.0087683523654159,IND,False,True,Wentworth,0,-0.031231647634584102,2.1,0.0,11,0.0059416678203885,515.0,86676.0,1,0.0059416678203885,-0.002826684545027401,2007-2010,2010,0.0046044768010431
2007,NSW,152,Wentworth,17602,ECUYER,Dani,1,IND,Independent,774.0,88272.0,0.0087683523654159,IND,False,True,Wentworth,0,-0.031231647634584102,2.1,0.0,11,0.0059416678203885,515.0,86676.0,1,0.0059416678203885,-0.002826684545027401,2007-2010,2010,0.0029609909812017
2007,NSW,152,Wentworth,17602,ECUYER,Dani,1,IND,Independent,774.0,88272.0,0.0087683523654159,IND,False,True,Wentworth,0,-0.031231647634584102,2.1,0.0,11,0.0059416678203885,515.0,86676.0,1,0.0059416678203885,-0.002826684545027401,2007-2010,2010,0.1797783331522329
2007,NSW,152,Wentworth,18314,COULTON,Dixie,3,CCC,Climate Change Coalition,1156.0,88272.0,0.0130958854449882,CCC,False,False,Wentworth,0,-0.0269041145550118,2.1,0.0,11,,,,0,0.0,,2007-2010,2010,
2007,NSW,152,Wentworth,17721,ADAMS,James,4,FFP,Family First,255.0,88272.0,0.0028887982599238,FFP,False,False,Wentworth,0,-0.0371112017400762,2.1,0.0,11,,,,0,0.0,,2007-2010,2010,0.0040883407584483
2007,NSW,152,Wentworth,18186,JAMIESON,John,5,CEC,Citizens Electoral Council,78.0,88272.0,0.0008836324089178,CEC,False,False,Wentworth,0,-0.0391163675910822,2.1,0.0,11,,,,0,0.0,,2007-2010,2010,0.0008828642833858
2007,NSW,152,Wentworth,18235,KELU,Jonatan,6,LDP,LDP,129.0,88272.0,0.0014613920609026,LDP,False,False,Wentworth,0,-0.0385386079390974,2.1,0.0,11,,,,0,0.0,,2007-2010,2010,
2007,NSW,152,Wentworth,15478,SHEIL,Pat,7,IND,Independent,265.0,88272.0,0.0030020844661953,IND,False,True,Wentworth,0,-0.0369979155338047,2.1,0.0,11,0.0059416678203885,515.0,86676.0,1,0.0059416678203885,0.0029395833541931995,2007-2010,2010,0.0046044768010431
2007,NSW,152,Wentworth,15478,SHEIL,Pat,7,IND,Independent,265.0,88272.0,0.0030020844661953,IND,False,True,Wentworth,0,-0.0369979155338047,2.1,0.0,11,0.0059416678203885,515.0,86676.0,1,0.0059416678203885,0.0029395833541931995,2007-2010,2010,0.0029609909812017
2007,NSW,152,Wentworth,15478,SHEIL,Pat,7,IND,Independent,265.0,88272.0,0.0030020844661953,IND,False,True,Wentworth,0,-0.0369979155338047,2.1,0.0,11,0.0059416678203885,515.0,86676.0,1,0.0059416678203885,0.0029395833541931995,2007-2010,2010,0.1797783331522329
2007,NSW,152,Wentworth,18291,MOLONY,Bradley,8,CDP,Christian Democratic Party (Fred Nile Group),323.0,88272.0,0.0036591444625702,CDP,False,False,Wentworth,0,-0.0363408555374298,2.1,0.0,11,,,,0,0.0,,2007-2010,2010,
2007,NSW,152,Wentworth,18062,FIELD,Pierce,11,DEM,Democrats,721.0,88272.0,0.0081679354721769,DEM,False,False,Wentworth,0,-0.0318320645278231,2.1,0.0,11,,,,0,0.0,,2007-2010,2010,0.0092768662392698
2007,NSW,153,Werriwa,17728,MILLS,Andrew,3,FFP,Family First,1920.0,79710.0,0.0240873165223936,FFP,False,False,Werriwa,0,-0.0159126834776064,2.1,0.0,6,,,,0,0.0,,2007-2010,2010,
2007,NSW,153,Werriwa,18431,BRYANT,Joe,4,IND,Independent,2016.0,79710.0,0.0252916823485133,IND,False,True,Werriwa,0,-0.0147083176514867,2.1,0.0,6,,,,0,0.0,,2007-2010,2010,0.0487097522621226
2007,NSW,153,Werriwa,18430,GAYED,Hany,5,CDP,Christian Democratic Party (Fred Nile Group),1814.0,79710.0,0.0227574959227198,CDP,False,False,Werriwa,0,-0.017242504077280202,2.1,0.0,6,,,,0,0.0,,2007-2010,2010,
2007,NT,306,Lingiari,18471,WRIGHT,Wayne,2,IND,Independent,864.0,46703.0,0.0184998822345459,IND,False,True,Lingiari,0,-0.021500117765454102,2.1,0.0,5,0.0444941412164838,1910.0,42927.0,1,0.0444941412164838,0.0259942589819379,2007-2010,2010,0.0247215051512825
2007,NT,306,Lingiari,17144,RYAN,Maurie Japarta,3,IND,Independent,1206.0,46703.0,0.0258227522857204,IND,False,True,Lingiari,0,-0.014177247714279601,2.1,0.0,5,0.0444941412164838,1910.0,42927.0,1,0.0444941412164838,0.018671388930763397,2007-2010,2010,0.0247215051512825
2007,NT,307,Solomon,17417,CAMPBELL,Trudy,2,CEC,Citizens Electoral Council,245.0,51510.0,0.00475635798874,CEC,False,False,Solomon,0,-0.03524364201126,2.1,0.0,6,0.0131093492424837,668.0,50956.0,1,0.0131093492424837,0.0083529912537437,2007-2010,2010,0.0049044160614408
2007,NT,307,Solomon,17330,CHESTER,Jacques,3,LDP,LDP,358.0,51510.0,0.0069501067753834,LDP,False,False,Solomon,0,-0.0330498932246166,2.1,0.0,6,,,,0,0.0,,2007-2010,2010,
2007,NT,307,Solomon,15566,FOLEY,Maurice,5,IND,Independent,545.0,51510.0,0.010580469811687,IND,False,True,Solomon,0,-0.029419530188313003,2.1,0.0,6,,,,0,0.0,,2007-2010,2010,
2007,QLD,304,Blair,17888,SMITH,Bevan,4,FFP,Family First,1718.0,83279.0,0.0206294504016618,FFP,False,False,Blair,0,-0.0193705495983382,2.1,0.0,8,0.0491084199485076,3605.0,73409.0,1,0.0491084199485076,0.028478969546845798,2007-2010,2010,0.0364632371822305
2007,QLD,304,Blair,18221,WHITE,David,5,DEM,Democrats,735.0,83279.0,0.0088257543918634,DEM,False,False,Blair,0,-0.0311742456081366,2.1,0.0,8,,,,0,0.0,,2007-2010,2010,0.0128269402428436
2007,QLD,304,Blair,17560,THIES,Robert,6,CEC,Citizens Electoral Council,143.0,83279.0,0.0017171195619543,CEC,False,False,Blair,0,-0.0382828804380457,2.1,0.0,8,,,,0,0.0,,2007-2010,2010,0.0056003228133674
2007,QLD,304,Blair,18188,SWANBOROUGH,Doug,7,LDP,LDP,196.0,83279.0,0.0023535345044969,LDP,False,False,Blair,0,-0.0376464654955031,2.1,0.0,8,,,,0,0.0,,2007-2010,2010,
2007,QLD,304,Blair,18476,CHORLEY,Dale,8,IND,Independent,1429.0,83279.0,0.0171591877904393,IND,False,True,Blair,0,-0.0228408122095607,2.1,0.0,8,0.0445040798812134,3267.0,73409.0,1,0.0445040798812134,0.027344892090774103,2007-2010,2010,
2007,QLD,310,Bonner,18245,CHARLES,Lisa,2,LDP,LDP,212.0,83580.0,0.0025364919837281,LDP,False,False,Bonner,0,-0.0374635080162719,2.1,0.0,7,,,,0,0.0,,2007-2010,2010,
2007,QLD,310,Bonner,17885,GELLATLY,Stephen,4,FFP,Family First,1612.0,83580.0,0.0192869107441971,FFP,False,False,Bonner,0,-0.0207130892558029,2.1,0.0,7,0.0282115255887543,2318.0,82165.0,1,0.0282115255887543,0.0089246148445572,2007-2010,2010,0.0436112646367013
2007,QLD,310,Bonner,18249,STOCKS,Vicki,5,DEM,Democrats,837.0,83580.0,0.0100143575017946,DEM,False,False,Bonner,0,-0.0299856424982054,2.1,0.0,7,,,,0,0.0,,2007-2010,2010,0.0140101026979087
2007,QLD,310,Bonner,18130,BOESE,Shane,6,FPY,The Fishing Party,1010.0,83580.0,0.0120842306771955,FPY,False,False,Bonner,0,-0.0279157693228045,2.1,0.0,7,,,,0,0.0,,2007-2010,2010,
2007,QLD,155,Bowman,17940,LUCAS,Alan John,2,FFP,Family First,2405.0,82082.0,0.0292999683243585,FFP,False,False,Bowman,0,-0.0107000316756415,2.1,0.0,6,0.0223808652144731,1834.0,81945.0,1,0.0223808652144731,-0.006919103109885402,2007-2010,2010,0.0401753010577182
2007,QLD,155,Bowman,18414,CHIDGEY,Dave,5,ON,One Nation WA,433.0,82082.0,0.0052752125922857,ON,False,False,Bowman,0,-0.0347247874077143,2.1,0.0,6,0.0105558606382329,865.0,81945.0,1,0.0105558606382329,0.005280648045947201,2007-2010,2010,
2007,QLD,155,Bowman,18412,HOLLAND,Paul,6,DEM,Democrats,676.0,82082.0,0.0082356667722521,DEM,False,False,Bowman,0,-0.0317643332277479,2.1,0.0,6,,,,0,0.0,,2007-2010,2010,0.0107314063925766
2007,QLD,156,Brisbane,17424,SAUNDERS,Ewan,1,SAL,Socialist Alliance,566.0,83738.0,0.0067591774343786,SAL,False,False,Brisbane,0,-0.0332408225656214,2.1,0.0,7,0.0088465002652716,717.0,81049.0,1,0.0088465002652716,0.002087322830893,2007-2010,2010,0.0039458921119977
2007,QLD,156,Brisbane,17588,CONTARINO,Nick,4,CEC,Citizens Electoral Council,137.0,83738.0,0.0016360553153884,CEC,False,False,Brisbane,0,-0.0383639446846116,2.1,0.0,7,,,,0,0.0,,2007-2010,2010,0.0009581079888556
2007,QLD,156,Brisbane,17907,WHITE,Mark A,6,FFP,Family First,1183.0,83738.0,0.0141273973584274,FFP,False,False,Brisbane,0,-0.025872602641572602,2.1,0.0,7,0.0157188861059359,1274.0,81049.0,1,0.0157188861059359,0.0015914887475084998,2007-2010,2010,0.0239400930373283
2007,QLD,156,Brisbane,18216,SINNAMON,Don,7,DEM,Democrats,1266.0,83738.0,0.0151185841553416,DEM,False,False,Brisbane,0,-0.024881415844658403,2.1,0.0,7,,,,0,0.0,,2007-2010,2010,0.0159978820770772
2007,QLD,157,Capricornia,17502,OAKES,Bob,2,IND,Independent,1859.0,85080.0,0.0218500235072872,IND,False,True,Capricornia,0,-0.0181499764927128,2.1,0.0,8,0.0174421497885046,1402.0,80380.0,1,0.0174421497885046,-0.0044078737187826025,2007-2010,2010,
2007,QLD,157,Capricornia,17556,INGREY,Bill,3,CEC,Citizens Electoral Council,222.0,85080.0,0.0026093088857545,CEC,False,False,Capricornia,0,-0.0373906911142455,2.1,0.0,8,,,,0,0.0,,2007-2010,2010,0.00330608537693
2007,QLD,157,Capricornia,18220,PRANGE,Anton,6,DEM,Democrats,422.0,85080.0,0.0049600376116596,DEM,False,False,Capricornia,0,-0.0350399623883404,2.1,0.0,8,,,,0,0.0,,2007-2010,2010,0.0143505903723887
2007,QLD,157,Capricornia,17920,EATON,Jon,7,FFP,Family First,1508.0,85080.0,0.0177244945933239,FFP,False,False,Capricornia,0,-0.0222755054066761,2.1,0.0,8,0.0348594177656133,2802.0,80380.0,1,0.0348594177656133,0.017134923172289398,2007-2010,2010,0.0414653345443536
2007,QLD,158,Dawson,17544,HARRIS,Andrew,3,CEC,Citizens Electoral Council,432.0,79906.0,0.0054063524641453,CEC,False,False,Dawson,0,-0.0345936475358547,2.1,0.0,6,0.0155155577523538,1287.0,82949.0,1,0.0155155577523538,0.0101092052882085,2007-2010,2010,0.026790843202679
2007,QLD,158,Dawson,17891,LEE,Rena,4,FFP,Family First,2398.0,79906.0,0.030010262057918,FFP,False,False,Dawson,0,-0.009989737942082001,2.1,0.0,6,0.0494279617596354,4100.0,82949.0,1,0.0494279617596354,0.019417699701717403,2007-2010,2010,0.029760813502976
2007,QLD,158,Dawson,18230,DOYLE,Chris,6,DEM,Democrats,1216.0,79906.0,0.0152178810101869,DEM,False,False,Dawson,0,-0.0247821189898131,2.1,0.0,6,,,,0,0.0,,2007-2010,2010,0.0084332490008433
2007,QLD,252,Dickson,17933,SHUTTLEWORTH,Dale,1,FFP,Family First,2118.0,83447.0,0.0253813797979555,FFP,False,False,Dickson,0,-0.014618620202044501,2.1,0.0,7,0.0287289290493671,2340.0,81451.0,1,0.0287289290493671,0.0033475492514116016,2007-2010,2010,0.0451928612550374
2007,QLD,252,Dickson,18274,CORNWELL,Brad,3,LDP,LDP,258.0,83447.0,0.0030917828082495,LDP,False,False,Dickson,0,-0.0369082171917505,2.1,0.0,7,0.0063964837755214,521.0,81451.0,1,0.0063964837755214,0.0033047009672719004,2007-2010,2010,
2007,QLD,252,Dickson,18447,WOOD,Connie,4,CDP,Christian Democratic Party (Fred Nile Group),323.0,83447.0,0.0038707203374597,CDP,False,False,Dickson,0,-0.0361292796625403,2.1,0.0,7,,,,0,0.0,,2007-2010,2010,
2007,QLD,252,Dickson,18229,KERIN,Peter,7,DEM,Democrats,797.0,83447.0,0.009550972473546,DEM,False,False,Dickson,0,-0.030449027526454002,2.1,0.0,7,,,,0,0.0,,2007-2010,2010,0.0166169466687601
2007,QLD,159,Fadden,17546,MARTIN,Ken,1,CEC,Citizens Electoral Council,582.0,83433.0,0.0069756571140915,CEC,False,False,Fadden,0,-0.0330243428859085,2.1,0.0,9,,,,0,0.0,,2007-2010,2010,0.0084138843161256
2007,QLD,159,Fadden,18401,WALTER,John,2,ON,One Nation WA,695.0,83433.0,0.0083300372754186,ON,False,False,Fadden,0,-0.031669962724581405,2.1,0.0,9,0.0160479399934775,1181.0,73592.0,1,0.0160479399934775,0.007717902718058899,2007-2010,2010,0.0200920180659322
2007,QLD,159,Fadden,18397,FAINT,Chris,4,DEM,Democrats,504.0,83433.0,0.0060407752328215,DEM,False,False,Fadden,0,-0.0339592247671785,2.1,0.0,9,,,,0,0.0,,2007-2010,2010,0.015603675094621
2007,QLD,159,Fadden,17312,MONTGOMERY,David,5,IND,Independent,1065.0,83433.0,0.0127647333788788,IND,False,True,Fadden,0,-0.0272352666211212,2.1,0.0,9,,,,0,0.0,,2007-2010,2010,
2007,QLD,159,Fadden,18391,WILSON,Ross,7,FFP,Family First,1743.0,83433.0,0.0208910143468411,FFP,False,False,Fadden,0,-0.0191089856531589,2.1,0.0,9,0.0341477334492879,2513.0,73592.0,1,0.0341477334492879,0.013256719102446798,2007-2010,2010,0.0377077089752789
2007,QLD,160,Fairfax,17558,WATT,Kevin,1,CEC,Citizens Electoral Council,514.0,82167.0,0.0062555527158104,CEC,False,False,Fairfax,0,-0.0337444472841896,2.1,0.0,8,,,,0,0.0,,2007-2010,2010,0.002890830980072
2007,QLD,160,Fairfax,18210,HASHEMI,Janette,2,DEM,Democrats,764.0,82167.0,0.0092981367215548,DEM,False,False,Fairfax,0,-0.0307018632784452,2.1,0.0,8,,,,0,0.0,,2007-2010,2010,0.0253750719361875
2007,QLD,160,Fairfax,17889,WOODS,Lisa,4,FFP,Family First,3287.0,82167.0,0.0400038945075273,FFP,False,False,Fairfax,1,3.894507527302249e-06,2.1,6902.700000000001,8,0.052449852022361,4147.0,79066.0,1,0.052449852022361,0.012445957514833697,2007-2010,2010,0.0453699862150189
2007,QLD,160,Fairfax,18224,SAVAGE,Kevin J,5,ON,One Nation WA,861.0,82167.0,0.0104786593157837,ON,False,False,Fairfax,0,-0.029521340684216302,2.1,0.0,8,,,,0,0.0,,2007-2010,2010,0.031009515651976
2007,QLD,160,Fairfax,17339,PHILLIPS,Max,7,IND,Independent,1300.0,82167.0,0.0158214368298708,IND,False,True,Fairfax,0,-0.024178563170129203,2.1,0.0,8,,,,0,0.0,,2007-2010,2010,
2007,QLD,161,Fisher,17922,CUMMING,Graeme,3,FFP,Family First,1728.0,79709.0,0.0216788568417619,FFP,False,False,Fisher,0,-0.0183211431582381,2.1,0.0,6,0.0736028892630207,5421.0,73652.0,1,0.0736028892630207,0.051924032421258794,2007-2010,2010,0.0415875054048033
2007,QLD,161,Fisher,18219,KERR,Carolyn,4,DEM,Democrats,655.0,79709.0,0.0082173907588854,DEM,False,False,Fisher,0,-0.031782609241114604,2.1,0.0,6,,,,0,0.0,,2007-2010,2010,0.0157361669789441
2007,QLD,161,Fisher,17450,HUTCHINSON,Caroline,6,IND,Independent,10596.0,79709.0,0.1329335457727483,IND,False,True,Fisher,1,0.09293354577274829,2.1,22251.600000000002,6,,,,0,0.0,,2007-2010,2010,
2007,QLD,311,Flynn,18197,JOB,Jarrah,3,LDP,LDP,196.0,80187.0,0.0024442864803521,LDP,False,False,Flynn,0,-0.0375557135196479,2.1,0.0,9,,,,0,0.0,,2007-2010,2010,
2007,QLD,311,Flynn,17908,DRYSDALE,Mathew James,4,FFP,Family First,1662.0,80187.0,0.0207265516854352,FFP,False,False,Flynn,0,-0.0192734483145648,2.1,0.0,9,0.0448855955539978,3586.0,79892.0,1,0.0448855955539978,0.0241590438685626,2007-2010,2010,
2007,QLD,311,Flynn,18222,NOBLE,Julie,5,DEM,Democrats,535.0,80187.0,0.0066719044234102,DEM,False,False,Flynn,0,-0.0333280955765898,2.1,0.0,9,,,,0,0.0,,2007-2010,2010,
2007,QLD,311,Flynn,18057,COSTELLO,Phillip Martin,7,IND,Independent,761.0,80187.0,0.009490316385449,IND,False,True,Flynn,0,-0.030509683614551003,2.1,0.0,9,0.0378636158814399,3025.0,79892.0,1,0.0378636158814399,0.0283732994959909,2007-2010,2010,
2007,QLD,311,Flynn,17322,SCOTT,Duncan,8,IND,Independent,807.0,80187.0,0.0100639754573684,IND,False,True,Flynn,0,-0.0299360245426316,2.1,0.0,9,0.0378636158814399,3025.0,79892.0,1,0.0378636158814399,0.027799640424071497,2007-2010,2010,
2007,QLD,162,Forde,17539,HOPE,Danny,3,CEC,Citizens Electoral Council,216.0,78288.0,0.0027590435315757,CEC,False,False,Forde,0,-0.0372409564684243,2.1,0.0,9,,,,0,0.0,,2007-2010,2010,0.0022673632289373
2007,QLD,162,Forde,18318,SYED,Maaz,5,DEM,Democrats,419.0,78288.0,0.0053520335172695,DEM,False,False,Forde,0,-0.034647966482730504,2.1,0.0,9,,,,0,0.0,,2007-2010,2010,0.0134981039009255
2007,QLD,162,Forde,18308,EVANS,Rod,7,ON,One Nation WA,671.0,78288.0,0.0085709176374412,ON,False,False,Forde,0,-0.0314290823625588,2.1,0.0,9,,,,0,0.0,,2007-2010,2010,0.0389164390463815
2007,QLD,162,Forde,17309,COYLE,Chris,8,IND,Independent,623.0,78288.0,0.0079577968526466,IND,False,True,Forde,0,-0.0320422031473534,2.1,0.0,9,,,,0,0.0,,2007-2010,2010,
2007,QLD,162,Forde,17896,ABRAHAMSON,Iona,9,FFP,Family First,1756.0,78288.0,0.0224300020437359,FFP,False,False,Forde,0,-0.0175699979562641,2.1,0.0,9,0.0631956503174015,4440.0,70258.0,1,0.0631956503174015,0.0407656482736656,2007-2010,2010,0.0395926701848365
2007,QLD,163,Griffith,18427,MYERS,Samantha,2,LDP,LDP,182.0,82798.0,0.0021981207275538,LDP,False,False,Griffith,0,-0.0378018792724462,2.1,0.0,8,0.023205491717654,1866.0,80412.0,1,0.023205491717654,0.0210073709901002,2007-2010,2010,
2007,QLD,163,Griffith,17522,MCILROY,Jim,3,SAL,Socialist Alliance,293.0,82798.0,0.0035387328196333,SAL,False,False,Griffith,0,-0.0364612671803667,2.1,0.0,8,,,,0,0.0,,2007-2010,2010,0.0072031793343268
2007,QLD,163,Griffith,18545,HOWARD,P M,6,IND,Independent,2264.0,82798.0,0.0273436556438561,IND,False,True,Griffith,0,-0.012656344356143902,2.1,0.0,8,,,,0,0.0,,2007-2010,2010,0.0095380029806259
2007,QLD,163,Griffith,17915,HASSALL,Andrew R,7,FFP,Family First,654.0,82798.0,0.0078987415154955,FFP,False,False,Griffith,0,-0.0321012584845045,2.1,0.0,8,0.0144630154703278,1163.0,80412.0,1,0.0144630154703278,0.006564273954832301,2007-2010,2010,0.0195230998509687
2007,QLD,163,Griffith,18429,COTTERILL,Rob,8,DEM,Democrats,819.0,82798.0,0.0098915432739921,DEM,False,False,Griffith,0,-0.0301084567260079,2.1,0.0,8,,,,0,0.0,,2007-2010,2010,0.0134624937903626
2007,QLD,164,Groom,17174,VOLKER,Grahame Arthur,2,IND,Independent,616.0,83250.0,0.0073993993993993,IND,False,True,Groom,0,-0.0326006006006007,2.1,0.0,9,0.032307309972663,2730.0,84501.0,1,0.032307309972663,0.0249079105732637,2007-2010,2010,0.0236989532655167
2007,QLD,164,Groom,17597,JONES,Irene,3,CEC,Citizens Electoral Council,263.0,83250.0,0.0031591591591591,CEC,False,False,Groom,0,-0.036840840840840904,2.1,0.0,9,,,,0,0.0,,2007-2010,2010,0.0038085409602437
2007,QLD,164,Groom,17898,FINDLAY,Peter Charles,4,FFP,Family First,3649.0,83250.0,0.0438318318318318,FFP,False,False,Groom,1,0.0038318318318317987,2.1,7662.900000000001,9,0.0555733068247713,4696.0,84501.0,1,0.0555733068247713,0.011741474992939503,2007-2010,2010,0.0634920634920634
2007,QLD,164,Groom,18549,BERRY,Rob,5,IND,Independent,715.0,83250.0,0.0085885885885885,IND,False,True,Groom,0,-0.0314114114114115,2.1,0.0,9,0.032307309972663,2730.0,84501.0,1,0.032307309972663,0.0237187213840745,2007-2010,2010,0.0236989532655167
2007,QLD,164,Groom,18223,NAJEEB,Shalina,6,DEM,Democrats,608.0,83250.0,0.0073033033033033,DEM,False,False,Groom,0,-0.0326966966966967,2.1,0.0,9,,,,0,0.0,,2007-2010,2010,0.0105656297606762
2007,QLD,164,Groom,15609,JEANNERET,Rod,8,IND,Independent,497.0,83250.0,0.0059699699699699,IND,False,True,Groom,0,-0.0340300300300301,2.1,0.0,9,0.032307309972663,2730.0,84501.0,1,0.032307309972663,0.026337340002693096,2007-2010,2010,0.0236989532655167
2007,QLD,165,Herbert,18195,THOMPSON,Ben,1,LDP,LDP,505.0,81835.0,0.0061709537483961,LDP,False,False,Herbert,0,-0.0338290462516039,2.1,0.0,9,,,,0,0.0,,2007-2010,2010,
2007,QLD,165,Herbert,18240,SHERIDAN,Sharon,3,DEM,Democrats,476.0,81835.0,0.0058165821470031,DEM,False,False,Herbert,0,-0.0341834178529969,2.1,0.0,9,,,,0,0.0,,2007-2010,2010,0.013143890335073
2007,QLD,165,Herbert,18526,LYNCH,Garrie J,4,IND,Independent,487.0,81835.0,0.0059509989613246,IND,False,True,Herbert,0,-0.0340490010386754,2.1,0.0,9,,,,0,0.0,,2007-2010,2010,
2007,QLD,165,Herbert,18234,PAULER,Francis H,5,ON,One Nation WA,748.0,81835.0,0.009140343373862,ON,False,False,Herbert,0,-0.030859656626138002,2.1,0.0,9,,,,0,0.0,,2007-2010,2010,0.0343023479476296
2007,QLD,165,Herbert,17900,PUNSHON,Michael,7,FFP,Family First,1283.0,81835.0,0.0156778884340441,FFP,False,False,Herbert,0,-0.0243221115659559,2.1,0.0,9,0.0532536890328785,4208.0,79018.0,1,0.0532536890328785,0.0375758005988344,2007-2010,2010,0.0383801597784132
2007,QLD,165,Herbert,15308,BRENNAN,Billy,8,IND,Independent,900.0,81835.0,0.0109977393535773,IND,False,True,Herbert,0,-0.029002260646422702,2.1,0.0,9,,,,0,0.0,,2007-2010,2010,
2007,QLD,166,Hinkler,17925,RUB,Cameron,2,FFP,Family First,2886.0,82249.0,0.0350885725054408,FFP,False,False,Hinkler,0,-0.004911427494559202,2.1,0.0,6,0.0317224471602095,2562.0,80763.0,1,0.0317224471602095,-0.0033661253452312995,2007-2010,2010,0.0473050289610588
2007,QLD,166,Hinkler,18263,BROMWICH,Robert,5,DEM,Democrats,632.0,82249.0,0.0076839839998054,DEM,False,False,Hinkler,0,-0.0323160160001946,2.1,0.0,6,,,,0,0.0,,2007-2010,2010,0.0106878693862143
2007,QLD,166,Hinkler,14144,WELLS,Roy D,6,IND,Independent,1887.0,82249.0,0.0229425281766343,IND,False,True,Hinkler,0,-0.0170574718233657,2.1,0.0,6,0.0156507311516412,1264.0,80763.0,1,0.0156507311516412,-0.0072917970249931005,2007-2010,2010,0.0328186011395675
2007,QLD,167,Kennedy,13270,KATTER,Bob,2,IND,Independent,32537.0,82319.0,0.3952550444004422,IND,False,True,Kennedy,1,0.3552550444004422,2.1,68327.7,7,0.4670712904725778,38170.0,81722.0,1,0.4670712904725778,0.0718162460721356,2007-2010,2010,0.4012914789398087
2007,QLD,167,Kennedy,18349,HANKIN,Bill,3,ON,One Nation WA,1441.0,82319.0,0.0175050717331357,ON,False,False,Kennedy,0,-0.022494928266864302,2.1,0.0,7,,,,0,0.0,,2007-2010,2010,0.045398185545748
2007,QLD,167,Kennedy,17904,DOUGLAS,Keith,4,FFP,Family First,1674.0,82319.0,0.0203355239981049,FFP,False,False,Kennedy,0,-0.019664476001895102,2.1,0.0,7,0.0199823792858716,1633.0,81722.0,1,0.0199823792858716,-0.0003531447122332998,2007-2010,2010,0.0318204696956676
2007,QLD,167,Kennedy,18346,ASPLIN,Nigel,7,DEM,Democrats,604.0,82319.0,0.0073373097340832,DEM,False,False,Kennedy,0,-0.032662690265916804,2.1,0.0,7,,,,0,0.0,,2007-2010,2010,0.0070589390721484
2007,QLD,168,Leichhardt,18480,JOHNSTON,Selwyn,1,IND,Independent,1448.0,82943.0,0.0174577722050082,IND,False,True,Leichhardt,0,-0.0225422277949918,2.1,0.0,11,0.0320252593594948,2556.0,79812.0,1,0.0320252593594948,0.014567487154486601,2007-2010,2010,0.0488506117607622
2007,QLD,168,Leichhardt,18267,LENNOX,Bridgette,2,DEM,Democrats,472.0,82943.0,0.0056906550281518,DEM,False,False,Leichhardt,0,-0.034309344971848205,2.1,0.0,11,,,,0,0.0,,2007-2010,2010,0.0125317483851836
2007,QLD,168,Leichhardt,17295,HUDSON,Tony,3,IND,Independent,320.0,82943.0,0.0038580712055266,IND,False,True,Leichhardt,0,-0.0361419287944734,2.1,0.0,11,0.0320252593594948,2556.0,79812.0,1,0.0320252593594948,0.028167188153968202,2007-2010,2010,0.0488506117607622
2007,QLD,168,Leichhardt,17151,MILLER,Norman,4,IND,Independent,1090.0,82943.0,0.0131415550438252,IND,False,True,Leichhardt,0,-0.0268584449561748,2.1,0.0,11,0.0320252593594948,2556.0,79812.0,1,0.0320252593594948,0.018883704315669603,2007-2010,2010,0.0488506117607622
2007,QLD,168,Leichhardt,17972,JACOBSEN,Ben,8,FFP,Family First,1087.0,82943.0,0.0131053856262734,FFP,False,False,Leichhardt,0,-0.026894614373726602,2.1,0.0,11,0.0183055179672229,1461.0,79812.0,1,0.0183055179672229,0.005200132340949499,2007-2010,2010,0.0270747650297177
2007,QLD,168,Leichhardt,18455,PUGH,Rata Hami,10,IND,Independent,139.0,82943.0,0.0016758496799006,IND,False,True,Leichhardt,0,-0.0383241503200994,2.1,0.0,11,0.0320252593594948,2556.0,79812.0,1,0.0320252593594948,0.0303494096795942,2007-2010,2010,0.0488506117607622
2007,QLD,168,Leichhardt,17356,BYRNES,Damian,11,IND,Independent,917.0,82943.0,0.0110557852983374,IND,False,True,Leichhardt,0,-0.0289442147016626,2.1,0.0,11,0.0320252593594948,2556.0,79812.0,1,0.0320252593594948,0.0209694740611574,2007-2010,2010,0.0488506117607622
2007,QLD,169,Lilley,18205,CLARK,Aubrey,1,LDP,LDP,455.0,83502.0,0.0054489712821249,LDP,False,False,Lilley,0,-0.034551028717875104,2.1,0.0,6,,,,0,0.0,,2007-2010,2010,
2007,QLD,169,Lilley,18228,CLUSE,Jennifer,5,DEM,Democrats,1015.0,83502.0,0.0121553974755095,DEM,False,False,Lilley,0,-0.027844602524490503,2.1,0.0,6,,,,0,0.0,,2007-2010,2010,0.0149435062568339
2007,QLD,169,Lilley,17903,GRAY,Karen,6,FFP,Family First,1376.0,83502.0,0.0164786472180307,FFP,False,False,Lilley,0,-0.0235213527819693,2.1,0.0,6,0.0310081085743861,2696.0,86945.0,1,0.0310081085743861,0.0145294613563554,2007-2010,2010,0.0281132304701737
2007,QLD,302,Longman,18297,OSS-EMER,Liz,1,DEM,Democrats,1153.0,82183.0,0.0140296655025978,DEM,False,False,Longman,0,-0.0259703344974022,2.1,0.0,7,,,,0,0.0,,2007-2010,2010,0.017216550518168
2007,QLD,302,Longman,18208,MacDONALD,Trent John,2,LDP,LDP,410.0,82183.0,0.0049888663105508,LDP,False,False,Longman,0,-0.0350111336894492,2.1,0.0,7,0.0088933068257123,671.0,75450.0,1,0.0088933068257123,0.0039044405151615006,2007-2010,2010,
2007,QLD,302,Longman,17913,URQUHART,Peter,3,FFP,Family First,1525.0,82183.0,0.0185561490819269,FFP,False,False,Longman,0,-0.0214438509180731,2.1,0.0,7,0.0424917163684559,3206.0,75450.0,1,0.0424917163684559,0.023935567286528996,2007-2010,2010,0.0281199372540951
2007,QLD,302,Longman,17552,WINNIAK,Dan,6,CEC,Citizens Electoral Council,166.0,82183.0,0.0020198824574425,CEC,False,False,Longman,0,-0.0379801175425575,2.1,0.0,7,,,,0,0.0,,2007-2010,2010,
2007,QLD,170,Maranoa,18227,WATSON,Rod,1,ON,One Nation WA,2774.0,79039.0,0.0350965978820582,ON,False,False,Maranoa,0,-0.004903402117941803,2.1,0.0,6,,,,0,0.0,,2007-2010,2010,0.0447066560433028
2007,QLD,170,Maranoa,17916,TOTENHOFER,David,2,FFP,Family First,3034.0,79039.0,0.0383861131846303,FFP,False,False,Maranoa,0,-0.0016138868153697042,2.1,0.0,6,0.040851454472431,3560.0,87145.0,1,0.040851454472431,0.0024653412878007028,2007-2010,2010,0.0387879247764667
2007,QLD,170,Maranoa,18231,DICKSON,Alan,3,DEM,Democrats,1004.0,79039.0,0.0127025898607016,DEM,False,False,Maranoa,0,-0.0272974101392984,2.1,0.0,6,,,,0,0.0,,2007-2010,2010,0.0114201160981902
2007,QLD,171,McPherson,18405,CARNWELL,Lori,1,DEM,Democrats,791.0,83629.0,0.0094584414497363,DEM,False,False,McPherson,0,-0.0305415585502637,2.1,0.0,7,,,,0,0.0,,2007-2010,2010,0.0107726800459342
2007,QLD,171,McPherson,17672,JACKSON,Tyrone,2,IND,Independent,666.0,83629.0,0.0079637446340384,IND,False,True,McPherson,0,-0.0320362553659616,2.1,0.0,7,,,,0,0.0,,2007-2010,2010,
2007,QLD,171,McPherson,17926,DAVIS,Kevin,5,FFP,Family First,1282.0,83629.0,0.0153296105417977,FFP,False,False,McPherson,0,-0.024670389458202303,2.1,0.0,7,0.0483932964329643,3777.0,78048.0,1,0.0483932964329643,0.0330636858911666,2007-2010,2010,0.0282030950948761
2007,QLD,171,McPherson,17667,CORNELL,Geoff,7,CEC,Citizens Electoral Council,127.0,83629.0,0.001518611964749,CEC,False,False,McPherson,0,-0.038481388035251,2.1,0.0,7,,,,0,0.0,,2007-2010,2010,
2007,QLD,172,Moncrieff,17455,KIRCHLER,Tim,2,SAL,Socialist Alliance,315.0,81301.0,0.0038744910886704,SAL,False,False,Moncrieff,0,-0.0361255089113296,2.1,0.0,8,,,,0,0.0,,2007-2010,2010,
2007,QLD,172,Moncrieff,17603,THOMPSON,Elisabeth,4,CEC,Citizens Electoral Council,214.0,81301.0,0.0026321939459539,CEC,False,False,Moncrieff,0,-0.037367806054046104,2.1,0.0,8,,,,0,0.0,,2007-2010,2010,0.0088145102515091
2007,QLD,172,Moncrieff,17917,TAYLER,James,5,FFP,Family First,1440.0,81301.0,0.0177119592624936,FFP,False,False,Moncrieff,0,-0.0222880407375064,2.1,0.0,8,0.0310506504655616,2351.0,75715.0,1,0.0310506504655616,0.013338691203068,2007-2010,2010,0.0300600926829939
2007,QLD,172,Moncrieff,18218,SHEARS,Paul,6,IND,Independent,562.0,81301.0,0.0069125841010565,IND,False,True,Moncrieff,0,-0.0330874158989435,2.1,0.0,8,,,,0,0.0,,2007-2010,2010,
2007,QLD,172,Moncrieff,18347,STEVENSON,Paul,8,DEM,Democrats,731.0,81301.0,0.0089912793200575,DEM,False,False,Moncrieff,0,-0.0310087206799425,2.1,0.0,8,,,,0,0.0,,2007-2010,2010,0.0114684891571898
2007,QLD,173,Moreton,18182,BROWN,Shane,3,LDP,LDP,282.0,80466.0,0.0035045857877861,LDP,False,False,Moreton,0,-0.0364954142122139,2.1,0.0,7,,,,0,0.0,,2007-2010,2010,
2007,QLD,173,Moreton,17909,CHRISTIAN,Steve,4,FFP,Family First,1113.0,80466.0,0.0138319290134963,FFP,False,False,Moreton,0,-0.0261680709865037,2.1,0.0,7,0.0343823634636499,2787.0,81059.0,1,0.0343823634636499,0.0205504344501536,2007-2010,2010,0.0271786022433132
2007,QLD,173,Moreton,12810,LAMB,Andrew,5,IND,Independent,679.0,80466.0,0.0084383466308751,IND,False,True,Moreton,0,-0.0315616533691249,2.1,0.0,7,,,,0,0.0,,2007-2010,2010,0.0101380500431406
2007,QLD,173,Moreton,18236,SOLIMAN,Emad,7,DEM,Democrats,1015.0,80466.0,0.0126140233141948,DEM,False,False,Moreton,0,-0.0273859766858052,2.1,0.0,7,,,,0,0.0,,2007-2010,2010,0.0165837689691925
2007,QLD,174,Oxley,17658,HAAG,Brian,3,CEC,Citizens Electoral Council,289.0,80475.0,0.0035911773842808,CEC,False,False,Oxley,0,-0.0364088226157192,2.1,0.0,6,,,,0,0.0,,2007-2010,2010,0.0111692888928331
2007,QLD,174,Oxley,17919,ROY,Gregory,5,FFP,Family First,1682.0,80475.0,0.0209009009009009,FFP,False,False,Oxley,0,-0.019099099099099102,2.1,0.0,6,0.0514720272877233,3682.0,71534.0,1,0.0514720272877233,0.0305711263868224,2007-2010,2010,0.0368421719892997
2007,QLD,174,Oxley,18279,HENMAN,Murray,6,DEM,Democrats,951.0,80475.0,0.0118173345759552,DEM,False,False,Oxley,0,-0.028182665424044802,2.1,0.0,6,,,,0,0.0,,2007-2010,2010,0.0114482041659799
2007,QLD,175,Petrie,18215,POPE,Michael James,3,LDP,LDP,217.0,83154.0,0.0026096158934026,LDP,False,False,Petrie,0,-0.0373903841065974,2.1,0.0,7,0.0210046618825624,1604.0,76364.0,1,0.0210046618825624,0.018395045989159798,2007-2010,2010,
2007,QLD,175,Petrie,17934,VINCENT,Sally,4,FFP,Family First,1516.0,83154.0,0.0182312336147389,FFP,False,False,Petrie,0,-0.0217687663852611,2.1,0.0,7,0.0501414278979623,3829.0,76364.0,1,0.0501414278979623,0.03191019428322339,2007-2010,2010,0.0373240232584424
2007,QLD,175,Petrie,18252,CARNWELL,Bruce,6,DEM,Democrats,814.0,83154.0,0.009789066070183,DEM,False,False,Petrie,0,-0.030210933929817,2.1,0.0,7,,,,0,0.0,,2007-2010,2010,0.0176196516257048
2007,QLD,175,Petrie,18548,BRITT,Peter,7,CDP,Christian Democratic Party (Fred Nile Group),430.0,83154.0,0.0051711282680328,CDP,False,False,Petrie,0,-0.0348288717319672,2.1,0.0,7,,,,0,0.0,,2007-2010,2010,
2007,QLD,176,Rankin,18203,TJIA,Liam,2,LDP,LDP,463.0,80083.0,0.0057815016919945,LDP,False,False,Rankin,0,-0.0342184983080055,2.1,0.0,7,,,,0,0.0,,2007-2010,2010,
2007,QLD,176,Rankin,17927,VAN MANEN,Bert,5,FFP,Family First,2827.0,80083.0,0.0353008753418328,FFP,False,False,Rankin,0,-0.0046991246581672,2.1,0.0,7,0.0654455829548724,5231.0,79929.0,1,0.0654455829548724,0.030144707613039605,2007-2010,2010,0.0514264599074935
2007,QLD,176,Rankin,18247,EL-MEREBI,Salam,6,DEM,Democrats,590.0,80083.0,0.0073673563677684,DEM,False,False,Rankin,0,-0.0326326436322316,2.1,0.0,7,,,,0,0.0,,2007-2010,2010,0.0083204852129814
2007,QLD,176,Rankin,17543,MEYERS,Robert,7,CEC,Citizens Electoral Council,273.0,80083.0,0.0034089632006792,CEC,False,False,Rankin,0,-0.0365910367993208,2.1,0.0,7,,,,0,0.0,,2007-2010,2010,0.0020132261311655
2007,QLD,177,Ryan,18246,PAGE,James,1,DEM,Democrats,1207.0,84098.0,0.0143523032652381,DEM,False,False,Ryan,0,-0.0256476967347619,2.1,0.0,8,,,,0,0.0,,2007-2010,2010,0.0242462390633851
2007,QLD,177,Ryan,17553,SOLOMON,Neville,2,CEC,Citizens Electoral Council,90.0,84098.0,0.0010701800280624,CEC,False,False,Ryan,0,-0.038929819971937604,2.1,0.0,8,,,,0,0.0,,2007-2010,2010,0.0027947378359665
2007,QLD,177,Ryan,17930,SCHMID,Leisa,4,FFP,Family First,1120.0,84098.0,0.0133177959047777,FFP,False,False,Ryan,0,-0.026682204095222303,2.1,0.0,8,0.0179706628928274,1600.0,89034.0,1,0.0179706628928274,0.004652866988049701,2007-2010,2010,0.0336123874866242
2007,QLD,177,Ryan,17325,WORRINGHAM,Charles,6,IND,Independent,1328.0,84098.0,0.0157911008585222,IND,False,True,Ryan,0,-0.0242088991414778,2.1,0.0,8,0.0849450771615338,7563.0,89034.0,1,0.0849450771615338,0.0691539763030116,2007-2010,2010,
2007,QLD,177,Ryan,18191,MACKENZIE,Jock,8,LDP,LDP,155.0,84098.0,0.0018430878261076,LDP,False,False,Ryan,0,-0.0381569121738924,2.1,0.0,8,,,,0,0.0,,2007-2010,2010,
2007,QLD,178,Wide Bay,17596,MOLLOY,Cate,2,IND,Independent,5576.0,80633.0,0.0691528282464995,IND,False,True,Wide Bay,1,0.0291528282464995,2.1,11709.6,7,,,,0,0.0,,2007-2010,2010,0.0099661687653431
2007,QLD,178,Wide Bay,17596,MOLLOY,Cate,2,IND,Independent,5576.0,80633.0,0.0691528282464995,IND,False,True,Wide Bay,1,0.0291528282464995,2.1,11709.6,7,,,,0,0.0,,2007-2010,2010,0.1218901523016231
2007,QLD,178,Wide Bay,18309,ESSENBERG,Martin,3,ON,One Nation WA,996.0,80633.0,0.0123522627212183,ON,False,False,Wide Bay,0,-0.0276477372787817,2.1,0.0,7,0.0230024658643406,1875.0,81513.0,1,0.0230024658643406,0.0106502031431223,2007-2010,2010,0.0494400136790551
2007,QLD,178,Wide Bay,17969,CHAPMAN,John,4,FFP,Family First,2792.0,80633.0,0.0346260216040578,FFP,False,False,Wide Bay,0,-0.005373978395942204,2.1,0.0,7,0.0374050764908664,3049.0,81513.0,1,0.0374050764908664,0.002779054886808602,2007-2010,2010,0.0354067686896198
2007,QLD,178,Wide Bay,18302,SHAW,Terry,7,DEM,Democrats,719.0,80633.0,0.008916944675257,DEM,False,False,Wide Bay,0,-0.031083055324743,2.1,0.0,7,,,,0,0.0,,2007-2010,2010,0.0114195683769556
2007,SA,179,Adelaide,18009,BIAR,Sandy,3,DEM,Australian Democrats,1353.0,88625.0,0.0152665726375176,DEM,False,False,Adelaide,0,-0.0247334273624824,2.1,0.0,5,0.0094184481985349,819.0,86957.0,1,0.0094184481985349,-0.005848124438982701,2007-2010,2010,0.015926935916122
2007,SA,179,Adelaide,17610,SLAPE,Dennis,4,FFP,Family First Party,1801.0,88625.0,0.0203215796897038,FFP,False,False,Adelaide,0,-0.0196784203102962,2.1,0.0,5,0.0218498798256609,1900.0,86957.0,1,0.0218498798256609,0.0015283001359570995,2007-2010,2010,0.0206051060228501
2007,SA,180,Barker,17999,SNEATH,Justin,1,DEM,Australian Democrats,1984.0,94697.0,0.0209510332956693,DEM,False,False,Barker,0,-0.019048966704330702,2.1,0.0,6,,,,0,0.0,,2007-2010,2010,0.0147606764115792
2007,SA,180,Barker,17652,CORNISH,Phil,6,FFP,Family First Party,5418.0,94697.0,0.0572140616915002,FFP,False,False,Barker,1,0.0172140616915002,2.1,11377.800000000001,6,0.0618330327781903,5829.0,94270.0,1,0.0618330327781903,0.004618971086690099,2007-2010,2010,0.0581608131049231
2007,SA,182,Boothby,17355,McGHEE,Ray,1,IND,Independent,4390.0,89397.0,0.0491067932928398,IND,False,True,Boothby,1,0.009106793292839796,2.1,9219.0,8,0.0197870171862369,1689.0,85359.0,1,0.0197870171862369,-0.029319776106602895,2007-2010,2010,0.0074935040831477
2007,SA,182,Boothby,18007,BOSSIE,Craig,2,DEM,Australian Democrats,1380.0,89397.0,0.0154367596228061,DEM,False,False,Boothby,0,-0.0245632403771939,2.1,0.0,8,0.0060567719865509,517.0,85359.0,1,0.0060567719865509,-0.0093799876362552,2007-2010,2010,0.0202533407572383
2007,SA,182,Boothby,17611,PANNACH,Barbara,3,ON,One Nation,309.0,89397.0,0.0034564918285848,ON,False,False,Boothby,0,-0.036543508171415204,2.1,0.0,8,,,,0,0.0,,2007-2010,2010,0.0067395137342242
2007,SA,182,Boothby,17758,HUMPHREYS,David,5,LDP,LDP,154.0,89397.0,0.0017226528854435,LDP,False,False,Boothby,0,-0.0382773471145565,2.1,0.0,8,0.0039714617087829,339.0,85359.0,1,0.0039714617087829,0.0022488088233394003,2007-2010,2010,
2007,SA,182,Boothby,17619,COLE,Andrew,8,FFP,Family First Party,2183.0,89397.0,0.0244191639540476,FFP,False,False,Boothby,0,-0.015580836045952402,2.1,0.0,8,0.0248362797127426,2120.0,85359.0,1,0.0248362797127426,0.0004171157586950018,2007-2010,2010,0.0298232182628062
2007,SA,183,Grey,17631,HOLLAND,Mal,4,FFP,Family First Party,4009.0,89145.0,0.0449716753603679,FFP,False,False,Grey,1,0.004971675360367897,2.1,8418.9,7,0.0535754644487637,4741.0,88492.0,1,0.0535754644487637,0.008603789088395805,2007-2010,2010,0.0505355829349025
2007,SA,183,Grey,17150,WRIGHT,David,5,IND,Independent,1050.0,89145.0,0.0117785630153121,IND,False,True,Grey,0,-0.028221436984687903,2.1,0.0,7,,,,0,0.0,,2007-2010,2010,
2007,SA,183,Grey,18011,ROBERTSON,Gil,7,DEM,Australian Democrats,1094.0,89145.0,0.012272140894049,DEM,False,False,Grey,0,-0.027727859105951,2.1,0.0,7,,,,0,0.0,,2007-2010,2010,0.0234001471129091
2007,SA,185,Hindmarsh,17993,ROBINS,Heidi,2,WWW,What Women Want (Australia),662.0,90704.0,0.007298465337802,WWW,False,False,Hindmarsh,0,-0.032701534662198,2.1,0.0,8,,,,0,0.0,,2007-2010,2010,
2007,SA,185,Hindmarsh,17748,BUNTING,Richard,3,FFP,Family First Party,1925.0,90704.0,0.0212228788146057,FFP,False,False,Hindmarsh,0,-0.0187771211853943,2.1,0.0,8,0.0287254550345198,2563.0,89224.0,1,0.0287254550345198,0.007502576219914101,2007-2010,2010,0.0224725565553586
2007,SA,185,Hindmarsh,17777,WARRY,James,6,LDP,LDP,171.0,90704.0,0.0018852531310636,LDP,False,False,Hindmarsh,0,-0.0381147468689364,2.1,0.0,8,,,,0,0.0,,2007-2010,2010,
2007,SA,185,Hindmarsh,18128,DUNCAN,Clinton,7,IND,Independent,619.0,90704.0,0.0068243958370082,IND,False,True,Hindmarsh,0,-0.0331756041629918,2.1,0.0,8,,,,0,0.0,,2007-2010,2010,0.0130025544841552
2007,SA,185,Hindmarsh,18128,DUNCAN,Clinton,7,IND,Independent,619.0,90704.0,0.0068243958370082,IND,False,True,Hindmarsh,0,-0.0331756041629918,2.1,0.0,8,,,,0,0.0,,2007-2010,2010,0.0045681540975306
2007,SA,185,Hindmarsh,18128,DUNCAN,Clinton,7,IND,Independent,619.0,90704.0,0.0068243958370082,IND,False,True,Hindmarsh,0,-0.0331756041629918,2.1,0.0,8,,,,0,0.0,,2007-2010,2010,0.0055001956136515
2007,SA,185,Hindmarsh,18026,WILLIAMS,Jen,8,DEM,Australian Democrats,1818.0,90704.0,0.020043217498677,DEM,False,False,Hindmarsh,0,-0.019956782501323,2.1,0.0,8,0.0085963417914462,767.0,89224.0,1,0.0085963417914462,-0.0114468757072308,2007-2010,2010,0.0157181322348284
2007,SA,186,Kingston,18238,BECKER,Barry J,2,IND,Independent,505.0,90491.0,0.005580665480545,IND,False,True,Kingston,0,-0.034419334519455,2.1,0.0,8,,,,0,0.0,,2007-2010,2010,
2007,SA,186,Kingston,18000,FOWLER,Matthew,4,DEM,Australian Democrats,859.0,90491.0,0.0094926567282934,DEM,False,False,Kingston,0,-0.0305073432717066,2.1,0.0,8,0.0190343445782607,1748.0,91834.0,1,0.0190343445782607,0.009541687849967301,2007-2010,2010,0.0215886910747027
2007,SA,186,Kingston,17624,BROKENSHIRE,Robert,6,FFP,Family First Party,5169.0,90491.0,0.0571217027107668,FFP,False,False,Kingston,1,0.017121702710766802,2.1,10854.9,8,0.0575821591131824,5288.0,91834.0,1,0.0575821591131824,0.0004604564024155988,2007-2010,2010,0.0563908440291003
2007,SA,186,Kingston,18541,KUSZNIR,Alex,7,IND,Independent,380.0,90491.0,0.0041993126388259,IND,False,True,Kingston,0,-0.0358006873611741,2.1,0.0,8,,,,0,0.0,,2007-2010,2010,
2007,SA,186,Kingston,18413,SMITH,Lachlan Peter,8,LDP,LDP,273.0,90491.0,0.0030168746063144,LDP,False,False,Kingston,0,-0.036983125393685604,2.1,0.0,8,,,,0,0.0,,2007-2010,2010,
2007,SA,187,Makin,17936,VANDERSLUIS,Gary,1,LDP,LDP,428.0,87255.0,0.0049051630279067,LDP,False,False,Makin,0,-0.0350948369720933,2.1,0.0,7,0.0126828810437271,1081.0,85233.0,1,0.0126828810437271,0.0077777180158204,2007-2010,2010,
2007,SA,187,Makin,18107,BROWN,Aleisha,2,DEM,Australian Democrats,1198.0,87255.0,0.0137298722136267,DEM,False,False,Makin,0,-0.0262701277863733,2.1,0.0,7,0.0062651789799725,534.0,85233.0,1,0.0062651789799725,-0.007464693233654201,2007-2010,2010,0.017499587273885
2007,SA,187,Makin,17901,GRAHAM,Andrew,3,FFP,Family First Party,3096.0,87255.0,0.0354822073233625,FFP,False,False,Makin,0,-0.004517792676637503,2.1,0.0,7,0.0597069210282402,5089.0,85233.0,1,0.0597069210282402,0.0242247137048777,2007-2010,2010,0.0491969529020542
2007,SA,187,Makin,17608,FECHNER,Robert,6,ON,One Nation,502.0,87255.0,0.0057532519626382,ON,False,False,Makin,0,-0.0342467480373618,2.1,0.0,7,0.0077669447279809,662.0,85233.0,1,0.0077669447279809,0.0020136927653427,2007-2010,2010,0.0084314049196952
2007,SA,188,Mayo,17635,NOLAN,Trish,3,FFP,Family First Party,3615.0,89848.0,0.0402346184667438,FFP,False,False,Mayo,1,0.00023461846674380227,2.1,7591.5,6,0.0580720977552419,5337.0,91903.0,1,0.0580720977552419,0.017837479288498097,2007-2010,2010,0.0364685613772996
2007,SA,188,Mayo,18005,CASTRIQUE,Andrew,4,DEM,Australian Democrats,1369.0,89848.0,0.0152368444484017,DEM,False,False,Mayo,0,-0.0247631555515983,2.1,0.0,6,0.0103152236597281,948.0,91903.0,1,0.0103152236597281,-0.0049216207886736,2007-2010,2010,0.018131874751515
2007,SA,188,Mayo,18547,BARONS,Rachael,5,CCE,Conservatives for Climate and Environment,1165.0,89848.0,0.0129663431573323,CCE,False,False,Mayo,0,-0.027033656842667703,2.1,0.0,6,,,,0,0.0,,2007-2010,2010,
2007,SA,189,Port Adelaide,17642,HAMBOUR,Bruce,2,FFP,Family First Party,5230.0,90549.0,0.0577587825376315,FFP,False,False,Port Adelaide,1,0.017758782537631503,2.1,10983.0,5,0.0715542327310547,6467.0,90379.0,1,0.0715542327310547,0.013795450193423195,2007-2010,2010,0.047690206287869
2007,SA,189,Port Adelaide,18106,MOORE,Pam,5,DEM,Australian Democrats,1822.0,90549.0,0.020121702061867,DEM,False,False,Port Adelaide,0,-0.019878297938133,2.1,0.0,5,,,,0,0.0,,2007-2010,2010,0.0199633421670149
2007,SA,190,Sturt,17717,JANSEN,Carol,1,FFP,Family First Party,3102.0,90595.0,0.0342403002373199,FFP,False,False,Sturt,0,-0.0057596997626801,2.1,0.0,6,0.0378999830095712,3346.0,88285.0,1,0.0378999830095712,0.003659682772251302,2007-2010,2010,0.0478311275381948
2007,SA,190,Sturt,18111,ROWSE,Paul,2,DEM,Australian Democrats,1064.0,90595.0,0.0117445775153154,DEM,False,False,Sturt,0,-0.0282554224846846,2.1,0.0,6,0.0063204394857563,558.0,88285.0,1,0.0063204394857563,-0.0054241380295591,2007-2010,2010,0.0226127480802121
2007,SA,190,Sturt,17739,TILBROOK,Felicity,6,LDP,LDP,327.0,90595.0,0.0036094707213422,LDP,False,False,Sturt,0,-0.0363905292786578,2.1,0.0,6,0.0078948858809537,697.0,88285.0,1,0.0078948858809537,0.0042854151596115,2007-2010,2010,
2007,SA,191,Wakefield,17664,NAIRN,Bruce,1,FFP,Family First Party,4483.0,86846.0,0.0516201091587407,FFP,False,False,Wakefield,1,0.011620109158740698,2.1,9414.300000000001,8,0.0676945451240157,5958.0,88013.0,1,0.0676945451240157,0.016074435965274997,2007-2010,2010,0.0543192418378485
2007,SA,191,Wakefield,17977,EDMUNDS,Pauline,2,WWW,What Women Want (Australia),793.0,86846.0,0.0091311056352624,WWW,False,False,Wakefield,0,-0.030868894364737602,2.1,0.0,8,,,,0,0.0,,2007-2010,2010,
2007,SA,191,Wakefield,17675,FITZPATRICK,Peter,4,ON,One Nation,832.0,86846.0,0.0095801764042097,ON,False,False,Wakefield,0,-0.0304198235957903,2.1,0.0,8,,,,0,0.0,,2007-2010,2010,0.0256276669643743
2007,SA,191,Wakefield,17698,WALSH,Martin,7,LDP,LDP,284.0,86846.0,0.0032701563687446,LDP,False,False,Wakefield,0,-0.0367298436312554,2.1,0.0,8,,,,0,0.0,,2007-2010,2010,
2007,SA,191,Wakefield,18036,MARTIN,Felicity,8,DEM,Australian Democrats,1016.0,86846.0,0.011698869262833,DEM,False,False,Wakefield,0,-0.028301130737167002,2.1,0.0,8,0.0128276504607273,1129.0,88013.0,1,0.0128276504607273,0.0011287811978942987,2007-2010,2010,0.0166964374317753
2007,TAS,192,Bass,18535,WIENER,Sven,1,IND,Independent,1123.0,63835.0,0.0175922299678859,IND,False,True,Bass,0,-0.0224077700321141,2.1,0.0,7,,,,0,0.0,,2007-2010,2010,
2007,TAS,192,Bass,17336,WATTS,Adrian Ronald,2,CEC,Citizens Electoral Council,219.0,63835.0,0.0034307198245476,CEC,False,False,Bass,0,-0.0365692801754524,2.1,0.0,7,0.0127935024884736,838.0,65502.0,1,0.0127935024884736,0.009362782663926001,2007-2010,2010,0.0135652396739217
2007,TAS,192,Bass,17598,de HAAN,Ixa,5,FFP,Family First,930.0,63835.0,0.0145688102138325,FFP,False,False,Bass,0,-0.0254311897861675,2.1,0.0,7,,,,0,0.0,,2007-2010,2010,0.0183378977882413
2007,TAS,192,Bass,17493,BENNETT,Shem,6,LDP,LDP,285.0,63835.0,0.0044646353881099,LDP,False,False,Bass,0,-0.0355353646118901,2.1,0.0,7,,,,0,0.0,,2007-2010,2010,
2007,TAS,193,Braddon,17554,de BOMFORD,Wayne,1,FFP,Family First,2135.0,66261.0,0.0322210651816302,FFP,False,False,Braddon,0,-0.007778934818369804,2.1,0.0,6,,,,0,0.0,,2007-2010,2010,0.0398382391529164
2007,TAS,193,Braddon,17341,DICK,Stephen Anthony,5,CEC,Citizens Electoral Council,313.0,66261.0,0.0047237439821312,CEC,False,False,Braddon,0,-0.0352762560178688,2.1,0.0,6,,,,0,0.0,,2007-2010,2010,
2007,TAS,193,Braddon,17486,CUNNINGHAM,Peter,6,LDP,LDP,321.0,66261.0,0.004844478652601,LDP,False,False,Braddon,0,-0.035155521347399,2.1,0.0,6,,,,0,0.0,,2007-2010,2010,
2007,TAS,194,Denison,17547,MUNRO,Robyn,2,FFP,Family First,1360.0,63970.0,0.0212599656088791,FFP,False,False,Denison,0,-0.018740034391120902,2.1,0.0,6,,,,0,0.0,,2007-2010,2010,0.0247242416645775
2007,TAS,194,Denison,17331,LARNER,Rob,3,CEC,Citizens Electoral Council,243.0,63970.0,0.0037986556198217,CEC,False,False,Denison,0,-0.0362013443801783,2.1,0.0,6,,,,0,0.0,,2007-2010,2010,
2007,TAS,194,Denison,17893,AUSTIN,Susan,4,SAL,Socialist Alliance,494.0,63970.0,0.0077223698608722,SAL,False,False,Denison,0,-0.0322776301391278,2.1,0.0,6,0.0131978599731725,856.0,64859.0,1,0.0131978599731725,0.0054754901123003005,2007-2010,2010,0.0085234394585109
2007,TAS,195,Franklin,17332,HONEY,Roger,3,CEC,Citizens Electoral Council,262.0,67632.0,0.0038739058433877,CEC,False,False,Franklin,0,-0.036126094156612304,2.1,0.0,6,,,,0,0.0,,2007-2010,2010,
2007,TAS,195,Franklin,17894,HOLLOWAY,Matt,5,SAL,Socialist Alliance,365.0,67632.0,0.0053968535604447,SAL,False,False,Franklin,0,-0.0346031464395553,2.1,0.0,6,,,,0,0.0,,2007-2010,2010,0.005349749569694
2007,TAS,195,Franklin,17548,PAPICCIO,Gino,6,FFP,Family First,1504.0,67632.0,0.0222379938490655,FFP,False,False,Franklin,0,-0.0177620061509345,2.1,0.0,6,,,,0,0.0,,2007-2010,2010,0.0319899517747212
2007,TAS,196,Lyons,17337,WILLIAMS,Ray,1,CEC,Citizens Electoral Council,819.0,63444.0,0.0129090221297522,CEC,False,False,Lyons,0,-0.0270909778702478,2.1,0.0,6,,,,0,0.0,,2007-2010,2010,0.0051333685461507
2007,TAS,196,Lyons,14661,QUIN,Ben,3,IND,Independent,6092.0,63444.0,0.0960216884181325,IND,False,True,Lyons,1,0.056021688418132494,2.1,12793.2,6,,,,0,0.0,,2007-2010,2010,
2007,TAS,196,Lyons,17567,PARSONS,Amy,4,FFP,Family First,1427.0,63444.0,0.0224922766534266,FFP,False,False,Lyons,0,-0.0175077233465734,2.1,0.0,6,,,,0,0.0,,2007-2010,2010,0.0265086491482899
2007,VIC,197,Aston,17950,AZA,Rachal,1,DEM,Australian Democrats,1246.0,85812.0,0.0145201137370064,DEM,False,False,Aston,0,-0.0254798862629936,2.1,0.0,6,,,,0,0.0,,2007-2010,2010,0.0122536681195899
2007,VIC,197,Aston,17580,MITCHELL,Doug,2,CEC,Citizens Electoral Council,245.0,85812.0,0.0028550785437934,CEC,False,False,Aston,0,-0.0371449214562066,2.1,0.0,6,,,,0,0.0,,2007-2010,2010,0.0068389710847811
2007,VIC,197,Aston,17640,LAKE,Peter,5,FFP,Family First,2978.0,85812.0,0.0347037710343541,FFP,False,False,Aston,0,-0.0052962289656459036,2.1,0.0,6,0.0489642406593017,4153.0,84817.0,1,0.0489642406593017,0.014260469624947605,2007-2010,2010,0.0281171342623856
2007,VIC,198,Ballarat,17657,BUTTERFIELD,Dale,4,FFP,Family First,3207.0,87808.0,0.0365228680758017,FFP,False,False,Ballarat,0,-0.0034771319241983026,2.1,0.0,4,0.0295844094857947,2646.0,89439.0,1,0.0295844094857947,-0.006938458590007,2007-2010,2010,0.0214544673949339
2007,VIC,199,Batman,18013,HASSAN,Darren,1,DEM,Australian Democrats,1619.0,79661.0,0.0203236213454513,DEM,False,False,Batman,0,-0.0196763786545487,2.1,0.0,6,0.0106244271458631,823.0,77463.0,1,0.0106244271458631,-0.0096991941995882,2007-2010,2010,0.0146272371068516
2007,VIC,199,Batman,17648,KERIN,Peter,2,FFP,Family First,2090.0,79661.0,0.026236175794931,FFP,False,False,Batman,0,-0.013763824205069,2.1,0.0,6,0.031821643881595,2465.0,77463.0,1,0.031821643881595,0.005585468086664002,2007-2010,2010,0.0112914328073705
2007,VIC,199,Batman,17561,BARWICK,Robert,6,CEC,Citizens Electoral Council,288.0,79661.0,0.0036153199181531,CEC,False,False,Batman,0,-0.0363846800818469,2.1,0.0,6,,,,0,0.0,,2007-2010,2010,0.0022635814889336
2007,VIC,200,Bendigo,17641,JARVIS,Terry,2,FFP,Family First,3190.0,89970.0,0.035456263198844,FFP,False,False,Bendigo,0,-0.004543736801156002,2.1,0.0,9,0.0421828428981737,3892.0,92265.0,1,0.0421828428981737,0.006726579699329702,2007-2010,2010,0.036749517648394
2007,VIC,200,Bendigo,17985,GALE,Clinton,3,LDP,LDP,210.0,89970.0,0.0023341113704568,LDP,False,False,Bendigo,0,-0.037665888629543204,2.1,0.0,9,,,,0,0.0,,2007-2010,2010,
2007,VIC,200,Bendigo,18527,CONSANDINE,Peter,5,IND,Independent,304.0,89970.0,0.0033789040791374,IND,False,True,Bendigo,0,-0.0366210959208626,2.1,0.0,9,,,,0,0.0,,2007-2010,2010,
2007,VIC,200,Bendigo,17945,GUYMER,Edward,6,DEM,Australian Democrats,577.0,89970.0,0.0064132488607313,DEM,False,False,Bendigo,0,-0.0335867511392687,2.1,0.0,9,,,,0,0.0,,2007-2010,2010,
2007,VIC,200,Bendigo,18491,VEITCH,Adam,7,IND,Independent,331.0,89970.0,0.0036790041124819,IND,False,True,Bendigo,0,-0.0363209958875181,2.1,0.0,9,,,,0,0.0,,2007-2010,2010,
2007,VIC,200,Bendigo,18523,RATHJEN,Eril,9,IND,Independent,1865.0,89970.0,0.0207291319328665,IND,False,True,Bendigo,0,-0.0192708680671335,2.1,0.0,9,,,,0,0.0,,2007-2010,2010,
2007,VIC,201,Bruce,17636,RAWLINS,Bronwyn,2,FFP,Family First,2295.0,80531.0,0.0284983422532937,FFP,False,False,Bruce,0,-0.0115016577467063,2.1,0.0,7,0.0410569794259059,3151.0,76747.0,1,0.0410569794259059,0.0125586371726122,2007-2010,2010,0.0263094160686288
2007,VIC,201,Bruce,17947,GROSSI,Richard,3,DEM,Australian Democrats,1012.0,80531.0,0.0125665892637617,DEM,False,False,Bruce,0,-0.0274334107362383,2.1,0.0,7,,,,0,0.0,,2007-2010,2010,0.0137538081095205
2007,VIC,201,Bruce,17931,HERRMANN,Sandra Joy,4,CDP,Christian Democratic Party (Fred Nile Group),678.0,80531.0,0.0084191181035874,CDP,False,False,Bruce,0,-0.0315808818964126,2.1,0.0,7,,,,0,0.0,,2007-2010,2010,
2007,VIC,201,Bruce,17422,SMITH,Neil Henry,6,ON,One Nation,433.0,80531.0,0.0053768114142379,ON,False,False,Bruce,0,-0.034623188585762105,2.1,0.0,7,,,,0,0.0,,2007-2010,2010,
2007,VIC,203,Calwell,17634,BULLER,Arthur,1,FFP,Family First,3747.0,86270.0,0.0434334067462617,FFP,False,False,Calwell,1,0.0034334067462616982,2.1,7868.700000000001,9,0.0439842839847408,3851.0,87554.0,1,0.0439842839847408,0.0005508772384791027,2007-2010,2010,0.0235611329503074
2007,VIC,203,Calwell,18534,CUTLER,Philip,2,IND,Independent,624.0,86270.0,0.0072331053668714,IND,False,True,Calwell,0,-0.0327668946331286,2.1,0.0,9,,,,0,0.0,,2007-2010,2010,0.0151446426771494
2007,VIC,203,Calwell,17557,YOHANNA,Sleiman,3,CEC,Citizens Electoral Council,1817.0,86270.0,0.0210617827750086,CEC,False,False,Calwell,0,-0.0189382172249914,2.1,0.0,9,,,,0,0.0,,2007-2010,2010,0.0219861909081745
2007,VIC,203,Calwell,17942,MUSOLINO,Vanessa,5,DEM,Australian Democrats,799.0,86270.0,0.0092616204937985,DEM,False,False,Calwell,0,-0.0307383795062015,2.1,0.0,9,,,,0,0.0,,2007-2010,2010,0.014867452877734
2007,VIC,203,Calwell,17895,HAMPSHIRE,Don,7,IND,Independent,391.0,86270.0,0.0045322823693056,IND,False,True,Calwell,0,-0.0354677176306944,2.1,0.0,9,,,,0,0.0,,2007-2010,2010,0.0151446426771494
2007,VIC,203,Calwell,17298,GAGLIOTI,Frank,8,SEP,Socialist Equality Party,273.0,86270.0,0.0031644835980062,SEP,False,False,Calwell,0,-0.0368355164019938,2.1,0.0,9,0.0134888183292596,1181.0,87554.0,1,0.0134888183292596,0.010324334731253399,2007-2010,2010,
2007,VIC,204,Casey,17967,INGLESE,Tony,1,DEM,Australian Democrats,1546.0,83538.0,0.0185065479183126,DEM,False,False,Casey,0,-0.0214934520816874,2.1,0.0,6,,,,0,0.0,,2007-2010,2010,0.0125160822913674
2007,VIC,204,Casey,17981,MORAN,George Thomas,2,CDP,Christian Democratic Party (Fred Nile Group),533.0,83538.0,0.0063803299097416,CDP,False,False,Casey,0,-0.0336196700902584,2.1,0.0,6,,,,0,0.0,,2007-2010,2010,
2007,VIC,204,Casey,17638,HARRISON,Daniel,6,FFP,Family First,3501.0,83538.0,0.041909071320836,FFP,False,False,Casey,1,0.001909071320836002,2.1,7352.1,6,0.0486668176454462,4083.0,83897.0,1,0.0486668176454462,0.006757746324610195,2007-2010,2010,0.040508637595713
2007,VIC,205,Chisholm,17637,ONG,Gary,1,FFP,Family First,1953.0,79874.0,0.0244510103412875,FFP,False,False,Chisholm,0,-0.0155489896587125,2.1,0.0,6,0.0272046481601032,2107.0,77450.0,1,0.0272046481601032,0.002753637818815699,2007-2010,2010,0.0188616214827187
2007,VIC,205,Chisholm,17956,BERK,Daniel,4,DEM,Australian Democrats,1053.0,79874.0,0.0131832636402333,DEM,False,False,Chisholm,0,-0.026816736359766703,2.1,0.0,6,,,,0,0.0,,2007-2010,2010,0.0200565334703841
2007,VIC,205,Chisholm,17570,THYSTRUP,Lars,5,CEC,Citizens Electoral Council,150.0,79874.0,0.001877957783509,CEC,False,False,Chisholm,0,-0.038122042216491,2.1,0.0,6,,,,0,0.0,,2007-2010,2010,0.0017602466915071
2007,VIC,207,Corangamite,17968,KILLEEN,Gabrielle,1,DEM,Australian Democrats,1512.0,90394.0,0.0167267739009226,DEM,False,False,Corangamite,0,-0.0232732260990774,2.1,0.0,6,,,,0,0.0,,2007-2010,2010,
2007,VIC,207,Corangamite,17688,EDWARDS,Jan,3,FFP,Family First,3217.0,90394.0,0.0355886452640662,FFP,False,False,Corangamite,0,-0.004411354735933799,2.1,0.0,6,0.0197440741096489,1850.0,93699.0,1,0.0197440741096489,-0.0158445711544173,2007-2010,2010,0.0273859313343257
2007,VIC,207,Corangamite,17971,SABHLOK,Sukrit,6,LDP,LDP,169.0,90394.0,0.0018695931145872,LDP,False,False,Corangamite,0,-0.038130406885412804,2.1,0.0,6,0.0055496856956851,520.0,93699.0,1,0.0055496856956851,0.0036800925810979,2007-2010,2010,
2007,VIC,208,Corio,18010,WELDEN,Darrin Jeffrey,1,LDP,LDP,791.0,83041.0,0.0095254151563685,LDP,False,False,Corio,0,-0.0304745848436315,2.1,0.0,9,,,,0,0.0,,2007-2010,2010,
2007,VIC,208,Corio,17600,RUSSELL,Ross,2,CEC,Citizens Electoral Council,190.0,83041.0,0.0022880263965992,CEC,False,False,Corio,0,-0.0377119736034008,2.1,0.0,9,,,,0,0.0,,2007-2010,2010,0.0031321362167288
2007,VIC,208,Corio,17854,JOHNSON,Chris,3,SAL,Socialist Alliance,332.0,83041.0,0.0039980250719524,SAL,False,False,Corio,0,-0.0360019749280476,2.1,0.0,9,0.0117467729642757,971.0,82661.0,1,0.0117467729642757,0.0077487478923233,2007-2010,2010,0.0063017083244943
2007,VIC,208,Corio,17910,ALDERSON,Gordon,4,FFP,Family First,3291.0,83041.0,0.0396310256379378,FFP,False,False,Corio,0,-0.00036897436206220074,2.1,0.0,9,0.036631543291274,3028.0,82661.0,1,0.036631543291274,-0.0029994823466637996,2007-2010,2010,0.0259181152276726
2007,VIC,208,Corio,14635,O'CONNOR,Gavan,6,IND,Independent,10530.0,83041.0,0.1268048313483701,IND,False,True,Corio,1,0.08680483134837008,2.1,22113.0,9,,,,0,0.0,,2007-2010,2010,0.0359010195040992
2007,VIC,208,Corio,17946,MENHEERE-THOMPSON,Erica C,7,DEM,Australian Democrats,628.0,83041.0,0.0075625293529702,DEM,False,False,Corio,0,-0.0324374706470298,2.1,0.0,9,,,,0,0.0,,2007-2010,2010,
2007,VIC,209,Deakin,17996,STEVENSON,Nick,1,LDP,LDP,586.0,82310.0,0.0071194265581338,LDP,False,False,Deakin,0,-0.0328805734418662,2.1,0.0,6,0.0063125,505.0,80000.0,1,0.0063125,-0.0008069265581337999,2007-2010,2010,
2007,VIC,209,Deakin,17651,BRONTE,Fiona,2,FFP,Family First,2589.0,82310.0,0.0314542582918235,FFP,False,False,Deakin,0,-0.0085457417081765,2.1,0.0,6,0.03165,2532.0,80000.0,1,0.03165,0.0001957417081764959,2007-2010,2010,0.0233544335097176
2007,VIC,209,Deakin,17970,NICHOLSON,Paula,5,DEM,Australian Democrats,1205.0,82310.0,0.0146397764548657,DEM,False,False,Deakin,0,-0.0253602235451343,2.1,0.0,6,,,,0,0.0,,2007-2010,2010,0.0197195984372681
2007,VIC,210,Dunkley,17663,ASHDOWN,Steven,2,FFP,Family First,2235.0,86404.0,0.0258668580158326,FFP,False,False,Dunkley,0,-0.014133141984167402,2.1,0.0,5,0.0265268065268065,2276.0,85800.0,1,0.0265268065268065,0.0006599485109739026,2007-2010,2010,0.0234966485026763
2007,VIC,210,Dunkley,17958,BAILEY,Karen,5,DEM,Australian Democrats,1395.0,86404.0,0.0161450858756539,DEM,False,False,Dunkley,0,-0.0238549141243461,2.1,0.0,5,,,,0,0.0,,2007-2010,2010,0.0121521917345807
2007,VIC,211,Flinders,18016,BATTEN,David,2,DEM,Australian Democrats,822.0,88755.0,0.0092614500591515,DEM,False,False,Flinders,0,-0.0307385499408485,2.1,0.0,5,,,,0,0.0,,2007-2010,2010,0.008620273919753
2007,VIC,211,Flinders,17771,EASTMAN,Cameron,4,FFP,Family First,1988.0,88755.0,0.022398738099262,FFP,False,False,Flinders,0,-0.017601261900738,2.1,0.0,5,0.0242870244527684,2198.0,90501.0,1,0.0242870244527684,0.0018882863535064007,2007-2010,2010,0.0173008294753086
2007,VIC,212,Gellibrand,17875,COURTICE,Ben,1,SAL,Socialist Alliance,1334.0,84156.0,0.0158515138552212,SAL,False,False,Gellibrand,0,-0.0241484861447788,2.1,0.0,8,0.0063413521011733,528.0,83263.0,1,0.0063413521011733,-0.0095101617540479,2007-2010,2010,0.0063963737093931
2007,VIC,212,Gellibrand,17957,RICHARDS,Rachel,2,DEM,Australian Democrats,1088.0,84156.0,0.0129283711203003,DEM,False,False,Gellibrand,0,-0.027071628879699702,2.1,0.0,8,,,,0,0.0,,2007-2010,2010,0.0129942080080584
2007,VIC,212,Gellibrand,18456,O'NEIL,Dave,4,IND,Independent,1950.0,84156.0,0.0231712533865678,IND,False,True,Gellibrand,0,-0.0168287466134322,2.1,0.0,8,,,,0,0.0,,2007-2010,2010,0.0076303198186854
2007,VIC,212,Gellibrand,17884,GARG,Mukesh,6,FFP,Family First,1700.0,84156.0,0.0202005798754693,FFP,False,False,Gellibrand,0,-0.0197994201245307,2.1,0.0,8,0.0172945966395637,1440.0,83263.0,1,0.0172945966395637,-0.0029059832359056015,2007-2010,2010,0.0184210526315789
2007,VIC,212,Gellibrand,17606,DOEL,Rodney,8,CEC,Citizens Electoral Council,285.0,84156.0,0.0033865678026522,CEC,False,False,Gellibrand,0,-0.0366134321973478,2.1,0.0,8,,,,0,0.0,,2007-2010,2010,0.0018761017375975
2007,VIC,213,Gippsland,17459,MCADAM,Helen,1,WWW,What Women Want (Australia),1825.0,88141.0,0.0207054605688612,WWW,False,False,Gippsland,0,-0.0192945394311388,2.1,0.0,6,,,,0,0.0,,2007-2010,2010,
2007,VIC,213,Gippsland,17705,ROWELL,Michael,3,FFP,Family First,3802.0,88141.0,0.0431354307303071,FFP,False,False,Gippsland,1,0.003135430730307101,2.1,7984.200000000001,6,0.033400216430697,2963.0,88712.0,1,0.033400216430697,-0.0097352142996101,2007-2010,2010,0.0282164394490461
2007,VIC,213,Gippsland,14642,BUCKLEY,Ben,5,IND,Independent,2787.0,88141.0,0.0316197910166664,IND,False,True,Gippsland,0,-0.008380208983333602,2.1,0.0,6,,,,0,0.0,,2007-2010,2010,0.0368280263744515
2007,VIC,214,Goldstein,17954,BAILEY,Michael,1,DEM,Australian Democrats,1422.0,85299.0,0.0166707698800689,DEM,False,False,Goldstein,0,-0.0233292301199311,2.1,0.0,6,,,,0,0.0,,2007-2010,2010,0.0122880734841452
2007,VIC,214,Goldstein,17883,KHOO,Joyce,4,FFP,Family First,970.0,85299.0,0.0113717628577122,FFP,False,False,Goldstein,0,-0.0286282371422878,2.1,0.0,6,0.0140377019324014,1187.0,84558.0,1,0.0140377019324014,0.0026659390746892,2007-2010,2010,0.0132896858357355
2007,VIC,214,Goldstein,17573,HORNE,Colin,6,CEC,Citizens Electoral Council,186.0,85299.0,0.0021805648366334,CEC,False,False,Goldstein,0,-0.0378194351633666,2.1,0.0,6,,,,0,0.0,,2007-2010,2010,0.0020520838422826
2007,VIC,309,Gorton,17987,HUGHES,Vern,1,DLP,D.L.P. - Democratic Labor Party,3516.0,94832.0,0.0370760924582419,DLP,False,False,Gorton,0,-0.0029239075417581,2.1,0.0,5,,,,0,0.0,,2007-2010,2010,
2007,VIC,309,Gorton,17645,AMBERLEY,Scott,4,FFP,Family First,3746.0,94832.0,0.0395014341150666,FFP,False,False,Gorton,0,-0.0004985658849334038,2.1,0.0,5,0.0627953258151757,6153.0,97985.0,1,0.0627953258151757,0.023293891700109107,2007-2010,2010,0.0248989843835317
2007,VIC,215,Higgins,17639,BADWAL,Penny,3,FFP,Family First,627.0,81629.0,0.0076810937289443,FFP,False,False,Higgins,0,-0.0323189062710557,2.1,0.0,8,0.0095516736941743,777.0,81347.0,1,0.0095516736941743,0.00187057996523,2007-2010,2010,0.0083039917212483
2007,VIC,215,Higgins,17472,MEDDINGS,Graeme,4,IND,Independent,227.0,81629.0,0.0027808744441313,IND,False,True,Higgins,0,-0.037219125555868704,2.1,0.0,8,0.0150589450133379,1225.0,81347.0,1,0.0150589450133379,0.012278070569206599,2007-2010,2010,
2007,VIC,215,Higgins,18472,MAYNE,Stephen,5,IND,Independent,1615.0,81629.0,0.0197846353624324,IND,False,True,Higgins,0,-0.020215364637567602,2.1,0.0,8,0.0150589450133379,1225.0,81347.0,1,0.0150589450133379,-0.004725690349094499,2007-2010,2010,
2007,VIC,215,Higgins,17978,DETTMAN,Mary,7,DEM,Australian Democrats,990.0,81629.0,0.0121280427299121,DEM,False,False,Higgins,0,-0.0278719572700879,2.1,0.0,8,,,,0,0.0,,2007-2010,2010,0.0181728694203611
2007,VIC,215,Higgins,18522,FORDE,Genevieve Maria,8,IND,Independent,265.0,81629.0,0.0032463952761886,IND,False,True,Higgins,0,-0.0367536047238114,2.1,0.0,8,0.0150589450133379,1225.0,81347.0,1,0.0150589450133379,0.011812549737149299,2007-2010,2010,
2007,VIC,216,Holt,17662,DE ZILWA,Yasmin,2,FFP,Family First,4076.0,92875.0,0.0438869448183041,FFP,False,False,Holt,1,0.0038869448183041014,2.1,8559.6,6,0.0499450520697053,4772.0,95545.0,1,0.0499450520697053,0.0060581072514011985,2007-2010,2010,0.0416967885018318
2007,VIC,216,Holt,17964,SEYMOUR,Ken,4,DEM,Australian Democrats,1155.0,92875.0,0.012436069986541,DEM,False,False,Holt,0,-0.027563930013459,2.1,0.0,6,,,,0,0.0,,2007-2010,2010,0.0142134218813179
2007,VIC,216,Holt,17578,MORGAN,Chris,6,CEC,Citizens Electoral Council,347.0,92875.0,0.003736204576043,CEC,False,False,Holt,0,-0.036263795423957,2.1,0.0,6,,,,0,0.0,,2007-2010,2010,0.0143236984303971
2007,VIC,217,Hotham,17685,WOODWARD,Mike,3,CEC,Citizens Electoral Council,240.0,81331.0,0.0029509043292225,CEC,False,False,Hotham,0,-0.0370490956707775,2.1,0.0,7,,,,0,0.0,,2007-2010,2010,0.0028164763868631
2007,VIC,217,Hotham,17986,FARRELL,Terry,4,DLP,D.L.P. - Democratic Labor Party,758.0,81331.0,0.0093199395064612,DLP,False,False,Hotham,0,-0.030680060493538802,2.1,0.0,7,,,,0,0.0,,2007-2010,2010,
2007,VIC,217,Hotham,17980,CADBY,Craig,5,DEM,Australian Democrats,800.0,81331.0,0.0098363477640752,DEM,False,False,Hotham,0,-0.0301636522359248,2.1,0.0,7,,,,0,0.0,,2007-2010,2010,0.0122592164160337
2007,VIC,217,Hotham,17712,DORIAN,Peter,7,FFP,Family First,1657.0,81331.0,0.0203735353063407,FFP,False,False,Hotham,0,-0.0196264646936593,2.1,0.0,7,0.0212701612903225,1688.0,79360.0,1,0.0212701612903225,0.0008966259839818004,2007-2010,2010,0.0257129205854247
2007,VIC,218,Indi,17935,BENSON,Sarah,3,DEM,Australian Democrats,1434.0,84691.0,0.0169321415498695,DEM,False,False,Indi,0,-0.023067858450130502,2.1,0.0,6,0.0111844669367315,947.0,84671.0,1,0.0111844669367315,-0.005747674613137998,2007-2010,2010,
2007,VIC,218,Indi,17569,BECK,Jeremy,5,CEC,Citizens Electoral Council,354.0,84691.0,0.0041799010520598,CEC,False,False,Indi,0,-0.0358200989479402,2.1,0.0,6,,,,0,0.0,,2007-2010,2010,0.0067420617659852
2007,VIC,218,Indi,17654,RAINEY,Jim,6,FFP,Family First,3232.0,84691.0,0.0381622604527045,FFP,False,False,Indi,0,-0.0018377395472954985,2.1,0.0,6,0.0376752370941644,3190.0,84671.0,1,0.0376752370941644,-0.0004870233585401035,2007-2010,2010,0.0403677927601372
2007,VIC,219,Isaacs,15530,FORD,Gordon W,1,IND,Independent,1137.0,90361.0,0.0125828620754529,IND,False,True,Isaacs,0,-0.0274171379245471,2.1,0.0,7,0.0148387450035591,1355.0,91315.0,1,0.0148387450035591,0.0022558829281062003,2007-2010,2010,0.0077325719724006
2007,VIC,219,Isaacs,18022,NORRIE,Robert,2,LDP,LDP,492.0,90361.0,0.0054448268611458,LDP,False,False,Isaacs,0,-0.0345551731388542,2.1,0.0,7,,,,0,0.0,,2007-2010,2010,
2007,VIC,219,Isaacs,17725,PLEITER,Jadah,4,FFP,Family First,2308.0,90361.0,0.0255419926738305,FFP,False,False,Isaacs,0,-0.0144580073261695,2.1,0.0,7,0.0369818759239993,3377.0,91315.0,1,0.0369818759239993,0.011439883250168797,2007-2010,2010,0.0240185581727337
2007,VIC,219,Isaacs,17960,CHIPP,Laura,7,DEM,Australian Democrats,1970.0,90361.0,0.0218014408871083,DEM,False,False,Isaacs,0,-0.018198559112891702,2.1,0.0,7,,,,0,0.0,,2007-2010,2010,0.0102545800618605
2007,VIC,220,Jagajaga,17579,LELE,Stephen,1,CEC,Citizens Electoral Council,496.0,87535.0,0.0056663049066087,CEC,False,False,Jagajaga,0,-0.0343336950933913,2.1,0.0,6,,,,0,0.0,,2007-2010,2010,0.0018939172521832
2007,VIC,220,Jagajaga,17656,CONLON,Andrew,4,FFP,Family First,2065.0,87535.0,0.0235905637744902,FFP,False,False,Jagajaga,0,-0.0164094362255098,2.1,0.0,6,0.0245395203797866,2109.0,85943.0,1,0.0245395203797866,0.0009489566052964006,2007-2010,2010,0.0228672971930275
2007,VIC,220,Jagajaga,17944,GRAHAM,Jason,6,DEM,Australian Democrats,979.0,87535.0,0.0111840977894556,DEM,False,False,Jagajaga,0,-0.0288159022105444,2.1,0.0,6,,,,0,0.0,,2007-2010,2010,0.0114921028326922
2007,VIC,221,Kooyong,17643,LAIDLER,John,2,FFP,Family First,1261.0,81928.0,0.0153915633238941,FFP,False,False,Kooyong,0,-0.0246084366761059,2.1,0.0,6,0.0156482586391427,1272.0,81287.0,1,0.0156482586391427,0.0002566953152485993,2007-2010,2010,0.0137845397418691
2007,VIC,221,Kooyong,17953,COLLYER,David,4,DEM,Australian Democrats,1056.0,81928.0,0.0128893662728249,DEM,False,False,Kooyong,0,-0.0271106337271751,2.1,0.0,6,,,,0,0.0,,2007-2010,2010,0.0184630050045781
2007,VIC,221,Kooyong,17576,CURTIS,Pierre,5,CEC,Citizens Electoral Council,154.0,81928.0,0.0018796992481203,CEC,False,False,Kooyong,0,-0.0381203007518797,2.1,0.0,6,,,,0,0.0,,2007-2010,2010,0.0055940898315501
2007,VIC,223,La Trobe,17649,ZUBIC,Jim,4,FFP,Family First,2423.0,85283.0,0.0284112894715242,FFP,False,False,La Trobe,0,-0.0115887105284758,2.1,0.0,7,0.0215400519118621,1917.0,88997.0,1,0.0215400519118621,-0.0068712375596621,2007-2010,2010,0.0235427306994635
2007,VIC,223,La Trobe,17555,BEILHARZ,Kurt,5,CEC,Citizens Electoral Council,140.0,85283.0,0.0016415932835383,CEC,False,False,La Trobe,0,-0.0383584067164617,2.1,0.0,7,,,,0,0.0,,2007-2010,2010,0.001685299301437
2007,VIC,223,La Trobe,17995,SINGH,Surome,6,LDP,LDP,85.0,85283.0,0.0009966816364339,LDP,False,False,La Trobe,0,-0.0390033183635661,2.1,0.0,7,0.0065957279458858,587.0,88997.0,1,0.0065957279458858,0.0055990463094519,2007-2010,2010,
2007,VIC,223,La Trobe,17938,BEALE,Craig,7,DEM,Australian Democrats,1012.0,85283.0,0.0118663743067199,DEM,False,False,La Trobe,0,-0.028133625693280102,2.1,0.0,7,,,,0,0.0,,2007-2010,2010,0.0149232609898238
2007,VIC,222,Lalor,17659,GLEESON,Steve,2,FFP,Family First,4199.0,95526.0,0.0439566191403387,FFP,False,False,Lalor,1,0.0039566191403387005,2.1,8817.9,6,0.027910222118851,2880.0,103188.0,1,0.027910222118851,-0.0160463970214877,2007-2010,2010,0.0317833804740076
2007,VIC,222,Lalor,18027,KREPP,Libby,3,DLP,D.L.P. - Democratic Labor Party,969.0,95526.0,0.010143835186232,DLP,False,False,Lalor,0,-0.029856164813768002,2.1,0.0,6,,,,0,0.0,,2007-2010,2010,
2007,VIC,222,Lalor,17961,HOWE,Roger,5,DEM,Australian Democrats,879.0,95526.0,0.0092016833113497,DEM,False,False,Lalor,0,-0.030798316688650303,2.1,0.0,6,,,,0,0.0,,2007-2010,2010,0.0144104164634741
2007,VIC,224,Mallee,17665,COULTHARD,Glenn,1,FFP,Family First,5435.0,83240.0,0.0652931283037001,FFP,False,False,Mallee,1,0.025293128303700098,2.1,11413.5,6,0.0547063950990141,4456.0,81453.0,1,0.0547063950990141,-0.010586733204685998,2007-2010,2010,0.0451612903225806
2007,VIC,224,Mallee,17563,LAHY,Chris,3,CEC,Citizens Electoral Council,600.0,83240.0,0.0072080730418068,CEC,False,False,Mallee,0,-0.032791926958193204,2.1,0.0,6,,,,0,0.0,,2007-2010,2010,0.0142746407489118
2007,VIC,224,Mallee,17966,McLEOD,Vikki,5,DEM,Australian Democrats,2323.0,83240.0,0.027907256126862,DEM,False,False,Mallee,0,-0.012092743873138002,2.1,0.0,6,,,,0,0.0,,2007-2010,2010,0.0155148768707888
2007,VIC,225,Maribyrnong,17566,KOZLOWSKI,Andre,1,CEC,Citizens Electoral Council,1141.0,79087.0,0.0144271498476361,CEC,False,False,Maribyrnong,0,-0.0255728501523639,2.1,0.0,6,,,,0,0.0,,2007-2010,2010,0.0084022850116556
2007,VIC,225,Maribyrnong,17962,LIVESAY,Robert,2,DEM,Australian Democrats,1242.0,79087.0,0.0157042244616687,DEM,False,False,Maribyrnong,0,-0.024295775538331302,2.1,0.0,6,0.0109831269915896,841.0,76572.0,1,0.0109831269915896,-0.004721097470079099,2007-2010,2010,0.0161513435971001
2007,VIC,225,Maribyrnong,17701,KEELING,Ian,4,FFP,Family First,2039.0,79087.0,0.0257817340397284,FFP,False,False,Maribyrnong,0,-0.014218265960271599,2.1,0.0,6,0.0259624928172177,1988.0,76572.0,1,0.0259624928172177,0.00018075877748929825,2007-2010,2010,0.0184824653533826
2007,VIC,226,McEwen,17982,NEWNHAM,Robert A,1,LDP,LDP,806.0,96647.0,0.0083396277173631,LDP,False,False,McEwen,0,-0.0316603722826369,2.1,0.0,8,0.0126728000989467,1332.0,105107.0,1,0.0126728000989467,0.0043331723815835995,2007-2010,2010,
2007,VIC,226,McEwen,17951,KANE,David Scott,4,DEM,Australian Democrats,951.0,96647.0,0.0098399329518764,DEM,False,False,McEwen,0,-0.0301600670481236,2.1,0.0,8,,,,0,0.0,,2007-2010,2010,0.0081562149671692
2007,VIC,226,McEwen,17660,CRANSON,Ian,6,FFP,Family First,2404.0,96647.0,0.0248740260949641,FFP,False,False,McEwen,0,-0.015125973905035901,2.1,0.0,8,0.0319483954446421,3358.0,105107.0,1,0.0319483954446421,0.007074369349677999,2007-2010,2010,0.0171589375185888
2007,VIC,226,McEwen,17671,McLENNAN,Rod,7,CEC,Citizens Electoral Council,162.0,96647.0,0.001676203089594,CEC,False,False,McEwen,0,-0.038323796910406,2.1,0.0,8,,,,0,0.0,,2007-2010,2010,0.0021505868356631
2007,VIC,226,McEwen,17503,TRUEMAN,Darren,8,IND,Independent,850.0,96647.0,0.008794892754043,IND,False,True,McEwen,0,-0.031205107245957,2.1,0.0,8,,,,0,0.0,,2007-2010,2010,0.0253952275275114
2007,VIC,226,McEwen,17503,TRUEMAN,Darren,8,IND,Independent,850.0,96647.0,0.008794892754043,IND,False,True,McEwen,0,-0.031205107245957,2.1,0.0,8,,,,0,0.0,,2007-2010,2010,0.0031801230867784
2007,VIC,226,McEwen,17503,TRUEMAN,Darren,8,IND,Independent,850.0,96647.0,0.008794892754043,IND,False,True,McEwen,0,-0.031205107245957,2.1,0.0,8,,,,0,0.0,,2007-2010,2010,0.0045528380882655
2007,VIC,227,McMillan,17973,WALTERS,Don,1,DEM,Australian Democrats,1206.0,80615.0,0.0149599950381442,DEM,False,False,McMillan,0,-0.0250400049618558,2.1,0.0,8,,,,0,0.0,,2007-2010,2010,0.0084580610093993
2007,VIC,227,McMillan,17571,ALBLAS,Theo Matthew,2,CEC,Citizens Electoral Council,287.0,80615.0,0.0035601314891769,CEC,False,False,McMillan,0,-0.0364398685108231,2.1,0.0,8,,,,0,0.0,,2007-2010,2010,0.0016836579125293
2007,VIC,227,McMillan,17647,AESCHLIMANN,Terry,4,FFP,Family First,2370.0,80615.0,0.0293989952242138,FFP,False,False,McMillan,0,-0.0106010047757862,2.1,0.0,8,0.0326741996233521,2776.0,84960.0,1,0.0326741996233521,0.003275204399138299,2007-2010,2010,0.0170884649547268
2007,VIC,227,McMillan,17997,FIECHTNER,Ben,7,LDP,LDP,141.0,80615.0,0.0017490541462506,LDP,False,False,McMillan,0,-0.0382509458537494,2.1,0.0,8,,,,0,0.0,,2007-2010,2010,
2007,VIC,227,McMillan,18002,CHANDRASEGARAN,Suryan,8,DLP,D.L.P. - Democratic Labor Party,775.0,80615.0,0.0096135954847112,DLP,False,False,McMillan,0,-0.0303864045152888,2.1,0.0,8,,,,0,0.0,,2007-2010,2010,0.0034866301653166
2007,VIC,228,Melbourne,17585,REED,Andrew,1,CEC,Citizens Electoral Council,586.0,87583.0,0.0066907961590719,CEC,False,False,Melbourne,0,-0.0333092038409281,2.1,0.0,8,,,,0,0.0,,2007-2010,2010,0.0017856263238264
2007,VIC,228,Melbourne,17683,PEARSON,Georgia,3,FFP,Family First,878.0,87583.0,0.0100247764977221,FFP,False,False,Melbourne,0,-0.029975223502277902,2.1,0.0,8,0.0155496098604005,1389.0,89327.0,1,0.0155496098604005,0.005524833362678399,2007-2010,2010,0.0088419289690163
2007,VIC,228,Melbourne,17302,MARSHALL,Will,4,SEP,Socialist Equality Party,418.0,87583.0,0.0047726156902595,SEP,False,False,Melbourne,0,-0.0352273843097405,2.1,0.0,8,,,,0,0.0,,2007-2010,2010,
2007,VIC,228,Melbourne,18072,WRIGHT,Tim,6,DEM,Australian Democrats,1255.0,87583.0,0.0143292648116643,DEM,False,False,Melbourne,0,-0.0256707351883357,2.1,0.0,8,0.0067392837551916,602.0,89327.0,1,0.0067392837551916,-0.0075899810564727,2007-2010,2010,0.0163292448647849
2007,VIC,228,Melbourne,18517,MCGREGOR,Kylie,7,,,539.0,87583.0,0.0061541623374399,,False,False,Melbourne,0,-0.0338458376625601,2.1,0.0,8,,,,0,0.0,,2007-2010,2010,
2007,VIC,230,Melbourne Ports,18076,MATHIESON,John,2,DEM,Australian Democrats,1527.0,86081.0,0.0177391061906808,DEM,False,False,Melbourne Ports,0,-0.022260893809319202,2.1,0.0,6,,,,0,0.0,,2007-2010,2010,0.0134989465431917
2007,VIC,230,Melbourne Ports,17689,GEBBING,Rebecca,4,FFP,Family First,731.0,86081.0,0.0084920017193108,FFP,False,False,Melbourne Ports,0,-0.0315079982806892,2.1,0.0,6,0.0074509850155032,632.0,84821.0,1,0.0074509850155032,-0.0010410167038075995,2007-2010,2010,0.0054387770101425
2007,VIC,230,Melbourne Ports,17591,ISHERWOOD,Aaron,6,CEC,Citizens Electoral Council,172.0,86081.0,0.0019981180516025,CEC,False,False,Melbourne Ports,0,-0.0380018819483975,2.1,0.0,6,,,,0,0.0,,2007-2010,2010,0.0017884266745063
2007,VIC,229,Menzies,17661,SMITHIES,Ken,2,FFP,Family First,2036.0,84088.0,0.0242127295214537,FFP,False,False,Menzies,0,-0.015787270478546302,2.1,0.0,6,0.0353057512238594,2892.0,81913.0,1,0.0353057512238594,0.011093021702405701,2007-2010,2010,0.0214059749627641
2007,VIC,229,Menzies,17427,NITSCHKE,Philip,4,IND,Independent,3297.0,84088.0,0.0392089239843973,IND,False,True,Menzies,0,-0.0007910760156027014,2.1,0.0,6,,,,0,0.0,,2007-2010,2010,
2007,VIC,229,Menzies,17955,WISE,Damian,6,DEM,Australian Democrats,822.0,84088.0,0.0097754733136713,DEM,False,False,Menzies,0,-0.0302245266863287,2.1,0.0,6,,,,0,0.0,,2007-2010,2010,0.0150912738955427
2007,VIC,231,Murray,14201,BRYANT,Rob,2,IND,Independent,4373.0,80592.0,0.0542609688306531,IND,False,True,Murray,1,0.0142609688306531,2.1,9183.300000000001,9,,,,0,0.0,,2007-2010,2010,0.0775333573746844
2007,VIC,231,Murray,14201,BRYANT,Rob,2,IND,Independent,4373.0,80592.0,0.0542609688306531,IND,False,True,Murray,1,0.0142609688306531,2.1,9183.300000000001,9,,,,0,0.0,,2007-2010,2010,0.0134673016899411
2007,VIC,231,Murray,15554,TEASDALE,Diane,3,IND,Independent,615.0,80592.0,0.0076310303752233,IND,False,True,Murray,0,-0.0323689696247767,2.1,0.0,9,,,,0,0.0,,2007-2010,2010,0.0775333573746844
2007,VIC,231,Murray,15554,TEASDALE,Diane,3,IND,Independent,615.0,80592.0,0.0076310303752233,IND,False,True,Murray,0,-0.0323689696247767,2.1,0.0,9,,,,0,0.0,,2007-2010,2010,0.0134673016899411
2007,VIC,231,Murray,17695,MOORE,Serena,4,FFP,Family First,2674.0,80592.0,0.0331794719078816,FFP,False,False,Murray,0,-0.0068205280921184025,2.1,0.0,9,0.0367234444058201,2958.0,80548.0,1,0.0367234444058201,0.0035439724979385023,2007-2010,2010,0.0238382431575413
2007,VIC,231,Murray,17959,ISGRO,Sarina,7,DEM,Australian Democrats,416.0,80592.0,0.0051618026603136,DEM,False,False,Murray,0,-0.0348381973396864,2.1,0.0,9,,,,0,0.0,,2007-2010,2010,
2007,VIC,231,Murray,17565,DAVY,Jeff,8,CEC,Citizens Electoral Council,203.0,80592.0,0.0025188604327973,CEC,False,False,Murray,0,-0.0374811395672027,2.1,0.0,9,0.0061205740676366,493.0,80548.0,1,0.0061205740676366,0.0036017136348392995,2007-2010,2010,0.0017036198813683
2007,VIC,231,Murray,17429,MERRIGAN,M Paul P,9,IND,Independent,484.0,80592.0,0.0060055588644034,IND,False,True,Murray,0,-0.033994441135596604,2.1,0.0,9,,,,0,0.0,,2007-2010,2010,0.0775333573746844
2007,VIC,231,Murray,17429,MERRIGAN,M Paul P,9,IND,Independent,484.0,80592.0,0.0060055588644034,IND,False,True,Murray,0,-0.033994441135596604,2.1,0.0,9,,,,0,0.0,,2007-2010,2010,0.0134673016899411
2007,VIC,232,Scullin,17650,BYERS,Tania,1,FFP,Family First,3859.0,81621.0,0.0472794991485034,FFP,False,False,Scullin,1,0.007279499148503399,2.1,8103.900000000001,6,0.0532375913328294,4226.0,79380.0,1,0.0532375913328294,0.005958092184325997,2007-2010,2010,0.0339255834152946
2007,VIC,232,Scullin,17587,STEER,Simon J,2,CEC,Citizens Electoral Council,386.0,81621.0,0.004729175089744,CEC,False,False,Scullin,0,-0.035270824910256,2.1,0.0,6,,,,0,0.0,,2007-2010,2010,0.0164390910600467
2007,VIC,232,Scullin,17943,HUDE,Peter,4,DEM,Australian Democrats,868.0,81621.0,0.0106345180774555,DEM,False,False,Scullin,0,-0.0293654819225445,2.1,0.0,6,,,,0,0.0,,2007-2010,2010,
2007,VIC,233,Wannon,17666,PECH,Daniel,2,FFP,Family First,3663.0,85302.0,0.0429415488499683,FFP,False,False,Wannon,1,0.0029415488499682993,2.1,7692.3,4,0.0215613025669361,1795.0,83251.0,1,0.0215613025669361,-0.0213802462830322,2007-2010,2010,0.0297918844435997
2007,VIC,234,Wills,17941,CLARKE,Edward,1,DEM,Australian Democrats,2005.0,86217.0,0.0232552744818307,DEM,False,False,Wills,0,-0.0167447255181693,2.1,0.0,7,0.008697919135422,734.0,84388.0,1,0.008697919135422,-0.0145573553464087,2007-2010,2010,0.0141746294851794
2007,VIC,234,Wills,17670,KELADA,Ihab,5,FFP,Family First,1233.0,86217.0,0.0143011239082779,FFP,False,False,Wills,0,-0.0256988760917221,2.1,0.0,7,0.0156420344124757,1320.0,84388.0,1,0.0156420344124757,0.0013409105041977988,2007-2010,2010,0.0155396840873634
2007,VIC,234,Wills,17574,ISHERWOOD,Craig William,6,CEC,Citizens Electoral Council,227.0,86217.0,0.0026328914251249,CEC,False,False,Wills,0,-0.0373671085748751,2.1,0.0,7,0.0050836611840546,429.0,84388.0,1,0.0050836611840546,0.0024507697589297,2007-2010,2010,0.0045461193447737
2007,VIC,234,Wills,17798,ALCORN,Zane,7,SAL,Socialist Alliance,624.0,86217.0,0.0072375517589338,SAL,False,False,Wills,0,-0.0327624482410662,2.1,0.0,7,0.0086031189268616,726.0,84388.0,1,0.0086031189268616,0.001365567167927799,2007-2010,2010,0.0105669851794071
2007,WA,235,Brand,17187,TREMAIN,Brent,1,CDP,Christian Democratic Party,2061.0,82632.0,0.0249419111240197,CDP,False,False,Brand,0,-0.0150580888759803,2.1,0.0,8,0.022696980571077,1771.0,78028.0,1,0.022696980571077,-0.002244930552942701,2007-2010,2010,0.0213348807081938
2007,WA,235,Brand,18138,NEWHOUSE,Andrew,2,FFP,Family First,1482.0,82632.0,0.0179349404589021,FFP,False,False,Brand,0,-0.0220650595410979,2.1,0.0,8,0.0280668477982262,2190.0,78028.0,1,0.0280668477982262,0.010131907339324099,2007-2010,2010,
2007,WA,235,Brand,17370,TOTTEN,Rob,3,CEC,Citizens Electoral Council,295.0,82632.0,0.0035700455029528,CEC,False,False,Brand,0,-0.0364299544970472,2.1,0.0,8,,,,0,0.0,,2007-2010,2010,0.0100129547662744
2007,WA,235,Brand,17789,GROSSMITH,Huw,4,LDP,LDP,350.0,82632.0,0.0042356472068932,LDP,False,False,Brand,0,-0.0357643527931068,2.1,0.0,8,,,,0,0.0,,2007-2010,2010,
2007,WA,235,Brand,17762,SCOTT,Robin,5,ON,One Nation WA,1321.0,82632.0,0.0159865427437312,ON,False,False,Brand,0,-0.0240134572562688,2.1,0.0,8,,,,0,0.0,,2007-2010,2010,0.027596351074166
2007,WA,236,Canning,17369,McCARTHY,Brian F,2,CEC,Citizens Electoral Council,261.0,85798.0,0.0030420289517238,CEC,False,False,Canning,0,-0.0369579710482762,2.1,0.0,7,0.0055665805469227,446.0,80121.0,1,0.0055665805469227,0.0025245515951988996,2007-2010,2010,0.0086032456481245
2007,WA,236,Canning,17188,SWARTS,Kevin,4,CDP,Christian Democratic Party,2427.0,85798.0,0.0282873726660295,CDP,False,False,Canning,0,-0.0117126273339705,2.1,0.0,7,0.030828372087218,2470.0,80121.0,1,0.030828372087218,0.0025409994211884994,2007-2010,2010,0.024148050869035
2007,WA,236,Canning,18173,GRASSO,Rodney,5,FFP,Family First,1112.0,85798.0,0.012960675074011,FFP,False,False,Canning,0,-0.027039324925989,2.1,0.0,7,0.0153642615543989,1231.0,80121.0,1,0.0153642615543989,0.0024035864803879006,2007-2010,2010,0.0101309247819037
2007,WA,236,Canning,17772,DEANE,Brian,7,ON,One Nation WA,1264.0,85798.0,0.0147322781416816,ON,False,False,Canning,0,-0.025267721858318402,2.1,0.0,7,,,,0,0.0,,2007-2010,2010,0.027270412607373
2007,WA,237,Cowan,17796,LEE,Ken,1,LDP,LDP,1003.0,84858.0,0.0118197459284923,LDP,False,False,Cowan,0,-0.0281802540715077,2.1,0.0,9,,,,0,0.0,,2007-2010,2010,
2007,WA,237,Cowan,17364,BLAKEWAY,Roger,2,CEC,Citizens Electoral Council,195.0,84858.0,0.0022979565862971,CEC,False,False,Cowan,0,-0.0377020434137029,2.1,0.0,9,,,,0,0.0,,2007-2010,2010,0.0036919693121416
2007,WA,237,Cowan,17183,FIRTH,Martin,5,CDP,Christian Democratic Party,1584.0,84858.0,0.0186664781163826,CDP,False,False,Cowan,0,-0.0213335218836174,2.1,0.0,9,0.0259949534064506,2081.0,80054.0,1,0.0259949534064506,0.007328475290067998,2007-2010,2010,0.0245214841192951
2007,WA,237,Cowan,18468,RAMSAY,Norm,6,IND,Independent,558.0,84858.0,0.0065756911546348,IND,False,True,Cowan,0,-0.0334243088453652,2.1,0.0,9,,,,0,0.0,,2007-2010,2010,
2007,WA,237,Cowan,17759,TIERNEY,Dave,7,ON,One Nation WA,783.0,84858.0,0.0092271795234391,ON,False,False,Cowan,0,-0.0307728204765609,2.1,0.0,9,,,,0,0.0,,2007-2010,2010,0.020135634049907
2007,WA,237,Cowan,18163,HAMERSLEY,Rhonda,8,FFP,Family First,1452.0,84858.0,0.0171109382733507,FFP,False,False,Cowan,0,-0.022889061726649302,2.1,0.0,9,0.0235840807454967,1888.0,80054.0,1,0.0235840807454967,0.0064731424721460006,2007-2010,2010,
2007,WA,238,Curtin,17182,FORDER,Gail,3,CDP,Christian Democratic Party,1004.0,79152.0,0.0126844552253891,CDP,False,False,Curtin,0,-0.0273155447746109,2.1,0.0,7,0.0187468683930731,1534.0,81827.0,1,0.0187468683930731,0.006062413167684001,2007-2010,2010,0.0168124983478283
2007,WA,238,Curtin,18119,CUSTERS,Bev,4,FFP,Family First,394.0,79152.0,0.0049777643015969,FFP,False,False,Curtin,0,-0.0350222356984031,2.1,0.0,7,,,,0,0.0,,2007-2010,2010,
2007,WA,238,Curtin,17770,CAINE,Albert,5,ON,One Nation WA,329.0,79152.0,0.0041565595310289,ON,False,False,Curtin,0,-0.0358434404689711,2.1,0.0,7,,,,0,0.0,,2007-2010,2010,0.0098337254487298
2007,WA,238,Curtin,17240,HELEL,Shahar,7,IND,Independent,445.0,79152.0,0.0056220941985041,IND,False,True,Curtin,0,-0.0343779058014959,2.1,0.0,7,,,,0,0.0,,2007-2010,2010,
2007,WA,239,Forrest,18179,KNOLL,Leighton,2,FFP,Family First,1150.0,85750.0,0.0134110787172011,FFP,False,False,Forrest,0,-0.0265889212827989,2.1,0.0,8,0.019516129032258,1573.0,80600.0,1,0.019516129032258,0.006105050315056898,2007-2010,2010,0.0165213578208832
2007,WA,239,Forrest,17191,LEWIS,John,4,CDP,Christian Democratic Party,1643.0,85750.0,0.0191603498542274,CDP,False,False,Forrest,0,-0.0208396501457726,2.1,0.0,8,0.0143672456575682,1158.0,80600.0,1,0.0143672456575682,-0.0047931041966592005,2007-2010,2010,0.0160183656624019
2007,WA,239,Forrest,17765,YARDLEY,Jodie,5,ON,One Nation WA,928.0,85750.0,0.0108221574344023,ON,False,False,Forrest,0,-0.029177842565597703,2.1,0.0,8,,,,0,0.0,,2007-2010,2010,0.0343969252992158
2007,WA,239,Forrest,18544,BRUNNING,Noel,6,IND,Independent,9924.0,85750.0,0.1157317784256559,IND,False,True,Forrest,1,0.0757317784256559,2.1,20840.4,8,,,,0,0.0,,2007-2010,2010,
2007,WA,239,Forrest,17371,TUFFNELL,Ian,7,CEC,Citizens Electoral Council,144.0,85750.0,0.0016793002915451,CEC,False,False,Forrest,0,-0.0383206997084549,2.1,0.0,8,,,,0,0.0,,2007-2010,2010,0.0043076764341725
2007,WA,240,Fremantle,17365,ELLISON,Paul,3,CEC,Citizens Electoral Council,242.0,79901.0,0.0030287480757437,CEC,False,False,Fremantle,0,-0.0369712519242563,2.1,0.0,8,,,,0,0.0,,2007-2010,2010,0.0110092753144524
2007,WA,240,Fremantle,18152,DU PLESSIS,Andriette,4,FFP,Family First,1145.0,79901.0,0.0143302336641593,FFP,False,False,Fremantle,0,-0.0256697663358407,2.1,0.0,8,0.0171128060629615,1409.0,82336.0,1,0.0171128060629615,0.0027825723988021984,2007-2010,2010,
2007,WA,240,Fremantle,17998,WAINWRIGHT,Sam,5,SAL,Socialist Alliance,361.0,79901.0,0.004518091137783,SAL,False,False,Fremantle,0,-0.035481908862217,2.1,0.0,8,0.0080402254178002,662.0,82336.0,1,0.0080402254178002,0.0035221342800172,2007-2010,2010,0.0048165579500729
2007,WA,240,Fremantle,17185,HEGGERS,Bill,7,CDP,Christian Democratic Party,1376.0,79901.0,0.0172213113728238,CDP,False,False,Fremantle,0,-0.0227786886271762,2.1,0.0,8,0.01571609016712,1294.0,82336.0,1,0.01571609016712,-0.0015052212057037988,2007-2010,2010,0.0209726694740318
2007,WA,240,Fremantle,17757,BATEMAN,Sue,8,ON,One Nation WA,988.0,79901.0,0.0123653020613008,ON,False,False,Fremantle,0,-0.0276346979386992,2.1,0.0,8,,,,0,0.0,,2007-2010,2010,0.0232158093193515
2007,WA,305,Hasluck,17377,VINCENT,Neil A,1,CEC,Citizens Electoral Council,687.0,73462.0,0.0093517737061337,CEC,False,False,Hasluck,0,-0.0306482262938663,2.1,0.0,8,,,,0,0.0,,2007-2010,2010,0.0127610208816705
2007,WA,305,Hasluck,17790,CHIA,Siou Hong,3,LDP,LDP,292.0,73462.0,0.0039748441371048,LDP,False,False,Hasluck,0,-0.0360251558628952,2.1,0.0,8,,,,0,0.0,,2007-2010,2010,
2007,WA,305,Hasluck,18171,BOLT,Stephen,5,FFP,Family First,863.0,73462.0,0.0117475701723339,FFP,False,False,Hasluck,0,-0.0282524298276661,2.1,0.0,8,0.022558669511249,1861.0,82496.0,1,0.022558669511249,0.010811099338915102,2007-2010,2010,
2007,WA,305,Hasluck,17781,GAUGG,Bill,7,ON,One Nation WA,1121.0,73462.0,0.0152595899921047,ON,False,False,Hasluck,0,-0.0247404100078953,2.1,0.0,8,,,,0,0.0,,2007-2010,2010,0.0337265535459704
2007,WA,305,Hasluck,17190,MERRELLS,Rob,8,CDP,Christian Democratic Party,2229.0,73462.0,0.0303422177452288,CDP,False,False,Hasluck,0,-0.0096577822547712,2.1,0.0,8,0.0303651086113266,2505.0,82496.0,1,0.0303651086113266,2.289086609779875e-05,2007-2010,2010,0.03104296536494
2007,WA,241,Kalgoorlie,17379,BURT,Ian,2,CEC,Citizens Electoral Council,275.0,65571.0,0.0041939271934239,CEC,False,False,Kalgoorlie,0,-0.0358060728065761,2.1,0.0,8,,,,0,0.0,,2007-2010,2010,0.004905060850519
2007,WA,241,Kalgoorlie,17197,PATTERSON,Ross,3,CDP,Christian Democratic Party,962.0,65571.0,0.0146711198548138,CDP,False,False,Kalgoorlie,0,-0.0253288801451862,2.1,0.0,8,,,,0,0.0,,2007-2010,2010,0.0127562431552806
2007,WA,241,Kalgoorlie,18187,ROSE,Ian,6,FFP,Family First,820.0,65571.0,0.0125055283585731,FFP,False,False,Kalgoorlie,0,-0.0274944716414269,2.1,0.0,8,,,,0,0.0,,2007-2010,2010,
2007,WA,241,Kalgoorlie,17793,DALTON,Charles,7,LDP,LDP,176.0,65571.0,0.0026841134037913,LDP,False,False,Kalgoorlie,0,-0.0373158865962087,2.1,0.0,8,,,,0,0.0,,2007-2010,2010,
2007,WA,241,Kalgoorlie,17786,MAJOR,Derek,8,ON,One Nation WA,1075.0,65571.0,0.0163944426652026,ON,False,False,Kalgoorlie,0,-0.0236055573347974,2.1,0.0,8,,,,0,0.0,,2007-2010,2010,0.0233067513997933
2007,WA,242,Moore,17181,DUNJEY,Lachlan,2,CDP,Christian Democratic Party,1556.0,70271.0,0.0221428469781275,CDP,False,False,Moore,0,-0.0178571530218725,2.1,0.0,7,0.0219456710825638,1804.0,82203.0,1,0.0219456710825638,-0.0001971758955637004,2007-2010,2010,0.0211889260367176
2007,WA,242,Moore,17766,GAULT,George,3,ON,One Nation WA,719.0,70271.0,0.0102318168234406,ON,False,False,Moore,0,-0.029768183176559403,2.1,0.0,7,0.0178947240368356,1471.0,82203.0,1,0.0178947240368356,0.007662907213395001,2007-2010,2010,0.0203530998885565
2007,WA,242,Moore,17363,HARVEY,Arthur,6,CEC,Citizens Electoral Council,115.0,70271.0,0.0016365214668924,CEC,False,False,Moore,0,-0.0383634785331076,2.1,0.0,7,,,,0,0.0,,2007-2010,2010,0.0027714235439028
2007,WA,242,Moore,18122,CROKER,Douglas,7,FFP,Family First,811.0,70271.0,0.0115410339969546,FFP,False,False,Moore,0,-0.0284589660030454,2.1,0.0,7,0.0191355546634551,1573.0,82203.0,1,0.0191355546634551,0.007594520666500499,2007-2010,2010,
2007,WA,243,O'Connor,17352,WALTON,Michael John,1,IND,Independent,1128.0,76067.0,0.0148290323004719,IND,False,True,O'Connor,0,-0.0251709676995281,2.1,0.0,11,0.0159099823494802,1298.0,81584.0,1,0.0159099823494802,0.0010809500490083016,2007-2010,2010,0.0275719431850867
2007,WA,243,O'Connor,18123,CARSON,Stephen,2,FFP,Family First,991.0,76067.0,0.0130279884838366,FFP,False,False,O'Connor,0,-0.0269720115161634,2.1,0.0,11,0.0142675034320455,1164.0,81584.0,1,0.0142675034320455,0.0012395149482088991,2007-2010,2010,
2007,WA,243,O'Connor,17761,PARAVICINI,Ross,3,ON,One Nation WA,1214.0,76067.0,0.0159596145503306,ON,False,False,O'Connor,0,-0.0240403854496694,2.1,0.0,11,,,,0,0.0,,2007-2010,2010,0.0435151830596227
2007,WA,243,O'Connor,17184,FORSYTH,Mac,6,CDP,Christian Democratic Party,2235.0,76067.0,0.0293819921910946,CDP,False,False,O'Connor,0,-0.0106180078089054,2.1,0.0,11,0.0272234751912139,2221.0,81584.0,1,0.0272234751912139,-0.0021585169998807018,2007-2010,2010,0.0282156994343163
2007,WA,243,O'Connor,14741,GIUDICE,George,7,IND,Independent,986.0,76067.0,0.012962256957682,IND,False,True,O'Connor,0,-0.027037743042318,2.1,0.0,11,0.0159099823494802,1298.0,81584.0,1,0.0159099823494802,0.0029477253917982015,2007-2010,2010,0.0275719431850867
2007,WA,243,O'Connor,17375,SUDHOLZ,Judy F,8,CEC,Citizens Electoral Council,212.0,76067.0,0.0027870167089539,CEC,False,False,O'Connor,0,-0.0372129832910461,2.1,0.0,11,0.0045964895077466,375.0,81584.0,1,0.0045964895077466,0.0018094727987926994,2007-2010,2010,0.0050267775205796
2007,WA,243,O'Connor,17581,CROWE,Darius,10,IND,Independent,237.0,76067.0,0.0031156743397268,IND,False,True,O'Connor,0,-0.0368843256602732,2.1,0.0,11,0.0159099823494802,1298.0,81584.0,1,0.0159099823494802,0.0127943080097534,2007-2010,2010,0.0275719431850867
2007,WA,244,Pearce,18251,BRANWHITE,Steve,1,IND,Independent,1533.0,84683.0,0.0181028069388188,IND,False,True,Pearce,0,-0.0218971930611812,2.1,0.0,9,,,,0,0.0,,2007-2010,2010,
2007,WA,244,Pearce,17189,MEWHOR,Paul,2,CDP,Christian Democratic Party,1683.0,84683.0,0.0198741187723628,CDP,False,False,Pearce,0,-0.020125881227637202,2.1,0.0,9,0.0215027784489007,1691.0,78641.0,1,0.0215027784489007,0.0016286596765379031,2007-2010,2010,0.0297908641349986
2007,WA,244,Pearce,17778,GUNNYON,David,3,ON,One Nation WA,1375.0,84683.0,0.0162370251408192,ON,False,False,Pearce,0,-0.023762974859180802,2.1,0.0,9,,,,0,0.0,,2007-2010,2010,0.0373618756914546
2007,WA,244,Pearce,18157,BOLT,David,5,FFP,Family First,1239.0,84683.0,0.0146310357450728,FFP,False,False,Pearce,0,-0.0253689642549272,2.1,0.0,9,0.0205872254930634,1619.0,78641.0,1,0.0205872254930634,0.005956189747990601,2007-2010,2010,
2007,WA,244,Pearce,17378,McLEAN,Ron J,6,CEC,Citizens Electoral Council,275.0,84683.0,0.0032474050281638,CEC,False,False,Pearce,0,-0.0367525949718362,2.1,0.0,9,0.0057985020536361,456.0,78641.0,1,0.0057985020536361,0.0025510970254723005,2007-2010,2010,0.0052783812964024
2007,WA,244,Pearce,18020,TRUMAN,Annolies,9,SAL,Socialist Alliance,316.0,84683.0,0.0037315635959991,SAL,False,False,Pearce,0,-0.0362684364040009,2.1,0.0,9,,,,0,0.0,,2007-2010,2010,0.0038121642696239
2007,WA,245,Perth,18482,BROOKS,Stephen J,1,IND,Independent,1413.0,78266.0,0.0180538164720312,IND,False,True,Perth,0,-0.0219461835279688,2.1,0.0,9,,,,0,0.0,,2007-2010,2010,
2007,WA,245,Perth,18017,LATHAM,Chris,3,SAL,Socialist Alliance,464.0,78266.0,0.0059285002427618,SAL,False,False,Perth,0,-0.0340714997572382,2.1,0.0,9,0.0077063121929321,618.0,80194.0,1,0.0077063121929321,0.0017778119501702999,2007-2010,2010,0.013378835878122
2007,WA,245,Perth,17186,CONNELLY,Paul,4,CDP,Christian Democratic Party,1594.0,78266.0,0.0203664426443155,CDP,False,False,Perth,0,-0.019633557355684502,2.1,0.0,9,0.0260992094171633,2093.0,80194.0,1,0.0260992094171633,0.0057327667728478,2007-2010,2010,0.0245686549103318
2007,WA,245,Perth,17381,GIRVAN,Orm,5,CEC,Citizens Electoral Council,162.0,78266.0,0.0020698643088953,CEC,False,False,Perth,0,-0.0379301356911047,2.1,0.0,9,,,,0,0.0,,2007-2010,2010,0.0033583053474554
2007,WA,245,Perth,18167,FAIRFULL,Sharon,6,FFP,Family First,838.0,78266.0,0.0107070758694707,FFP,False,False,Perth,0,-0.0292929241305293,2.1,0.0,9,0.0154999127116741,1243.0,80194.0,1,0.0154999127116741,0.004792836842203399,2007-2010,2010,
2007,WA,245,Perth,17965,EDMONDS,Marie,7,ON,One Nation WA,628.0,78266.0,0.0080239184320139,ON,False,False,Perth,0,-0.0319760815679861,2.1,0.0,9,,,,0,0.0,,2007-2010,2010,0.0198915009041591
2007,WA,246,Stirling,17795,WARD,Sam,1,LDP,LDP,666.0,80951.0,0.0082271991698681,LDP,False,False,Stirling,0,-0.0317728008301319,2.1,0.0,9,,,,0,0.0,,2007-2010,2010,
2007,WA,246,Stirling,17797,HYND,Denise,2,WWW,What Women Want (Australia),590.0,80951.0,0.0072883596249583,WWW,False,False,Stirling,0,-0.0327116403750417,2.1,0.0,9,,,,0,0.0,,2007-2010,2010,
2007,WA,246,Stirling,17374,HALLAM,Keith,3,CEC,Citizens Electoral Council,160.0,80951.0,0.0019765043050734,CEC,False,False,Stirling,0,-0.0380234956949266,2.1,0.0,9,,,,0,0.0,,2007-2010,2010,0.0090866054756331
2007,WA,246,Stirling,18207,HOPKINSON,Symia,5,FFP,Family First,524.0,80951.0,0.0064730515991155,FFP,False,False,Stirling,0,-0.0335269484008845,2.1,0.0,9,0.0103961194437207,838.0,80607.0,1,0.0103961194437207,0.0039230678446052,2007-2010,2010,
2007,WA,246,Stirling,17791,PATRICK,Alex,8,ON,One Nation WA,524.0,80951.0,0.0064730515991155,ON,False,False,Stirling,0,-0.0335269484008845,2.1,0.0,9,,,,0,0.0,,2007-2010,2010,0.0147147778975883
2007,WA,246,Stirling,17177,MORAN,Ray,9,CDP,Christian Democratic Party,1407.0,80951.0,0.0173808847327395,CDP,False,False,Stirling,0,-0.0226191152672605,2.1,0.0,9,0.0202215688463781,1630.0,80607.0,1,0.0202215688463781,0.002840684113638598,2007-2010,2010,0.0193567051521447
2007,WA,247,Swan,18151,FOWLER,Damon,2,FFP,Family First,579.0,72676.0,0.0079668666409818,FFP,False,False,Swan,0,-0.0320331333590182,2.1,0.0,10,0.0123490980500761,981.0,79439.0,1,0.0123490980500761,0.0043822314090943,2007-2010,2010,0.0083953609139691
2007,WA,247,Swan,17176,GILBERT,Tasman,3,CDP,Christian Democratic Party,1210.0,72676.0,0.0166492377125873,CDP,False,False,Swan,0,-0.023350762287412702,2.1,0.0,10,0.0207203011115447,1646.0,79439.0,1,0.0207203011115447,0.004071063398957402,2007-2010,2010,0.0175119727655645
2007,WA,247,Swan,18564,ROSS,Linda,4,IND,Independent,656.0,72676.0,0.0090263635863283,IND,False,True,Swan,0,-0.0309736364136717,2.1,0.0,10,,,,0,0.0,,2007-2010,2010,0.0136604927586405
2007,WA,247,Swan,17783,DIXON,Mark,6,LDP,LDP,243.0,72676.0,0.0033436072431063,LDP,False,False,Swan,0,-0.0366563927568937,2.1,0.0,10,,,,0,0.0,,2007-2010,2010,
2007,WA,247,Swan,17366,GAY,Norman R,8,CEC,Citizens Electoral Council,92.0,72676.0,0.0012658924541801,CEC,False,False,Swan,0,-0.0387341075458199,2.1,0.0,10,,,,0,0.0,,2007-2010,2010,0.0028561537129998
2007,WA,247,Swan,17319,LOPEZ,Joe,9,SEP,Socialist Equality Party,157.0,72676.0,0.0021602729924596,SEP,False,False,Swan,0,-0.0378397270075404,2.1,0.0,10,0.0050101335616007,398.0,79439.0,1,0.0050101335616007,0.0028498605691410998,2007-2010,2010,
2007,WA,247,Swan,17773,HARRIS,Joy,10,ON,One Nation WA,647.0,72676.0,0.0089025262810281,ON,False,False,Swan,0,-0.031097473718971903,2.1,0.0,10,,,,0,0.0,,2007-2010,2010,0.01777162310311
2007,WA,248,Tangney,17774,BOON,Lloyd,3,ON,One Nation WA,613.0,77499.0,0.0079097794810255,ON,False,False,Tangney,0,-0.032090220518974505,2.1,0.0,7,,,,0,0.0,,2007-2010,2010,0.0245105926521855
2007,WA,248,Tangney,18145,SALADINE,Lisa,4,FFP,Family First,815.0,77499.0,0.0105162647259964,FFP,False,False,Tangney,0,-0.0294837352740036,2.1,0.0,7,0.0166799804466276,1399.0,83873.0,1,0.0166799804466276,0.006163715720631201,2007-2010,2010,
2007,WA,248,Tangney,17485,JACKSON,Katherine,6,IND,Independent,3070.0,77499.0,0.0396134143666369,IND,False,True,Tangney,0,-0.00038658563336309987,2.1,0.0,7,,,,0,0.0,,2007-2010,2010,0.0250737463126843
2007,WA,248,Tangney,17178,CHEW,Ka-ren,7,CDP,Christian Democratic Party,1867.0,77499.0,0.024090633427528,CDP,False,False,Tangney,0,-0.015909366572472,2.1,0.0,7,0.0335507255016513,2814.0,83873.0,1,0.0335507255016513,0.009460092074123301,2007-2010,2010,0.027822472512738
2010,ACT,102,Fraser,21307,HEDGES-PHILLIPS,Quintin,2,SPA,Secular Party of Australia,2175.0,111541.0,0.0194995562169964,SPA,False,False,Fraser,0,-0.0205004437830036,2.31,0.0,4,,,,0,0.0,,2010-2013,2013,
2010,NSW,103,Banks,20888,PARSONS,Michael,2,ON,One Nation,1595.0,83869.0,0.0190177538780717,ON,False,False,Banks,0,-0.0209822461219283,2.31,0.0,4,,,,0,0.0,,2010-2013,2013,
2010,NSW,105,Bennelong,20839,WATERSON,Victor,1,ON,One Nation,725.0,85684.0,0.0084613230007936,ON,False,False,Bennelong,0,-0.0315386769992064,2.31,0.0,11,,,,0,0.0,,2010-2013,2013,0.003002208521211
2010,NSW,105,Bennelong,21113,WORSLEY,Julie,2,CDP,Christian Democratic Party (Fred Nile Group),1824.0,85684.0,0.0212875215909621,CDP,False,False,Bennelong,0,-0.018712478409037902,2.31,0.0,11,0.0241182982761347,2135.0,88522.0,1,0.0241182982761347,0.002830776685172603,2010-2013,2013,0.0128715376828931
2010,NSW,105,Bennelong,20879,RAYE,Sue,3,ASXP,Australian Sex Party,1105.0,85684.0,0.012896223332244,ASXP,False,False,Bennelong,0,-0.027103776667756,2.31,0.0,11,,,,0,0.0,,2010-2013,2013,
2010,NSW,105,Bennelong,21939,MOCKLER,Mary Louise,4,CA,Carers Alliance,478.0,85684.0,0.0055786377853508,XEN,False,False,Bennelong,0,-0.0344213622146492,2.31,0.0,11,,,,0,0.0,,2010-2013,2013,
2010,NSW,105,Bennelong,21685,CHAVURA,Stephen,5,FFP,Family First,570.0,85684.0,0.0066523504971756,FFP,False,False,Bennelong,0,-0.0333476495028244,2.31,0.0,11,,,,0,0.0,,2010-2013,2013,0.0033242845311493
2010,NSW,105,Bennelong,21270,POUNDER,Bill,6,TCS,The Climate Sceptics,275.0,85684.0,0.0032094673451286,TCS,False,False,Bennelong,0,-0.0367905326548714,2.31,0.0,11,,,,0,0.0,,2010-2013,2013,
2010,NSW,105,Bennelong,21807,LEVINE,Martin,9,BAP,Building Australia,170.0,85684.0,0.0019840343588067,BAP,False,False,Bennelong,0,-0.0380159656411933,2.31,0.0,11,,,,0,0.0,,2010-2013,2013,
2010,NSW,105,Bennelong,21712,PETERSEN,Terje,11,LDP,Liberal Democrats (LDP),344.0,85684.0,0.0040147518789972,LDP,False,False,Bennelong,0,-0.0359852481210028,2.31,0.0,11,,,,0,0.0,,2010-2013,2013,0.0010237416030183
2010,NSW,106,Berowra,21101,EVANS,Steve,1,CDP,Christian Democratic Party (Fred Nile Group),2350.0,85724.0,0.0274135597965563,CDP,False,False,Berowra,0,-0.0125864402034437,2.31,0.0,6,0.0246402068161621,2135.0,86647.0,1,0.0246402068161621,-0.0027733529803941996,2010-2013,2013,0.02549643049973
2010,NSW,106,Berowra,21629,ELLIS,Christian,5,FFP,Family First,840.0,85724.0,0.0097988894591946,FFP,False,False,Berowra,0,-0.0302011105408054,2.31,0.0,6,,,,0,0.0,,2010-2013,2013,0.0125862379266902
2010,NSW,106,Berowra,17744,GALLAGHER,Mick,6,IND,Independent,2455.0,85724.0,0.0286384209789557,IND,False,True,Berowra,0,-0.011361579021044302,2.31,0.0,6,0.0389396055258693,3374.0,86647.0,1,0.0389396055258693,0.010301184546913603,2010-2013,2013,0.0174695542624032
2010,NSW,107,Blaxland,21170,PHILLIPS,Richard,1,SEP,Socialist Equality Party,2058.0,73830.0,0.0278748476229175,SEP,False,False,Blaxland,0,-0.0121251523770825,2.31,0.0,8,,,,0,0.0,,2010-2013,2013,
2010,NSW,107,Blaxland,21935,BALL,David Daniel,3,IND,Independent,1153.0,73830.0,0.015616957876202,IND,False,True,Blaxland,0,-0.024383042123798,2.31,0.0,8,,,,0,0.0,,2010-2013,2013,0.0198177029539351
2010,NSW,107,Blaxland,20712,CHARAF,Abdul,4,IND,Independent,2131.0,73830.0,0.0288636055803873,IND,False,True,Blaxland,0,-0.0111363944196127,2.31,0.0,8,,,,0,0.0,,2010-2013,2013,0.0198177029539351
2010,NSW,107,Blaxland,21326,POULSEN,Ronald,7,,,288.0,73830.0,0.0039008533116619,,False,False,Blaxland,0,-0.0360991466883381,2.31,0.0,8,,,,0,0.0,,2010-2013,2013,
2010,NSW,107,Blaxland,20711,VINNICOMBE,Bob,8,ON,One Nation,1351.0,73830.0,0.0182987945279696,ON,False,False,Blaxland,0,-0.021701205472030402,2.31,0.0,8,,,,0,0.0,,2010-2013,2013,0.0155184879157198
2010,NSW,109,Calare,21130,NORSWORTHY,Jessyka,1,CDP,Christian Democratic Party (Fred Nile Group),1957.0,89242.0,0.0219291365052329,CDP,False,False,Calare,0,-0.018070863494767102,2.31,0.0,7,0.0178268344228726,1628.0,91323.0,1,0.0178268344228726,-0.004102302082360298,2010-2013,2013,
2010,NSW,109,Calare,20959,BLANCH,Paul,2,IND,Independent,4137.0,89242.0,0.0463570964344142,IND,False,True,Calare,1,0.006357096434414199,2.31,9556.47,7,0.0261489438586117,2388.0,91323.0,1,0.0261489438586117,-0.0202081525758025,2010-2013,2013,0.2310437326277204
2010,NSW,109,Calare,21140,DUFFY,Kevin,3,CLR,Country Labor,25926.0,89242.0,0.290513435377961,CLR,False,False,Calare,1,0.250513435377961,2.31,59889.060000000005,7,,,,0,0.0,,2010-2013,2013,0.2459854103195892
2010,NSW,109,Calare,21806,ROMANO,Karen,4,IND,Independent,3276.0,89242.0,0.0367091728110082,IND,False,True,Calare,0,-0.0032908271889917975,2.31,0.0,7,0.0261489438586117,2388.0,91323.0,1,0.0261489438586117,-0.010560228952396503,2010-2013,2013,0.2310437326277204
2010,NSW,109,Calare,21725,ROSS,Macgregor,7,IND,Independent,1817.0,89242.0,0.0203603684363864,IND,False,True,Calare,0,-0.0196396315636136,2.31,0.0,7,0.0261489438586117,2388.0,91323.0,1,0.0261489438586117,0.0057885754222253005,2010-2013,2013,0.2310437326277204
2010,NSW,110,Charlton,21630,LAWLER,Ann,2,CEC,Citizens Electoral Council of Australia,881.0,83080.0,0.0106042368801155,CEC,False,False,Charlton,0,-0.0293957631198845,2.31,0.0,6,,,,0,0.0,,2010-2013,2013,0.0035343760143298
2010,NSW,110,Charlton,18426,BARRY,Patrick,5,IND,Independent,2846.0,83080.0,0.034256138661531,IND,False,True,Charlton,0,-0.005743861338468999,2.31,0.0,6,,,,0,0.0,,2010-2013,2013,0.0241395477441304
2010,NSW,110,Charlton,18426,BARRY,Patrick,5,IND,Independent,2846.0,83080.0,0.034256138661531,IND,False,True,Charlton,0,-0.005743861338468999,2.31,0.0,6,,,,0,0.0,,2010-2013,2013,0.0150631739658343
2010,NSW,110,Charlton,21083,PICKSTONE,Mitchell,6,CDP,Christian Democratic Party (Fred Nile Group),2341.0,83080.0,0.0281776600866634,CDP,False,False,Charlton,0,-0.011822339913336602,2.31,0.0,6,0.0309143518518518,2671.0,86400.0,1,0.0309143518518518,0.0027366917651884017,2010-2013,2013,0.0241275260570068
2010,NSW,111,Chifley,21355,COOKSLEY,Terry,2,AFN,Australia First Party,943.0,80371.0,0.0117330878053029,AFN,False,False,Chifley,0,-0.0282669121946971,2.31,0.0,7,0.0048116061773246,396.0,82301.0,1,0.0048116061773246,-0.006921481627978301,2010-2013,2013,
2010,NSW,111,Chifley,21678,DARLEY,Keith,4,DEM,Australian Democrats,1174.0,80371.0,0.0146072588371427,DEM,False,False,Chifley,0,-0.0253927411628573,2.31,0.0,7,,,,0,0.0,,2010-2013,2013,
2010,NSW,111,Chifley,21117,VINCENT,Dave,5,CDP,Christian Democratic Party (Fred Nile Group),4068.0,80371.0,0.0506152716775951,CDP,False,False,Chifley,1,0.0106152716775951,2.31,9397.08,7,0.0347747900997557,2862.0,82301.0,1,0.0347747900997557,-0.015840481577839405,2010-2013,2013,0.0342385622541942
2010,NSW,111,Chifley,20886,KEDWELL,Louise,6,ON,One Nation,1585.0,80371.0,0.0197210436600266,ON,False,False,Chifley,0,-0.0202789563399734,2.31,0.0,7,0.0170350299510334,1402.0,82301.0,1,0.0170350299510334,-0.0026860137089931985,2010-2013,2013,0.014723452979539
2010,NSW,112,Cook,12125,STRANG,Graeme,1,IND,Independent,1568.0,89588.0,0.0175023440639371,IND,False,True,Cook,0,-0.0224976559360629,2.31,0.0,7,0.0143121810637168,1321.0,92299.0,1,0.0143121810637168,-0.0031901630002203023,2010-2013,2013,0.0080481261686041
2010,NSW,112,Cook,12125,STRANG,Graeme,1,IND,Independent,1568.0,89588.0,0.0175023440639371,IND,False,True,Cook,0,-0.0224976559360629,2.31,0.0,7,0.0143121810637168,1321.0,92299.0,1,0.0143121810637168,-0.0031901630002203023,2010-2013,2013,0.0045757023238528
2010,NSW,112,Cook,21642,FOY,Merelyn,4,FFP,Family First,719.0,89588.0,0.0080256284323793,FFP,False,False,Cook,0,-0.0319743715676207,2.31,0.0,7,,,,0,0.0,,2010-2013,2013,0.006921620774153
2010,NSW,112,Cook,21009,SMITH,Beth,6,CDP,Christian Democratic Party (Fred Nile Group),1722.0,89588.0,0.0192213242845023,CDP,False,False,Cook,0,-0.0207786757154977,2.31,0.0,7,0.0214628544187911,1981.0,92299.0,1,0.0214628544187911,0.0022415301342887974,2010-2013,2013,0.0224023598545995
2010,NSW,112,Cook,21814,PUTRAL,Richard,7,ON,One Nation,997.0,89588.0,0.0111287225967763,ON,False,False,Cook,0,-0.028871277403223698,2.31,0.0,7,,,,0,0.0,,2010-2013,2013,0.0129606187650249
2010,NSW,113,Cowper,21915,ARKAN,John Singh,3,IND,Independent,8446.0,85168.0,0.0991687018598534,IND,False,True,Cowper,1,0.059168701859853394,2.31,19510.260000000002,5,,,,0,0.0,,2010-2013,2013,
2010,NSW,113,Cowper,21045,LIONS,Deborah A J,4,CDP,Christian Democratic Party (Fred Nile Group),2039.0,85168.0,0.0239409167762539,CDP,False,False,Cowper,0,-0.0160590832237461,2.31,0.0,5,0.02574729676538,2224.0,86378.0,1,0.02574729676538,0.0018063799891260973,2010-2013,2013,0.0286466014606463
2010,NSW,114,Cunningham,21537,MOORE,Jess,5,SAL,Socialist Alliance,1303.0,89014.0,0.0146381468083672,SAL,False,False,Cunningham,0,-0.0253618531916328,2.31,0.0,5,,,,0,0.0,,2010-2013,2013,0.0083819112182265
2010,NSW,115,Dobell,21064,AVASALU,Rhonda,1,CDP,Christian Democratic Party (Fred Nile Group),2005.0,82714.0,0.0242401528157264,CDP,False,False,Dobell,0,-0.0157598471842736,2.31,0.0,5,0.0145112607383329,1250.0,86140.0,1,0.0145112607383329,-0.0097288920773935,2010-2013,2013,0.0187994562842856
2010,NSW,115,Dobell,21597,BRETT,Gavin,4,FFP,Family First,2033.0,82714.0,0.0245786686655221,FFP,False,False,Dobell,0,-0.0154213313344779,2.31,0.0,5,,,,0,0.0,,2010-2013,2013,0.0170760716539637
2010,NSW,117,Eden-Monaro,21921,QUILTY,Olga,1,LDP,Liberal Democrats (LDP),1152.0,85363.0,0.0134953082717336,LDP,False,False,Eden-Monaro,0,-0.026504691728266402,2.31,0.0,8,,,,0,0.0,,2010-2013,2013,0.0032130791220733
2010,NSW,117,Eden-Monaro,20714,FRAGIACOMO,Frank,4,IND,Independent,559.0,85363.0,0.0065485046214402,IND,False,True,Eden-Monaro,0,-0.0334514953785598,2.31,0.0,8,0.0136934152922866,1223.0,89313.0,1,0.0136934152922866,0.0071449106708464,2010-2013,2013,0.0227278096723131
2010,NSW,117,Eden-Monaro,21924,BUCKLEY,Ray,5,IND,Independent,1019.0,85363.0,0.0119372561882782,IND,False,True,Eden-Monaro,0,-0.028062743811721802,2.31,0.0,8,0.0136934152922866,1223.0,89313.0,1,0.0136934152922866,0.0017561591040083993,2010-2013,2013,0.0227278096723131
2010,NSW,117,Eden-Monaro,21724,GRADWELL,Tom,6,FFP,Family First,761.0,85363.0,0.0089148694399212,FFP,False,False,Eden-Monaro,0,-0.0310851305600788,2.31,0.0,8,,,,0,0.0,,2010-2013,2013,0.007761003614714
2010,NSW,117,Eden-Monaro,21684,BENNETT,Ursula,7,CDP,Christian Democratic Party (Fred Nile Group),637.0,85363.0,0.0074622494523388,CDP,False,False,Eden-Monaro,0,-0.0325377505476612,2.31,0.0,8,0.0096402539383964,861.0,89313.0,1,0.0096402539383964,0.0021780044860576003,2010-2013,2013,0.0107614525007678
2010,NSW,118,Farrer,21608,CROTHERS,Mathew Bruce,1,SPA,Secular Party of Australia,1099.0,82947.0,0.0132494243311994,SPA,False,False,Farrer,0,-0.0267505756688006,2.31,0.0,8,,,,0,0.0,,2010-2013,2013,
2010,NSW,118,Farrer,21567,CLANCY,Jason C,3,,,724.0,82947.0,0.0087284651645026,,False,False,Farrer,0,-0.0312715348354974,2.31,0.0,8,,,,0,0.0,,2010-2013,2013,
2010,NSW,118,Farrer,21284,EMMERY,Christian,5,CLR,Country Labor,20981.0,82947.0,0.2529446514039085,CLR,False,False,Farrer,1,0.21294465140390847,2.31,48466.11,8,,,,0,0.0,,2010-2013,2013,0.3273629418379531
2010,NSW,118,Farrer,20779,BURGE,Louise,6,IND,Independent,9350.0,82947.0,0.1127225818896403,IND,False,True,Farrer,1,0.07272258188964029,2.31,21598.5,8,,,,0,0.0,,2010-2013,2013,
2010,NSW,118,Farrer,20812,BINGLE,Stephen,7,DEM,Australian Democrats,603.0,82947.0,0.0072697023400484,DEM,False,False,Farrer,0,-0.0327302976599516,2.31,0.0,8,,,,0,0.0,,2010-2013,2013,
2010,NSW,118,Farrer,21255,MALE,James,8,CDP,Christian Democratic Party (Fred Nile Group),2664.0,82947.0,0.0321168939202141,CDP,False,False,Farrer,0,-0.007883106079785901,2.31,0.0,8,0.0118318955130367,982.0,82996.0,1,0.0118318955130367,-0.0202849984071774,2010-2013,2013,
2010,NSW,119,Fowler,20997,HEAD,Mike,1,SEP,Socialist Equality Party,2700.0,76882.0,0.0351187534143232,SEP,False,False,Fowler,0,-0.0048812465856767975,2.31,0.0,4,,,,0,0.0,,2010-2013,2013,
2010,NSW,120,Gilmore,21129,BRUMERSKYJ,Bohdan,1,CDP,Christian Democratic Party (Fred Nile Group),2310.0,86499.0,0.0267055110463704,CDP,False,False,Gilmore,0,-0.013294488953629603,2.31,0.0,7,0.0334035211500512,3030.0,90709.0,1,0.0334035211500512,0.006698010103680801,2010-2013,2013,0.0218291727303257
2010,NSW,120,Gilmore,21750,CUNNINGHAM,Elizabeth,3,FFP,Family First,781.0,86499.0,0.0090290061156776,FFP,False,False,Gilmore,0,-0.030970993884322402,2.31,0.0,7,,,,0,0.0,,2010-2013,2013,0.0050623779494259
2010,NSW,120,Gilmore,21663,WILLIAMS,Annette,6,SPA,Secular Party of Australia,275.0,86499.0,0.0031792275055202,SPA,False,False,Gilmore,0,-0.0368207724944798,2.31,0.0,7,,,,0,0.0,,2010-2013,2013,
2010,NSW,120,Gilmore,21738,KEYS,Don,7,LDP,Liberal Democrats (LDP),374.0,86499.0,0.0043237494075076,LDP,False,False,Gilmore,0,-0.0356762505924924,2.31,0.0,7,,,,0,0.0,,2010-2013,2013,0.0018781795340622
2010,NSW,121,Grayndler,21624,COGAN,James Michael,1,SEP,Socialist Equality Party,1041.0,83239.0,0.0125061569696896,SEP,False,False,Grayndler,0,-0.0274938430303104,2.31,0.0,6,,,,0,0.0,,2010-2013,2013,0.003912213740458
2010,NSW,121,Grayndler,21682,HINMAN,Pip,2,SAL,Socialist Alliance,1022.0,83239.0,0.0122778985811939,SAL,False,False,Grayndler,0,-0.0277221014188061,2.31,0.0,6,,,,0,0.0,,2010-2013,2013,0.0166269083969465
2010,NSW,121,Grayndler,21860,GAROFANI,Perry Lodovico,6,DEM,Australian Democrats,1074.0,83239.0,0.0129026057497086,DEM,False,False,Grayndler,0,-0.027097394250291403,2.31,0.0,6,,,,0,0.0,,2010-2013,2013,0.0167819656488549
2010,NSW,122,Greenway,21965,SANTOS,Michael,3,IND,Independent,770.0,79308.0,0.009708982700358,IND,False,True,Greenway,0,-0.030291017299642002,2.31,0.0,11,,,,0,0.0,,2010-2013,2013,0.0166786716673704
2010,NSW,122,Greenway,20742,PETTITT,Tony,4,AFN,Australia First Party,780.0,79308.0,0.0098350733847783,AFN,False,False,Greenway,0,-0.0301649266152217,2.31,0.0,11,,,,0,0.0,,2010-2013,2013,
2010,NSW,122,Greenway,21010,GREEN,Allan,5,CDP,Christian Democratic Party (Fred Nile Group),2922.0,79308.0,0.0368436979875926,CDP,False,False,Greenway,0,-0.003156302012407401,2.31,0.0,11,0.0377636665467083,3253.0,86141.0,1,0.0377636665467083,0.0009199685591156984,2010-2013,2013,0.0212488512456223
2010,NSW,122,Greenway,21948,BAIADA,John,6,BAP,Building Australia,815.0,79308.0,0.0102763907802491,BAP,False,False,Greenway,0,-0.029723609219750903,2.31,0.0,11,,,,0,0.0,,2010-2013,2013,
2010,NSW,122,Greenway,21373,VILLAVER,Ronaldo,7,DEM,Australian Democrats,529.0,79308.0,0.0066701972058304,DEM,False,False,Greenway,0,-0.033329802794169604,2.31,0.0,11,,,,0,0.0,,2010-2013,2013,
2010,NSW,122,Greenway,21668,DE LIMA,Joaquim Eduardo,8,LDP,Liberal Democrats (LDP),542.0,79308.0,0.0068341150955767,LDP,False,False,Greenway,0,-0.0331658849044233,2.31,0.0,11,,,,0,0.0,,2010-2013,2013,
2010,NSW,122,Greenway,22018,TANDA,Amarjit,9,IND,Independent,530.0,79308.0,0.0066828062742724,IND,False,True,Greenway,0,-0.0333171937257276,2.31,0.0,11,,,,0,0.0,,2010-2013,2013,0.0166786716673704
2010,NSW,122,Greenway,21632,MULLER,Iris,11,FFP,Family First,1296.0,79308.0,0.0163413527008624,FFP,False,False,Greenway,0,-0.0236586472991376,2.31,0.0,11,,,,0,0.0,,2010-2013,2013,0.0162936837137676
2010,NSW,124,Hughes,21851,BUSSA,Peter,1,ON,One Nation,1599.0,86307.0,0.0185268865793041,ON,False,False,Hughes,0,-0.0214731134206959,2.31,0.0,7,,,,0,0.0,,2010-2013,2013,
2010,NSW,124,Hughes,21491,HURLEY,Stan,4,FFP,Family First,1183.0,86307.0,0.0137068835668022,FFP,False,False,Hughes,0,-0.026293116433197802,2.31,0.0,7,,,,0,0.0,,2010-2013,2013,0.0123684431087536
2010,NSW,124,Hughes,21004,NAILON,Scott,5,CDP,Christian Democratic Party (Fred Nile Group),2112.0,86307.0,0.0244707845250095,CDP,False,False,Hughes,0,-0.0155292154749905,2.31,0.0,7,0.0289133502681343,2561.0,88575.0,1,0.0289133502681343,0.0044425657431248,2010-2013,2013,0.0289634693901986
2010,NSW,124,Hughes,21618,NGUYEN,Don,6,LDP,Liberal Democrats (LDP),948.0,86307.0,0.0109840453265667,LDP,False,False,Hughes,0,-0.0290159546734333,2.31,0.0,7,,,,0,0.0,,2010-2013,2013,
2010,NSW,125,Hume,21625,LIPTAK,Charles,1,FFP,Family First,2075.0,88016.0,0.0235752590438102,FFP,False,False,Hume,0,-0.0164247409561898,2.31,0.0,7,,,,0,0.0,,2010-2013,2013,0.0232920547684474
2010,NSW,125,Hume,21849,BUTLER,Greg,2,DEM,Australian Democrats,1280.0,88016.0,0.0145428103981094,DEM,False,False,Hume,0,-0.0254571896018906,2.31,0.0,7,,,,0,0.0,,2010-2013,2013,
2010,NSW,125,Hume,21652,MILAT,Lisa,4,LDP,Liberal Democrats (LDP),1197.0,88016.0,0.013599800036357,LDP,False,False,Hume,0,-0.026400199963643,2.31,0.0,7,,,,0,0.0,,2010-2013,2013,
2010,NSW,125,Hume,21049,BUTTIGIEG,Karen,6,CDP,Christian Democratic Party (Fred Nile Group),1546.0,88016.0,0.0175649881839665,CDP,False,False,Hume,0,-0.022435011816033502,2.31,0.0,7,0.0153526606149856,1397.0,90994.0,1,0.0153526606149856,-0.002212327568980899,2010-2013,2013,0.0239106384497341
2010,NSW,126,Hunter,21697,LEAYR,Jennifer,2,ON,One Nation,2721.0,81314.0,0.0334628723221093,ON,False,False,Hunter,0,-0.006537127677890699,2.31,0.0,5,0.0377584622008121,3245.0,85941.0,1,0.0377584622008121,0.0042955898787028005,2010-2013,2013,
2010,NSW,126,Hunter,21219,RILEY,Wayne Gregory,4,CDP,Christian Democratic Party (Fred Nile Group),1938.0,81314.0,0.0238335342007526,CDP,False,False,Hunter,0,-0.016166465799247402,2.31,0.0,5,0.0213402217800584,1834.0,85941.0,1,0.0213402217800584,-0.0024933124206941992,2010-2013,2013,0.0209973753280839
2010,NSW,127,Kingsford Smith,21138,HAMBIDES,Zac,3,SEP,Socialist Equality Party,576.0,82029.0,0.0070219068865888,SEP,False,False,Kingsford Smith,0,-0.0329780931134112,2.31,0.0,6,,,,0,0.0,,2010-2013,2013,0.0126375020178493
2010,NSW,127,Kingsford Smith,21932,CARMONT,Josh,4,DEM,Australian Democrats,1047.0,82029.0,0.0127637786636433,DEM,False,False,Kingsford Smith,0,-0.0272362213363567,2.31,0.0,6,,,,0,0.0,,2010-2013,2013,
2010,NSW,127,Kingsford Smith,20729,CUNNINGHAM,John Lawrence,6,ON,One Nation,728.0,82029.0,0.008874910092772,ON,False,False,Kingsford Smith,0,-0.031125089907228003,2.31,0.0,6,,,,0,0.0,,2010-2013,2013,
2010,NSW,128,Lindsay,21928,BROWN,Geoff,2,IND,Independent,1583.0,83227.0,0.0190202698643469,IND,False,True,Lindsay,0,-0.020979730135653102,2.31,0.0,7,,,,0,0.0,,2010-2013,2013,0.0116633418595258
2010,NSW,128,Lindsay,21928,BROWN,Geoff,2,IND,Independent,1583.0,83227.0,0.0190202698643469,IND,False,True,Lindsay,0,-0.020979730135653102,2.31,0.0,7,,,,0,0.0,,2010-2013,2013,0.0089096672337196
2010,NSW,128,Lindsay,21021,GREEN,Andrew,3,CDP,Christian Democratic Party (Fred Nile Group),2502.0,83227.0,0.0300623595708123,CDP,False,False,Lindsay,0,-0.0099376404291877,2.31,0.0,7,0.0279381231604645,2449.0,87658.0,1,0.0279381231604645,-0.002124236410347799,2010-2013,2013,0.0305719076233952
2010,NSW,128,Lindsay,20715,SAUNDERS,Mick,4,AFN,Australia First Party,976.0,83227.0,0.0117269636055606,AFN,False,False,Lindsay,0,-0.0282730363944394,2.31,0.0,7,0.0069588628533619,610.0,87658.0,1,0.0069588628533619,-0.0047681007521987,2010-2013,2013,
2010,NSW,128,Lindsay,21667,PHILLIPS,John,5,FFP,Family First,1032.0,83227.0,0.0123998221730928,FFP,False,False,Lindsay,0,-0.0276001778269072,2.31,0.0,7,,,,0,0.0,,2010-2013,2013,0.0111982768116119
2010,NSW,130,Lyne,21912,OAKESHOTT,Robert,1,IND,Independent,40061.0,84967.0,0.4714889309967399,IND,False,True,Lyne,1,0.4314889309967399,2.31,92540.91,5,0.0760739753029161,6561.0,86245.0,1,0.0760739753029161,-0.3954149556938238,2010-2013,2013,0.0123826870051352
2010,NSW,130,Lyne,21912,OAKESHOTT,Robert,1,IND,Independent,40061.0,84967.0,0.4714889309967399,IND,False,True,Lyne,1,0.4314889309967399,2.31,92540.91,5,0.0760739753029161,6561.0,86245.0,1,0.0760739753029161,-0.3954149556938238,2010-2013,2013,0.0041739394399332
2010,NSW,130,Lyne,21912,OAKESHOTT,Robert,1,IND,Independent,40061.0,84967.0,0.4714889309967399,IND,False,True,Lyne,1,0.4314889309967399,2.31,92540.91,5,0.0760739753029161,6561.0,86245.0,1,0.0760739753029161,-0.3954149556938238,2010-2013,2013,0.0420682502339935
2010,NSW,130,Lyne,21912,OAKESHOTT,Robert,1,IND,Independent,40061.0,84967.0,0.4714889309967399,IND,False,True,Lyne,1,0.4314889309967399,2.31,92540.91,5,0.0760739753029161,6561.0,86245.0,1,0.0760739753029161,-0.3954149556938238,2010-2013,2013,0.0030102957172851
2010,NSW,130,Lyne,17316,WRIGHT,Barry,4,IND,Independent,586.0,84967.0,0.006896795226382,IND,False,True,Lyne,0,-0.033103204773618,2.31,0.0,5,0.0760739753029161,6561.0,86245.0,1,0.0760739753029161,0.0691771800765341,2010-2013,2013,0.0123826870051352
2010,NSW,130,Lyne,17316,WRIGHT,Barry,4,IND,Independent,586.0,84967.0,0.006896795226382,IND,False,True,Lyne,0,-0.033103204773618,2.31,0.0,5,0.0760739753029161,6561.0,86245.0,1,0.0760739753029161,0.0691771800765341,2010-2013,2013,0.0041739394399332
2010,NSW,130,Lyne,17316,WRIGHT,Barry,4,IND,Independent,586.0,84967.0,0.006896795226382,IND,False,True,Lyne,0,-0.033103204773618,2.31,0.0,5,0.0760739753029161,6561.0,86245.0,1,0.0760739753029161,0.0691771800765341,2010-2013,2013,0.0420682502339935
2010,NSW,130,Lyne,17316,WRIGHT,Barry,4,IND,Independent,586.0,84967.0,0.006896795226382,IND,False,True,Lyne,0,-0.033103204773618,2.31,0.0,5,0.0760739753029161,6561.0,86245.0,1,0.0760739753029161,0.0691771800765341,2010-2013,2013,0.0030102957172851
2010,NSW,131,Macarthur,21918,McCULLOCH,Kate Melissa,1,ON,One Nation,2338.0,78203.0,0.0298965512831988,ON,False,False,Macarthur,0,-0.0101034487168012,2.31,0.0,8,,,,0,0.0,,2010-2013,2013,
2010,NSW,131,Macarthur,21955,CAMMARERI,Domenic,3,BAP,Building Australia,512.0,78203.0,0.0065470634118895,BAP,False,False,Macarthur,0,-0.0334529365881105,2.31,0.0,8,,,,0,0.0,,2010-2013,2013,
2010,NSW,131,Macarthur,21085,NORSWORTHY,Nolene,5,CDP,Christian Democratic Party (Fred Nile Group),1377.0,78203.0,0.0176080201526795,CDP,False,False,Macarthur,0,-0.0223919798473205,2.31,0.0,8,0.0257502146831511,2189.0,85009.0,1,0.0257502146831511,0.008142194530471599,2010-2013,2013,0.0177103181853775
2010,NSW,131,Macarthur,21688,MEAD,Clinton,7,DEM,Australian Democrats,652.0,78203.0,0.0083372760635781,DEM,False,False,Macarthur,0,-0.0316627239364219,2.31,0.0,8,,,,0,0.0,,2010-2013,2013,0.0080655686356398
2010,NSW,131,Macarthur,21664,HERBERT,Grant,8,FFP,Family First,1757.0,78203.0,0.0224671687786913,FFP,False,False,Macarthur,0,-0.0175328312213087,2.31,0.0,8,,,,0,0.0,,2010-2013,2013,0.017266581399598
2010,NSW,133,Macquarie,21784,WHELAN,Peter,1,LDP,Liberal Democrats (LDP),2087.0,87405.0,0.0238773525542017,LDP,False,False,Macquarie,0,-0.0161226474457983,2.31,0.0,9,,,,0,0.0,,2010-2013,2013,0.0040466447045949
2010,NSW,133,Macquarie,21795,BELL,Amy,2,IND,Independent,1778.0,87405.0,0.0203420856930381,IND,False,True,Macquarie,0,-0.019657914306961902,2.31,0.0,9,,,,0,0.0,,2010-2013,2013,0.0472488515508338
2010,NSW,133,Macquarie,21796,TREMETHICK,Terry,4,CA,Carers Alliance,591.0,87405.0,0.0067616269092157,XEN,False,False,Macquarie,0,-0.0332383730907843,2.31,0.0,9,,,,0,0.0,,2010-2013,2013,
2010,NSW,133,Macquarie,20927,BATES,John,6,AFN,Australia First Party,676.0,87405.0,0.0077341113208626,AFN,False,False,Macquarie,0,-0.0322658886791374,2.31,0.0,9,0.0083403763177794,750.0,89924.0,1,0.0083403763177794,0.0006062649969168004,2010-2013,2013,
2010,NSW,133,Macquarie,21780,PORTELLI,Luke,7,CDP,Christian Democratic Party (Fred Nile Group),1883.0,87405.0,0.021543389966249,CDP,False,False,Macquarie,0,-0.018456610033751,2.31,0.0,9,0.0302477647791468,2720.0,89924.0,1,0.0302477647791468,0.008704374812897799,2010-2013,2013,0.0194010965837199
2010,NSW,133,Macquarie,21786,CORNELIUS,Jason,8,FFP,Family First,922.0,87405.0,0.0105485956180996,FFP,False,False,Macquarie,0,-0.0294514043819004,2.31,0.0,9,,,,0,0.0,,2010-2013,2013,0.0053005346130609
2010,NSW,315,McMahon,21008,POULARAS,Manny,3,CDP,Christian Democratic Party (Fred Nile Group),3549.0,79860.0,0.0444402704733283,CDP,False,False,McMahon,1,0.004440270473328296,2.31,8198.19,4,0.0282057820031811,2323.0,82359.0,1,0.0282057820031811,-0.016234488470147197,2010-2013,2013,
2010,NSW,134,Mitchell,21034,PRENTICE,Brendon Phillip,1,CDP,Christian Democratic Party (Fred Nile Group),2855.0,83729.0,0.0340981022107035,CDP,False,False,Mitchell,0,-0.005901897789296499,2.31,0.0,4,0.0322602992795122,2794.0,86608.0,1,0.0322602992795122,-0.0018378029311913041,2010-2013,2013,0.025824628747893
2010,NSW,135,New England,21190,SMITH,Greg,1,CLR,Country Labor,7414.0,91172.0,0.0813188259553371,CLR,False,False,New England,1,0.0413188259553371,2.31,17126.34,6,0.1185794564514892,10825.0,91289.0,1,0.1185794564514892,0.03726063049615211,2010-2013,2013,0.0982851773549448
2010,NSW,135,New England,20823,DETTMANN,Brian Charles,3,ON,One Nation,794.0,91172.0,0.008708814109595,ON,False,False,New England,0,-0.031291185890405,2.31,0.0,6,0.0171543121296103,1566.0,91289.0,1,0.0171543121296103,0.0084454980200153,2010-2013,2013,0.0125792811839323
2010,NSW,135,New England,21562,WITTEN,Richard Innes,5,CEC,Citizens Electoral Council of Australia,306.0,91172.0,0.0033562935989119,CEC,False,False,New England,0,-0.0366437064010881,2.31,0.0,6,0.0038668404736605,353.0,91289.0,1,0.0038668404736605,0.0005105468747486001,2010-2013,2013,0.0026427061310782
2010,NSW,135,New England,13274,WINDSOR,Tony,6,IND,Independent,56415.0,91172.0,0.6187755012503839,IND,False,True,New England,1,0.5787755012503839,2.31,130318.65000000001,6,0.1377383912629123,12574.0,91289.0,1,0.1377383912629123,-0.4810371099874716,2010-2013,2013,0.6193798449612403
2010,NSW,136,Newcastle,20822,WINTER,Dean,3,DEM,Australian Democrats,1419.0,81964.0,0.017312478649163,DEM,False,False,Newcastle,0,-0.022687521350837,2.31,0.0,7,,,,0,0.0,,2010-2013,2013,0.0105387663374534
2010,NSW,136,Newcastle,20999,HOLT,Noel,4,SEP,Socialist Equality Party,627.0,81964.0,0.0076496998682348,SEP,False,False,Newcastle,0,-0.0323503001317652,2.31,0.0,7,,,,0,0.0,,2010-2013,2013,0.0032763617008693
2010,NSW,136,Newcastle,21005,CAINE,Milton,5,CDP,Christian Democratic Party (Fred Nile Group),1479.0,81964.0,0.0180445073446879,CDP,False,False,Newcastle,0,-0.0219554926553121,2.31,0.0,7,0.0127609801742791,1091.0,85495.0,1,0.0127609801742791,-0.005283527170408801,2010-2013,2013,0.0125850138979241
2010,NSW,136,Newcastle,21634,ALCORN,Zane,7,SAL,Socialist Alliance,829.0,81964.0,0.0101141964765018,SAL,False,False,Newcastle,0,-0.0298858035234982,2.31,0.0,7,0.0072050997134335,616.0,85495.0,1,0.0072050997134335,-0.0029090967630683003,2010-2013,2013,0.0039387308533916
2010,NSW,137,North Sydney,20815,PEARCE,Daniel,3,DEM,Australian Democrats,1275.0,85709.0,0.0148759173482364,DEM,False,False,North Sydney,0,-0.0251240826517636,2.31,0.0,5,,,,0,0.0,,2010-2013,2013,
2010,NSW,137,North Sydney,21709,LE,Daniel,5,FFP,Family First,980.0,85709.0,0.0114340384323699,FFP,False,False,North Sydney,0,-0.0285659615676301,2.31,0.0,5,,,,0,0.0,,2010-2013,2013,0.0041284027069185
2010,NSW,138,Page,21450,SUMMERVILLE,Merle Desley,4,IND,Independent,896.0,85384.0,0.0104937693244636,IND,False,True,Page,0,-0.0295062306755364,2.31,0.0,6,,,,0,0.0,,2010-2013,2013,0.0178341714419366
2010,NSW,138,Page,21450,SUMMERVILLE,Merle Desley,4,IND,Independent,896.0,85384.0,0.0104937693244636,IND,False,True,Page,0,-0.0295062306755364,2.31,0.0,6,,,,0,0.0,,2010-2013,2013,0.0102561103964448
2010,NSW,138,Page,21504,MELLAND,Julia,5,DEM,Australian Democrats,598.0,85384.0,0.0070036540803897,DEM,False,False,Page,0,-0.0329963459196103,2.31,0.0,6,,,,0,0.0,,2010-2013,2013,0.0106420301719097
2010,NSW,138,Page,9663,BEHN,Doug,6,IND,Independent,1259.0,85384.0,0.0147451513164058,IND,False,True,Page,0,-0.0252548486835942,2.31,0.0,6,,,,0,0.0,,2010-2013,2013,0.0178341714419366
2010,NSW,138,Page,9663,BEHN,Doug,6,IND,Independent,1259.0,85384.0,0.0147451513164058,IND,False,True,Page,0,-0.0252548486835942,2.31,0.0,6,,,,0,0.0,,2010-2013,2013,0.0102561103964448
2010,NSW,139,Parkes,21968,CLEMENTS,John,2,IND,Independent,9146.0,89735.0,0.1019223268512843,IND,False,True,Parkes,1,0.0619223268512843,2.31,21127.260000000002,5,,,,0,0.0,,2010-2013,2013,0.2073263893099225
2010,NSW,139,Parkes,21968,CLEMENTS,John,2,IND,Independent,9146.0,89735.0,0.1019223268512843,IND,False,True,Parkes,1,0.0619223268512843,2.31,21127.260000000002,5,,,,0,0.0,,2010-2013,2013,0.0261067795171518
2010,NSW,139,Parkes,21089,BROOKS,Andrew,3,CLR,Country Labor,19081.0,89735.0,0.2126372095614866,CLR,False,False,Parkes,1,0.1726372095614866,2.31,44077.11,5,0.2079678725493441,18850.0,90639.0,1,0.2079678725493441,-0.004669337012142505,2010-2013,2013,0.2536953279414083
2010,NSW,139,Parkes,21199,COLLESS,Mick,5,IND,Independent,3326.0,89735.0,0.0370646904775171,IND,False,True,Parkes,0,-0.0029353095224829012,2.31,0.0,5,,,,0,0.0,,2010-2013,2013,0.2073263893099225
2010,NSW,139,Parkes,21199,COLLESS,Mick,5,IND,Independent,3326.0,89735.0,0.0370646904775171,IND,False,True,Parkes,0,-0.0029353095224829012,2.31,0.0,5,,,,0,0.0,,2010-2013,2013,0.0261067795171518
2010,NSW,140,Parramatta,21006,GORDON,Chris,1,SEP,Socialist Equality Party,1203.0,78317.0,0.0153606496673774,SEP,False,False,Parramatta,0,-0.0246393503326226,2.31,0.0,7,,,,0,0.0,,2010-2013,2013,0.0030640995538858
2010,NSW,140,Parramatta,21211,PATEL,Kalpesh,2,IND,Independent,1436.0,78317.0,0.0183357380900698,IND,False,True,Parramatta,0,-0.0216642619099302,2.31,0.0,7,0.014935185759474,1204.0,80615.0,1,0.014935185759474,-0.0034005523305958,2010-2013,2013,0.0075017609767551
2010,NSW,140,Parramatta,21051,SHARAH,Alex,5,CDP,Christian Democratic Party (Fred Nile Group),2404.0,78317.0,0.0306957620950751,CDP,False,False,Parramatta,0,-0.009304237904924902,2.31,0.0,7,0.0242758791788128,1957.0,80615.0,1,0.0242758791788128,-0.006419882916262297,2010-2013,2013,0.0282108476168114
2010,NSW,140,Parramatta,21489,RODEN,Duncan,6,SAL,Socialist Alliance,330.0,78317.0,0.0042136445471608,SAL,False,False,Parramatta,0,-0.0357863554528392,2.31,0.0,7,,,,0,0.0,,2010-2013,2013,0.0119159427095562
2010,NSW,249,Paterson,21690,LEAYR,Kevin,1,ON,One Nation,1044.0,82386.0,0.012672055931833,ON,False,False,Paterson,0,-0.027327944068167,2.31,0.0,8,,,,0,0.0,,2010-2013,2013,0.0099146765813432
2010,NSW,249,Paterson,21102,BALFOUR,Anna,2,CDP,Christian Democratic Party (Fred Nile Group),870.0,82386.0,0.0105600466098608,CDP,False,False,Paterson,0,-0.0294399533901392,2.31,0.0,8,0.0212817245772926,1854.0,87117.0,1,0.0212817245772926,0.0107216779674318,2010-2013,2013,0.0120358453691787
2010,NSW,249,Paterson,21673,LAMBERT,Veronica,3,FFP,Family First,674.0,82386.0,0.0081810016264899,FFP,False,False,Paterson,0,-0.0318189983735101,2.31,0.0,8,,,,0,0.0,,2010-2013,2013,0.0066614233280899
2010,NSW,249,Paterson,18109,HENNELLY,Paul,7,,,379.0,82386.0,0.0046002961668244,,False,False,Paterson,0,-0.0353997038331756,2.31,0.0,8,,,,0,0.0,,2010-2013,2013,
2010,NSW,249,Paterson,20728,WIEDENHORN,Josef,8,IND,Independent,699.0,82386.0,0.0084844512417158,IND,False,True,Paterson,0,-0.031515548758284204,2.31,0.0,8,,,,0,0.0,,2010-2013,2013,
2010,NSW,144,Reid,21422,SHAILER,Bill,1,CDP,Christian Democratic Party (Fred Nile Group),2445.0,79628.0,0.030705279549907,CDP,False,False,Reid,0,-0.009294720450093,2.31,0.0,5,0.0142034862043251,1219.0,85824.0,1,0.0142034862043251,-0.0165017933455819,2010-2013,2013,0.039905334978222
2010,NSW,144,Reid,21291,KENNETT,Carolyn,5,SEP,Socialist Equality Party,901.0,79628.0,0.0113151152860802,SEP,False,False,Reid,0,-0.0286848847139198,2.31,0.0,5,,,,0,0.0,,2010-2013,2013,
2010,NSW,145,Richmond,21843,HARTLEY,Matthew,3,IND,Independent,805.0,80835.0,0.0099585575555143,IND,False,True,Richmond,0,-0.0300414424444857,2.31,0.0,9,0.0231126433546752,1971.0,85278.0,1,0.0231126433546752,0.013154085799160902,2010-2013,2013,
2010,NSW,145,Richmond,21949,ROBINSON,David,4,DEM,Australian Democrats,502.0,80835.0,0.0062101812333766,DEM,False,False,Richmond,0,-0.0337898187666234,2.31,0.0,9,,,,0,0.0,,2010-2013,2013,0.0116584443953562
2010,NSW,145,Richmond,21816,FAULKNER,Nic,5,IND,Independent,536.0,80835.0,0.0066307911177089,IND,False,True,Richmond,0,-0.0333692088822911,2.31,0.0,9,0.0231126433546752,1971.0,85278.0,1,0.0231126433546752,0.0164818522369663,2010-2013,2013,
2010,NSW,145,Richmond,21866,BOYD,Julie,7,IND,Independent,940.0,80835.0,0.0116286262138924,IND,False,True,Richmond,0,-0.0283713737861076,2.31,0.0,9,0.0231126433546752,1971.0,85278.0,1,0.0231126433546752,0.011484017140782801,2010-2013,2013,
2010,NSW,145,Richmond,21686,HEGEDUS,Stephen M,9,IND,Independent,747.0,80835.0,0.0092410465763592,IND,False,True,Richmond,0,-0.0307589534236408,2.31,0.0,9,0.0231126433546752,1971.0,85278.0,1,0.0231126433546752,0.013871596778316002,2010-2013,2013,
2010,NSW,250,Riverina,21565,QUILTY,Tim,1,LDP,Liberal Democrats (LDP),1703.0,87989.0,0.0193546920637807,LDP,False,False,Riverina,0,-0.0206453079362193,2.31,0.0,9,,,,0,0.0,,2010-2013,2013,
2010,NSW,250,Riverina,21544,LEVER,Rhonda,2,FFP,Family First,1081.0,87989.0,0.0122856266124174,FFP,False,False,Riverina,0,-0.0277143733875826,2.31,0.0,9,,,,0,0.0,,2010-2013,2013,
2010,NSW,250,Riverina,21980,HOGG,Matthew,3,IND,Independent,5148.0,87989.0,0.0585073134141767,IND,False,True,Riverina,1,0.018507313414176697,2.31,11891.880000000001,9,,,,0,0.0,,2010-2013,2013,
2010,NSW,250,Riverina,20717,HESKETH,Craig,5,ON,One Nation,1411.0,87989.0,0.0160360954210185,ON,False,False,Riverina,0,-0.0239639045789815,2.31,0.0,9,,,,0,0.0,,2010-2013,2013,0.0217762393608193
2010,NSW,250,Riverina,21128,HAKELIS,Robyn,6,CLR,Country Labor,19559.0,87989.0,0.2222891497800861,CLR,False,False,Riverina,1,0.1822891497800861,2.31,45181.29,9,,,,0,0.0,,2010-2013,2013,0.2900851134450793
2010,NSW,250,Riverina,21125,MULHOLLAND,Sylvia,8,CDP,Christian Democratic Party (Fred Nile Group),1201.0,87989.0,0.0136494334519087,CDP,False,False,Riverina,0,-0.0263505665480913,2.31,0.0,9,0.0149364009411978,1314.0,87973.0,1,0.0149364009411978,0.0012869674892890988,2010-2013,2013,
2010,NSW,146,Robertson,21079,BATTEN,Melissa,1,IND,Independent,1513.0,85341.0,0.0177288759213039,IND,False,True,Robertson,0,-0.0222711240786961,2.31,0.0,10,0.0278214045321965,2480.0,89140.0,1,0.0278214045321965,0.0100925286108926,2010-2013,2013,
2010,NSW,146,Robertson,21145,FREEMANTLE,Graham,2,CDP,Christian Democratic Party (Fred Nile Group),1544.0,85341.0,0.0180921245356862,CDP,False,False,Robertson,0,-0.0219078754643138,2.31,0.0,10,0.0125084137312093,1115.0,89140.0,1,0.0125084137312093,-0.005583710804476902,2010-2013,2013,0.0221190230478156
2010,NSW,146,Robertson,21931,CASSAR,Jake,6,IND,Independent,1077.0,85341.0,0.0126199599254754,IND,False,True,Robertson,0,-0.027380040074524603,2.31,0.0,10,0.0278214045321965,2480.0,89140.0,1,0.0278214045321965,0.0152014446067211,2010-2013,2013,
2010,NSW,146,Robertson,20765,PARKES,Don F,7,ON,One Nation,568.0,85341.0,0.0066556520312628,ON,False,False,Robertson,0,-0.0333443479687372,2.31,0.0,10,,,,0,0.0,,2010-2013,2013,0.010595115239078
2010,NSW,146,Robertson,21925,MEARES,Michelle,8,IND,Independent,552.0,85341.0,0.0064681688754525,IND,False,True,Robertson,0,-0.0335318311245475,2.31,0.0,10,0.0278214045321965,2480.0,89140.0,1,0.0278214045321965,0.021353235656743998,2010-2013,2013,
2010,NSW,146,Robertson,21581,JAKOB,Michael,9,FFP,Family First,749.0,85341.0,0.0087765552313659,FFP,False,False,Robertson,0,-0.0312234447686341,2.31,0.0,10,,,,0,0.0,,2010-2013,2013,0.0081183350533195
2010,NSW,146,Robertson,21613,BEIGER,Nicole,10,LDP,Liberal Democrats (LDP),581.0,85341.0,0.0068079820953586,LDP,False,False,Robertson,0,-0.0331920179046414,2.31,0.0,10,,,,0,0.0,,2010-2013,2013,
2010,NSW,148,Shortland,21569,WILLIAMS,Peter,4,SPA,Secular Party of Australia,596.0,83713.0,0.007119563269743,SPA,False,False,Shortland,0,-0.032880436730257,2.31,0.0,5,,,,0,0.0,,2010-2013,2013,
2010,NSW,148,Shortland,20734,ALCHIN,Milton M,5,ON,One Nation,1726.0,83713.0,0.0206180640999605,ON,False,False,Shortland,0,-0.0193819359000395,2.31,0.0,5,,,,0,0.0,,2010-2013,2013,
2010,NSW,149,Sydney,21660,PATERSON,Brett,1,DEM,Australian Democrats,1256.0,79377.0,0.0158232233518525,DEM,False,False,Sydney,0,-0.0241767766481475,2.31,0.0,7,,,,0,0.0,,2010-2013,2013,0.0114152865576511
2010,NSW,149,Sydney,21588,OWEN,Christopher David,2,SPA,Secular Party of Australia,718.0,79377.0,0.0090454413747055,SPA,False,False,Sydney,0,-0.0309545586252945,2.31,0.0,7,,,,0,0.0,,2010-2013,2013,
2010,NSW,149,Sydney,15520,WARD,Jane,6,IND,Independent,1226.0,79377.0,0.0154452801189261,IND,False,True,Sydney,0,-0.0245547198810739,2.31,0.0,7,0.0159725924833524,1408.0,88151.0,1,0.0159725924833524,0.0005273123644263002,2010-2013,2013,0.0127866882608014
2010,NSW,149,Sydney,21754,DOHERTY,Denis,7,CAL,Communist,656.0,79377.0,0.0082643586933242,CAL,False,False,Sydney,0,-0.031735641306675805,2.31,0.0,7,,,,0,0.0,,2010-2013,2013,
2010,NSW,151,Warringah,21243,GUTMAN,Alexander Jacob,1,ASXP,Australian Sex Party,2075.0,84972.0,0.0244198088782187,ASXP,False,False,Warringah,0,-0.0155801911217813,2.31,0.0,5,,,,0,0.0,,2010-2013,2013,
2010,NSW,151,Warringah,21601,COOKE,Kenneth,5,SPA,Secular Party of Australia,566.0,84972.0,0.0066610177470225,SPA,False,False,Warringah,0,-0.0333389822529775,2.31,0.0,5,,,,0,0.0,,2010-2013,2013,
2010,NSW,251,Watson,20842,SHARMA,Mark,2,IND,Independent,2136.0,76757.0,0.0278280808265044,IND,False,True,Watson,0,-0.0121719191734956,2.31,0.0,4,,,,0,0.0,,2010-2013,2013,
2010,NSW,152,Wentworth,15478,SHEIL,Pat,2,IND,Independent,515.0,86676.0,0.0059416678203885,IND,False,True,Wentworth,0,-0.0340583321796115,2.31,0.0,7,0.0114460709786716,1054.0,92084.0,1,0.0114460709786716,0.0055044031582831,2010-2013,2013,0.0087683523654159
2010,NSW,152,Wentworth,15478,SHEIL,Pat,2,IND,Independent,515.0,86676.0,0.0059416678203885,IND,False,True,Wentworth,0,-0.0340583321796115,2.31,0.0,7,0.0114460709786716,1054.0,92084.0,1,0.0114460709786716,0.0055044031582831,2010-2013,2013,0.0030020844661953
2010,NSW,152,Wentworth,21977,DUNCAN,Malcolm Bruce,3,IND,Independent,484.0,86676.0,0.0055840140292583,IND,False,True,Wentworth,0,-0.0344159859707417,2.31,0.0,7,0.0114460709786716,1054.0,92084.0,1,0.0114460709786716,0.0058620569494133,2010-2013,2013,0.0087683523654159
2010,NSW,152,Wentworth,21977,DUNCAN,Malcolm Bruce,3,IND,Independent,484.0,86676.0,0.0055840140292583,IND,False,True,Wentworth,0,-0.0344159859707417,2.31,0.0,7,0.0114460709786716,1054.0,92084.0,1,0.0114460709786716,0.0058620569494133,2010-2013,2013,0.0030020844661953
2010,NSW,152,Wentworth,21808,NEAL,Stuart,4,CA,Carers Alliance,389.0,86676.0,0.0044879782177303,XEN,False,False,Wentworth,0,-0.0355120217822697,2.31,0.0,7,,,,0,0.0,,2010-2013,2013,
2010,NSW,152,Wentworth,21564,AUGUST,John,5,SPA,Secular Party of Australia,275.0,86676.0,0.0031727352438968,SPA,False,False,Wentworth,0,-0.0368272647561032,2.31,0.0,7,,,,0,0.0,,2010-2013,2013,
2010,NT,306,Lingiari,21510,FLYNN,Peter,1,CEC,Citizens Electoral Council,1663.0,42927.0,0.0387401868288023,CEC,False,False,Lingiari,0,-0.0012598131711977004,2.31,0.0,6,0.0356157239401116,1639.0,46019.0,1,0.0356157239401116,-0.003124462888690699,2010-2013,2013,
2010,NT,306,Lingiari,21926,LECHLEITNER,Kenny,4,IND,Independent,1910.0,42927.0,0.0444941412164838,IND,False,True,Lingiari,1,0.004494141216483796,2.31,4412.1,6,0.0162541558921315,748.0,46019.0,1,0.0162541558921315,-0.028239985324352297,2010-2013,2013,0.0184998822345459
2010,NT,306,Lingiari,21926,LECHLEITNER,Kenny,4,IND,Independent,1910.0,42927.0,0.0444941412164838,IND,False,True,Lingiari,1,0.004494141216483796,2.31,4412.1,6,0.0162541558921315,748.0,46019.0,1,0.0162541558921315,-0.028239985324352297,2010-2013,2013,0.0258227522857204
2010,NT,306,Lingiari,21517,FINTER,Deirdre,5,IND,Independent,2038.0,42927.0,0.047475947538845,IND,False,True,Lingiari,1,0.007475947538845,2.31,4707.78,6,0.0162541558921315,748.0,46019.0,1,0.0162541558921315,-0.0312217916467135,2010-2013,2013,0.0184998822345459
2010,NT,306,Lingiari,21517,FINTER,Deirdre,5,IND,Independent,2038.0,42927.0,0.047475947538845,IND,False,True,Lingiari,1,0.007475947538845,2.31,4707.78,6,0.0162541558921315,748.0,46019.0,1,0.0162541558921315,-0.0312217916467135,2010-2013,2013,0.0258227522857204
2010,NT,307,Solomon,21311,KEARNEY,John,1,ON,One Nation,1505.0,50956.0,0.0295352853442185,ON,False,False,Solomon,0,-0.010464714655781502,2.31,0.0,5,,,,0,0.0,,2010-2013,2013,
2010,NT,307,Solomon,21468,CAMPBELL,Trudy,5,CEC,Citizens Electoral Council,668.0,50956.0,0.0131093492424837,CEC,False,False,Solomon,0,-0.026890650757516302,2.31,0.0,5,0.0040619969301037,217.0,53422.0,1,0.0040619969301037,-0.009047352312380002,2010-2013,2013,0.00475635798874
2010,QLD,304,Blair,20743,ZABEL,Neil Leslie,1,LNQ,Liberal National Party of Queensland,27525.0,73409.0,0.3749540247108665,LNQ,False,False,Blair,1,0.3349540247108665,2.31,63582.75,5,,,,0,0.0,,2010-2013,2013,
2010,QLD,304,Blair,21577,OLYSLAGERS,Joshua,2,FFP,Family First,3605.0,73409.0,0.0491084199485076,FFP,False,False,Blair,1,0.009108419948507598,2.31,8327.550000000001,5,0.0285772167284974,2257.0,78979.0,1,0.0285772167284974,-0.0205312032200102,2010-2013,2013,0.0206294504016618
2010,QLD,304,Blair,20750,KING,Brad,4,IND,Independent,3267.0,73409.0,0.0445040798812134,IND,False,True,Blair,1,0.004504079881213402,2.31,7546.77,5,,,,0,0.0,,2010-2013,2013,0.0171591877904393
2010,QLD,310,Bonner,21929,WELLNER,Utz,1,DLP,D.L.P. - Democratic Labor Party,931.0,82165.0,0.0113308586381062,DLP,False,False,Bonner,0,-0.028669141361893802,2.31,0.0,6,,,,0,0.0,,2010-2013,2013,
2010,QLD,310,Bonner,20751,VASTA,Ross Xavier,3,LNQ,Liberal National Party of Queensland,38105.0,82165.0,0.4637619424329094,LNQ,False,False,Bonner,1,0.42376194243290943,2.31,88022.55,6,,,,0,0.0,,2010-2013,2013,
2010,QLD,310,Bonner,21764,SOWDEN,Greg,5,IND,Independent,1984.0,82165.0,0.0241465344124627,IND,False,True,Bonner,0,-0.0158534655875373,2.31,0.0,6,,,,0,0.0,,2010-2013,2013,
2010,QLD,310,Bonner,21919,FERRANDO,Carolyn Maree,6,FFP,Family First,2318.0,82165.0,0.0282115255887543,FFP,False,False,Bonner,0,-0.0117884744112457,2.31,0.0,6,0.0208323629419162,1789.0,85876.0,1,0.0208323629419162,-0.007379162646838099,2010-2013,2013,0.0192869107441971
2010,QLD,155,Bowman,20782,LAMING,Andrew,1,LNQ,Liberal National Party of Queensland,45585.0,81945.0,0.5562877539813289,LNQ,False,False,Bowman,1,0.5162877539813289,2.31,105301.35,6,,,,0,0.0,,2010-2013,2013,
2010,QLD,155,Bowman,21846,CHIDGEY,Dave,4,ON,One Nation,865.0,81945.0,0.0105558606382329,ON,False,False,Bowman,0,-0.0294441393617671,2.31,0.0,6,,,,0,0.0,,2010-2013,2013,0.0052752125922857
2010,QLD,155,Bowman,21659,WINDOLF,Karina,5,FFP,Family First,1834.0,81945.0,0.0223808652144731,FFP,False,False,Bowman,0,-0.017619134785526902,2.31,0.0,6,0.0214934990219767,1868.0,86910.0,1,0.0214934990219767,-0.0008873661924963978,2010-2013,2013,0.0292999683243585
2010,QLD,155,Bowman,21666,KENT,John Aaron,6,DLP,D.L.P. - Democratic Labor Party,768.0,81945.0,0.0093721398498993,DLP,False,False,Bowman,0,-0.030627860150100703,2.31,0.0,6,,,,0,0.0,,2010-2013,2013,
2010,QLD,156,Brisbane,21857,SAUNDERS,Ewan,2,SAL,Socialist Alliance,717.0,81049.0,0.0088465002652716,SAL,False,False,Brisbane,0,-0.0311534997347284,2.31,0.0,5,,,,0,0.0,,2010-2013,2013,0.0067591774343786
2010,QLD,156,Brisbane,21481,WHITE,Mark A,4,FFP,Family First,1274.0,81049.0,0.0157188861059359,FFP,False,False,Brisbane,0,-0.0242811138940641,2.31,0.0,5,0.0092220546415372,801.0,86857.0,1,0.0092220546415372,-0.0064968314643987,2010-2013,2013,0.0141273973584274
2010,QLD,156,Brisbane,20740,GAMBARO,Teresa,5,LNQ,Liberal National Party of Queensland,37191.0,81049.0,0.4588705597848215,LNQ,False,False,Brisbane,1,0.4188705597848215,2.31,85911.21,5,,,,0,0.0,,2010-2013,2013,
2010,QLD,157,Capricornia,21289,JEFFERY,Steve,2,SPA,Secular Party of Australia,414.0,80380.0,0.005150534958945,SPA,False,False,Capricornia,0,-0.034849465041055,2.31,0.0,7,,,,0,0.0,,2010-2013,2013,
2010,QLD,157,Capricornia,20956,MOWEN,Bevan,3,IND,Independent,1402.0,80380.0,0.0174421497885046,IND,False,True,Capricornia,0,-0.022557850211495402,2.31,0.0,7,,,,0,0.0,,2010-2013,2013,0.0218500235072872
2010,QLD,157,Capricornia,21464,CORNELOUP,Sandra,4,FFP,Family First,2802.0,80380.0,0.0348594177656133,FFP,False,False,Capricornia,0,-0.005140582234386702,2.31,0.0,7,0.0385571113963704,3274.0,84913.0,1,0.0385571113963704,0.0036976936307571012,2010-2013,2013,0.0177244945933239
2010,QLD,157,Capricornia,20817,LANDRY,Michelle,6,LNQ,Liberal National Party of Queensland,32489.0,80380.0,0.404192585220204,LNQ,False,False,Capricornia,1,0.36419258522020403,2.31,75049.59,7,,,,0,0.0,,2010-2013,2013,
2010,QLD,157,Capricornia,20872,GULEY,Shane Melvyn,7,IND,Independent,2045.0,80380.0,0.0254416521522766,IND,False,True,Capricornia,0,-0.014558347847723401,2.31,0.0,7,,,,0,0.0,,2010-2013,2013,0.0218500235072872
2010,QLD,158,Dawson,20804,INGREY,Bill,1,CEC,Citizens Electoral Council,1287.0,82949.0,0.0155155577523538,CEC,False,False,Dawson,0,-0.0244844422476462,2.31,0.0,5,0.0039373223925225,345.0,87623.0,1,0.0039373223925225,-0.0115782353598313,2010-2013,2013,0.0054063524641453
2010,QLD,158,Dawson,20803,CHRISTENSEN,George Robert,2,LNQ,Liberal National Party of Queensland,37940.0,82949.0,0.4573894802830655,LNQ,False,False,Dawson,1,0.4173894802830655,2.31,87641.40000000001,5,,,,0,0.0,,2010-2013,2013,
2010,QLD,158,Dawson,21730,HERRINGTON,Damian,3,FFP,Family First,4100.0,82949.0,0.0494279617596354,FFP,False,False,Dawson,1,0.009427961759635402,2.31,9471.0,5,0.0189790351848259,1663.0,87623.0,1,0.0189790351848259,-0.030448926574809503,2010-2013,2013,0.030010262057918
2010,QLD,252,Dickson,21357,DUTTON,Peter,1,LNQ,Liberal National Party of Queensland,39880.0,81451.0,0.4896195258498975,LNQ,False,False,Dickson,1,0.4496195258498975,2.31,92122.8,6,,,,0,0.0,,2010-2013,2013,
2010,QLD,252,Dickson,21593,REVIE,Alan Bruce,2,FFP,Family First,2340.0,81451.0,0.0287289290493671,FFP,False,False,Dickson,0,-0.0112710709506329,2.31,0.0,6,0.0179862828348807,1542.0,85732.0,1,0.0179862828348807,-0.010742646214486402,2010-2013,2013,0.0253813797979555
2010,QLD,252,Dickson,21589,HUNTER,Bob,4,LDP,Liberal Democrats (LDP),521.0,81451.0,0.0063964837755214,LDP,False,False,Dickson,0,-0.0336035162244786,2.31,0.0,6,,,,0,0.0,,2010-2013,2013,0.0030917828082495
2010,QLD,252,Dickson,21839,JENKINSON,Rebecca,6,IND,Independent,2558.0,81451.0,0.0314053848325987,IND,False,True,Dickson,0,-0.008594615167401301,2.31,0.0,6,,,,0,0.0,,2010-2013,2013,
2010,QLD,159,Fadden,21722,ROSSITER,Ian,2,ON,One Nation,1181.0,73592.0,0.0160479399934775,ON,False,False,Fadden,0,-0.023952060006522502,2.31,0.0,5,0.0063642603107256,510.0,80135.0,1,0.0063642603107256,-0.009683679682751899,2010-2013,2013,0.0083300372754186
2010,QLD,159,Fadden,21805,ROBERT,Stuart,4,LNQ,Liberal National Party of Queensland,42925.0,73592.0,0.5832835090770736,LNQ,False,False,Fadden,1,0.5432835090770736,2.31,99156.75,5,,,,0,0.0,,2010-2013,2013,
2010,QLD,159,Fadden,21870,NICHOLSON,Barrie Sinclair,5,FFP,Family First,2513.0,73592.0,0.0341477334492879,FFP,False,False,Fadden,0,-0.005852266550712103,2.31,0.0,5,0.0162850190303862,1305.0,80135.0,1,0.0162850190303862,-0.0178627144189017,2010-2013,2013,0.0208910143468411
2010,QLD,160,Fairfax,21614,HUNT,Ron,3,FFP,Family First,4147.0,79066.0,0.052449852022361,FFP,False,False,Fairfax,1,0.012449852022361,2.31,9579.57,4,0.0167362038602006,1416.0,84607.0,1,0.0167362038602006,-0.0357136481621604,2010-2013,2013,0.0400038945075273
2010,QLD,160,Fairfax,20738,SOMLYAY,Alex,4,LNQ,Liberal National Party of Queensland,39102.0,79066.0,0.4945488579161713,LNQ,False,False,Fairfax,1,0.45454885791617133,2.31,90325.62,4,,,,0,0.0,,2010-2013,2013,
2010,QLD,161,Fisher,21458,ROBERTSON,Robyn Leanne,2,FFP,Family First,5421.0,73652.0,0.0736028892630207,FFP,False,False,Fisher,1,0.03360288926302069,2.31,12522.51,4,0.0204611136086314,1593.0,77855.0,1,0.0204611136086314,-0.053141775654389295,2010-2013,2013,0.0216788568417619
2010,QLD,161,Fisher,20759,SLIPPER,Peter,4,LNQ,Liberal National Party of Queensland,34235.0,73652.0,0.464821050344865,LNQ,False,False,Fisher,1,0.424821050344865,2.31,79082.85,4,,,,0,0.0,,2010-2013,2013,
2010,QLD,311,Flynn,21775,HANCOCK-MILLS,Di,1,FFP,Family First,3586.0,79892.0,0.0448855955539978,FFP,False,False,Flynn,1,0.0048855955539977985,2.31,8283.66,6,0.0150473518063837,1287.0,85530.0,1,0.0150473518063837,-0.0298382437476141,2010-2013,2013,0.0207265516854352
2010,QLD,311,Flynn,20809,O'DOWD,Ken,2,LNQ,Liberal National Party of Queensland,37584.0,79892.0,0.4704350873679467,LNQ,False,False,Flynn,1,0.4304350873679467,2.31,86819.04000000001,6,,,,0,0.0,,2010-2013,2013,
2010,QLD,311,Flynn,21779,McMAHON,John F G,3,DLP,D.L.P. - Democratic Labor Party,640.0,79892.0,0.0080108145997096,DLP,False,False,Flynn,0,-0.0319891854002904,2.31,0.0,6,,,,0,0.0,,2010-2013,2013,
2010,QLD,311,Flynn,17322,SCOTT,Duncan,5,IND,Independent,3025.0,79892.0,0.0378636158814399,IND,False,True,Flynn,0,-0.0021363841185601043,2.31,0.0,6,0.0183912077633578,1573.0,85530.0,1,0.0183912077633578,-0.019472408118082096,2010-2013,2013,0.009490316385449
2010,QLD,311,Flynn,17322,SCOTT,Duncan,5,IND,Independent,3025.0,79892.0,0.0378636158814399,IND,False,True,Flynn,0,-0.0021363841185601043,2.31,0.0,6,0.0183912077633578,1573.0,85530.0,1,0.0183912077633578,-0.019472408118082096,2010-2013,2013,0.0100639754573684
2010,QLD,162,Forde,21769,VAN MANEN,Bert,2,LNQ,Liberal National Party of Queensland,30967.0,70258.0,0.440761194454724,LNQ,False,False,Forde,1,0.400761194454724,2.31,71533.77,4,,,,0,0.0,,2010-2013,2013,
2010,QLD,162,Forde,21861,RAASSINA,Melissa Leigh,4,FFP,Family First,4440.0,70258.0,0.0631956503174015,FFP,False,False,Forde,1,0.0231956503174015,2.31,10256.4,4,0.0224228842604798,1701.0,75860.0,1,0.0224228842604798,-0.0407727660569217,2010-2013,2013,0.0224300020437359
2010,QLD,163,Griffith,21763,ROMANS,Gregory,1,LDP,Liberal Democrats (LDP),1866.0,80412.0,0.023205491717654,LDP,False,False,Griffith,0,-0.016794508282346,2.31,0.0,7,,,,0,0.0,,2010-2013,2013,0.0021981207275538
2010,QLD,163,Griffith,20891,CHITTS,Hamish,2,,,601.0,80412.0,0.0074740088543998,,False,False,Griffith,0,-0.0325259911456002,2.31,0.0,7,,,,0,0.0,,2010-2013,2013,
2010,QLD,163,Griffith,21755,WEBB,Jesse Alexander,3,FFP,Family First,1163.0,80412.0,0.0144630154703278,FFP,False,False,Griffith,0,-0.0255369845296722,2.31,0.0,7,0.007441354488537,643.0,86409.0,1,0.007441354488537,-0.0070216609817908004,2010-2013,2013,0.0078987415154955
2010,QLD,163,Griffith,20820,DOCHERTY,Rebecca,4,LNQ,Liberal National Party of Queensland,28784.0,80412.0,0.3579565239019052,LNQ,False,False,Griffith,1,0.3179565239019052,2.31,66491.04000000001,7,,,,0,0.0,,2010-2013,2013,
2010,QLD,163,Griffith,20824,PUKALLUS,Jan,6,CEC,Citizens Electoral Council,175.0,80412.0,0.0021762920957071,CEC,False,False,Griffith,0,-0.0378237079042929,2.31,0.0,7,,,,0,0.0,,2010-2013,2013,
2010,QLD,164,Groom,21549,KIRKWOOD,Rose,1,FFP,Family First,4696.0,84501.0,0.0555733068247713,FFP,False,False,Groom,1,0.015573306824771302,2.31,10847.76,5,0.0266127291115075,2342.0,88003.0,1,0.0266127291115075,-0.028960577713263803,2010-2013,2013,0.0438318318318318
2010,QLD,164,Groom,15609,JEANNERET,Rod,4,IND,Independent,2730.0,84501.0,0.032307309972663,IND,False,True,Groom,0,-0.007692690027337003,2.31,0.0,5,,,,0,0.0,,2010-2013,2013,0.0073993993993993
2010,QLD,164,Groom,15609,JEANNERET,Rod,4,IND,Independent,2730.0,84501.0,0.032307309972663,IND,False,True,Groom,0,-0.007692690027337003,2.31,0.0,5,,,,0,0.0,,2010-2013,2013,0.0085885885885885
2010,QLD,164,Groom,15609,JEANNERET,Rod,4,IND,Independent,2730.0,84501.0,0.032307309972663,IND,False,True,Groom,0,-0.007692690027337003,2.31,0.0,5,,,,0,0.0,,2010-2013,2013,0.0059699699699699
2010,QLD,164,Groom,20756,MACFARLANE,Ian,5,LNQ,Liberal National Party of Queensland,51757.0,84501.0,0.6125016271996782,LNQ,False,False,Groom,1,0.5725016271996781,2.31,119558.67,5,,,,0,0.0,,2010-2013,2013,
2010,QLD,165,Herbert,20757,JONES,Ewen,2,LNQ,Liberal National Party of Queensland,36086.0,79018.0,0.4566807562833784,LNQ,False,False,Herbert,1,0.4166807562833784,2.31,83358.66,4,,,,0,0.0,,2010-2013,2013,
2010,QLD,165,Herbert,21927,PUNSHON,Michael John,3,FFP,Family First,4208.0,79018.0,0.0532536890328785,FFP,False,False,Herbert,1,0.013253689032878498,2.31,9720.48,4,0.0129731505049675,1106.0,85253.0,1,0.0129731505049675,-0.040280538527911,2010-2013,2013,0.0156778884340441
2010,QLD,166,Hinkler,21643,VERSACE,Trevor John,3,FFP,Family First,2562.0,80763.0,0.0317224471602095,FFP,False,False,Hinkler,0,-0.008277552839790502,2.31,0.0,6,0.018721740768651,1590.0,84928.0,1,0.018721740768651,-0.013000706391558498,2010-2013,2013,0.0350885725054408
2010,QLD,166,Hinkler,21951,D'OLIVEIRA,Cy,4,IND,Independent,1264.0,80763.0,0.0156507311516412,IND,False,True,Hinkler,0,-0.0243492688483588,2.31,0.0,6,0.0083129238884702,706.0,84928.0,1,0.0083129238884702,-0.007337807263171001,2010-2013,2013,0.0229425281766343
2010,QLD,166,Hinkler,20748,NEVILLE,Paul,5,LNQ,Liberal National Party of Queensland,44382.0,80763.0,0.5495338211804911,LNQ,False,False,Hinkler,1,0.5095338211804911,2.31,102522.42,6,,,,0,0.0,,2010-2013,2013,
2010,QLD,166,Hinkler,21815,WONE,Adrian,6,IND,Independent,1698.0,80763.0,0.0210244790312395,IND,False,True,Hinkler,0,-0.0189755209687605,2.31,0.0,6,0.0083129238884702,706.0,84928.0,1,0.0083129238884702,-0.0127115551427693,2010-2013,2013,0.0229425281766343
2010,QLD,167,Kennedy,21850,DYKSTRA,Fred W,3,FFP,Family First,1633.0,81722.0,0.0199823792858716,FFP,False,False,Kennedy,0,-0.020017620714128402,2.31,0.0,5,0.0126514547983971,1064.0,84101.0,1,0.0126514547983971,-0.007330924487474499,2010-2013,2013,0.0203355239981049
2010,QLD,167,Kennedy,13270,KATTER,Bob,4,IND,Independent,38170.0,81722.0,0.4670712904725778,IND,False,True,Kennedy,1,0.4270712904725778,2.31,88172.7,5,0.0067894555356059,571.0,84101.0,1,0.0067894555356059,-0.4602818349369719,2010-2013,2013,0.3952550444004422
2010,QLD,167,Kennedy,20781,MORRISON,Ed,5,LNQ,Liberal National Party of Queensland,21737.0,81722.0,0.2659871270894006,LNQ,False,False,Kennedy,1,0.22598712708940058,2.31,50212.47,5,,,,0,0.0,,2010-2013,2013,
2010,QLD,168,Leichhardt,20713,SACKLEY,Jen,1,IND,Independent,2556.0,79812.0,0.0320252593594948,IND,False,True,Leichhardt,0,-0.007974740640505198,2.31,0.0,7,,,,0,0.0,,2010-2013,2013,0.0174577722050082
2010,QLD,168,Leichhardt,20713,SACKLEY,Jen,1,IND,Independent,2556.0,79812.0,0.0320252593594948,IND,False,True,Leichhardt,0,-0.007974740640505198,2.31,0.0,7,,,,0,0.0,,2010-2013,2013,0.0038580712055266
2010,QLD,168,Leichhardt,20713,SACKLEY,Jen,1,IND,Independent,2556.0,79812.0,0.0320252593594948,IND,False,True,Leichhardt,0,-0.007974740640505198,2.31,0.0,7,,,,0,0.0,,2010-2013,2013,0.0131415550438252
2010,QLD,168,Leichhardt,20713,SACKLEY,Jen,1,IND,Independent,2556.0,79812.0,0.0320252593594948,IND,False,True,Leichhardt,0,-0.007974740640505198,2.31,0.0,7,,,,0,0.0,,2010-2013,2013,0.0016758496799006
2010,QLD,168,Leichhardt,20713,SACKLEY,Jen,1,IND,Independent,2556.0,79812.0,0.0320252593594948,IND,False,True,Leichhardt,0,-0.007974740640505198,2.31,0.0,7,,,,0,0.0,,2010-2013,2013,0.0110557852983374
2010,QLD,168,Leichhardt,21844,BATZKE,Yodie,2,IND,Independent,1700.0,79812.0,0.0213000551295544,IND,False,True,Leichhardt,0,-0.0186999448704456,2.31,0.0,7,,,,0,0.0,,2010-2013,2013,0.0174577722050082
2010,QLD,168,Leichhardt,21844,BATZKE,Yodie,2,IND,Independent,1700.0,79812.0,0.0213000551295544,IND,False,True,Leichhardt,0,-0.0186999448704456,2.31,0.0,7,,,,0,0.0,,2010-2013,2013,0.0038580712055266
2010,QLD,168,Leichhardt,21844,BATZKE,Yodie,2,IND,Independent,1700.0,79812.0,0.0213000551295544,IND,False,True,Leichhardt,0,-0.0186999448704456,2.31,0.0,7,,,,0,0.0,,2010-2013,2013,0.0131415550438252
2010,QLD,168,Leichhardt,21844,BATZKE,Yodie,2,IND,Independent,1700.0,79812.0,0.0213000551295544,IND,False,True,Leichhardt,0,-0.0186999448704456,2.31,0.0,7,,,,0,0.0,,2010-2013,2013,0.0016758496799006
2010,QLD,168,Leichhardt,21844,BATZKE,Yodie,2,IND,Independent,1700.0,79812.0,0.0213000551295544,IND,False,True,Leichhardt,0,-0.0186999448704456,2.31,0.0,7,,,,0,0.0,,2010-2013,2013,0.0110557852983374
2010,QLD,168,Leichhardt,20754,ENTSCH,Warren,3,LNQ,Liberal National Party of Queensland,37828.0,79812.0,0.4739638149651681,LNQ,False,False,Leichhardt,1,0.4339638149651681,2.31,87382.68000000001,7,,,,0,0.0,,2010-2013,2013,
2010,QLD,168,Leichhardt,21695,McSWEENEY,Shannon Royce,4,FFP,Family First,1461.0,79812.0,0.0183055179672229,FFP,False,False,Leichhardt,0,-0.0216944820327771,2.31,0.0,7,0.0218862289420878,1876.0,85716.0,1,0.0218862289420878,0.0035807109748649014,2010-2013,2013,0.0131053856262734
2010,QLD,168,Leichhardt,20954,LANE,Steve,7,IND,Independent,1373.0,79812.0,0.0172029268781636,IND,False,True,Leichhardt,0,-0.0227970731218364,2.31,0.0,7,,,,0,0.0,,2010-2013,2013,0.0174577722050082
2010,QLD,168,Leichhardt,20954,LANE,Steve,7,IND,Independent,1373.0,79812.0,0.0172029268781636,IND,False,True,Leichhardt,0,-0.0227970731218364,2.31,0.0,7,,,,0,0.0,,2010-2013,2013,0.0038580712055266
2010,QLD,168,Leichhardt,20954,LANE,Steve,7,IND,Independent,1373.0,79812.0,0.0172029268781636,IND,False,True,Leichhardt,0,-0.0227970731218364,2.31,0.0,7,,,,0,0.0,,2010-2013,2013,0.0131415550438252
2010,QLD,168,Leichhardt,20954,LANE,Steve,7,IND,Independent,1373.0,79812.0,0.0172029268781636,IND,False,True,Leichhardt,0,-0.0227970731218364,2.31,0.0,7,,,,0,0.0,,2010-2013,2013,0.0016758496799006
2010,QLD,168,Leichhardt,20954,LANE,Steve,7,IND,Independent,1373.0,79812.0,0.0172029268781636,IND,False,True,Leichhardt,0,-0.0227970731218364,2.31,0.0,7,,,,0,0.0,,2010-2013,2013,0.0110557852983374
2010,QLD,169,Lilley,21563,HERSCHELL,Andrew,1,FFP,Family First,2696.0,86945.0,0.0310081085743861,FFP,False,False,Lilley,0,-0.0089918914256139,2.31,0.0,5,0.014394956770735,1297.0,90101.0,1,0.014394956770735,-0.0166131518036511,2010-2013,2013,0.0164786472180307
2010,QLD,169,Lilley,21151,CROWHURST,Douglas,2,IND,Independent,2111.0,86945.0,0.0242797170625107,IND,False,True,Lilley,0,-0.0157202829374893,2.31,0.0,5,,,,0,0.0,,2010-2013,2013,
2010,QLD,169,Lilley,20739,McGARVIE,Rod,5,LNQ,Liberal National Party of Queensland,35835.0,86945.0,0.4121571108171832,LNQ,False,False,Lilley,1,0.3721571108171832,2.31,82778.85,5,,,,0,0.0,,2010-2013,2013,
2010,QLD,302,Longman,21500,JACKSON,Andrew Phillip,2,DLP,D.L.P. - Democratic Labor Party,518.0,75450.0,0.0068654738237243,DLP,False,False,Longman,0,-0.0331345261762757,2.31,0.0,9,,,,0,0.0,,2010-2013,2013,
2010,QLD,302,Longman,21782,VAN BOECKEL,Michael,3,IND,Independent,856.0,75450.0,0.0113452617627567,IND,False,True,Longman,0,-0.0286547382372433,2.31,0.0,9,0.0106814655686836,895.0,83790.0,1,0.0106814655686836,-0.0006637961940731008,2010-2013,2013,
2010,QLD,302,Longman,21490,McERLANE,Claire,5,FFP,Family First,3206.0,75450.0,0.0424917163684559,FFP,False,False,Longman,1,0.0024917163684558957,2.31,7405.860000000001,9,0.02359470103831,1977.0,83790.0,1,0.02359470103831,-0.018897015330145896,2010-2013,2013,0.0185561490819269
2010,QLD,302,Longman,20853,FOX,Bob,6,IND,Independent,872.0,75450.0,0.0115573227302849,IND,False,True,Longman,0,-0.0284426772697151,2.31,0.0,9,0.0106814655686836,895.0,83790.0,1,0.0106814655686836,-0.0008758571616013008,2010-2013,2013,
2010,QLD,302,Longman,20752,ROY,Wyatt,7,LNQ,Liberal National Party of Queensland,33011.0,75450.0,0.4375215374420145,LNQ,False,False,Longman,1,0.3975215374420145,2.31,76255.41,9,,,,0,0.0,,2010-2013,2013,
2010,QLD,302,Longman,21473,VAN VEEN,Joshua,8,LDP,Liberal Democrats (LDP),671.0,75450.0,0.0088933068257123,LDP,False,False,Longman,0,-0.0311066931742877,2.31,0.0,9,,,,0,0.0,,2010-2013,2013,0.0049888663105508
2010,QLD,302,Longman,21503,REECE,John Raymond,9,IND,Independent,1042.0,75450.0,0.0138104705102717,IND,False,True,Longman,0,-0.026189529489728303,2.31,0.0,9,0.0106814655686836,895.0,83790.0,1,0.0106814655686836,-0.0031290049415881004,2010-2013,2013,
2010,QLD,170,Maranoa,20736,SCOTT,Bruce,1,LNQ,Liberal National Party of Queensland,57100.0,87145.0,0.6552297894314074,LNQ,False,False,Maranoa,1,0.6152297894314074,2.31,131901.0,5,,,,0,0.0,,2010-2013,2013,
2010,QLD,170,Maranoa,21476,MCKAY,Greg,3,FFP,Family First,3560.0,87145.0,0.040851454472431,FFP,False,False,Maranoa,1,0.0008514544724309986,2.31,8223.6,5,0.0275948747608666,2481.0,89908.0,1,0.0275948747608666,-0.013256579711564399,2010-2013,2013,0.0383861131846303
2010,QLD,170,Maranoa,21135,NASON,Charles,5,IND,Independent,4597.0,87145.0,0.0527511618566756,IND,False,True,Maranoa,1,0.012751161856675602,2.31,10619.07,5,,,,0,0.0,,2010-2013,2013,
2010,QLD,171,McPherson,21698,REEVES,Matthew,1,FFP,Family First,3777.0,78048.0,0.0483932964329643,FFP,False,False,McPherson,1,0.008393296432964298,2.31,8724.87,4,0.0371893351984275,3084.0,82927.0,1,0.0371893351984275,-0.011203961234536798,2010-2013,2013,0.0153296105417977
2010,QLD,171,McPherson,20749,ANDREWS,Karen,3,LNQ,Liberal National Party of Queensland,42069.0,78048.0,0.5390144526445264,LNQ,False,False,McPherson,1,0.49901445264452643,2.31,97179.39,4,,,,0,0.0,,2010-2013,2013,
2010,QLD,172,Moncrieff,20758,CIOBO,Steven,3,LNQ,Liberal National Party of Queensland,46832.0,75715.0,0.6185300138677937,LNQ,False,False,Moncrieff,1,0.5785300138677937,2.31,108181.92,4,,,,0,0.0,,2010-2013,2013,
2010,QLD,172,Moncrieff,21713,TAYLER,James Grahame,4,FFP,Family First,2351.0,75715.0,0.0310506504655616,FFP,False,False,Moncrieff,0,-0.008949349534438402,2.31,0.0,4,0.0219260749308524,1744.0,79540.0,1,0.0219260749308524,-0.0091245755347092,2010-2013,2013,0.0177119592624936
2010,QLD,173,Moreton,21546,CHRISTIAN,Steve,1,FFP,Family First,2787.0,81059.0,0.0343823634636499,FFP,False,False,Moreton,0,-0.0056176365363500985,2.31,0.0,5,0.015160887336414,1250.0,82449.0,1,0.015160887336414,-0.019221476127235904,2010-2013,2013,0.0138319290134963
2010,QLD,173,Moreton,21551,NIGHTINGALE,Lee David,4,DLP,D.L.P. - Democratic Labor Party,1018.0,81059.0,0.0125587535005366,DLP,False,False,Moreton,0,-0.0274412464994634,2.31,0.0,5,,,,0,0.0,,2010-2013,2013,
2010,QLD,173,Moreton,20744,COLE,Malcolm Edward,5,LNQ,Liberal National Party of Queensland,35182.0,81059.0,0.4340295340431044,LNQ,False,False,Moreton,1,0.3940295340431044,2.31,81270.42,5,,,,0,0.0,,2010-2013,2013,
2010,QLD,174,Oxley,20741,SMITH,Tarnya Lisa,1,LNQ,Liberal National Party of Queensland,27431.0,71534.0,0.3834680012301842,LNQ,False,False,Oxley,1,0.34346800123018423,2.31,63365.61,4,,,,0,0.0,,2010-2013,2013,
2010,QLD,174,Oxley,21610,STIELER,Timothy,2,FFP,Family First,3682.0,71534.0,0.0514720272877233,FFP,False,False,Oxley,1,0.0114720272877233,2.31,8505.42,4,0.020510989446957,1551.0,75618.0,1,0.020510989446957,-0.0309610378407663,2010-2013,2013,0.0209009009009009
2010,QLD,175,Petrie,21497,ADDISON,Lawrence,2,DLP,D.L.P. - Democratic Labor Party,715.0,76364.0,0.0093630506521397,DLP,False,False,Petrie,0,-0.0306369493478603,2.31,0.0,6,,,,0,0.0,,2010-2013,2013,
2010,QLD,175,Petrie,21493,VINCENT,Sally,4,FFP,Family First,3829.0,76364.0,0.0501414278979623,FFP,False,False,Petrie,1,0.010141427897962296,2.31,8844.99,6,0.0214840202003076,1774.0,82573.0,1,0.0214840202003076,-0.028657407697654697,2010-2013,2013,0.0182312336147389
2010,QLD,175,Petrie,21486,BUCKLEY,Gabriel Jon,5,LDP,Liberal Democrats (LDP),1604.0,76364.0,0.0210046618825624,LDP,False,False,Petrie,0,-0.018995338117437602,2.31,0.0,6,,,,0,0.0,,2010-2013,2013,0.0026096158934026
2010,QLD,175,Petrie,20770,TEASDALE,Dean,6,LNQ,Liberal National Party of Queensland,30590.0,76364.0,0.4005814258027342,LNQ,False,False,Petrie,1,0.3605814258027342,2.31,70662.90000000001,6,,,,0,0.0,,2010-2013,2013,
2010,QLD,176,Rankin,21862,TODD,Alexandra,1,FFP,Family First,5231.0,79929.0,0.0654455829548724,FFP,False,False,Rankin,1,0.025445582954872405,2.31,12083.61,4,0.0302156198168313,2514.0,83202.0,1,0.0302156198168313,-0.03522996313804111,2010-2013,2013,0.0353008753418328
2010,QLD,176,Rankin,21852,SMITH,Luke,2,LNQ,Liberal National Party of Queensland,29652.0,79929.0,0.3709792440791202,LNQ,False,False,Rankin,1,0.3309792440791202,2.31,68496.12,4,,,,0,0.0,,2010-2013,2013,
2010,QLD,177,Ryan,21555,VINCENT,Allan,3,FFP,Family First,1600.0,89034.0,0.0179706628928274,FFP,False,False,Ryan,0,-0.0220293371071726,2.31,0.0,5,0.0132339784852386,1213.0,91658.0,1,0.0132339784852386,-0.004736684407588801,2010-2013,2013,0.0133177959047777
2010,QLD,177,Ryan,20737,PRENTICE,Jane,4,LNQ,Liberal National Party of Queensland,40713.0,89034.0,0.4572747489723027,LNQ,False,False,Ryan,1,0.4172747489723027,2.31,94047.03,5,,,,0,0.0,,2010-2013,2013,
2010,QLD,177,Ryan,17736,JOHNSON,Michael,5,IND,Independent,7563.0,89034.0,0.0849450771615338,IND,False,True,Ryan,1,0.04494507716153379,2.31,17470.53,5,,,,0,0.0,,2010-2013,2013,0.0157911008585222
2010,QLD,178,Wide Bay,20745,TRUSS,Warren,1,LNQ,Liberal National Party of Queensland,47977.0,81513.0,0.5885809625458516,LNQ,False,False,Wide Bay,1,0.5485809625458515,2.31,110826.87,5,,,,0,0.0,,2010-2013,2013,
2010,QLD,178,Wide Bay,21715,FERRARO,Santo,2,ON,One Nation,1875.0,81513.0,0.0230024658643406,ON,False,False,Wide Bay,0,-0.016997534135659402,2.31,0.0,5,,,,0,0.0,,2010-2013,2013,0.0123522627212183
2010,QLD,178,Wide Bay,21661,HERSCHELL,Ken,3,FFP,Family First,3049.0,81513.0,0.0374050764908664,FFP,False,False,Wide Bay,0,-0.0025949235091336023,2.31,0.0,5,0.0150481517452813,1286.0,85459.0,1,0.0150481517452813,-0.0223569247455851,2010-2013,2013,0.0346260216040578
2010,QLD,316,Wright,20746,BUCHHOLZ,Scott,1,LNQ,Liberal National Party of Queensland,40031.0,75407.0,0.5308658347368281,LNQ,False,False,Wright,1,0.49086583473682815,2.31,92471.61,5,,,,0,0.0,,2010-2013,2013,
2010,QLD,316,Wright,20726,DEGEN,Ken,4,IND,Independent,2497.0,75407.0,0.033113636665031,IND,False,True,Wright,0,-0.0068863633349690034,2.31,0.0,5,0.0224176368590537,1810.0,80740.0,1,0.0224176368590537,-0.010695999805977296,2010-2013,2013,
2010,QLD,316,Wright,21611,FREDERICKS,Jeremy John,5,FFP,Family First,2923.0,75407.0,0.0387629795642314,FFP,False,False,Wright,0,-0.0012370204357686002,2.31,0.0,5,0.0258484022789199,2087.0,80740.0,1,0.0258484022789199,-0.0129145772853115,2010-2013,2013,
2010,SA,179,Adelaide,21457,WEEDALL,Gemma,1,SAL,Socialist Alliance,786.0,86957.0,0.0090389502857734,SAL,False,False,Adelaide,0,-0.0309610497142266,2.31,0.0,7,0.0107155353393981,980.0,91456.0,1,0.0107155353393981,0.0016765850536246997,2010-2013,2013,
2010,SA,179,Adelaide,20984,NEAL,Suzanne Patricia,3,FFP,Family First,1900.0,86957.0,0.0218498798256609,FFP,False,False,Adelaide,0,-0.0181501201743391,2.31,0.0,7,0.023716322603219,2169.0,91456.0,1,0.023716322603219,0.0018664427775581006,2010-2013,2013,0.0203215796897038
2010,SA,179,Adelaide,22029,NICHOLLS,Marie,4,DEM,Australian Democrats,819.0,86957.0,0.0094184481985349,DEM,False,False,Adelaide,0,-0.0305815518014651,2.31,0.0,7,,,,0,0.0,,2010-2013,2013,0.0152665726375176
2010,SA,179,Adelaide,20989,STEELE,Christopher,6,LDP,Liberal Democrats (LDP),716.0,86957.0,0.008233954713249,LDP,False,False,Adelaide,0,-0.031766045286751005,2.31,0.0,7,,,,0,0.0,,2010-2013,2013,
2010,SA,180,Barker,21969,DAVIES,Steven Donald,2,TCS,The Climate Sceptics,1591.0,94270.0,0.0168770552667868,TCS,False,False,Barker,0,-0.0231229447332132,2.31,0.0,5,,,,0,0.0,,2010-2013,2013,
2010,SA,180,Barker,21015,HONEYCHURCH,Trevor,4,FFP,Family First,5829.0,94270.0,0.0618330327781903,FFP,False,False,Barker,1,0.0218330327781903,2.31,13464.99,5,0.0796333924171025,7368.0,92524.0,1,0.0796333924171025,0.017800359638912203,2010-2013,2013,0.0572140616915002
2010,SA,182,Boothby,17355,McGHEE,Ray,2,IND,Independent,1689.0,85359.0,0.0197870171862369,IND,False,True,Boothby,0,-0.0202129828137631,2.31,0.0,9,,,,0,0.0,,2010-2013,2013,0.0491067932928398
2010,SA,182,Boothby,21959,SKILLITZI,Stephen,3,TCS,The Climate Sceptics,316.0,85359.0,0.0037020115043522,TCS,False,False,Boothby,0,-0.036297988495647804,2.31,0.0,9,,,,0,0.0,,2010-2013,2013,
2010,SA,182,Boothby,20938,RESCE,Meredith,5,FFP,Family First,2120.0,85359.0,0.0248362797127426,FFP,False,False,Boothby,0,-0.0151637202872574,2.31,0.0,9,0.039053304632742,3683.0,94307.0,1,0.039053304632742,0.014217024919999401,2010-2013,2013,0.0244191639540476
2010,SA,182,Boothby,22030,SALERNO,Thomas,6,DEM,Australian Democrats,517.0,85359.0,0.0060567719865509,DEM,False,False,Boothby,0,-0.0339432280134491,2.31,0.0,9,,,,0,0.0,,2010-2013,2013,0.0154367596228061
2010,SA,182,Boothby,20955,NOACK,Michael Daniel,7,LDP,Liberal Democrats (LDP),339.0,85359.0,0.0039714617087829,LDP,False,False,Boothby,0,-0.0360285382912171,2.31,0.0,9,,,,0,0.0,,2010-2013,2013,0.0017226528854435
2010,SA,182,Boothby,21842,CHAPMAN,Avi,9,SPA,Secular Party of Australia,310.0,85359.0,0.0036317201466746,SPA,False,False,Boothby,0,-0.0363682798533254,2.31,0.0,9,,,,0,0.0,,2010-2013,2013,
2010,SA,183,Grey,20995,HOLLAND,Sylvia,4,FFP,Family First,4741.0,88492.0,0.0535754644487637,FFP,False,False,Grey,1,0.013575464448763702,2.31,10951.710000000001,4,0.0550247600139874,4878.0,88651.0,1,0.0550247600139874,0.0014492955652236975,2010-2013,2013,0.0449716753603679
2010,SA,185,Hindmarsh,21957,PAECH,Adrian Graeme,3,TCS,The Climate Sceptics,554.0,89224.0,0.0062090917241997,TCS,False,False,Hindmarsh,0,-0.0337909082758003,2.31,0.0,6,,,,0,0.0,,2010-2013,2013,
2010,SA,185,Hindmarsh,22031,CROKE,Greg,5,DEM,Australian Democrats,767.0,89224.0,0.0085963417914462,DEM,False,False,Hindmarsh,0,-0.0314036582085538,2.31,0.0,6,,,,0,0.0,,2010-2013,2013,0.020043217498677
2010,SA,185,Hindmarsh,20958,RANDALL,Bob,6,FFP,Family First,2563.0,89224.0,0.0287254550345198,FFP,False,False,Hindmarsh,0,-0.0112745449654802,2.31,0.0,6,0.0305005131026311,2883.0,94523.0,1,0.0305005131026311,0.0017750580681113008,2010-2013,2013,0.0212228788146057
2010,SA,186,Kingston,22032,BAKER,Ron,1,DEM,Australian Democrats,1748.0,91834.0,0.0190343445782607,DEM,False,False,Kingston,0,-0.0209656554217393,2.31,0.0,5,,,,0,0.0,,2010-2013,2013,0.0094926567282934
2010,SA,186,Kingston,20962,DOECKE,Geoff,5,FFP,Family First,5288.0,91834.0,0.0575821591131824,FFP,False,False,Kingston,1,0.0175821591131824,2.31,12215.28,5,0.0587606594656054,5168.0,87950.0,1,0.0587606594656054,0.0011785003524229995,2010-2013,2013,0.0571217027107668
2010,SA,187,Makin,21044,GAMEAU,Michael,2,LDP,Liberal Democrats (LDP),1081.0,85233.0,0.0126828810437271,LDP,False,False,Makin,0,-0.027317118956272902,2.31,0.0,8,,,,0,0.0,,2010-2013,2013,0.0049051630279067
2010,SA,187,Makin,21963,STEWART,Robert Gordon,3,TCS,The Climate Sceptics,409.0,85233.0,0.004798610866683,TCS,False,False,Makin,0,-0.035201389133317,2.31,0.0,8,,,,0,0.0,,2010-2013,2013,
2010,SA,187,Makin,21327,HORVAT,Anton,4,ON,One Nation,662.0,85233.0,0.0077669447279809,ON,False,False,Makin,0,-0.0322330552720191,2.31,0.0,8,,,,0,0.0,,2010-2013,2013,0.0057532519626382
2010,SA,187,Makin,22033,RICH,Wayne Roderick,7,DEM,Australian Democrats,534.0,85233.0,0.0062651789799725,DEM,False,False,Makin,0,-0.0337348210200275,2.31,0.0,8,,,,0,0.0,,2010-2013,2013,0.0137298722136267
2010,SA,187,Makin,20939,POTTER,Mark,8,FFP,Family First,5089.0,85233.0,0.0597069210282402,FFP,False,False,Makin,1,0.019706921028240197,2.31,11755.59,8,0.0640967054010532,5891.0,91908.0,1,0.0640967054010532,0.0043897843728129965,2010-2013,2013,0.0354822073233625
2010,SA,188,Mayo,21007,HICKS,Bruce,1,FFP,Family First,5337.0,91903.0,0.0580720977552419,FFP,False,False,Mayo,1,0.0180720977552419,2.31,12328.470000000001,8,0.0713816869051526,6525.0,91410.0,1,0.0713816869051526,0.013309589149910706,2010-2013,2013,0.0402346184667438
2010,SA,188,Mayo,21845,PHILLIPS,Andrew James,3,IND,Independent,993.0,91903.0,0.0108048703524368,IND,False,True,Mayo,0,-0.0291951296475632,2.31,0.0,8,,,,0,0.0,,2010-2013,2013,
2010,SA,188,Mayo,21944,SPRAGG,Bill,5,IND,Independent,2404.0,91903.0,0.0261580144282558,IND,False,True,Mayo,0,-0.013841985571744202,2.31,0.0,8,,,,0,0.0,,2010-2013,2013,
2010,SA,188,Mayo,22034,OSMOND,Rebekkah,7,DEM,Australian Democrats,948.0,91903.0,0.0103152236597281,DEM,False,False,Mayo,0,-0.0296847763402719,2.31,0.0,8,,,,0,0.0,,2010-2013,2013,0.0152368444484017
2010,SA,188,Mayo,21967,MICHELMORE,John Wesley,8,TCS,The Climate Sceptics,655.0,91903.0,0.0071270796383143,TCS,False,False,Mayo,0,-0.0328729203616857,2.31,0.0,8,,,,0,0.0,,2010-2013,2013,
2010,SA,189,Port Adelaide,21002,HAMBOUR,Bruce,2,FFP,Family First,6467.0,90379.0,0.0715542327310547,FFP,False,False,Port Adelaide,1,0.0315542327310547,2.31,14938.77,4,0.0751986285563577,6843.0,90999.0,1,0.0751986285563577,0.003644395825303001,2010-2013,2013,0.0577587825376315
2010,SA,190,Sturt,20988,CLEGG,Dale,1,FFP,Family First,3346.0,88285.0,0.0378999830095712,FFP,False,False,Sturt,0,-0.0021000169904287977,2.31,0.0,7,0.0392331649553743,3565.0,90867.0,1,0.0392331649553743,0.0013331819458030983,2010-2013,2013,0.0342403002373199
2010,SA,190,Sturt,20993,CLARK,Jess,3,LDP,Liberal Democrats (LDP),697.0,88285.0,0.0078948858809537,LDP,False,False,Sturt,0,-0.032105114119046305,2.31,0.0,7,,,,0,0.0,,2010-2013,2013,0.0036094707213422
2010,SA,190,Sturt,22035,ANDREWS,Darren,6,DEM,Australian Democrats,558.0,88285.0,0.0063204394857563,DEM,False,False,Sturt,0,-0.0336795605142437,2.31,0.0,7,,,,0,0.0,,2010-2013,2013,0.0117445775153154
2010,SA,190,Sturt,21290,KING,Jack,7,ON,One Nation,443.0,88285.0,0.0050178399501614,ON,False,False,Sturt,0,-0.034982160049838604,2.31,0.0,7,,,,0,0.0,,2010-2013,2013,
2010,SA,191,Wakefield,22036,HASSAN,Darren,4,DEM,Australian Democrats,1129.0,88013.0,0.0128276504607273,DEM,False,False,Wakefield,0,-0.0271723495392727,2.31,0.0,5,,,,0,0.0,,2010-2013,2013,0.011698869262833
2010,SA,191,Wakefield,21074,COOMBE,Paul,5,FFP,Family First,5958.0,88013.0,0.0676945451240157,FFP,False,False,Wakefield,1,0.027694545124015695,2.31,13762.98,5,0.0598348926802421,5436.0,90850.0,1,0.0598348926802421,-0.007859652443773596,2010-2013,2013,0.0516201091587407
2010,TAS,192,Bass,21751,WATTS,Adrian,4,CEC,Citizens Electoral Council,838.0,65502.0,0.0127935024884736,CEC,False,False,Bass,0,-0.0272064975115264,2.31,0.0,4,,,,0,0.0,,2010-2013,2013,0.0034307198245476
2010,TAS,194,Denison,20881,WILKIE,Andrew,1,IND,Independent,13788.0,64859.0,0.2125842211566629,IND,False,True,Denison,1,0.1725842211566629,2.31,31850.280000000002,5,0.380840725028924,24688.0,64825.0,1,0.380840725028924,0.16825650387226113,2010-2013,2013,
2010,TAS,194,Denison,20862,BARNES,Mel,3,SAL,Socialist Alliance,856.0,64859.0,0.0131978599731725,SAL,False,False,Denison,0,-0.0268021400268275,2.31,0.0,5,,,,0,0.0,,2010-2013,2013,0.0077223698608722
2010,TAS,195,Franklin,21693,FORSTER,John,2,IND,Independent,1839.0,65531.0,0.0280630541270543,IND,False,True,Franklin,0,-0.0119369458729457,2.31,0.0,4,,,,0,0.0,,2010-2013,2013,
2010,TAS,196,Lyons,21635,NOYES,Lucas,1,SPA,Secular Party of Australia,1085.0,65755.0,0.0165006463386814,SPA,False,False,Lyons,0,-0.0234993536613186,2.31,0.0,4,,,,0,0.0,,2010-2013,2013,
2010,VIC,197,Aston,21100,HANNA,Rachel,1,FFP,Family First,4153.0,84817.0,0.0489642406593017,FFP,False,False,Aston,1,0.008964240659301702,2.31,9593.43,4,0.0276772008764837,2362.0,85341.0,1,0.0276772008764837,-0.021287039782818002,2010-2013,2013,0.0347037710343541
2010,VIC,198,Ballarat,21122,RAINEY,Jim,3,FFP,Family First,2646.0,89439.0,0.0295844094857947,FFP,False,False,Ballarat,0,-0.010415590514205302,2.31,0.0,4,0.0121606183871966,1139.0,93663.0,1,0.0121606183871966,-0.0174237910985981,2010-2013,2013,0.0365228680758017
2010,VIC,199,Batman,21038,CONLON,Andrew,1,FFP,Family First,2465.0,77463.0,0.031821643881595,FFP,False,False,Batman,0,-0.008178356118404999,2.31,0.0,5,0.0126355005947438,1126.0,89114.0,1,0.0126355005947438,-0.019186143286851202,2010-2013,2013,0.026236175794931
2010,VIC,199,Batman,21121,SARAZEN,Con,4,DEM,Australian Democrats,823.0,77463.0,0.0106244271458631,DEM,False,False,Batman,0,-0.029375572854136903,2.31,0.0,5,,,,0,0.0,,2010-2013,2013,0.0203236213454513
2010,VIC,200,Bendigo,21053,HOWARD,Alan,4,FFP,Family First,3892.0,92265.0,0.0421828428981737,FFP,False,False,Bendigo,1,0.0021828428981736994,2.31,8990.52,4,0.0111976999319058,1036.0,92519.0,1,0.0111976999319058,-0.0309851429662679,2010-2013,2013,0.035456263198844
2010,VIC,201,Bruce,21298,HEMMERSBACH,Felicity,3,FFP,Family First,3151.0,76747.0,0.0410569794259059,FFP,False,False,Bruce,1,0.0010569794259059004,2.31,7278.81,4,0.0264504809728356,2186.0,82645.0,1,0.0264504809728356,-0.014606498453070303,2010-2013,2013,0.0284983422532937
2010,VIC,203,Calwell,21156,BYRNE,Peter,2,SEP,Socialist Equality Party,1181.0,87554.0,0.0134888183292596,SEP,False,False,Calwell,0,-0.026511181670740402,2.31,0.0,5,,,,0,0.0,,2010-2013,2013,0.0031644835980062
2010,VIC,203,Calwell,21168,TRUSCOTT,Jeff,3,FFP,Family First,3851.0,87554.0,0.0439842839847408,FFP,False,False,Calwell,1,0.003984283984740801,2.31,8895.81,5,0.0252989345368259,2175.0,85972.0,1,0.0252989345368259,-0.018685349447914903,2010-2013,2013,0.0434334067462617
2010,VIC,204,Casey,21212,HARRISON,Daniel,3,FFP,Family First,4083.0,83897.0,0.0486668176454462,FFP,False,False,Casey,1,0.008666817645446197,2.31,9431.73,4,0.0267708886353624,2370.0,88529.0,1,0.0267708886353624,-0.021895929010083796,2010-2013,2013,0.041909071320836
2010,VIC,205,Chisholm,21076,GOODMAN,Phil,1,FFP,Family First,2107.0,77450.0,0.0272046481601032,FFP,False,False,Chisholm,0,-0.012795351839896801,2.31,0.0,5,0.0110209153514731,949.0,86109.0,1,0.0110209153514731,-0.0161837328086301,2010-2013,2013,0.0244510103412875
2010,VIC,205,Chisholm,21056,EVANS,Nimrod,3,SPA,Secular Party of Australia,562.0,77450.0,0.0072562943834732,SPA,False,False,Chisholm,0,-0.0327437056165268,2.31,0.0,5,0.004006549837996,345.0,86109.0,1,0.004006549837996,-0.0032497445454772005,2010-2013,2013,
2010,VIC,207,Corangamite,21516,BROWN,Sally-Anne,4,IND,Independent,1418.0,93699.0,0.0151335659932336,IND,False,True,Corangamite,0,-0.0248664340067664,2.31,0.0,6,0.0074783676900033,694.0,92801.0,1,0.0074783676900033,-0.0076551983032303,2010-2013,2013,
2010,VIC,207,Corangamite,21316,WOJCZUK,Ann,5,FFP,Family First,1850.0,93699.0,0.0197440741096489,FFP,False,False,Corangamite,0,-0.0202559258903511,2.31,0.0,6,0.0097843773235202,908.0,92801.0,1,0.0097843773235202,-0.0099596967861287,2010-2013,2013,0.0355886452640662
2010,VIC,207,Corangamite,21302,TIMMINS,Nathan,6,LDP,Liberal Democrats (LDP),520.0,93699.0,0.0055496856956851,LDP,False,False,Corangamite,0,-0.0344503143043149,2.31,0.0,6,,,,0,0.0,,2010-2013,2013,0.0018695931145872
2010,VIC,208,Corio,21164,BULL,Sue,2,SAL,Socialist Alliance,971.0,82661.0,0.0117467729642757,SAL,False,False,Corio,0,-0.0282532270357243,2.31,0.0,5,0.0075232956245221,679.0,90253.0,1,0.0075232956245221,-0.0042234773397536,2010-2013,2013,0.0039980250719524
2010,VIC,208,Corio,21066,AMBERLEY,Scott,4,FFP,Family First,3028.0,82661.0,0.036631543291274,FFP,False,False,Corio,0,-0.0033684567087260003,2.31,0.0,5,0.0161878275514387,1461.0,90253.0,1,0.0161878275514387,-0.020443715739835302,2010-2013,2013,0.0396310256379378
2010,VIC,209,Deakin,21040,LAKE,Peter,1,FFP,Family First,2532.0,80000.0,0.03165,FFP,False,False,Deakin,0,-0.008350000000000003,2.31,0.0,7,0.013599274705349,1200.0,88240.0,1,0.013599274705349,-0.018050725294650998,2010-2013,2013,0.0314542582918235
2010,VIC,209,Deakin,21303,WALSH,Benjamin,3,LDP,Liberal Democrats (LDP),505.0,80000.0,0.0063125,LDP,False,False,Deakin,0,-0.0336875,2.31,0.0,7,,,,0,0.0,,2010-2013,2013,0.0071194265581338
2010,VIC,209,Deakin,21432,NORWICK,Alex,6,AFN,Australia First Party,295.0,80000.0,0.0036875,AFN,False,False,Deakin,0,-0.0363125,2.31,0.0,7,0.0024025385312783,212.0,88240.0,1,0.0024025385312783,-0.0012849614687216997,2010-2013,2013,
2010,VIC,209,Deakin,20896,SEVILOGLOU,Abraham,7,IND,Independent,836.0,80000.0,0.01045,IND,False,True,Deakin,0,-0.02955,2.31,0.0,7,0.0172144152311876,1519.0,88240.0,1,0.0172144152311876,0.006764415231187601,2010-2013,2013,
2010,VIC,210,Dunkley,21075,DE ZILWA,Yasmin,1,FFP,Family First,2276.0,85800.0,0.0265268065268065,FFP,False,False,Dunkley,0,-0.0134731934731935,2.31,0.0,4,0.0191279823503991,1682.0,87934.0,1,0.0191279823503991,-0.007398824176407401,2010-2013,2013,0.0258668580158326
2010,VIC,211,Flinders,21124,SMITH,Reade,2,FFP,Family First,2198.0,90501.0,0.0242870244527684,FFP,False,False,Flinders,0,-0.0157129755472316,2.31,0.0,4,0.0116161454839705,1091.0,93921.0,1,0.0116161454839705,-0.0126708789687979,2010-2013,2013,0.022398738099262
2010,VIC,212,Gellibrand,21221,BAPTIST,Tania,3,SEP,Socialist Equality Party,475.0,83263.0,0.005704814863745,SEP,False,False,Gellibrand,0,-0.034295185136255,2.31,0.0,6,,,,0,0.0,,2010-2013,2013,
2010,VIC,212,Gellibrand,21292,COURTICE,Ben,4,SAL,Socialist Alliance,528.0,83263.0,0.0063413521011733,SAL,False,False,Gellibrand,0,-0.0336586478988267,2.31,0.0,6,,,,0,0.0,,2010-2013,2013,0.0158515138552212
2010,VIC,212,Gellibrand,21287,MUMBY,Liz,5,FFP,Family First,1440.0,83263.0,0.0172945966395637,FFP,False,False,Gellibrand,0,-0.0227054033604363,2.31,0.0,6,0.0259303336842587,2266.0,87388.0,1,0.0259303336842587,0.008635737044695002,2010-2013,2013,0.0202005798754693
2010,VIC,213,Gippsland,21136,JEFFERIS,Heath,1,FFP,Family First,2963.0,88712.0,0.033400216430697,FFP,False,False,Gippsland,0,-0.0065997835693029985,2.31,0.0,5,0.0179946841599276,1591.0,88415.0,1,0.0179946841599276,-0.015405532270769403,2010-2013,2013,0.0431354307303071
2010,VIC,213,Gippsland,21304,BUCKLEY,Ben,2,LDP,Liberal Democrats (LDP),4895.0,88712.0,0.0551785553250969,LDP,False,False,Gippsland,1,0.015178555325096897,2.31,11307.45,5,0.0533393654922807,4716.0,88415.0,1,0.0533393654922807,-0.001839189832816196,2010-2013,2013,
2010,VIC,214,Goldstein,21556,FORSTER,Anthony,2,FFP,Family First,1187.0,84558.0,0.0140377019324014,FFP,False,False,Goldstein,0,-0.025962298067598602,2.31,0.0,4,0.0082900067335607,751.0,90591.0,1,0.0082900067335607,-0.0057476951988407,2010-2013,2013,0.0113717628577122
2010,VIC,309,Gorton,21235,MAJOR,Sean Robert,1,FFP,Family First,6153.0,97985.0,0.0627953258151757,FFP,False,False,Gorton,1,0.022795325815175703,2.31,14213.43,4,0.0289679731549752,2538.0,87614.0,1,0.0289679731549752,-0.0338273526602005,2010-2013,2013,0.0395014341150666
2010,VIC,215,Higgins,21962,FAWCETT,David Michael,2,IND,Independent,1225.0,81347.0,0.0150589450133379,IND,False,True,Higgins,0,-0.024941054986662103,2.31,0.0,5,0.0190477281317649,1663.0,87307.0,1,0.0190477281317649,0.003988783118427002,2010-2013,2013,0.0027808744441313
2010,VIC,215,Higgins,21962,FAWCETT,David Michael,2,IND,Independent,1225.0,81347.0,0.0150589450133379,IND,False,True,Higgins,0,-0.024941054986662103,2.31,0.0,5,0.0190477281317649,1663.0,87307.0,1,0.0190477281317649,0.003988783118427002,2010-2013,2013,0.0197846353624324
2010,VIC,215,Higgins,21962,FAWCETT,David Michael,2,IND,Independent,1225.0,81347.0,0.0150589450133379,IND,False,True,Higgins,0,-0.024941054986662103,2.31,0.0,5,0.0190477281317649,1663.0,87307.0,1,0.0190477281317649,0.003988783118427002,2010-2013,2013,0.0032463952761886
2010,VIC,215,Higgins,21651,TRUTER,Ashley,4,FFP,Family First,777.0,81347.0,0.0095516736941743,FFP,False,False,Higgins,0,-0.030448326305825703,2.31,0.0,5,0.0084987458050328,742.0,87307.0,1,0.0084987458050328,-0.0010529278891415004,2010-2013,2013,0.0076810937289443
2010,VIC,216,Holt,21192,HITCHINS,Mark,3,SPA,Secular Party of Australia,776.0,95545.0,0.0081218274111675,SPA,False,False,Holt,0,-0.0318781725888325,2.31,0.0,5,,,,0,0.0,,2010-2013,2013,
2010,VIC,216,Holt,21195,GEORGE,Ian,4,FFP,Family First,4772.0,95545.0,0.0499450520697053,FFP,False,False,Holt,1,0.0099450520697053,2.31,11023.32,5,0.0249600214709862,2232.0,89423.0,1,0.0249600214709862,-0.0249850305987191,2010-2013,2013,0.0438869448183041
2010,VIC,217,Hotham,21150,REARDON,Trent,3,SPA,Secular Party of Australia,556.0,79360.0,0.0070060483870967,SPA,False,False,Hotham,0,-0.0329939516129033,2.31,0.0,5,,,,0,0.0,,2010-2013,2013,
2010,VIC,217,Hotham,21133,ONG,Gary,4,FFP,Family First,1688.0,79360.0,0.0212701612903225,FFP,False,False,Hotham,0,-0.0187298387096775,2.31,0.0,5,0.0211496178410637,1818.0,85959.0,1,0.0211496178410637,-0.00012054344925880103,2010-2013,2013,0.0203735353063407
2010,VIC,218,Indi,20732,LAPPIN,Alan,1,IND,Independent,4945.0,84671.0,0.0584025227055308,IND,False,True,Indi,1,0.018402522705530798,2.31,11422.95,6,0.3117931785766427,27763.0,89043.0,1,0.3117931785766427,0.25339065587111187,2010-2013,2013,
2010,VIC,218,Indi,21200,CAREY,Mark,4,DEM,Australian Democrats,947.0,84671.0,0.0111844669367315,DEM,False,False,Indi,0,-0.0288155330632685,2.31,0.0,6,,,,0,0.0,,2010-2013,2013,0.0169321415498695
2010,VIC,218,Indi,21215,CAVEDON,Robert,6,FFP,Family First,3190.0,84671.0,0.0376752370941644,FFP,False,False,Indi,0,-0.002324762905835602,2.31,0.0,6,0.0149366036633985,1330.0,89043.0,1,0.0149366036633985,-0.022738633430765896,2010-2013,2013,0.0381622604527045
2010,VIC,219,Isaacs,21295,WHEATLEY,Heather,1,FFP,Family First,3377.0,91315.0,0.0369818759239993,FFP,False,False,Isaacs,0,-0.0030181240760007028,2.31,0.0,5,0.0288670018914056,2503.0,86708.0,1,0.0288670018914056,-0.0081148740325937,2010-2013,2013,0.0255419926738305
2010,VIC,219,Isaacs,15530,FORD,Gordon W,4,IND,Independent,1355.0,91315.0,0.0148387450035591,IND,False,True,Isaacs,0,-0.025161254996440903,2.31,0.0,5,,,,0,0.0,,2010-2013,2013,0.0125828620754529
2010,VIC,220,Jagajaga,21248,SGARLATA,Joe,1,FFP,Family First,2109.0,85943.0,0.0245395203797866,FFP,False,False,Jagajaga,0,-0.0154604796202134,2.31,0.0,5,0.0162654876917198,1490.0,91605.0,1,0.0162654876917198,-0.008274032688066799,2010-2013,2013,0.0235905637744902
2010,VIC,220,Jagajaga,21227,HARRIS,Peter,5,SPA,Secular Party of Australia,560.0,85943.0,0.0065159466157802,SPA,False,False,Jagajaga,0,-0.0334840533842198,2.31,0.0,5,,,,0,0.0,,2010-2013,2013,
2010,VIC,221,Kooyong,21086,LAIDLER,John,4,FFP,Family First,1272.0,81287.0,0.0156482586391427,FFP,False,False,Kooyong,0,-0.024351741360857302,2.31,0.0,4,0.0094150138086869,825.0,87626.0,1,0.0094150138086869,-0.0062332448304557985,2010-2013,2013,0.0153915633238941
2010,VIC,223,La Trobe,20914,LEAHY,Martin,1,ASXP,Australian Sex Party,2539.0,88997.0,0.0285290515410631,ASXP,False,False,La Trobe,0,-0.0114709484589369,2.31,0.0,6,0.0278509216123151,2475.0,88866.0,1,0.0278509216123151,-0.0006781299287480017,2010-2013,2013,
2010,VIC,223,La Trobe,21213,BARROW,David,3,FFP,Family First,1917.0,88997.0,0.0215400519118621,FFP,False,False,La Trobe,0,-0.0184599480881379,2.31,0.0,6,0.0189048680035109,1680.0,88866.0,1,0.0189048680035109,-0.002635183908351199,2010-2013,2013,0.0284112894715242
2010,VIC,223,La Trobe,21238,BENNETT,Shem,6,LDP,Liberal Democrats (LDP),587.0,88997.0,0.0065957279458858,LDP,False,False,La Trobe,0,-0.0334042720541142,2.31,0.0,6,,,,0,0.0,,2010-2013,2013,0.0009966816364339
2010,VIC,222,Lalor,21043,SHEEHAN,Paul,1,SPA,Secular Party of Australia,881.0,103188.0,0.0085378144745513,SPA,False,False,Lalor,0,-0.0314621855254487,2.31,0.0,9,,,,0,0.0,,2010-2013,2013,
2010,VIC,222,Lalor,21938,SHAW,Brian William,2,IND,Independent,659.0,103188.0,0.0063864015195565,IND,False,True,Lalor,0,-0.0336135984804435,2.31,0.0,9,0.0197256401195103,1842.0,93381.0,1,0.0197256401195103,0.0133392385999538,2010-2013,2013,
2010,VIC,222,Lalor,21081,McLEAN,Lori,4,FFP,Family First,2880.0,103188.0,0.027910222118851,FFP,False,False,Lalor,0,-0.012089777881149,2.31,0.0,9,0.0284104903567106,2653.0,93381.0,1,0.0284104903567106,0.0005002682378595982,2010-2013,2013,0.0439566191403387
2010,VIC,222,Lalor,21404,RUDD,Van,6,,,516.0,103188.0,0.0050005814629608,,False,False,Lalor,0,-0.0349994185370392,2.31,0.0,9,,,,0,0.0,,2010-2013,2013,
2010,VIC,222,Lalor,21945,AUSSIE-STONE,Marc,7,IND,Independent,410.0,103188.0,0.0039733302321975,IND,False,True,Lalor,0,-0.0360266697678025,2.31,0.0,9,0.0197256401195103,1842.0,93381.0,1,0.0197256401195103,0.0157523098873128,2010-2013,2013,
2010,VIC,222,Lalor,20731,CLARKE,Joanne,9,IND,Independent,708.0,103188.0,0.0068612629375508,IND,False,True,Lalor,0,-0.0331387370624492,2.31,0.0,9,0.0197256401195103,1842.0,93381.0,1,0.0197256401195103,0.0128643771819595,2010-2013,2013,
2010,VIC,224,Mallee,21106,CARTER,Carl,3,FFP,Family First,4456.0,81453.0,0.0547063950990141,FFP,False,False,Mallee,1,0.0147063950990141,2.31,10293.36,4,0.0157979355500151,1356.0,85834.0,1,0.0157979355500151,-0.038908459548999005,2010-2013,2013,0.0652931283037001
2010,VIC,225,Maribyrnong,21400,MOYLE,Colin,2,FFP,Family First,1988.0,76572.0,0.0259624928172177,FFP,False,False,Maribyrnong,0,-0.0140375071827823,2.31,0.0,5,0.0104752710365413,944.0,90117.0,1,0.0104752710365413,-0.0154872217806764,2010-2013,2013,0.0257817340397284
2010,VIC,225,Maribyrnong,21439,LIVESAY,Robert,4,DEM,Australian Democrats,841.0,76572.0,0.0109831269915896,DEM,False,False,Maribyrnong,0,-0.029016873008410403,2.31,0.0,5,,,,0,0.0,,2010-2013,2013,0.0157042244616687
2010,VIC,226,McEwen,21721,BINI,Mark,2,LDP,Liberal Democrats (LDP),1332.0,105107.0,0.0126728000989467,LDP,False,False,McEwen,0,-0.0273271999010533,2.31,0.0,6,,,,0,0.0,,2010-2013,2013,0.0083396277173631
2010,VIC,226,McEwen,21054,GORDON,Robert,5,SPA,Secular Party of Australia,549.0,105107.0,0.0052232486894307,SPA,False,False,McEwen,0,-0.0347767513105693,2.31,0.0,6,,,,0,0.0,,2010-2013,2013,
2010,VIC,226,McEwen,21110,CLARKSON,Belinda,6,FFP,Family First,3358.0,105107.0,0.0319483954446421,FFP,False,False,McEwen,0,-0.008051604555357902,2.31,0.0,6,0.0286981167478101,2906.0,101261.0,1,0.0286981167478101,-0.003250278696831997,2010-2013,2013,0.0248740260949641
2010,VIC,227,McMillan,20716,GATT,Leigh Samuel,2,IND,Independent,1844.0,84960.0,0.0217043314500941,IND,False,True,McMillan,0,-0.0182956685499059,2.31,0.0,5,0.0132514475476839,1245.0,93952.0,1,0.0132514475476839,-0.008452883902410202,2010-2013,2013,
2010,VIC,227,McMillan,21332,STOKES,Linden,3,FFP,Family First,2776.0,84960.0,0.0326741996233521,FFP,False,False,McMillan,0,-0.007325800376647901,2.31,0.0,5,0.0201485865122615,1893.0,93952.0,1,0.0201485865122615,-0.0125256131110906,2010-2013,2013,0.0293989952242138
2010,VIC,228,Melbourne,21654,PEARSON,Georgia,1,FFP,Family First,1389.0,89327.0,0.0155496098604005,FFP,False,False,Melbourne,0,-0.0244503901395995,2.31,0.0,7,0.0053577130962377,453.0,84551.0,1,0.0053577130962377,-0.0101918967641628,2010-2013,2013,0.0100247764977221
2010,VIC,228,Melbourne,20847,MURRAY,Joel,3,ASXP,Australian Sex Party,1633.0,89327.0,0.0182811467977207,ASXP,False,False,Melbourne,0,-0.0217188532022793,2.31,0.0,7,0.0191718607704225,1621.0,84551.0,1,0.0191718607704225,0.0008907139727017989,2010-2013,2013,
2010,VIC,228,Melbourne,21631,COLLYER,David,4,DEM,Australian Democrats,602.0,89327.0,0.0067392837551916,DEM,False,False,Melbourne,0,-0.0332607162448084,2.31,0.0,7,,,,0,0.0,,2010-2013,2013,0.0143292648116643
2010,VIC,228,Melbourne,21636,GREEN,Penelope,5,SPA,Secular Party of Australia,613.0,89327.0,0.0068624268138412,SPA,False,False,Melbourne,0,-0.0331375731861588,2.31,0.0,7,0.0027202516824165,230.0,84551.0,1,0.0027202516824165,-0.0041421751314247,2010-2013,2013,
2010,VIC,230,Melbourne Ports,20849,VEGA,Christian,4,ASXP,Australian Sex Party,1851.0,84821.0,0.0218224260501526,ASXP,False,False,Melbourne Ports,0,-0.0181775739498474,2.31,0.0,6,0.0381014641125898,3089.0,81073.0,1,0.0381014641125898,0.0162790380624372,2010-2013,2013,
2010,VIC,230,Melbourne Ports,21585,STORER,Gregory,5,SPA,Secular Party of Australia,362.0,84821.0,0.004267811037361,SPA,False,False,Melbourne Ports,0,-0.035732188962639,2.31,0.0,6,,,,0,0.0,,2010-2013,2013,
2010,VIC,230,Melbourne Ports,21615,EMMERSON,Daniel,6,FFP,Family First,632.0,84821.0,0.0074509850155032,FFP,False,False,Melbourne Ports,0,-0.032549014984496805,2.31,0.0,6,0.0060439357122593,490.0,81073.0,1,0.0060439357122593,-0.0014070493032438992,2010-2013,2013,0.0084920017193108
2010,VIC,229,Menzies,21123,SMITHIES,Ken,1,FFP,Family First,2892.0,81913.0,0.0353057512238594,FFP,False,False,Menzies,0,-0.004694248776140601,2.31,0.0,4,0.021586379298696,1917.0,88806.0,1,0.021586379298696,-0.013719371925163398,2010-2013,2013,0.0242127295214537
2010,VIC,231,Murray,21082,CLARKE-HANNAFORD,William,2,SPA,Secular Party of Australia,380.0,80548.0,0.0047176838655211,SPA,False,False,Murray,0,-0.0352823161344789,2.31,0.0,7,,,,0,0.0,,2010-2013,2013,
2010,VIC,231,Murray,20760,DAVY,Jeff,3,CEC,Citizens Electoral Council,493.0,80548.0,0.0061205740676366,CEC,False,False,Murray,0,-0.0338794259323634,2.31,0.0,7,0.0035612856692061,316.0,88732.0,1,0.0035612856692061,-0.0025592883984305,2010-2013,2013,0.0025188604327973
2010,VIC,231,Murray,21099,MOORE,Serena,5,FFP,Family First,2958.0,80548.0,0.0367234444058201,FFP,False,False,Murray,0,-0.0032765555941799,2.31,0.0,7,0.0179078573682549,1589.0,88732.0,1,0.0179078573682549,-0.0188155870375652,2010-2013,2013,0.0331794719078816
2010,VIC,231,Murray,21930,McDONALD,Ewan,6,CDP,Christian Democratic Party,632.0,80548.0,0.0078462531658141,CDP,False,False,Murray,0,-0.0321537468341859,2.31,0.0,7,,,,0,0.0,,2010-2013,2013,
2010,VIC,232,Scullin,21096,STRATOV,Ivan,1,FFP,Family First,4226.0,79380.0,0.0532375913328294,FFP,False,False,Scullin,1,0.013237591332829396,2.31,9762.06,4,0.026454207920792,2394.0,90496.0,1,0.026454207920792,-0.026783383412037398,2010-2013,2013,0.0472794991485034
2010,VIC,233,Wannon,21810,PURCELL,James,1,IND,Independent,4652.0,83251.0,0.0558792086581542,IND,False,True,Wannon,1,0.015879208658154197,2.31,10746.12,9,,,,0,0.0,,2010-2013,2013,
2010,VIC,233,Wannon,21669,LEUTTON,Ralph,2,IND,Independent,2582.0,83251.0,0.0310146424667571,IND,False,True,Wannon,0,-0.0089853575332429,2.31,0.0,9,,,,0,0.0,,2010-2013,2013,
2010,VIC,233,Wannon,21960,MARSH,Allan,4,IND,Independent,1080.0,83251.0,0.0129728171433376,IND,False,True,Wannon,0,-0.0270271828566624,2.31,0.0,9,,,,0,0.0,,2010-2013,2013,
2010,VIC,233,Wannon,21080,CONCEPCION,Jahzeel,6,FFP,Family First,1795.0,83251.0,0.0215613025669361,FFP,False,False,Wannon,0,-0.0184386974330639,2.31,0.0,9,0.0221877054942064,1957.0,88202.0,1,0.0221877054942064,0.0006264029272703003,2010-2013,2013,0.0429415488499683
2010,VIC,233,Wannon,21376,O'BRIEN,Robert,8,IND,Independent,745.0,83251.0,0.0089488414553578,IND,False,True,Wannon,0,-0.0310511585446422,2.31,0.0,9,,,,0,0.0,,2010-2013,2013,
2010,VIC,233,Wannon,20940,RAINSFORD,Katrina,9,IND,Independent,4066.0,83251.0,0.048840254171121,IND,False,True,Wannon,1,0.008840254171120998,2.31,9392.460000000001,9,,,,0,0.0,,2010-2013,2013,
2010,VIC,234,Wills,21142,MUMBY,Daniel,3,FFP,Family First,1320.0,84388.0,0.0156420344124757,FFP,False,False,Wills,0,-0.024357965587524302,2.31,0.0,7,0.0141725856972691,1285.0,90668.0,1,0.0141725856972691,-0.0014694487152065987,2010-2013,2013,0.0143011239082779
2010,VIC,234,Wills,20762,ISHERWOOD,Craig,4,CEC,Citizens Electoral Council,429.0,84388.0,0.0050836611840546,CEC,False,False,Wills,0,-0.0349163388159454,2.31,0.0,7,,,,0,0.0,,2010-2013,2013,0.0026328914251249
2010,VIC,234,Wills,21220,HAWKINS,Trent,5,SAL,Socialist Alliance,726.0,84388.0,0.0086031189268616,SAL,False,False,Wills,0,-0.0313968810731384,2.31,0.0,7,0.0112939515595358,1024.0,90668.0,1,0.0112939515595358,0.0026908326326742,2010-2013,2013,0.0072375517589338
2010,VIC,234,Wills,21144,ROBERTON,Paul Richard,6,DEM,Australian Democrats,734.0,84388.0,0.008697919135422,DEM,False,False,Wills,0,-0.031302080864578,2.31,0.0,7,,,,0,0.0,,2010-2013,2013,0.0232552744818307
2010,WA,235,Brand,21242,BURDETT,Robert,3,CDP,Christian Democratic Party,1771.0,78028.0,0.022696980571077,CDP,False,False,Brand,0,-0.017303019428923,2.31,0.0,5,,,,0,0.0,,2010-2013,2013,0.0249419111240197
2010,WA,235,Brand,21275,NEWHOUSE,Andrew,4,FFP,Family First,2190.0,78028.0,0.0280668477982262,FFP,False,False,Brand,0,-0.011933152201773801,2.31,0.0,5,0.0239306597909664,2079.0,86876.0,1,0.0239306597909664,-0.004136188007259799,2010-2013,2013,0.0179349404589021
2010,WA,236,Canning,21308,VERNEDE,Darren,3,FFP,Family First,1231.0,80121.0,0.0153642615543989,FFP,False,False,Canning,0,-0.024635738445601102,2.31,0.0,6,0.0135264936209643,1197.0,88493.0,1,0.0135264936209643,-0.001837767933434601,2010-2013,2013,0.012960675074011
2010,WA,236,Canning,21297,VAN BURGEL,Jamie,5,CDP,Christian Democratic Party,2470.0,80121.0,0.030828372087218,CDP,False,False,Canning,0,-0.009171627912782001,2.31,0.0,6,,,,0,0.0,,2010-2013,2013,0.0282873726660295
2010,WA,236,Canning,20936,TUFFNELL,Ian,6,CEC,Citizens Electoral Council,446.0,80121.0,0.0055665805469227,CEC,False,False,Canning,0,-0.034433419453077305,2.31,0.0,6,,,,0,0.0,,2010-2013,2013,0.0030420289517238
2010,WA,237,Cowan,21277,KINGSTON,David,3,CDP,Christian Democratic Party,2081.0,80054.0,0.0259949534064506,CDP,False,False,Cowan,0,-0.0140050465935494,2.31,0.0,5,,,,0,0.0,,2010-2013,2013,0.0186664781163826
2010,WA,237,Cowan,21286,LEACH,Alan,5,FFP,Family First,1888.0,80054.0,0.0235840807454967,FFP,False,False,Cowan,0,-0.0164159192545033,2.31,0.0,5,0.0170877375930227,1442.0,84388.0,1,0.0170877375930227,-0.006496343152474,2010-2013,2013,0.0171109382733507
2010,WA,238,Curtin,21240,SEYMOUR,Pat,4,CDP,Christian Democratic Party,1534.0,81827.0,0.0187468683930731,CDP,False,False,Curtin,0,-0.0212531316069269,2.31,0.0,4,,,,0,0.0,,2010-2013,2013,0.0126844552253891
2010,WA,312,Durack,21390,FORSYTH,Mac,4,CDP,Christian Democratic Party,1121.0,71998.0,0.0155698769410261,CDP,False,False,Durack,0,-0.0244301230589739,2.31,0.0,6,,,,0,0.0,,2010-2013,2013,
2010,WA,312,Durack,21374,FOREMAN,Jane,6,FFP,Family First,1729.0,71998.0,0.0240145559598877,FFP,False,False,Durack,0,-0.0159854440401123,2.31,0.0,6,0.0103057971797503,763.0,74036.0,1,0.0103057971797503,-0.0137087587801374,2010-2013,2013,
2010,WA,239,Forrest,21249,HERRIDGE,Lee,4,CDP,Christian Democratic Party,1158.0,80600.0,0.0143672456575682,CDP,False,False,Forrest,0,-0.0256327543424318,2.31,0.0,6,,,,0,0.0,,2010-2013,2013,0.0191603498542274
2010,WA,239,Forrest,21288,CUSTERS,Bev,5,FFP,Family First,1573.0,80600.0,0.019516129032258,FFP,False,False,Forrest,0,-0.020483870967742002,2.31,0.0,6,0.0148671903351556,1270.0,85423.0,1,0.0148671903351556,-0.004648938697102398,2010-2013,2013,0.0134110787172011
2010,WA,240,Fremantle,21263,PARSONS,Larry,3,FFP,Family First,1409.0,82336.0,0.0171128060629615,FFP,False,False,Fremantle,0,-0.022887193937038502,2.31,0.0,7,0.009310281489645,811.0,87108.0,1,0.009310281489645,-0.007802524573316498,2010-2013,2013,0.0143302336641593
2010,WA,240,Fremantle,21223,ROBERTSON,Scott James,4,CDP,Christian Democratic Party,1294.0,82336.0,0.01571609016712,CDP,False,False,Fremantle,0,-0.02428390983288,2.31,0.0,7,,,,0,0.0,,2010-2013,2013,0.0172213113728238
2010,WA,240,Fremantle,21990,McENCROE,Keith John,6,DLP,D.L.P. - Democratic Labor Party,622.0,82336.0,0.0075544111931597,DLP,False,False,Fremantle,0,-0.0324455888068403,2.31,0.0,7,,,,0,0.0,,2010-2013,2013,
2010,WA,240,Fremantle,21187,ANDREW,Sanna,7,SAL,Socialist Alliance,662.0,82336.0,0.0080402254178002,SAL,False,False,Fremantle,0,-0.0319597745821998,2.31,0.0,7,0.0085296413647426,743.0,87108.0,1,0.0085296413647426,0.0004894159469423995,2010-2013,2013,0.004518091137783
2010,WA,305,Hasluck,21940,MIDDLETON,Andrew Charles,2,TCS,The Climate Sceptics,539.0,82496.0,0.0065336501163692,TCS,False,False,Hasluck,0,-0.0334663498836308,2.31,0.0,7,,,,0,0.0,,2010-2013,2013,
2010,WA,305,Hasluck,21254,BREWER,Linda E,3,CDP,Christian Democratic Party,2505.0,82496.0,0.0303651086113266,CDP,False,False,Hasluck,0,-0.009634891388673402,2.31,0.0,7,,,,0,0.0,,2010-2013,2013,0.0303422177452288
2010,WA,305,Hasluck,21265,McCOURT,Jim,4,FFP,Family First,1861.0,82496.0,0.022558669511249,FFP,False,False,Hasluck,0,-0.017441330488751,2.31,0.0,7,0.0159159544325641,1365.0,85763.0,1,0.0159159544325641,-0.006642715078684903,2010-2013,2013,0.0117475701723339
2010,WA,305,Hasluck,21988,HENRY,Dot,7,IND,Independent,1457.0,82496.0,0.0176614623739332,IND,False,True,Hasluck,0,-0.0223385376260668,2.31,0.0,7,,,,0,0.0,,2010-2013,2013,
2010,WA,242,Moore,21848,GAULT,George,1,ON,One Nation,1471.0,82203.0,0.0178947240368356,ON,False,False,Moore,0,-0.0221052759631644,2.31,0.0,6,,,,0,0.0,,2010-2013,2013,0.0102318168234406
2010,WA,242,Moore,21237,BIRCH,Meg,3,CDP,Christian Democratic Party,1804.0,82203.0,0.0219456710825638,CDP,False,False,Moore,0,-0.0180543289174362,2.31,0.0,6,,,,0,0.0,,2010-2013,2013,0.0221428469781275
2010,WA,242,Moore,21264,BARRETT,Paul,4,FFP,Family First,1573.0,82203.0,0.0191355546634551,FFP,False,False,Moore,0,-0.020864445336544902,2.31,0.0,6,,,,0,0.0,,2010-2013,2013,0.0115410339969546
2010,WA,243,O'Connor,20925,ROBINSON,Jean,2,CEC,Citizens Electoral Council,375.0,81584.0,0.0045964895077466,CEC,False,False,O'Connor,0,-0.035403510492253404,2.31,0.0,9,0.0049327354260089,407.0,82510.0,1,0.0049327354260089,0.00033624591826230017,2010-2013,2013,0.0027870167089539
2010,WA,243,O'Connor,21313,SCALLAN,Pat,4,FFP,Family First,1164.0,81584.0,0.0142675034320455,FFP,False,False,O'Connor,0,-0.025732496567954503,2.31,0.0,9,0.00845958065689,698.0,82510.0,1,0.00845958065689,-0.005807922775155499,2010-2013,2013,0.0130279884838366
2010,WA,243,O'Connor,21296,YOUNG,Jacky,5,CDP,Christian Democratic Party,2221.0,81584.0,0.0272234751912139,CDP,False,False,O'Connor,0,-0.012776524808786102,2.31,0.0,9,,,,0,0.0,,2010-2013,2013,0.0293819921910946
2010,WA,243,O'Connor,21981,STOKES,Geoffrey,7,IND,Independent,1298.0,81584.0,0.0159099823494802,IND,False,True,O'Connor,0,-0.0240900176505198,2.31,0.0,9,0.0173433523209307,1431.0,82510.0,1,0.0173433523209307,0.0014333699714505002,2010-2013,2013,0.0148290323004719
2010,WA,243,O'Connor,21981,STOKES,Geoffrey,7,IND,Independent,1298.0,81584.0,0.0159099823494802,IND,False,True,O'Connor,0,-0.0240900176505198,2.31,0.0,9,0.0173433523209307,1431.0,82510.0,1,0.0173433523209307,0.0014333699714505002,2010-2013,2013,0.012962256957682
2010,WA,243,O'Connor,21981,STOKES,Geoffrey,7,IND,Independent,1298.0,81584.0,0.0159099823494802,IND,False,True,O'Connor,0,-0.0240900176505198,2.31,0.0,9,0.0173433523209307,1431.0,82510.0,1,0.0173433523209307,0.0014333699714505002,2010-2013,2013,0.0031156743397268
2010,WA,243,O'Connor,20767,SMITHSON,Neil Ramsay,9,IND,Independent,500.0,81584.0,0.0061286526769954,IND,False,True,O'Connor,0,-0.0338713473230046,2.31,0.0,9,0.0173433523209307,1431.0,82510.0,1,0.0173433523209307,0.011214699643935302,2010-2013,2013,0.0148290323004719
2010,WA,243,O'Connor,20767,SMITHSON,Neil Ramsay,9,IND,Independent,500.0,81584.0,0.0061286526769954,IND,False,True,O'Connor,0,-0.0338713473230046,2.31,0.0,9,0.0173433523209307,1431.0,82510.0,1,0.0173433523209307,0.011214699643935302,2010-2013,2013,0.012962256957682
2010,WA,243,O'Connor,20767,SMITHSON,Neil Ramsay,9,IND,Independent,500.0,81584.0,0.0061286526769954,IND,False,True,O'Connor,0,-0.0338713473230046,2.31,0.0,9,0.0173433523209307,1431.0,82510.0,1,0.0173433523209307,0.011214699643935302,2010-2013,2013,0.0031156743397268
2010,WA,244,Pearce,20934,PEPPER,Chris,3,CEC,Citizens Electoral Council,456.0,78641.0,0.0057985020536361,CEC,False,False,Pearce,0,-0.0342014979463639,2.31,0.0,7,0.0049778322051002,439.0,88191.0,1,0.0049778322051002,-0.0008206698485359008,2010-2013,2013,0.0032474050281638
2010,WA,244,Pearce,21267,ROSE,Ian,6,FFP,Family First,1619.0,78641.0,0.0205872254930634,FFP,False,False,Pearce,0,-0.0194127745069366,2.31,0.0,7,,,,0,0.0,,2010-2013,2013,0.0146310357450728
2010,WA,244,Pearce,21252,BROADSTOCK,Janet Elizabeth,7,CDP,Christian Democratic Party,1691.0,78641.0,0.0215027784489007,CDP,False,False,Pearce,0,-0.0184972215510993,2.31,0.0,7,,,,0,0.0,,2010-2013,2013,0.0198741187723628
2010,WA,245,Perth,21241,CONNELLY,Paul Michael,2,CDP,Christian Democratic Party,2093.0,80194.0,0.0260992094171633,CDP,False,False,Perth,0,-0.013900790582836702,2.31,0.0,6,,,,0,0.0,,2010-2013,2013,0.0203664426443155
2010,WA,245,Perth,21278,IRVINE,Nigel Peter,4,FFP,Family First,1243.0,80194.0,0.0154999127116741,FFP,False,False,Perth,0,-0.0245000872883259,2.31,0.0,6,0.0080659746084566,669.0,82941.0,1,0.0080659746084566,-0.0074339381032175,2010-2013,2013,0.0107070758694707
2010,WA,245,Perth,21179,BAINBRIDGE,Alex,5,SAL,Socialist Alliance,618.0,80194.0,0.0077063121929321,SAL,False,False,Perth,0,-0.0322936878070679,2.31,0.0,6,,,,0,0.0,,2010-2013,2013,0.0059285002427618
2010,WA,246,Stirling,21979,RE,Elizabeth,3,IND,Independent,1824.0,80607.0,0.0226283077152108,IND,False,True,Stirling,0,-0.0173716922847892,2.31,0.0,6,0.0108475800626053,901.0,83060.0,1,0.0108475800626053,-0.0117807276526055,2010-2013,2013,
2010,WA,246,Stirling,21247,WHATELY,Jenny,4,CDP,Christian Democratic Party,1630.0,80607.0,0.0202215688463781,CDP,False,False,Stirling,0,-0.019778431153621902,2.31,0.0,6,,,,0,0.0,,2010-2013,2013,0.0173808847327395
2010,WA,246,Stirling,21269,CLIFFORD,Peter,5,FFP,Family First,838.0,80607.0,0.0103961194437207,FFP,False,False,Stirling,0,-0.0296038805562793,2.31,0.0,6,0.0082590898145918,686.0,83060.0,1,0.0082590898145918,-0.0021370296291289004,2010-2013,2013,0.0064730515991155
2010,WA,247,Swan,20727,LOPEZ,Joe,2,SEP,Socialist Equality Party,398.0,79439.0,0.0050101335616007,SEP,False,False,Swan,0,-0.0349898664383993,2.31,0.0,7,,,,0,0.0,,2010-2013,2013,0.0021602729924596
2010,WA,247,Swan,21250,KLOMP,Steve,4,CDP,Christian Democratic Party,1646.0,79439.0,0.0207203011115447,CDP,False,False,Swan,0,-0.0192796988884553,2.31,0.0,7,,,,0,0.0,,2010-2013,2013,0.0166492377125873
2010,WA,247,Swan,21280,DRENNAN,Barry,5,FFP,Family First,981.0,79439.0,0.0123490980500761,FFP,False,False,Swan,0,-0.027650901949923902,2.31,0.0,7,0.0097424425782634,797.0,81807.0,1,0.0097424425782634,-0.002606655471812701,2010-2013,2013,0.0079668666409818
2010,WA,247,Swan,21405,TREASURE,Bret,7,ASXP,Australian Sex Party,2060.0,79439.0,0.0259318470776318,ASXP,False,False,Swan,0,-0.0140681529223682,2.31,0.0,7,,,,0,0.0,,2010-2013,2013,
2010,WA,248,Tangney,21282,RAPP,Moyna,3,FFP,Family First,1399.0,83873.0,0.0166799804466276,FFP,False,False,Tangney,0,-0.0233200195533724,2.31,0.0,5,,,,0,0.0,,2010-2013,2013,0.0105162647259964
2010,WA,248,Tangney,21239,CHEW,Ka-ren,5,CDP,Christian Democratic Party,2814.0,83873.0,0.0335507255016513,CDP,False,False,Tangney,0,-0.0064492744983487005,2.31,0.0,5,,,,0,0.0,,2010-2013,2013,0.024090633427528
2013,ACT,101,Canberra,24239,HANLEY,Tony,3,PUP,Palmer United Party,3725.0,115968.0,0.0321209299116997,UAPP,False,False,Canberra,0,-0.0078790700883003,2.49,0.0,6,,,,0,0.0,,2013-2016,2016,
2013,ACT,101,Canberra,24118,MAHER,Damien,4,BTA,Bullet Train For Australia,4756.0,115968.0,0.0410113134657836,BTA,False,False,Canberra,1,0.001011313465783599,2.49,11842.44,6,0.046713797389683,6013.0,128720.0,1,0.046713797389683,0.005702483923899403,2013-2016,2016,
2013,ACT,101,Canberra,24238,BURT,Nicolle,6,SPA,Secular Party of Australia,1264.0,115968.0,0.0108995584988962,SPA,False,False,Canberra,0,-0.029100441501103802,2.49,0.0,6,,,,0,0.0,,2013-2016,2016,
2013,ACT,102,Fraser,24908,CHURCHILL,Darren Mark,1,DEM,Australian Democrats,2444.0,125535.0,0.0194686740749591,DEM,False,False,Fenner,0,-0.0205313259250409,2.49,0.0,7,,,,0,0.0,,2013-2016,2016,
2013,ACT,102,Fraser,24246,ALCAZAR,Freddy Alejandro,4,PUP,Palmer United Party,3063.0,125535.0,0.0243995698410801,UAPP,False,False,Fenner,0,-0.0156004301589199,2.49,0.0,7,,,,0,0.0,,2013-2016,2016,
2013,ACT,102,Fraser,24251,ROSS,Jill Elizabeth,5,RUA,Rise Up Australia Party,1508.0,125535.0,0.0120125861313577,RUA,False,False,Fenner,0,-0.0279874138686423,2.49,0.0,7,,,,0,0.0,,2013-2016,2016,
2013,ACT,102,Fraser,24135,HUGGINS,Sam,6,BTA,Bullet Train For Australia,5099.0,125535.0,0.0406181542995977,BTA,False,False,Fenner,1,0.0006181542995976966,2.49,12696.51,7,0.037573978810211,4660.0,124022.0,1,0.037573978810211,-0.003044175489386694,2013-2016,2016,
2013,NSW,103,Banks,24115,WELLHAM,Jake John,2,PUP,Palmer United Party,2125.0,84875.0,0.0250368188512518,UAPP,False,False,Banks,0,-0.0149631811487482,2.49,0.0,8,,,,0,0.0,,2013-2016,2016,
2013,NSW,103,Banks,24777,KHEDR,Sayed,3,IND,Independent,768.0,84875.0,0.0090486008836524,IND,False,True,Banks,0,-0.030951399116347603,2.49,0.0,8,0.0149278653486508,1341.0,89832.0,1,0.0149278653486508,0.0058792644649983995,2013-2016,2016,
2013,NSW,103,Banks,24607,RICHARDSON,Ross,4,KAP,Katter's Australian Party,553.0,84875.0,0.0065154639175257,KAP,False,False,Banks,0,-0.0334845360824743,2.49,0.0,8,,,,0,0.0,,2013-2016,2016,
2013,NSW,103,Banks,24575,FALANGA,Mark,6,CDP,Christian Democratic Party (Fred Nile Group),1983.0,84875.0,0.0233637702503681,CDP,False,False,Banks,0,-0.0166362297496319,2.49,0.0,8,0.0531770415887434,4777.0,89832.0,1,0.0531770415887434,0.029813271338375302,2013-2016,2016,
2013,NSW,103,Banks,23964,HADDAD,Robert Michael,7,DLP,Democratic Labour Party (DLP),470.0,84875.0,0.0055375552282768,DLP,False,False,Banks,0,-0.0344624447717232,2.49,0.0,8,,,,0,0.0,,2013-2016,2016,
2013,NSW,104,Barton,24129,CARUANA,Edward,1,PUP,Palmer United Party,3114.0,80001.0,0.0389245134435819,UAPP,False,False,Barton,0,-0.0010754865564180996,2.49,0.0,8,,,,0,0.0,,2013-2016,2016,
2013,NSW,104,Barton,24923,NAGI,Michael,3,IND,Independent,3071.0,80001.0,0.0383870201622479,IND,False,True,Barton,0,-0.0016129798377521043,2.49,0.0,8,0.0254954276983421,2236.0,87702.0,1,0.0254954276983421,-0.012891592463905796,2013-2016,2016,
2013,NSW,104,Barton,24555,THEO,Perry,4,ON,One Nation,686.0,80001.0,0.0085748928138398,ON,False,False,Barton,0,-0.0314251071861602,2.49,0.0,8,,,,0,0.0,,2013-2016,2016,
2013,NSW,104,Barton,24554,FRENCH,Kylie Mary,6,CDP,Christian Democratic Party (Fred Nile Group),1549.0,80001.0,0.0193622579717753,CDP,False,False,Barton,0,-0.0206377420282247,2.49,0.0,8,0.0423479510159403,3714.0,87702.0,1,0.0423479510159403,0.022985693044165,2013-2016,2016,
2013,NSW,104,Barton,24559,WYSE,Rodney Tim,8,KAP,Katter's Australian Party,567.0,80001.0,0.0070874114073574,KAP,False,False,Barton,0,-0.0329125885926426,2.49,0.0,8,,,,0,0.0,,2013-2016,2016,
2013,NSW,105,Bennelong,24757,WORSLEY,Julie,3,CDP,Christian Democratic Party (Fred Nile Group),2135.0,88522.0,0.0241182982761347,CDP,False,False,Bennelong,0,-0.0158817017238653,2.49,0.0,8,0.0640023419457666,5903.0,92231.0,1,0.0640023419457666,0.03988404366963189,2013-2016,2016,0.0212875215909621
2013,NSW,105,Bennelong,24119,MARKS,Robert James,4,PUP,Palmer United Party,1589.0,88522.0,0.0179503400284675,UAPP,False,False,Bennelong,0,-0.0220496599715325,2.49,0.0,8,,,,0,0.0,,2013-2016,2016,
2013,NSW,105,Bennelong,24094,McCAFFREY,Lachlan Patrick,5,DLP,Democratic Labour Party (DLP),617.0,88522.0,0.0069700187524005,DLP,False,False,Bennelong,0,-0.0330299812475995,2.49,0.0,8,,,,0,0.0,,2013-2016,2016,
2013,NSW,105,Bennelong,24715,AUGUST,John,7,SPA,Secular Party of Australia,602.0,88522.0,0.006800569349992,SPA,False,False,Bennelong,0,-0.033199430650008,2.49,0.0,8,,,,0,0.0,,2013-2016,2016,
2013,NSW,105,Bennelong,24778,WATERSON,Victor,8,AFN,Australia First Party,492.0,88522.0,0.0055579403989968,AFN,False,False,Bennelong,0,-0.0344420596010032,2.49,0.0,8,,,,0,0.0,,2013-2016,2016,
2013,NSW,106,Berowra,17744,GALLAGHER,Mick,1,IND,Independent,3374.0,86647.0,0.0389396055258693,IND,False,True,Berowra,0,-0.0010603944741306992,2.49,0.0,7,0.0304093940457576,2859.0,94017.0,1,0.0304093940457576,-0.008530211480111703,2013-2016,2016,0.0286384209789557
2013,NSW,106,Berowra,24589,THEW,Leighton,2,CDP,Christian Democratic Party (Fred Nile Group),2135.0,86647.0,0.0246402068161621,CDP,False,False,Berowra,0,-0.0153597931838379,2.49,0.0,7,0.0554474190837827,5213.0,94017.0,1,0.0554474190837827,0.0308072122676206,2013-2016,2016,0.0274135597965563
2013,NSW,106,Berowra,23168,SMYTHE,Deborah,4,SPP,Stable Population Party,492.0,86647.0,0.0056782115941694,SPP,False,False,Berowra,0,-0.0343217884058306,2.49,0.0,7,,,,0,0.0,,2013-2016,2016,
2013,NSW,106,Berowra,24164,GRAVES,Paul Frederick,6,PUP,Palmer United Party,2324.0,86647.0,0.0268214710261174,UAPP,False,False,Berowra,0,-0.013178528973882601,2.49,0.0,7,,,,0,0.0,,2013-2016,2016,
2013,NSW,107,Blaxland,24541,TALEB,Nafez,1,KAP,Katter's Australian Party,1921.0,78177.0,0.0245724445808869,KAP,False,False,Blaxland,0,-0.015427555419113101,2.49,0.0,7,,,,0,0.0,,2013-2016,2016,
2013,NSW,107,Blaxland,24128,BURROWS,Zali,3,PUP,Palmer United Party,2119.0,78177.0,0.0271051588062985,UAPP,False,False,Blaxland,0,-0.0128948411937015,2.49,0.0,7,,,,0,0.0,,2013-2016,2016,
2013,NSW,107,Blaxland,24537,NASR,Juliat,5,CDP,Christian Democratic Party (Fred Nile Group),1757.0,78177.0,0.0224746408790309,CDP,False,False,Blaxland,0,-0.0175253591209691,2.49,0.0,7,0.0602115541090317,4810.0,79885.0,1,0.0602115541090317,0.0377369132300008,2013-2016,2016,
2013,NSW,107,Blaxland,24348,ZALLOUA,Boutros,7,DLP,Democratic Labour Party (DLP),817.0,78177.0,0.0104506440513194,DLP,False,False,Blaxland,0,-0.0295493559486806,2.49,0.0,7,,,,0,0.0,,2013-2016,2016,
2013,NSW,108,Bradfield,24211,BUCHANAN,Blake,1,PUP,Palmer United Party,2366.0,88684.0,0.0266789950836678,UAPP,False,False,Bradfield,0,-0.013321004916332202,2.49,0.0,6,,,,0,0.0,,2013-2016,2016,
2013,NSW,108,Bradfield,24065,HARROLD,Paul,2,DLP,Democratic Labour Party (DLP),992.0,88684.0,0.0111857832303459,DLP,False,False,Bradfield,0,-0.0288142167696541,2.49,0.0,6,,,,0,0.0,,2013-2016,2016,
2013,NSW,108,Bradfield,24569,ARCHER,John,3,CDP,Christian Democratic Party (Fred Nile Group),1671.0,88684.0,0.0188421812277299,CDP,False,False,Bradfield,0,-0.0211578187722701,2.49,0.0,6,0.0373475446953029,3497.0,93634.0,1,0.0373475446953029,0.018505363467573,2013-2016,2016,
2013,NSW,109,Calare,24662,KIRKLAND,Billie,2,KAP,Katter's Australian Party,1293.0,91323.0,0.0141585361847508,KAP,False,False,Calare,0,-0.0258414638152492,2.49,0.0,9,,,,0,0.0,,2013-2016,2016,
2013,NSW,109,Calare,24626,LYONS,Ian Scott,3,CDP,Christian Democratic Party (Fred Nile Group),1628.0,91323.0,0.0178268344228726,CDP,False,False,Calare,0,-0.0221731655771274,2.49,0.0,9,0.0237938530884142,2386.0,100278.0,1,0.0237938530884142,0.0059670186655415985,2013-2016,2016,0.0219291365052329
2013,NSW,109,Calare,21725,ROSS,Macgregor,5,IND,Independent,2388.0,91323.0,0.0261489438586117,IND,False,True,Calare,0,-0.0138510561413883,2.49,0.0,9,0.038253654839546,3836.0,100278.0,1,0.038253654839546,0.0121047109809343,2013-2016,2016,0.0463570964344142
2013,NSW,109,Calare,21725,ROSS,Macgregor,5,IND,Independent,2388.0,91323.0,0.0261489438586117,IND,False,True,Calare,0,-0.0138510561413883,2.49,0.0,9,0.038253654839546,3836.0,100278.0,1,0.038253654839546,0.0121047109809343,2013-2016,2016,0.0367091728110082
2013,NSW,109,Calare,21725,ROSS,Macgregor,5,IND,Independent,2388.0,91323.0,0.0261489438586117,IND,False,True,Calare,0,-0.0138510561413883,2.49,0.0,9,0.038253654839546,3836.0,100278.0,1,0.038253654839546,0.0121047109809343,2013-2016,2016,0.0203603684363864
2013,NSW,109,Calare,24137,CAIN,Brian Eric,6,PUP,Palmer United Party,4356.0,91323.0,0.0476988272395782,UAPP,False,False,Calare,1,0.007698827239578196,2.49,10846.44,9,,,,0,0.0,,2013-2016,2016,
2013,NSW,109,Calare,24087,CRAIG,Anthony Gerard,8,DLP,Democratic Labour Party (DLP),759.0,91323.0,0.0083111592917446,DLP,False,False,Calare,0,-0.0316888407082554,2.49,0.0,9,,,,0,0.0,,2013-2016,2016,
2013,NSW,109,Calare,24669,SCHULTZE,Peter,9,AFN,Australia First Party,1010.0,91323.0,0.0110596454343374,AFN,False,False,Calare,0,-0.0289403545656626,2.49,0.0,9,,,,0,0.0,,2013-2016,2016,
2013,NSW,110,Charlton,24673,CAMILLERI,Steve,3,CDP,Christian Democratic Party (Fred Nile Group),2671.0,86400.0,0.0309143518518518,CDP,False,False,Charlton,0,-0.0090856481481482,2.49,0.0,7,,,,0,0.0,,2013-2016,2016,0.0281776600866634
2013,NSW,110,Charlton,24685,BURSTON,Brian,5,ON,One Nation,2266.0,86400.0,0.0262268518518518,ON,False,False,Charlton,0,-0.013773148148148201,2.49,0.0,7,,,,0,0.0,,2013-2016,2016,
2013,NSW,110,Charlton,24141,REID,Bronwyn Elizabeth,6,PUP,Palmer United Party,9412.0,86400.0,0.1089351851851851,UAPP,False,False,Charlton,1,0.0689351851851851,2.49,23435.88,7,,,,0,0.0,,2013-2016,2016,
2013,NSW,110,Charlton,24691,ANTHONEY,Trevor,7,BTA,Bullet Train For Australia,1460.0,86400.0,0.0168981481481481,BTA,False,False,Charlton,0,-0.0231018518518519,2.49,0.0,7,,,,0,0.0,,2013-2016,2016,
2013,NSW,111,Chifley,24190,KHAN,Ammar,1,IND,Independent,1749.0,82301.0,0.0212512606165174,IND,False,True,Chifley,0,-0.0187487393834826,2.49,0.0,9,0.0256401266813916,2194.0,85569.0,1,0.0256401266813916,0.004388866064874198,2013-2016,2016,
2013,NSW,111,Chifley,24106,WRIGHT,Michael,4,DLP,Democratic Labour Party (DLP),810.0,82301.0,0.0098419217263459,DLP,False,False,Chifley,0,-0.0301580782736541,2.49,0.0,9,,,,0,0.0,,2013-2016,2016,
2013,NSW,111,Chifley,24674,VINCENT,Dave,5,CDP,Christian Democratic Party (Fred Nile Group),2862.0,82301.0,0.0347747900997557,CDP,False,False,Chifley,0,-0.005225209900244304,2.49,0.0,9,0.0913882363940212,7820.0,85569.0,1,0.0913882363940212,0.056613446294265506,2013-2016,2016,0.0506152716775951
2013,NSW,111,Chifley,24766,NORWICK,Alex,6,AFN,Australia First Party,396.0,82301.0,0.0048116061773246,AFN,False,False,Chifley,0,-0.0351883938226754,2.49,0.0,9,,,,0,0.0,,2013-2016,2016,0.0117330878053029
2013,NSW,111,Chifley,24763,POWER,Elizabeth May,8,ON,One Nation,1402.0,82301.0,0.0170350299510334,ON,False,False,Chifley,0,-0.0229649700489666,2.49,0.0,9,,,,0,0.0,,2013-2016,2016,0.0197210436600266
2013,NSW,111,Chifley,24273,BUTTEL,Christopher Ernest,9,PUP,Palmer United Party,3361.0,82301.0,0.0408378999040108,UAPP,False,False,Chifley,1,0.0008378999040107998,2.49,8368.890000000001,9,,,,0,0.0,,2013-2016,2016,
2013,NSW,112,Cook,24136,PALISE,Matthew Gary,2,PUP,Palmer United Party,3765.0,92299.0,0.0407913411846282,UAPP,False,False,Cook,1,0.0007913411846282026,2.49,9374.85,7,,,,0,0.0,,2013-2016,2016,
2013,NSW,112,Cook,24617,SMITH,Beth,3,CDP,Christian Democratic Party (Fred Nile Group),1981.0,92299.0,0.0214628544187911,CDP,False,False,Cook,0,-0.018537145581208902,2.49,0.0,7,0.0484762269519067,4430.0,91385.0,1,0.0484762269519067,0.027013372533115598,2013-2016,2016,0.0192213242845023
2013,NSW,112,Cook,24618,SALEAM,Jim,4,AFN,Australia First Party,617.0,92299.0,0.0066847961516376,AFN,False,False,Cook,0,-0.0333152038483624,2.49,0.0,7,,,,0,0.0,,2013-2016,2016,
2013,NSW,112,Cook,12125,STRANG,Graeme,7,IND,Independent,1321.0,92299.0,0.0143121810637168,IND,False,True,Cook,0,-0.0256878189362832,2.49,0.0,7,0.034502380040488,3153.0,91385.0,1,0.034502380040488,0.0201901989767712,2013-2016,2016,0.0175023440639371
2013,NSW,113,Cowper,24622,McALPINE,Bethany,2,CDP,Christian Democratic Party (Fred Nile Group),2224.0,86378.0,0.02574729676538,CDP,False,False,Cowper,0,-0.014252703234620002,2.49,0.0,5,0.0341967910303498,3538.0,103460.0,1,0.0341967910303498,0.008449494264969805,2013-2016,2016,0.0239409167762539
2013,NSW,113,Cowper,24182,JEANNERET,Rodney Norman,4,PUP,Palmer United Party,5739.0,86378.0,0.0664405288383616,UAPP,False,False,Cowper,1,0.0264405288383616,2.49,14290.11,5,,,,0,0.0,,2013-2016,2016,
2013,NSW,113,Cowper,24594,NAVARRO,Alfredo,5,CLR,Country Labor,21910.0,86378.0,0.2536525504179305,CLR,False,False,Cowper,1,0.2136525504179305,2.49,54555.9,5,,,,0,0.0,,2013-2016,2016,
2013,NSW,114,Cunningham,24153,ATLEE,Christopher James,2,PUP,Palmer United Party,4253.0,91177.0,0.0466455356065674,UAPP,False,False,Cunningham,1,0.0066455356065674015,2.49,10589.970000000001,7,,,,0,0.0,,2013-2016,2016,
2013,NSW,114,Cunningham,24615,GEORGE,Rob,4,CDP,Christian Democratic Party (Fred Nile Group),2204.0,91177.0,0.0241727628678285,CDP,False,False,Cunningham,0,-0.0158272371321715,2.49,0.0,7,0.0406400891420081,3939.0,96924.0,1,0.0406400891420081,0.016467326274179597,2013-2016,2016,
2013,NSW,114,Cunningham,24627,BURSILL,John Leslie,6,KAP,Katter's Australian Party,886.0,91177.0,0.009717362931441,KAP,False,False,Cunningham,0,-0.030282637068559,2.49,0.0,7,,,,0,0.0,,2013-2016,2016,
2013,NSW,115,Dobell,23373,OWEN,Greg,1,CEC,Citizens Electoral Council,711.0,86140.0,0.0082540051079637,CEC,False,False,Dobell,0,-0.0317459948920363,2.49,0.0,9,,,,0,0.0,,2013-2016,2016,
2013,NSW,115,Dobell,21273,THOMSON,Craig,2,IND,Independent,3444.0,86140.0,0.0399814255862549,IND,False,True,Dobell,0,-1.8574413745101048e-05,2.49,0.0,9,0.0121645944100792,1176.0,96674.0,1,0.0121645944100792,-0.0278168311761757,2013-2016,2016,
2013,NSW,115,Dobell,24573,KUNDE,Christian,3,BTA,Bullet Train For Australia,622.0,86140.0,0.0072208033433944,BTA,False,False,Dobell,0,-0.0327791966566056,2.49,0.0,9,,,,0,0.0,,2013-2016,2016,
2013,NSW,115,Dobell,24791,BRACKEN,Nathan,5,IND,Independent,7090.0,86140.0,0.0823078709078244,IND,False,True,Dobell,1,0.0423078709078244,2.49,17654.100000000002,9,0.0121645944100792,1176.0,96674.0,1,0.0121645944100792,-0.07014327649774521,2013-2016,2016,
2013,NSW,115,Dobell,24186,McGILL,Kate Angelique,6,PUP,Palmer United Party,2920.0,86140.0,0.0338983050847457,UAPP,False,False,Dobell,0,-0.006101694915254301,2.49,0.0,9,,,,0,0.0,,2013-2016,2016,
2013,NSW,115,Dobell,24576,ERVIN,Hadden,7,CDP,Christian Democratic Party (Fred Nile Group),1250.0,86140.0,0.0145112607383329,CDP,False,False,Dobell,0,-0.0254887392616671,2.49,0.0,9,0.026366965264704,2549.0,96674.0,1,0.026366965264704,0.011855704526371101,2013-2016,2016,0.0242401528157264
2013,NSW,117,Eden-Monaro,23171,TYE,Martin,2,SPP,Stable Population Party,601.0,89313.0,0.0067291435737238,SPP,False,False,Eden-Monaro,0,-0.0332708564262762,2.49,0.0,8,,,,0,0.0,,2013-2016,2016,
2013,NSW,117,Eden-Monaro,24255,LYNCH,Dean,4,PUP,Palmer United Party,4655.0,89313.0,0.0521200721059644,UAPP,False,False,Eden-Monaro,1,0.0121200721059644,2.49,11590.95,8,,,,0,0.0,,2013-2016,2016,
2013,NSW,117,Eden-Monaro,23410,GOUMAS,Costas,6,CEC,Citizens Electoral Council,179.0,89313.0,0.0020041875202937,CEC,False,False,Eden-Monaro,0,-0.0379958124797063,2.49,0.0,8,,,,0,0.0,,2013-2016,2016,
2013,NSW,117,Eden-Monaro,24751,THALER,Andrew,7,IND,Independent,1223.0,89313.0,0.0136934152922866,IND,False,True,Eden-Monaro,0,-0.026306584707713403,2.49,0.0,8,0.0178153680043188,1683.0,94469.0,1,0.0178153680043188,0.0041219527120322005,2013-2016,2016,0.0065485046214402
2013,NSW,117,Eden-Monaro,24751,THALER,Andrew,7,IND,Independent,1223.0,89313.0,0.0136934152922866,IND,False,True,Eden-Monaro,0,-0.026306584707713403,2.49,0.0,8,0.0178153680043188,1683.0,94469.0,1,0.0178153680043188,0.0041219527120322005,2013-2016,2016,0.0119372561882782
2013,NSW,117,Eden-Monaro,24578,CATTON,Warren,8,CDP,Christian Democratic Party (Fred Nile Group),861.0,89313.0,0.0096402539383964,CDP,False,False,Eden-Monaro,0,-0.0303597460616036,2.49,0.0,8,0.0186622066498004,1763.0,94469.0,1,0.0186622066498004,0.009021952711404001,2013-2016,2016,0.0074622494523388
2013,NSW,118,Farrer,24689,DAVIS,Narelle,1,RUA,Rise Up Australia Party,1646.0,82996.0,0.0198322810737866,RUA,False,False,Farrer,0,-0.020167718926213402,2.49,0.0,9,,,,0,0.0,,2013-2016,2016,
2013,NSW,118,Farrer,24229,CATTELL,Brendan,2,DLP,Democratic Labour Party (DLP),1509.0,82996.0,0.0181815991132102,DLP,False,False,Farrer,0,-0.0218184008867898,2.49,0.0,9,,,,0,0.0,,2013-2016,2016,
2013,NSW,118,Farrer,24707,TREWIN,Ken,3,KAP,Katter's Australian Party,3091.0,82996.0,0.0372427586871656,KAP,False,False,Farrer,0,-0.002757241312834398,2.49,0.0,9,,,,0,0.0,,2013-2016,2016,
2013,NSW,118,Farrer,24237,EMMERTON,Ronald James,5,PUP,Palmer United Party,3392.0,82996.0,0.0408694394910598,UAPP,False,False,Farrer,1,0.0008694394910597966,2.49,8446.08,9,,,,0,0.0,,2013-2016,2016,
2013,NSW,118,Farrer,24709,POWELL,Tracey,7,BTA,Bullet Train For Australia,1048.0,82996.0,0.0126271145597378,BTA,False,False,Farrer,0,-0.0273728854402622,2.49,0.0,9,,,,0,0.0,,2013-2016,2016,
2013,NSW,118,Farrer,24704,HORWILL,Frank,8,CDP,Christian Democratic Party (Fred Nile Group),982.0,82996.0,0.0118318955130367,CDP,False,False,Farrer,0,-0.028168104486963302,2.49,0.0,9,0.0359705526046034,3474.0,96579.0,1,0.0359705526046034,0.0241386570915667,2013-2016,2016,0.0321168939202141
2013,NSW,119,Fowler,24633,ATTIA,Matt,1,CDP,Christian Democratic Party (Fred Nile Group),3559.0,78628.0,0.0452637737192857,CDP,False,False,Fowler,1,0.0052637737192857,2.49,8861.91,6,0.0565294325822814,4792.0,84770.0,1,0.0565294325822814,0.0112656588629957,2013-2016,2016,
2013,NSW,119,Fowler,24591,McLEAN,Darren C,3,KAP,Katter's Australian Party,848.0,78628.0,0.0107849621000152,KAP,False,False,Fowler,0,-0.0292150378999848,2.49,0.0,6,,,,0,0.0,,2013-2016,2016,
2013,NSW,119,Fowler,24162,PASTOORS,Bradley Charles,6,PUP,Palmer United Party,2722.0,78628.0,0.0346187108917942,UAPP,False,False,Fowler,0,-0.005381289108205803,2.49,0.0,6,,,,0,0.0,,2013-2016,2016,
2013,NSW,120,Gilmore,24639,RYAN,Steve,1,CDP,Christian Democratic Party (Fred Nile Group),3030.0,90709.0,0.0334035211500512,CDP,False,False,Gilmore,0,-0.006596478849948802,2.49,0.0,5,0.050015023892836,5160.0,103169.0,1,0.050015023892836,0.0166115027427848,2013-2016,2016,0.0267055110463704
2013,NSW,120,Gilmore,24144,HARRIS,Lyndal Gai,4,PUP,Palmer United Party,5726.0,90709.0,0.0631249379885127,UAPP,False,False,Gilmore,1,0.023124937988512693,2.49,14257.740000000002,5,,,,0,0.0,,2013-2016,2016,
2013,NSW,121,Grayndler,24695,GREEN,Joshua,1,CDP,Christian Democratic Party (Fred Nile Group),1828.0,89009.0,0.0205372490422316,CDP,False,False,Grayndler,0,-0.0194627509577684,2.49,0.0,6,0.0123404836104729,1085.0,87922.0,1,0.0123404836104729,-0.0081967654317587,2013-2016,2016,
2013,NSW,121,Grayndler,24718,SCULLY,Joel,2,BTA,Bullet Train For Australia,1171.0,89009.0,0.0131559729914952,BTA,False,False,Grayndler,0,-0.0268440270085048,2.49,0.0,6,,,,0,0.0,,2013-2016,2016,
2013,NSW,121,Grayndler,24207,BALASINGHAM,Mohanadas,5,PUP,Palmer United Party,1522.0,89009.0,0.0170993944432585,UAPP,False,False,Grayndler,0,-0.0229006055567415,2.49,0.0,6,,,,0,0.0,,2013-2016,2016,
2013,NSW,122,Greenway,24422,CAVANOUGH,Jamie,2,VCE,Australian Voice,545.0,86141.0,0.0063268362336169,VCE,False,False,Greenway,0,-0.0336731637663831,2.49,0.0,9,,,,0,0.0,,2013-2016,2016,
2013,NSW,122,Greenway,24148,WOOTTON,Jodie Camille,3,PUP,Palmer United Party,3483.0,86141.0,0.0404337075260329,UAPP,False,False,Greenway,1,0.00043370752603289625,2.49,8672.67,9,,,,0,0.0,,2013-2016,2016,
2013,NSW,122,Greenway,24655,LILLICRAP,Tom,4,ASXP,Sex Party,1516.0,86141.0,0.017599052715896,ASXP,False,False,Greenway,0,-0.022400947284104,2.49,0.0,9,,,,0,0.0,,2013-2016,2016,
2013,NSW,122,Greenway,24670,BELCASTRO,Anthony Gino,6,KAP,Katter's Australian Party,681.0,86141.0,0.0079056430735654,KAP,False,False,Greenway,0,-0.0320943569264346,2.49,0.0,9,,,,0,0.0,,2013-2016,2016,
2013,NSW,122,Greenway,24658,GREEN,Allan,7,CDP,Christian Democratic Party (Fred Nile Group),3253.0,86141.0,0.0377636665467083,CDP,False,False,Greenway,0,-0.002236333453291703,2.49,0.0,9,0.0503350807673742,4484.0,89083.0,1,0.0503350807673742,0.012571414220665905,2013-2016,2016,0.0368436979875926
2013,NSW,122,Greenway,24648,NICHOLS,Maree,9,RUA,Rise Up Australia Party,681.0,86141.0,0.0079056430735654,RUA,False,False,Greenway,0,-0.0320943569264346,2.49,0.0,9,,,,0,0.0,,2013-2016,2016,
2013,NSW,124,Hughes,24204,PETERS,John,1,PUP,Palmer United Party,5224.0,88575.0,0.0589782670053626,UAPP,False,False,Hughes,1,0.0189782670053626,2.49,13007.76,5,,,,0,0.0,,2013-2016,2016,
2013,NSW,124,Hughes,24613,COLSELL,Peter M,3,CDP,Christian Democratic Party (Fred Nile Group),2561.0,88575.0,0.0289133502681343,CDP,False,False,Hughes,0,-0.0110866497318657,2.49,0.0,5,0.0478800545981914,4490.0,93776.0,1,0.0478800545981914,0.018966704330057097,2013-2016,2016,0.0244707845250095
2013,NSW,125,Hume,23400,COSGROVE,Lindsay D,1,CEC,Citizens Electoral Council,1273.0,90994.0,0.0139899334022023,CEC,False,False,Hume,0,-0.0260100665977977,2.49,0.0,9,0.0161174785100286,1530.0,94928.0,1,0.0161174785100286,0.0021275451078262998,2013-2016,2016,
2013,NSW,125,Hume,24601,NICHOLSON,Bruce,2,KAP,Katter's Australian Party,1658.0,90994.0,0.0182209816031826,KAP,False,False,Hume,0,-0.021779018396817403,2.49,0.0,9,,,,0,0.0,,2013-2016,2016,
2013,NSW,125,Hume,24730,HARKER-MORTLOCK,James Robert,3,IND,Independent,2096.0,90994.0,0.0230344857902718,IND,False,True,Hume,0,-0.0169655142097282,2.49,0.0,9,,,,0,0.0,,2013-2016,2016,
2013,NSW,125,Hume,24787,PILBROW,Michael,4,CLR,Country Labor,23711.0,90994.0,0.2605776205024507,CLR,False,False,Hume,1,0.2205776205024507,2.49,59040.39000000001,9,,,,0,0.0,,2013-2016,2016,
2013,NSW,125,Hume,24163,CORNELIUS,Jason Peter,6,PUP,Palmer United Party,4015.0,90994.0,0.0441237883816515,UAPP,False,False,Hume,1,0.004123788381651498,2.49,9997.35,9,,,,0,0.0,,2013-2016,2016,
2013,NSW,125,Hume,24698,VAN DER BYL,Adrian,7,CDP,Christian Democratic Party (Fred Nile Group),1397.0,90994.0,0.0153526606149856,CDP,False,False,Hume,0,-0.0246473393850144,2.49,0.0,9,0.0372176807685825,3533.0,94928.0,1,0.0372176807685825,0.021865020153596898,2013-2016,2016,0.0175649881839665
2013,NSW,125,Hume,24808,STYLES,Lynette,9,ON,One Nation,2521.0,90994.0,0.0277051234147306,ON,False,False,Hume,0,-0.012294876585269402,2.49,0.0,9,,,,0,0.0,,2013-2016,2016,
2013,NSW,126,Hunter,23343,LAWLER,Ann,3,CEC,Citizens Electoral Council,833.0,85941.0,0.0096926961520112,CEC,False,False,Hunter,0,-0.0303073038479888,2.49,0.0,7,,,,0,0.0,,2013-2016,2016,
2013,NSW,126,Hunter,24549,FOX,Bill,4,ON,One Nation,3245.0,85941.0,0.0377584622008121,ON,False,False,Hunter,0,-0.002241537799187898,2.49,0.0,7,,,,0,0.0,,2013-2016,2016,0.0334628723221093
2013,NSW,126,Hunter,24224,STEFANAC,Jennifer Susan,5,PUP,Palmer United Party,6552.0,85941.0,0.0762383495653995,UAPP,False,False,Hunter,1,0.0362383495653995,2.49,16314.480000000001,7,,,,0,0.0,,2013-2016,2016,
2013,NSW,126,Hunter,24552,STRETTON,Richard,7,CDP,Christian Democratic Party (Fred Nile Group),1834.0,85941.0,0.0213402217800584,CDP,False,False,Hunter,0,-0.0186597782199416,2.49,0.0,7,0.0337942902162419,3260.0,96466.0,1,0.0337942902162419,0.012454068436183498,2013-2016,2016,0.0238335342007526
2013,NSW,127,Kingsford Smith,24562,SHIHA,Jacquie,1,CDP,Christian Democratic Party (Fred Nile Group),1379.0,86103.0,0.0160157021242,CDP,False,False,Kingsford Smith,0,-0.0239842978758,2.49,0.0,7,0.0232704539040962,2144.0,92134.0,1,0.0232704539040962,0.0072547517798962,2013-2016,2016,
2013,NSW,127,Kingsford Smith,24545,SOMERFIELD,Danielle,2,RUA,Rise Up Australia Party,357.0,86103.0,0.0041461969966203,RUA,False,False,Kingsford Smith,0,-0.0358538030033797,2.49,0.0,7,,,,0,0.0,,2013-2016,2016,
2013,NSW,127,Kingsford Smith,24240,HAPP,Diane Olga,4,PUP,Palmer United Party,1611.0,86103.0,0.0187101494721438,UAPP,False,False,Kingsford Smith,0,-0.021289850527856202,2.49,0.0,7,,,,0,0.0,,2013-2016,2016,
2013,NSW,127,Kingsford Smith,23227,LUCAS,Geordie,6,FUT,Future Party,693.0,86103.0,0.0080485000522629,FUT,False,False,Kingsford Smith,0,-0.0319514999477371,2.49,0.0,7,0.022347884602861,2059.0,92134.0,1,0.022347884602861,0.014299384550598098,2013-2016,2016,
2013,NSW,128,Lindsay,24682,LAWSON,Jeffrey Wayne,1,ON,One Nation,1901.0,87658.0,0.0216865545643295,ON,False,False,Lindsay,0,-0.0183134454356705,2.49,0.0,8,,,,0,0.0,,2013-2016,2016,
2013,NSW,128,Lindsay,24754,SAUNDERS,Mick,3,AFN,Australia First Party,610.0,87658.0,0.0069588628533619,AFN,False,False,Lindsay,0,-0.0330411371466381,2.49,0.0,8,0.0119629015636901,1068.0,89276.0,1,0.0119629015636901,0.0050040387103282,2013-2016,2016,0.0117269636055606
2013,NSW,128,Lindsay,24179,WILCOX,Andrew William,4,PUP,Palmer United Party,4517.0,87658.0,0.0515298090305505,UAPP,False,False,Lindsay,1,0.011529809030550502,2.49,11247.330000000002,8,,,,0,0.0,,2013-2016,2016,
2013,NSW,128,Lindsay,23170,BROWN,Geoff,6,SPP,Stable Population Party,408.0,87658.0,0.0046544525314289,SPP,False,False,Lindsay,0,-0.035345547468571104,2.49,0.0,8,,,,0,0.0,,2013-2016,2016,
2013,NSW,128,Lindsay,24686,GREEN,Andrew,8,CDP,Christian Democratic Party (Fred Nile Group),2449.0,87658.0,0.0279381231604645,CDP,False,False,Lindsay,0,-0.0120618768395355,2.49,0.0,8,0.0302544916886957,2701.0,89276.0,1,0.0302544916886957,0.0023163685282311976,2013-2016,2016,0.0300623595708123
2013,NSW,130,Lyne,24619,KLOSE,John Walter,1,CDP,Christian Democratic Party (Fred Nile Group),2054.0,86245.0,0.0238158733839642,CDP,False,False,Lyne,0,-0.016184126616035802,2.49,0.0,9,0.0303650631183896,3026.0,99654.0,1,0.0303650631183896,0.006549189734425403,2013-2016,2016,
2013,NSW,130,Lyne,24608,HUTH,Craig,2,ON,One Nation,2208.0,86245.0,0.0256014841440083,ON,False,False,Lyne,0,-0.014398515855991702,2.49,0.0,9,,,,0,0.0,,2013-2016,2016,
2013,NSW,130,Lyne,24637,BUCKLEY CLARE,Brian,3,KAP,Katter's Australian Party,814.0,86245.0,0.00943822830309,KAP,False,False,Lyne,0,-0.030561771696910003,2.49,0.0,9,,,,0,0.0,,2013-2016,2016,
2013,NSW,130,Lyne,24143,WILKIE,Troy Alexander,7,PUP,Palmer United Party,4727.0,86245.0,0.0548089744333004,UAPP,False,False,Lyne,1,0.014808974433300398,2.49,11770.230000000001,9,,,,0,0.0,,2013-2016,2016,
2013,NSW,130,Lyne,23348,GOUGH,Michael,8,CEC,Citizens Electoral Council,318.0,86245.0,0.0036871702707403,CEC,False,False,Lyne,0,-0.0363128297292597,2.49,0.0,9,,,,0,0.0,,2013-2016,2016,
2013,NSW,130,Lyne,24758,ATTKINS,Steve,9,IND,Independent,6561.0,86245.0,0.0760739753029161,IND,False,True,Lyne,1,0.036073975302916096,2.49,16336.890000000001,9,0.0925903626547855,9227.0,99654.0,1,0.0925903626547855,0.016516387351869402,2013-2016,2016,0.4714889309967399
2013,NSW,130,Lyne,24758,ATTKINS,Steve,9,IND,Independent,6561.0,86245.0,0.0760739753029161,IND,False,True,Lyne,1,0.036073975302916096,2.49,16336.890000000001,9,0.0925903626547855,9227.0,99654.0,1,0.0925903626547855,0.016516387351869402,2013-2016,2016,0.006896795226382
2013,NSW,131,Macarthur,24771,WILLIAMS,Mick,1,KAP,Katter's Australian Party,1751.0,85009.0,0.020597819054453,KAP,False,False,Macarthur,0,-0.019402180945547,2.49,0.0,6,,,,0,0.0,,2013-2016,2016,
2013,NSW,131,Macarthur,24741,RAMSAY,Sarah,3,CDP,Christian Democratic Party (Fred Nile Group),2189.0,85009.0,0.0257502146831511,CDP,False,False,Macarthur,0,-0.014249785316848902,2.49,0.0,6,0.0430976955245128,3875.0,89912.0,1,0.0430976955245128,0.0173474808413617,2013-2016,2016,0.0176080201526795
2013,NSW,131,Macarthur,24218,GROSCHE,Goetz Robert Uwe,4,PUP,Palmer United Party,4916.0,85009.0,0.0578291710289498,UAPP,False,False,Macarthur,1,0.0178291710289498,2.49,12240.84,6,,,,0,0.0,,2013-2016,2016,
2013,NSW,132,Mackellar,24149,DRUMMOND,Debra Gayle,2,PUP,Palmer United Party,3771.0,90532.0,0.0416537798789378,UAPP,False,False,Mackellar,1,0.0016537798789377986,2.49,9389.79,5,,,,0,0.0,,2013-2016,2016,
2013,NSW,132,Mackellar,24783,NERO,Silvana,3,CDP,Christian Democratic Party (Fred Nile Group),1791.0,90532.0,0.0197830601334334,CDP,False,False,Mackellar,0,-0.0202169398665666,2.49,0.0,5,0.0256456622558822,2411.0,94012.0,1,0.0256456622558822,0.005862602122448799,2013-2016,2016,
2013,NSW,133,Macquarie,24716,PIPER,Tony,1,CDP,Christian Democratic Party (Fred Nile Group),2720.0,89924.0,0.0302477647791468,CDP,False,False,Macquarie,0,-0.009752235220853202,2.49,0.0,8,0.0390040677076499,3567.0,91452.0,1,0.0390040677076499,0.008756302928503101,2013-2016,2016,0.021543389966249
2013,NSW,133,Macquarie,24102,ELARO,Teresa,4,DLP,Democratic Labour Party (DLP),499.0,89924.0,0.0055491303767626,DLP,False,False,Macquarie,0,-0.0344508696232374,2.49,0.0,8,,,,0,0.0,,2013-2016,2016,
2013,NSW,133,Macquarie,24191,MAXWELL,Philip Daniel,5,PUP,Palmer United Party,3731.0,89924.0,0.0414905920555135,UAPP,False,False,Macquarie,1,0.0014905920555135024,2.49,9290.19,8,,,,0,0.0,,2013-2016,2016,
2013,NSW,133,Macquarie,24782,HODGSON,Matt,6,AFN,Australia First Party,750.0,89924.0,0.0083403763177794,AFN,False,False,Macquarie,0,-0.0316596236822206,2.49,0.0,8,,,,0,0.0,,2013-2016,2016,0.0077341113208626
2013,NSW,133,Macquarie,24696,LITTLEJOHN,Mark,8,ASXP,Sex Party,1776.0,89924.0,0.0197500111205017,ASXP,False,False,Macquarie,0,-0.0202499888794983,2.49,0.0,8,,,,0,0.0,,2013-2016,2016,
2013,NSW,315,McMahon,24167,DOBRINCIC,Matthew Markus,2,PUP,Palmer United Party,2862.0,82359.0,0.034750300513605,UAPP,False,False,McMahon,0,-0.005249699486395004,2.49,0.0,5,,,,0,0.0,,2013-2016,2016,
2013,NSW,315,McMahon,24605,POULARAS,Manny,5,CDP,Christian Democratic Party (Fred Nile Group),2323.0,82359.0,0.0282057820031811,CDP,False,False,McMahon,0,-0.011794217996818901,2.49,0.0,5,0.0720379367256328,6198.0,86038.0,1,0.0720379367256328,0.0438321547224517,2013-2016,2016,0.0444402704733283
2013,NSW,134,Mitchell,24572,ALLEN,Darryl,1,CDP,Christian Democratic Party (Fred Nile Group),2794.0,86608.0,0.0322602992795122,CDP,False,False,Mitchell,0,-0.0077397007204878035,2.49,0.0,6,0.0691133577490734,6303.0,91198.0,1,0.0691133577490734,0.0368530584695612,2013-2016,2016,0.0340981022107035
2013,NSW,134,Mitchell,24157,SCHULTZ,Murray,3,PUP,Palmer United Party,2792.0,86608.0,0.032237206724552,UAPP,False,False,Mitchell,0,-0.007762793275448002,2.49,0.0,6,,,,0,0.0,,2013-2016,2016,
2013,NSW,134,Mitchell,24066,DODD,Nathan,4,DLP,Democratic Labour Party (DLP),987.0,86608.0,0.0113961758728985,DLP,False,False,Mitchell,0,-0.028603824127101503,2.49,0.0,6,,,,0,0.0,,2013-2016,2016,
2013,NSW,135,New England,24270,GIRLE,Phillip John,1,PUP,Palmer United Party,4746.0,91289.0,0.0519887390594704,UAPP,False,False,New England,1,0.011988739059470399,2.49,11817.54,9,,,,0,0.0,,2013-2016,2016,
2013,NSW,135,New England,24534,DETTMANN,Brian Charles,2,ON,One Nation,1566.0,91289.0,0.0171543121296103,ON,False,False,New England,0,-0.0228456878703897,2.49,0.0,9,,,,0,0.0,,2013-2016,2016,0.008708814109595
2013,NSW,135,New England,24752,TABER,Rob,4,IND,Independent,12574.0,91289.0,0.1377383912629123,IND,False,True,New England,1,0.09773839126291228,2.49,31309.260000000002,9,0.0280093469748642,2661.0,95004.0,1,0.0280093469748642,-0.10972904428804808,2013-2016,2016,0.6187755012503839
2013,NSW,135,New England,24268,McINTYRE,Jamie,5,IND,Independent,6059.0,91289.0,0.066371632945919,IND,False,True,New England,1,0.026371632945918995,2.49,15086.910000000002,9,0.0280093469748642,2661.0,95004.0,1,0.0280093469748642,-0.038362285971054795,2013-2016,2016,0.6187755012503839
2013,NSW,135,New England,23368,WITTEN,Richard Innes,7,CEC,Citizens Electoral Council,353.0,91289.0,0.0038668404736605,CEC,False,False,New England,0,-0.0361331595263395,2.49,0.0,9,,,,0,0.0,,2013-2016,2016,0.0033562935989119
2013,NSW,135,New England,24533,HEWITT,Stephen,8,CLR,Country Labor,10825.0,91289.0,0.1185794564514892,CLR,False,False,New England,1,0.0785794564514892,2.49,26954.250000000004,9,,,,0,0.0,,2013-2016,2016,0.0813188259553371
2013,NSW,135,New England,24535,EVANS,Aaron Michael,9,CDP,Christian Democratic Party (Fred Nile Group),1496.0,91289.0,0.0163875165682612,CDP,False,False,New England,0,-0.0236124834317388,2.49,0.0,9,0.0138625742074017,1317.0,95004.0,1,0.0138625742074017,-0.002524942360859499,2013-2016,2016,
2013,NSW,136,Newcastle,24646,CHEHOFF,Michael,1,AFN,Australia First Party,922.0,85495.0,0.0107842563892625,AFN,False,False,Newcastle,0,-0.0292157436107375,2.49,0.0,10,,,,0,0.0,,2013-2016,2016,
2013,NSW,136,Newcastle,24629,ALCORN,Zane,2,SAL,Socialist Alliance,616.0,85495.0,0.0072050997134335,SAL,False,False,Newcastle,0,-0.0327949002865665,2.49,0.0,10,,,,0,0.0,,2013-2016,2016,0.0101141964765018
2013,NSW,136,Newcastle,24205,McLELLAN,Yegon Dally,3,PUP,Palmer United Party,3518.0,85495.0,0.0411486051815895,UAPP,False,False,Newcastle,1,0.0011486051815894974,2.49,8759.820000000002,10,,,,0,0.0,,2013-2016,2016,
2013,NSW,136,Newcastle,24139,HOLDING,Rod,4,IND,Independent,674.0,85495.0,0.0078835019591788,IND,False,True,Newcastle,0,-0.0321164980408212,2.49,0.0,10,0.027560840429284,2735.0,99235.0,1,0.027560840429284,0.0196773384701052,2013-2016,2016,
2013,NSW,136,Newcastle,24746,SCURRY,Susanna,5,IND,Independent,1026.0,85495.0,0.0120007017954266,IND,False,True,Newcastle,0,-0.0279992982045734,2.49,0.0,10,0.027560840429284,2735.0,99235.0,1,0.027560840429284,0.0155601386338574,2013-2016,2016,
2013,NSW,136,Newcastle,24638,CAINE,Milton,6,CDP,Christian Democratic Party (Fred Nile Group),1091.0,85495.0,0.0127609801742791,CDP,False,False,Newcastle,0,-0.0272390198257209,2.49,0.0,10,0.0214843553181841,2132.0,99235.0,1,0.0214843553181841,0.008723375143905001,2013-2016,2016,0.0180445073446879
2013,NSW,136,Newcastle,23911,HIGGINS,Lawrence Joseph,8,AIN,Australian Independents,367.0,85495.0,0.004292648692906,AIN,False,False,Newcastle,0,-0.035707351307094,2.49,0.0,10,,,,0,0.0,,2013-2016,2016,
2013,NSW,137,North Sydney,24271,KHAN,Raheam,1,PUP,Palmer United Party,1493.0,88448.0,0.0168799746743849,UAPP,False,False,North Sydney,0,-0.0231200253256151,2.49,0.0,6,,,,0,0.0,,2013-2016,2016,
2013,NSW,137,North Sydney,24082,McCAFFREY,Angus,4,DLP,Democratic Labour Party (DLP),766.0,88448.0,0.0086604558610709,DLP,False,False,North Sydney,0,-0.0313395441389291,2.49,0.0,6,,,,0,0.0,,2013-2016,2016,
2013,NSW,137,North Sydney,24894,GUTHRIE,Maureen,6,CDP,Christian Democratic Party (Fred Nile Group),892.0,88448.0,0.01008502170767,CDP,False,False,North Sydney,0,-0.029914978292330002,2.49,0.0,6,0.0204807681910096,1894.0,92477.0,1,0.0204807681910096,0.0103957464833396,2013-2016,2016,
2013,NSW,138,Page,24599,ORDISH,Carol,3,CDP,Christian Democratic Party (Fred Nile Group),1394.0,85935.0,0.0162215628090999,CDP,False,False,Page,0,-0.0237784371909001,2.49,0.0,6,0.0285053339960998,2982.0,104612.0,1,0.0285053339960998,0.0122837711869999,2013-2016,2016,
2013,NSW,138,Page,24215,JANES,Stephen Bruce,4,PUP,Palmer United Party,4135.0,85935.0,0.0481177634258451,UAPP,False,False,Page,1,0.008117763425845102,2.49,10296.150000000001,6,,,,0,0.0,,2013-2016,2016,
2013,NSW,138,Page,24596,SMITH,Rod,6,ON,One Nation,1381.0,85935.0,0.0160702856810379,ON,False,False,Page,0,-0.0239297143189621,2.49,0.0,6,,,,0,0.0,,2013-2016,2016,
2013,NSW,139,Parkes,24178,GORMAN,Neil John,3,PUP,Palmer United Party,6724.0,90639.0,0.0741844018579198,UAPP,False,False,Parkes,1,0.0341844018579198,2.49,16742.760000000002,5,,,,0,0.0,,2013-2016,2016,
2013,NSW,139,Parkes,24538,RYAN,Michelle,4,CDP,Christian Democratic Party (Fred Nile Group),2354.0,90639.0,0.0259711603173027,CDP,False,False,Parkes,0,-0.0140288396826973,2.49,0.0,5,0.042224764022363,3950.0,93547.0,1,0.042224764022363,0.016253603705060297,2013-2016,2016,
2013,NSW,139,Parkes,24536,BYRON,Brendan,5,CLR,Country Labor,18850.0,90639.0,0.2079678725493441,CLR,False,False,Parkes,1,0.1679678725493441,2.49,46936.50000000001,5,,,,0,0.0,,2013-2016,2016,0.2126372095614866
2013,NSW,140,Parramatta,24126,WILLIAMS,Miechele,1,DLP,Democratic Labour Party (DLP),1626.0,80615.0,0.020169943558891,DLP,False,False,Parramatta,0,-0.019830056441109002,2.49,0.0,8,,,,0,0.0,,2013-2016,2016,
2013,NSW,140,Parramatta,24174,LOKE,Ganesh Sahadev,2,PUP,Palmer United Party,1760.0,80615.0,0.0218321652297959,UAPP,False,False,Parramatta,0,-0.0181678347702041,2.49,0.0,8,,,,0,0.0,,2013-2016,2016,
2013,NSW,140,Parramatta,21211,PATEL,Kalpesh,3,IND,Independent,1204.0,80615.0,0.014935185759474,IND,False,True,Parramatta,0,-0.025064814240526,2.49,0.0,8,0.0249689107800346,2048.0,82022.0,1,0.0249689107800346,0.0100337250205606,2013-2016,2016,0.0183357380900698
2013,NSW,140,Parramatta,24889,ROLLINSON,Tania,7,ON,One Nation,822.0,80615.0,0.0101966135334615,ON,False,False,Parramatta,0,-0.029803386466538503,2.49,0.0,8,,,,0,0.0,,2013-2016,2016,
2013,NSW,140,Parramatta,24684,SHARAH,Alex,8,CDP,Christian Democratic Party (Fred Nile Group),1957.0,80615.0,0.0242758791788128,CDP,False,False,Parramatta,0,-0.0157241208211872,2.49,0.0,8,0.0529979761527395,4347.0,82022.0,1,0.0529979761527395,0.028722096973926695,2013-2016,2016,0.0306957620950751
2013,NSW,249,Paterson,24540,BALFOUR,Anna,1,CDP,Christian Democratic Party (Fred Nile Group),1854.0,87117.0,0.0212817245772926,CDP,False,False,Paterson,0,-0.0187182754227074,2.49,0.0,7,0.0205660151097253,2058.0,100068.0,1,0.0205660151097253,-0.0007157094675673027,2013-2016,2016,0.0105600466098608
2013,NSW,249,Paterson,24172,PACKETT,Jayson Geoffrey,2,PUP,Palmer United Party,5451.0,87117.0,0.0625710251730431,UAPP,False,False,Paterson,1,0.022571025173043095,2.49,13572.990000000002,7,,,,0,0.0,,2013-2016,2016,
2013,NSW,249,Paterson,23339,DAVIS,Peter J,3,CEC,Citizens Electoral Council,390.0,87117.0,0.0044767381796893,CEC,False,False,Paterson,0,-0.0355232618203107,2.49,0.0,7,0.0053263780629172,533.0,100068.0,1,0.0053263780629172,0.0008496398832278998,2013-2016,2016,
2013,NSW,249,Paterson,24542,HOLZ,Bob,4,RUA,Rise Up Australia Party,877.0,87117.0,0.0100669214963784,RUA,False,False,Paterson,0,-0.0299330785036216,2.49,0.0,7,0.0100631570532038,1007.0,100068.0,1,0.0100631570532038,-3.7644431745992996e-06,2013-2016,2016,
2013,NSW,144,Reid,23913,PALMER,Raymond,2,AIN,Australian Independents,1215.0,85824.0,0.0141568791946308,AIN,False,False,Reid,0,-0.0258431208053692,2.49,0.0,8,,,,0,0.0,,2013-2016,2016,
2013,NSW,144,Reid,24659,IZADEEN,Bishrul Hafi Ameer,4,KAP,Katter's Australian Party,297.0,85824.0,0.0034605704697986,KAP,False,False,Reid,0,-0.0365394295302014,2.49,0.0,8,,,,0,0.0,,2013-2016,2016,
2013,NSW,144,Reid,24185,ASHRAF,Mohammed Nadeem,5,PUP,Palmer United Party,1298.0,85824.0,0.0151239746457867,UAPP,False,False,Reid,0,-0.0248760253542133,2.49,0.0,8,,,,0,0.0,,2013-2016,2016,
2013,NSW,144,Reid,24060,DUNN,Emily,6,DLP,Democratic Labour Party (DLP),580.0,85824.0,0.0067580164056674,DLP,False,False,Reid,0,-0.0332419835943326,2.49,0.0,8,,,,0,0.0,,2013-2016,2016,
2013,NSW,144,Reid,24723,SHAILER,Bill,8,CDP,Christian Democratic Party (Fred Nile Group),1219.0,85824.0,0.0142034862043251,CDP,False,False,Reid,0,-0.0257965137956749,2.49,0.0,8,0.0409836970319105,3713.0,90597.0,1,0.0409836970319105,0.0267802108275854,2013-2016,2016,0.030705279549907
2013,NSW,145,Richmond,24532,ORDISH,John,1,CDP,Christian Democratic Party (Fred Nile Group),1224.0,85278.0,0.0143530570604376,CDP,False,False,Richmond,0,-0.0256469429395624,2.49,0.0,6,0.0150816073497428,1484.0,98398.0,1,0.0150816073497428,0.0007285502893051993,2013-2016,2016,
2013,NSW,145,Richmond,23849,SKINNER,Kev,2,IND,Independent,1971.0,85278.0,0.0231126433546752,IND,False,True,Richmond,0,-0.0168873566453248,2.49,0.0,6,,,,0,0.0,,2013-2016,2016,0.0099585575555143
2013,NSW,145,Richmond,23849,SKINNER,Kev,2,IND,Independent,1971.0,85278.0,0.0231126433546752,IND,False,True,Richmond,0,-0.0168873566453248,2.49,0.0,6,,,,0,0.0,,2013-2016,2016,0.0066307911177089
2013,NSW,145,Richmond,23849,SKINNER,Kev,2,IND,Independent,1971.0,85278.0,0.0231126433546752,IND,False,True,Richmond,0,-0.0168873566453248,2.49,0.0,6,,,,0,0.0,,2013-2016,2016,0.0116286262138924
2013,NSW,145,Richmond,23849,SKINNER,Kev,2,IND,Independent,1971.0,85278.0,0.0231126433546752,IND,False,True,Richmond,0,-0.0168873566453248,2.49,0.0,6,,,,0,0.0,,2013-2016,2016,0.0092410465763592
2013,NSW,145,Richmond,24359,ALLEN,Charles Philip Fitzsimonds,6,PUP,Palmer United Party,6359.0,85278.0,0.0745678838621918,UAPP,False,False,Richmond,1,0.034567883862191805,2.49,15833.910000000002,6,,,,0,0.0,,2013-2016,2016,
2013,NSW,250,Riverina,24598,LAMONT,Andrew John,1,BTA,Bullet Train For Australia,2405.0,87973.0,0.0273379332295136,BTA,False,False,Riverina,0,-0.0126620667704864,2.49,0.0,10,,,,0,0.0,,2013-2016,2016,
2013,NSW,250,Riverina,24592,SHARP,Lorraine,2,AFN,Australia First Party,1287.0,87973.0,0.014629488593091,AFN,False,False,Riverina,0,-0.025370511406909,2.49,0.0,10,,,,0,0.0,,2013-2016,2016,
2013,NSW,250,Riverina,24105,FUNNELL,Paul,3,DLP,Democratic Labour Party (DLP),3137.0,87973.0,0.0356586680004092,DLP,False,False,Riverina,0,-0.004341331999590803,2.49,0.0,10,,,,0,0.0,,2013-2016,2016,
2013,NSW,250,Riverina,24590,PECH,Keith,5,CDP,Christian Democratic Party (Fred Nile Group),1314.0,87973.0,0.0149364009411978,CDP,False,False,Riverina,0,-0.0250635990588022,2.49,0.0,10,0.0324201374848362,3207.0,98920.0,1,0.0324201374848362,0.0174837365436384,2013-2016,2016,0.0136494334519087
2013,NSW,250,Riverina,24611,DUNN,Norm,6,KAP,Katter's Australian Party,1044.0,87973.0,0.0118672774601298,KAP,False,False,Riverina,0,-0.028132722539870203,2.49,0.0,10,,,,0,0.0,,2013-2016,2016,
2013,NSW,250,Riverina,24180,STEWART,Lex,9,PUP,Palmer United Party,4545.0,87973.0,0.0516635785979789,UAPP,False,False,Riverina,1,0.011663578597978896,2.49,11317.050000000001,10,,,,0,0.0,,2013-2016,2016,
2013,NSW,250,Riverina,24584,HEATH,Kim,10,RUA,Rise Up Australia Party,1040.0,87973.0,0.0118218089641139,RUA,False,False,Riverina,0,-0.0281781910358861,2.49,0.0,10,,,,0,0.0,,2013-2016,2016,
2013,NSW,146,Robertson,21931,CASSAR,Jake,1,IND,Independent,2480.0,89140.0,0.0278214045321965,IND,False,True,Robertson,0,-0.012178595467803501,2.49,0.0,9,0.028611312278934,2726.0,95277.0,1,0.028611312278934,0.0007899077467375011,2013-2016,2016,0.0177288759213039
2013,NSW,146,Robertson,21931,CASSAR,Jake,1,IND,Independent,2480.0,89140.0,0.0278214045321965,IND,False,True,Robertson,0,-0.012178595467803501,2.49,0.0,9,0.028611312278934,2726.0,95277.0,1,0.028611312278934,0.0007899077467375011,2013-2016,2016,0.0126199599254754
2013,NSW,146,Robertson,21931,CASSAR,Jake,1,IND,Independent,2480.0,89140.0,0.0278214045321965,IND,False,True,Robertson,0,-0.012178595467803501,2.49,0.0,9,0.028611312278934,2726.0,95277.0,1,0.028611312278934,0.0007899077467375011,2013-2016,2016,0.0064681688754525
2013,NSW,146,Robertson,24098,SHEERAN,Paul Henry,2,DLP,Democratic Labour Party (DLP),474.0,89140.0,0.0053174781242988,DLP,False,False,Robertson,0,-0.0346825218757012,2.49,0.0,9,,,,0,0.0,,2013-2016,2016,
2013,NSW,146,Robertson,24219,WHITAKER,Steven Spencer,4,PUP,Palmer United Party,2082.0,89140.0,0.0233565178371101,UAPP,False,False,Robertson,0,-0.0166434821628899,2.49,0.0,9,,,,0,0.0,,2013-2016,2016,
2013,NSW,146,Robertson,24616,BEECHAM,Holly,5,CDP,Christian Democratic Party (Fred Nile Group),1115.0,89140.0,0.0125084137312093,CDP,False,False,Robertson,0,-0.027491586268790703,2.49,0.0,9,0.0266486140411641,2539.0,95277.0,1,0.0266486140411641,0.014140200309954802,2013-2016,2016,0.0180921245356862
2013,NSW,146,Robertson,24774,McKINNA,Lawrie,6,IND,Independent,7763.0,89140.0,0.0870877271707426,IND,False,True,Robertson,1,0.0470877271707426,2.49,19329.870000000003,9,0.028611312278934,2726.0,95277.0,1,0.028611312278934,-0.058476414891808604,2013-2016,2016,0.0177288759213039
2013,NSW,146,Robertson,24774,McKINNA,Lawrie,6,IND,Independent,7763.0,89140.0,0.0870877271707426,IND,False,True,Robertson,1,0.0470877271707426,2.49,19329.870000000003,9,0.028611312278934,2726.0,95277.0,1,0.028611312278934,-0.058476414891808604,2013-2016,2016,0.0126199599254754
2013,NSW,146,Robertson,24774,McKINNA,Lawrie,6,IND,Independent,7763.0,89140.0,0.0870877271707426,IND,False,True,Robertson,1,0.0470877271707426,2.49,19329.870000000003,9,0.028611312278934,2726.0,95277.0,1,0.028611312278934,-0.058476414891808604,2013-2016,2016,0.0064681688754525
2013,NSW,146,Robertson,24085,McFARLAND,Douglas,8,AIN,Australian Independents,510.0,89140.0,0.0057213372223468,AIN,False,False,Robertson,0,-0.0342786627776532,2.49,0.0,9,,,,0,0.0,,2013-2016,2016,
2013,NSW,148,Shortland,24680,WEATHERSTONE,Andrew,2,CDP,Christian Democratic Party (Fred Nile Group),1081.0,86044.0,0.0125633396866719,CDP,False,False,Shortland,0,-0.0274366603133281,2.49,0.0,5,0.0416267161712805,4081.0,98038.0,1,0.0416267161712805,0.029063376484608598,2013-2016,2016,
2013,NSW,148,Shortland,24181,BALDWIN,Philip Robert,5,PUP,Palmer United Party,5341.0,86044.0,0.0620728929384965,UAPP,False,False,Shortland,1,0.0220728929384965,2.49,13299.090000000002,5,,,,0,0.0,,2013-2016,2016,
2013,NSW,149,Sydney,15520,WARD,Jane,1,IND,Independent,1408.0,88151.0,0.0159725924833524,IND,False,True,Sydney,0,-0.0240274075166476,2.49,0.0,9,,,,0,0.0,,2013-2016,2016,0.0154452801189261
2013,NSW,149,Sydney,24557,BOYLE,Peter,3,SAL,Socialist Alliance,613.0,88151.0,0.0069539766990731,SAL,False,False,Sydney,0,-0.0330460233009269,2.49,0.0,9,0.005688282138794,500.0,87900.0,1,0.005688282138794,-0.0012656945602791004,2013-2016,2016,
2013,NSW,149,Sydney,24560,MASON,Lesley,4,CDP,Christian Democratic Party (Fred Nile Group),723.0,88151.0,0.008201835486835,CDP,False,False,Sydney,0,-0.031798164513165,2.49,0.0,9,0.0169397042093287,1489.0,87900.0,1,0.0169397042093287,0.0087378687224937,2013-2016,2016,
2013,NSW,149,Sydney,23152,RZETELSKI,Joanna,5,IND,Independent,602.0,88151.0,0.0068291908202969,IND,False,True,Sydney,0,-0.0331708091797031,2.49,0.0,9,,,,0,0.0,,2013-2016,2016,0.0154452801189261
2013,NSW,149,Sydney,24194,KELLY,Timothy Daniel,6,PUP,Palmer United Party,1261.0,88151.0,0.0143049993760706,UAPP,False,False,Sydney,0,-0.0256950006239294,2.49,0.0,9,,,,0,0.0,,2013-2016,2016,
2013,NSW,149,Sydney,24567,GARTNER,Leah,7,BTA,Bullet Train For Australia,791.0,88151.0,0.0089732391010879,BTA,False,False,Sydney,0,-0.0310267608989121,2.49,0.0,9,,,,0,0.0,,2013-2016,2016,
2013,NSW,150,Throsby,24504,KING,May Lee,1,PUP,Palmer United Party,3885.0,84393.0,0.0460346237247165,UAPP,False,False,Throsby,1,0.006034623724716498,2.49,9673.650000000001,11,,,,0,0.0,,2013-2016,2016,
2013,NSW,150,Throsby,24636,KADWELL,John,4,CDP,Christian Democratic Party (Fred Nile Group),1938.0,84393.0,0.0229639899043759,CDP,False,False,Throsby,0,-0.0170360100956241,2.49,0.0,11,,,,0,0.0,,2013-2016,2016,
2013,NSW,150,Throsby,24059,BOULTON,Brian Edward,6,DLP,Democratic Labour Party (DLP),407.0,84393.0,0.0048226748663988,DLP,False,False,Throsby,0,-0.0351773251336012,2.49,0.0,11,,,,0,0.0,,2013-2016,2016,
2013,NSW,150,Throsby,24671,TURNER,Glenn,7,KAP,Katter's Australian Party,473.0,84393.0,0.0056047302501392,KAP,False,False,Throsby,0,-0.034395269749860805,2.49,0.0,11,,,,0,0.0,,2013-2016,2016,
2013,NSW,150,Throsby,24915,MATTERS,Paul Raymond,9,IND,Independent,1948.0,84393.0,0.0230824831443366,IND,False,True,Throsby,0,-0.016917516855663402,2.49,0.0,11,,,,0,0.0,,2013-2016,2016,
2013,NSW,150,Throsby,24666,VENESS,Elrond,11,BTA,Bullet Train For Australia,677.0,84393.0,0.0080219923453366,BTA,False,False,Throsby,0,-0.0319780076546634,2.49,0.0,11,,,,0,0.0,,2013-2016,2016,
2013,NSW,151,Warringah,24183,STEWART,Brodie Martin O'Connor,2,PUP,Palmer United Party,1961.0,89327.0,0.0219530489101839,UAPP,False,False,Warringah,0,-0.0180469510898161,2.49,0.0,7,,,,0,0.0,,2013-2016,2016,
2013,NSW,151,Warringah,24580,BLOOMFIELD,Mike,3,RUA,Rise Up Australia Party,472.0,89327.0,0.0052839566984226,RUA,False,False,Warringah,0,-0.034716043301577404,2.49,0.0,7,,,,0,0.0,,2013-2016,2016,
2013,NSW,151,Warringah,24585,FALANGA,Ula,5,CDP,Christian Democratic Party (Fred Nile Group),630.0,89327.0,0.0070527388135726,CDP,False,False,Warringah,0,-0.0329472611864274,2.49,0.0,7,0.0119885537581058,1039.0,86666.0,1,0.0119885537581058,0.004935814944533199,2013-2016,2016,
2013,NSW,151,Warringah,23209,COTTEE,Mike,7,SPP,Stable Population Party,744.0,89327.0,0.0083289486941238,SPP,False,False,Warringah,0,-0.031671051305876205,2.49,0.0,7,,,,0,0.0,,2013-2016,2016,
2013,NSW,251,Watson,24604,RAWSON,Stephen,3,DLP,Democratic Labour Party (DLP),897.0,79030.0,0.0113501202075161,DLP,False,False,Watson,0,-0.0286498797924839,2.49,0.0,7,,,,0,0.0,,2013-2016,2016,
2013,NSW,251,Watson,24349,NASSER,Zaher,4,PUP,Palmer United Party,1970.0,79030.0,0.0249272428191825,UAPP,False,False,Watson,0,-0.015072757180817502,2.49,0.0,7,,,,0,0.0,,2013-2016,2016,
2013,NSW,251,Watson,24640,KAMLADE,Paul,6,RUA,Rise Up Australia Party,376.0,79030.0,0.0047576869543211,RUA,False,False,Watson,0,-0.0352423130456789,2.49,0.0,7,,,,0,0.0,,2013-2016,2016,
2013,NSW,251,Watson,24621,FRASER,David,7,CDP,Christian Democratic Party (Fred Nile Group),1873.0,79030.0,0.0236998608123497,CDP,False,False,Watson,0,-0.0163001391876503,2.49,0.0,7,0.0955956557258878,7957.0,83236.0,1,0.0955956557258878,0.07189579491353809,2013-2016,2016,
2013,NSW,152,Wentworth,24236,FOXMAN,Marsha,2,PUP,Palmer United Party,998.0,92084.0,0.0108379305851179,UAPP,False,False,Wentworth,0,-0.0291620694148821,2.49,0.0,6,,,,0,0.0,,2013-2016,2016,
2013,NSW,152,Wentworth,24597,THOMAS,Beresford,4,CDP,Christian Democratic Party (Fred Nile Group),431.0,92084.0,0.0046805091003866,CDP,False,False,Wentworth,0,-0.0353194908996134,2.49,0.0,6,0.0107144555962517,901.0,84092.0,1,0.0107144555962517,0.0060339464958651,2013-2016,2016,
2013,NSW,152,Wentworth,15478,SHEIL,Pat,5,IND,Independent,1054.0,92084.0,0.0114460709786716,IND,False,True,Wentworth,0,-0.028553929021328403,2.49,0.0,6,0.0068139656566617,573.0,84092.0,1,0.0068139656566617,-0.0046321053220099,2013-2016,2016,0.0059416678203885
2013,NSW,152,Wentworth,15478,SHEIL,Pat,5,IND,Independent,1054.0,92084.0,0.0114460709786716,IND,False,True,Wentworth,0,-0.028553929021328403,2.49,0.0,6,0.0068139656566617,573.0,84092.0,1,0.0068139656566617,-0.0046321053220099,2013-2016,2016,0.0055840140292583
2013,NSW,153,Werriwa,24784,RAMSAY,John,1,CDP,Christian Democratic Party (Fred Nile Group),2936.0,77379.0,0.0379431111800359,CDP,False,False,Werriwa,0,-0.0020568888199641033,2.49,0.0,8,0.0669867168003939,5986.0,89361.0,1,0.0669867168003939,0.029043605620358008,2013-2016,2016,
2013,NSW,153,Werriwa,24123,BYRNE,Michael,2,DLP,Democratic Labour Party (DLP),1562.0,77379.0,0.0201863554711226,DLP,False,False,Werriwa,0,-0.019813644528877402,2.49,0.0,8,,,,0,0.0,,2013-2016,2016,
2013,NSW,153,Werriwa,24770,HARRIS,Marella,4,ON,One Nation,1519.0,77379.0,0.0196306491425322,ON,False,False,Werriwa,0,-0.0203693508574678,2.49,0.0,8,,,,0,0.0,,2013-2016,2016,
2013,NSW,153,Werriwa,24216,THIRUP,Katryna Marie,7,PUP,Palmer United Party,3363.0,77379.0,0.0434614042569689,UAPP,False,False,Werriwa,1,0.003461404256968899,2.49,8373.87,8,,,,0,0.0,,2013-2016,2016,
2013,NSW,153,Werriwa,24806,BALL,Kerryn,8,KAP,Katter's Australian Party,657.0,77379.0,0.0084906757647423,KAP,False,False,Werriwa,0,-0.0315093242352577,2.49,0.0,8,,,,0,0.0,,2013-2016,2016,
2013,NT,306,Lingiari,23273,FLYNN,Peter,1,CEC,Citizens Electoral Council,1639.0,46019.0,0.0356157239401116,CEC,False,False,Lingiari,0,-0.004384276059888399,2.49,0.0,8,0.0060874635568513,261.0,42875.0,1,0.0060874635568513,-0.029528260383260303,2013-2016,2016,0.0387401868288023
2013,NT,306,Lingiari,24971,GOULD,Alf,3,IND,Independent,748.0,46019.0,0.0162541558921315,IND,False,True,Lingiari,0,-0.0237458441078685,2.49,0.0,8,0.0099591836734693,427.0,42875.0,1,0.0099591836734693,-0.006294972218662201,2013-2016,2016,0.0444941412164838
2013,NT,306,Lingiari,24971,GOULD,Alf,3,IND,Independent,748.0,46019.0,0.0162541558921315,IND,False,True,Lingiari,0,-0.0237458441078685,2.49,0.0,8,0.0099591836734693,427.0,42875.0,1,0.0099591836734693,-0.006294972218662201,2013-2016,2016,0.047475947538845
2013,NT,306,Lingiari,24197,McCARTHY,Regina,5,RUA,Rise Up Australia Party,917.0,46019.0,0.0199265520763163,RUA,False,False,Lingiari,0,-0.0200734479236837,2.49,0.0,8,0.034938775510204,1498.0,42875.0,1,0.034938775510204,0.015012223433887702,2013-2016,2016,
2013,NT,306,Lingiari,23798,HEDLAND,Trevor,6,PUP,Palmer United Party,1918.0,46019.0,0.041678437167257,UAPP,False,False,Lingiari,1,0.0016784371672569978,2.49,4775.820000000001,8,,,,0,0.0,,2013-2016,2016,
2013,NT,306,Lingiari,24213,LECHLEITNER,Kenneth Immanuel,7,FNPP,A.F.N.P.P.,1340.0,46019.0,0.0291184076142462,FNPP,False,False,Lingiari,0,-0.0108815923857538,2.49,0.0,8,,,,0,0.0,,2013-2016,2016,
2013,NT,307,Solomon,24993,METCALF,Krystal,1,ASXP,Sex Party,1847.0,53422.0,0.034573771105537,ASXP,False,False,Solomon,0,-0.005426228894463002,2.49,0.0,9,,,,0,0.0,,2013-2016,2016,
2013,NT,307,Solomon,23176,CAMPBELL,Trudy,2,CEC,Citizens Electoral Council,217.0,53422.0,0.0040619969301037,CEC,False,False,Solomon,0,-0.0359380030698963,2.49,0.0,9,0.0033525693871942,183.0,54585.0,1,0.0033525693871942,-0.0007094275429094998,2013-2016,2016,0.0131093492424837
2013,NT,307,Solomon,24755,BURGESS,Martin,4,VEP,Voluntary Euthanasia Party,597.0,53422.0,0.0111751712777507,VEP,False,False,Solomon,0,-0.0288248287222493,2.49,0.0,9,,,,0,0.0,,2013-2016,2016,
2013,NT,307,Solomon,24223,SELLICK,Paul,6,RUA,Rise Up Australia Party,527.0,53422.0,0.0098648496873947,RUA,False,False,Solomon,0,-0.030135150312605302,2.49,0.0,9,0.0180452505267014,985.0,54585.0,1,0.0180452505267014,0.0081804008393067,2013-2016,2016,
2013,NT,307,Solomon,24230,SPAIN,Stephen Christopher,7,PUP,Palmer United Party,2691.0,53422.0,0.0503725057092583,UAPP,False,False,Solomon,1,0.010372505709258302,2.49,6700.59,9,,,,0,0.0,,2013-2016,2016,
2013,NT,307,Solomon,24220,CUMMINGS,Eileen,9,FNPP,A.F.N.P.P.,470.0,53422.0,0.0087978735352476,FNPP,False,False,Solomon,0,-0.0312021264647524,2.49,0.0,9,,,,0,0.0,,2013-2016,2016,
2013,QLD,304,Blair,24847,DENMAN,Elwyn,1,FFP,Family First,2257.0,78979.0,0.0285772167284974,FFP,False,False,Blair,0,-0.0114227832715026,2.49,0.0,8,0.0282437461114958,2406.0,85187.0,1,0.0282437461114958,-0.0003334706170016015,2013-2016,2016,0.0491084199485076
2013,QLD,304,Blair,24330,CHORLEY,Dale,3,KAP,Katter's Australian Party,2491.0,78979.0,0.031540029628129,KAP,False,False,Blair,0,-0.008459970371871003,2.49,0.0,8,,,,0,0.0,,2013-2016,2016,
2013,QLD,304,Blair,23677,MACKIN,Anthony,4,RUA,Rise Up Australia Party,504.0,78979.0,0.0063814431684371,RUA,False,False,Blair,0,-0.0336185568315629,2.49,0.0,8,,,,0,0.0,,2013-2016,2016,
2013,QLD,304,Blair,23402,STANTON,Anthony John,6,PUP,Palmer United Party,9805.0,78979.0,0.1241469251319971,UAPP,False,False,Blair,1,0.08414692513199709,2.49,24414.45,8,,,,0,0.0,,2013-2016,2016,
2013,QLD,304,Blair,23302,DEGUARA,Shannon,8,AIN,Australian Independents,1011.0,78979.0,0.0128008711176388,AIN,False,False,Blair,0,-0.0271991288823612,2.49,0.0,8,,,,0,0.0,,2013-2016,2016,
2013,QLD,310,Bonner,24849,PENNY,Jeff,2,FFP,Family First,1789.0,85876.0,0.0208323629419162,FFP,False,False,Bonner,0,-0.0191676370580838,2.49,0.0,6,0.0351132812065532,3157.0,89909.0,1,0.0351132812065532,0.014280918264637,2013-2016,2016,0.0282115255887543
2013,QLD,310,Bonner,23605,WIRTH,Jarrod,3,UNP,Uniting Australia Party,386.0,85876.0,0.0044948530439237,UNP,False,False,Bonner,0,-0.0355051469560763,2.49,0.0,6,,,,0,0.0,,2013-2016,2016,
2013,QLD,310,Bonner,23440,MacANALLY,James Derek,5,PUP,Palmer United Party,6712.0,85876.0,0.0781592062974521,UAPP,False,False,Bonner,1,0.0381592062974521,2.49,16712.88,6,,,,0,0.0,,2013-2016,2016,
2013,QLD,155,Bowman,24851,O'SHEA,Andrew,1,FFP,Family First,1868.0,86910.0,0.0214934990219767,FFP,False,False,Bowman,0,-0.0185065009780233,2.49,0.0,5,0.0482967776875169,4459.0,92325.0,1,0.0482967776875169,0.026803278665540196,2013-2016,2016,0.0223808652144731
2013,QLD,155,Bowman,23438,WAYNE,John Charles,5,PUP,Palmer United Party,11049.0,86910.0,0.1271315153607179,UAPP,False,False,Bowman,1,0.08713151536071789,2.49,27512.010000000002,5,,,,0,0.0,,2013-2016,2016,
2013,QLD,156,Brisbane,23586,ROLES,John,1,SPP,Stable Population Party,564.0,86857.0,0.0064934317326179,SPP,False,False,Brisbane,0,-0.0335065682673821,2.49,0.0,8,,,,0,0.0,,2013-2016,2016,
2013,QLD,156,Brisbane,23585,ROSE,Tony,2,SPA,Secular Party of Australia,602.0,86857.0,0.0069309324521915,SPA,False,False,Brisbane,0,-0.0330690675478085,2.49,0.0,8,,,,0,0.0,,2013-2016,2016,
2013,QLD,156,Brisbane,24396,CICCHINI,Connie,4,KAP,Katter's Australian Party,951.0,86857.0,0.0109490311661696,KAP,False,False,Brisbane,0,-0.0290509688338304,2.49,0.0,8,,,,0,0.0,,2013-2016,2016,
2013,QLD,156,Brisbane,23404,FORD,Veronica Mary Ann,5,PUP,Palmer United Party,3643.0,86857.0,0.0419425031949065,UAPP,False,False,Brisbane,1,0.0019425031949064989,2.49,9071.070000000002,8,,,,0,0.0,,2013-2016,2016,
2013,QLD,156,Brisbane,24874,JOYNER,Sharyn,7,FFP,Family First,801.0,86857.0,0.0092220546415372,FFP,False,False,Brisbane,0,-0.030777945358462802,2.49,0.0,8,0.0169487927832316,1597.0,94225.0,1,0.0169487927832316,0.007726738141694398,2013-2016,2016,0.0157188861059359
2013,QLD,157,Capricornia,23697,LEWIS,Paul,2,RUA,Rise Up Australia Party,439.0,84913.0,0.0051699975268804,RUA,False,False,Capricornia,0,-0.0348300024731196,2.49,0.0,8,,,,0,0.0,,2013-2016,2016,
2013,QLD,157,Capricornia,23459,ISON,Derek James,3,PUP,Palmer United Party,6747.0,84913.0,0.0794577979814633,UAPP,False,False,Capricornia,1,0.039457797981463295,2.49,16800.030000000002,8,,,,0,0.0,,2013-2016,2016,
2013,QLD,157,Capricornia,24970,DIAMOND,Bruce,5,,,1777.0,84913.0,0.0209273020621106,,False,False,Capricornia,0,-0.0190726979378894,2.49,0.0,8,,,,0,0.0,,2013-2016,2016,
2013,QLD,157,Capricornia,24835,ALLEY,Hazel,6,FFP,Family First,3274.0,84913.0,0.0385571113963704,FFP,False,False,Capricornia,0,-0.001442888603629601,2.49,0.0,8,0.0515796041064034,4547.0,88155.0,1,0.0515796041064034,0.013022492710033001,2013-2016,2016,0.0348594177656133
2013,QLD,157,Capricornia,24442,WILLIAMS,Robbie,8,KAP,Katter's Australian Party,4708.0,84913.0,0.0554449848668637,KAP,False,False,Capricornia,1,0.0154449848668637,2.49,11722.920000000002,8,0.0707957574726334,6241.0,88155.0,1,0.0707957574726334,0.015350772605769704,2013-2016,2016,
2013,QLD,158,Dawson,24817,TEMPLE,Lindsay,3,FFP,Family First,1663.0,87623.0,0.0189790351848259,FFP,False,False,Dawson,0,-0.0210209648151741,2.49,0.0,7,0.0376854928017718,3403.0,90300.0,1,0.0376854928017718,0.018706457616945903,2013-2016,2016,0.0494279617596354
2013,QLD,158,Dawson,23409,FERGUSON,Ian Maurice,4,PUP,Palmer United Party,8777.0,87623.0,0.1001677641715074,UAPP,False,False,Dawson,1,0.0601677641715074,2.49,21854.730000000003,7,,,,0,0.0,,2013-2016,2016,
2013,QLD,158,Dawson,23287,HARRIS,Andrew,5,CEC,Citizens Electoral Council,345.0,87623.0,0.0039373223925225,CEC,False,False,Dawson,0,-0.0360626776074775,2.49,0.0,7,,,,0,0.0,,2013-2016,2016,0.0155155577523538
2013,QLD,158,Dawson,24577,ENGLERT,Justin,7,KAP,Katter's Australian Party,5905.0,87623.0,0.0673909818198418,KAP,False,False,Dawson,1,0.027390981819841793,2.49,14703.45,7,0.0653820598006644,5904.0,90300.0,1,0.0653820598006644,-0.002008922019177392,2013-2016,2016,
2013,QLD,252,Dickson,23622,TAYLOR,Geoffrey,2,RUA,Rise Up Australia Party,585.0,85732.0,0.0068235897914431,RUA,False,False,Dickson,0,-0.0331764102085569,2.49,0.0,7,,,,0,0.0,,2013-2016,2016,
2013,QLD,252,Dickson,24862,McDOWELL,Michael,3,FFP,Family First,1542.0,85732.0,0.0179862828348807,FFP,False,False,Dickson,0,-0.022013717165119302,2.49,0.0,7,0.0425368128182288,3868.0,90933.0,1,0.0425368128182288,0.0245505299833481,2013-2016,2016,0.0287289290493671
2013,QLD,252,Dickson,23411,TAVERNER,Mark Jonathon,6,PUP,Palmer United Party,8390.0,85732.0,0.0978631082909532,UAPP,False,False,Dickson,1,0.057863108290953195,2.49,20891.100000000002,7,,,,0,0.0,,2013-2016,2016,
2013,QLD,252,Dickson,24656,CORNWELL,Jim,7,KAP,Katter's Australian Party,1697.0,85732.0,0.0197942425232118,KAP,False,False,Dickson,0,-0.0202057574767882,2.49,0.0,7,,,,0,0.0,,2013-2016,2016,
2013,QLD,159,Fadden,24833,FREDERICKS,Jeremy John,2,FFP,Family First,1305.0,80135.0,0.0162850190303862,FFP,False,False,Fadden,0,-0.023714980969613803,2.49,0.0,8,0.0385888774551474,3450.0,89404.0,1,0.0385888774551474,0.0223038584247612,2013-2016,2016,0.0341477334492879
2013,QLD,159,Fadden,23394,MacANALLY,James Patrick,3,PUP,Palmer United Party,11759.0,80135.0,0.1467398764584763,UAPP,False,False,Fadden,1,0.1067398764584763,2.49,29279.910000000003,8,,,,0,0.0,,2013-2016,2016,
2013,QLD,159,Fadden,24507,LAWRENCE,Billy,4,KAP,Katter's Australian Party,1088.0,80135.0,0.0135770886628813,KAP,False,False,Fadden,0,-0.0264229113371187,2.49,0.0,8,,,,0,0.0,,2013-2016,2016,
2013,QLD,159,Fadden,24780,CARROLL,Maurie,5,IND,Independent,712.0,80135.0,0.0088850065514444,IND,False,True,Fadden,0,-0.031114993448555603,2.49,0.0,8,,,,0,0.0,,2013-2016,2016,
2013,QLD,159,Fadden,24510,BOYD,Stewart,6,ON,One Nation,510.0,80135.0,0.0063642603107256,ON,False,False,Fadden,0,-0.0336357396892744,2.49,0.0,8,0.1196031497472148,10693.0,89404.0,1,0.1196031497472148,0.1132388894364892,2013-2016,2016,0.0160479399934775
2013,QLD,160,Fairfax,24404,HOLT,Mike,1,ON,One Nation,709.0,84607.0,0.0083799212831089,ON,False,False,Fairfax,0,-0.0316200787168911,2.49,0.0,8,0.0974011226112066,9006.0,92463.0,1,0.0974011226112066,0.08902120132809771,2013-2016,2016,
2013,QLD,160,Fairfax,23162,BYRNES,Trudy,2,IND,Independent,1016.0,84607.0,0.0120084626567541,IND,False,True,Fairfax,0,-0.0279915373432459,2.49,0.0,8,0.0312124849939975,2886.0,92463.0,1,0.0312124849939975,0.0192040223372434,2013-2016,2016,
2013,QLD,160,Fairfax,23396,PALMER,Clive Frederick,3,PUP,Palmer United Party,22409.0,84607.0,0.2648598815700828,UAPP,False,False,Fairfax,1,0.22485988157008277,2.49,55798.41,8,,,,0,0.0,,2013-2016,2016,
2013,QLD,160,Fairfax,24815,MEYER,Angela,5,FFP,Family First,1416.0,84607.0,0.0167362038602006,FFP,False,False,Fairfax,0,-0.0232637961397994,2.49,0.0,8,0.0264862701837491,2449.0,92463.0,1,0.0264862701837491,0.009750066323548499,2013-2016,2016,0.052449852022361
2013,QLD,160,Fairfax,24322,SAWYER,Ray,8,KAP,Katter's Australian Party,1623.0,84607.0,0.0191828099329842,KAP,False,False,Fairfax,0,-0.020817190067015802,2.49,0.0,8,,,,0,0.0,,2013-2016,2016,
2013,QLD,161,Fisher,24325,MELDON,Mark,1,KAP,Katter's Australian Party,2520.0,77855.0,0.0323678633356881,KAP,False,False,Fisher,0,-0.007632136664311902,2.49,0.0,10,,,,0,0.0,,2013-2016,2016,
2013,QLD,161,Fisher,23307,MAGUIRE,Mark,2,AIN,Australian Independents,890.0,77855.0,0.0114315072891914,AIN,False,False,Fisher,0,-0.0285684927108086,2.49,0.0,10,,,,0,0.0,,2013-2016,2016,
2013,QLD,161,Fisher,24814,MOORE,Tony,4,FFP,Family First,1593.0,77855.0,0.0204611136086314,FFP,False,False,Fisher,0,-0.019538886391368603,2.49,0.0,10,0.0349429952844266,2927.0,83765.0,1,0.0349429952844266,0.0144818816757952,2013-2016,2016,0.0736028892630207
2013,QLD,161,Fisher,23416,SCHOCH,William Matthew,6,PUP,Palmer United Party,13559.0,77855.0,0.1741570868922997,UAPP,False,False,Fisher,1,0.1341570868922997,2.49,33761.91,10,,,,0,0.0,,2013-2016,2016,
2013,QLD,161,Fisher,23691,CHRISTENSEN,Rod,7,RUA,Rise Up Australia Party,305.0,77855.0,0.0039175390148352,RUA,False,False,Fisher,0,-0.0360824609851648,2.49,0.0,10,0.02638333432818,2210.0,83765.0,1,0.02638333432818,0.022465795313344798,2013-2016,2016,
2013,QLD,161,Fisher,23667,TERRY,Jarreau,8,IND,Independent,957.0,77855.0,0.0122920814334339,IND,False,True,Fisher,0,-0.0277079185665661,2.49,0.0,10,0.0346922939175073,2906.0,83765.0,1,0.0346922939175073,0.0224002124840734,2013-2016,2016,
2013,QLD,161,Fisher,20759,SLIPPER,Peter,9,,,1207.0,77855.0,0.0155031789865776,,False,False,Fisher,0,-0.0244968210134224,2.49,0.0,10,,,,0,0.0,,2013-2016,2016,
2013,QLD,311,Flynn,24885,TOMSETT,Craig,1,IND,Independent,1573.0,85530.0,0.0183912077633578,IND,False,True,Flynn,0,-0.0216087922366422,2.49,0.0,9,0.0221123172606889,1927.0,87146.0,1,0.0221123172606889,0.0037211094973311,2013-2016,2016,0.0378636158814399
2013,QLD,311,Flynn,17322,SCOTT,Duncan George,3,IND,Independent,792.0,85530.0,0.0092599088039284,IND,False,True,Flynn,0,-0.0307400911960716,2.49,0.0,9,0.0221123172606889,1927.0,87146.0,1,0.0221123172606889,0.0128524084567605,2013-2016,2016,0.0378636158814399
2013,QLD,311,Flynn,23659,DICKINS,Kingsley,4,RUA,Rise Up Australia Party,584.0,85530.0,0.0068280135624926,RUA,False,False,Flynn,0,-0.0331719864375074,2.49,0.0,9,,,,0,0.0,,2013-2016,2016,
2013,QLD,311,Flynn,24822,MOLDRE,Renae,6,FFP,Family First,1287.0,85530.0,0.0150473518063837,FFP,False,False,Flynn,0,-0.0249526481936163,2.49,0.0,9,0.0249351662726918,2173.0,87146.0,1,0.0249351662726918,0.009887814466308101,2013-2016,2016,0.0448855955539978
2013,QLD,311,Flynn,23426,ENSBY,Steven Philip,7,PUP,Palmer United Party,7908.0,85530.0,0.0924587863907401,UAPP,False,False,Flynn,1,0.05245878639074009,2.49,19690.920000000002,9,,,,0,0.0,,2013-2016,2016,
2013,QLD,311,Flynn,24501,LOVE,Richard Laing,8,KAP,Katter's Australian Party,3536.0,85530.0,0.0413422191044078,KAP,False,False,Flynn,1,0.0013422191044078005,2.49,8804.640000000001,9,0.0338282881600991,2948.0,87146.0,1,0.0338282881600991,-0.007513930944308703,2013-2016,2016,
2013,QLD,162,Forde,23942,JENNINGS,Jonathan,1,RUA,Rise Up Australia Party,745.0,75860.0,0.0098207223833377,RUA,False,False,Forde,0,-0.030179277616662302,2.49,0.0,10,,,,0,0.0,,2013-2016,2016,
2013,QLD,162,Forde,24441,DOUGLAS,Keith,4,VCE,Australian Voice,262.0,75860.0,0.0034537305562878,VCE,False,False,Forde,0,-0.0365462694437122,2.49,0.0,10,,,,0,0.0,,2013-2016,2016,
2013,QLD,162,Forde,23747,BREWSTER,Blair Matthew,5,PUP,Palmer United Party,9445.0,75860.0,0.1245056683364091,UAPP,False,False,Forde,1,0.0845056683364091,2.49,23518.050000000003,10,,,,0,0.0,,2013-2016,2016,
2013,QLD,162,Forde,24514,SLOSS,Joshua,6,IND,Independent,698.0,75860.0,0.0092011600316372,IND,False,True,Forde,0,-0.0307988399683628,2.49,0.0,10,0.0624716958646168,5242.0,83910.0,1,0.0624716958646168,0.0532705358329796,2013-2016,2016,
2013,QLD,162,Forde,23708,PUKALLUS,Jan,7,CEC,Citizens Electoral Council,130.0,75860.0,0.0017136831004481,CEC,False,False,Forde,0,-0.0382863168995519,2.49,0.0,10,,,,0,0.0,,2013-2016,2016,
2013,QLD,162,Forde,24845,BEST,Amanda,9,FFP,Family First,1701.0,75860.0,0.0224228842604798,FFP,False,False,Forde,0,-0.0175771157395202,2.49,0.0,10,0.0558574663329758,4687.0,83910.0,1,0.0558574663329758,0.033434582072496,2013-2016,2016,0.0631956503174015
2013,QLD,162,Forde,24498,HUNTER,Paul Roger,10,KAP,Katter's Australian Party,1652.0,75860.0,0.0217769575533878,KAP,False,False,Forde,0,-0.0182230424466122,2.49,0.0,10,,,,0,0.0,,2013-2016,2016,
2013,QLD,163,Griffith,23675,CHURCH,Sherrilyn,1,RUA,Rise Up Australia Party,418.0,86409.0,0.0048374590609774,RUA,False,False,Griffith,0,-0.0351625409390226,2.49,0.0,11,,,,0,0.0,,2013-2016,2016,
2013,QLD,163,Griffith,23439,McNICOL,Jan,2,SPP,Stable Population Party,165.0,86409.0,0.0019095233135437,SPP,False,False,Griffith,0,-0.0380904766864563,2.49,0.0,11,,,,0,0.0,,2013-2016,2016,
2013,QLD,163,Griffith,23153,SOWDEN,Greg,3,IND,Independent,705.0,86409.0,0.0081588723396868,IND,False,True,Griffith,0,-0.031841127660313204,2.49,0.0,11,0.0159051129012969,1463.0,91983.0,1,0.0159051129012969,0.0077462405616101,2013-2016,2016,
2013,QLD,163,Griffith,24471,MURRAY,Luke,4,KAP,Katter's Australian Party,595.0,86409.0,0.0068858567973243,KAP,False,False,Griffith,0,-0.0331141432026757,2.49,0.0,11,,,,0,0.0,,2013-2016,2016,
2013,QLD,163,Griffith,23714,FLENADY,Liam,5,SAL,Socialist Alliance,377.0,86409.0,0.0043629714497332,SAL,False,False,Griffith,0,-0.0356370285502668,2.49,0.0,11,,,,0,0.0,,2013-2016,2016,
2013,QLD,163,Griffith,23598,REID,Anne,7,SPA,Secular Party of Australia,445.0,86409.0,0.0051499265122846,SPA,False,False,Griffith,0,-0.0348500734877154,2.49,0.0,11,,,,0,0.0,,2013-2016,2016,
2013,QLD,163,Griffith,23427,HUNTER,Karin Margaret,10,PUP,Palmer United Party,2903.0,86409.0,0.0335960374498026,UAPP,False,False,Griffith,0,-0.006403962550197401,2.49,0.0,11,,,,0,0.0,,2013-2016,2016,
2013,QLD,163,Griffith,24853,KERTESZ,Adam,11,FFP,Family First,643.0,86409.0,0.007441354488537,FFP,False,False,Griffith,0,-0.032558645511463,2.49,0.0,11,0.0154811215115836,1424.0,91983.0,1,0.0154811215115836,0.0080397670230466,2013-2016,2016,0.0144630154703278
2013,QLD,164,Groom,23279,THIES,Robert Henry,1,CEC,Citizens Electoral Council,743.0,88003.0,0.0084428939922502,CEC,False,False,Groom,0,-0.0315571060077498,2.49,0.0,8,,,,0,0.0,,2013-2016,2016,
2013,QLD,164,Groom,24350,WHITTY,Chris,3,KAP,Katter's Australian Party,3243.0,88003.0,0.0368510164426212,KAP,False,False,Groom,0,-0.003148983557378804,2.49,0.0,8,,,,0,0.0,,2013-2016,2016,
2013,QLD,164,Groom,23655,ARMITAGE,Rick,6,RUA,Rise Up Australia Party,1210.0,88003.0,0.0137495312659795,RUA,False,False,Groom,0,-0.026250468734020503,2.49,0.0,8,,,,0,0.0,,2013-2016,2016,
2013,QLD,164,Groom,23407,MATHIESON,Ewen James,7,PUP,Palmer United Party,8225.0,88003.0,0.0934627228617206,UAPP,False,False,Groom,1,0.053462722861720595,2.49,20480.25,8,,,,0,0.0,,2013-2016,2016,
2013,QLD,164,Groom,24816,TODD,Alex J,8,FFP,Family First,2342.0,88003.0,0.0266127291115075,FFP,False,False,Groom,0,-0.013387270888492502,2.49,0.0,8,0.1001676767455368,9140.0,91247.0,1,0.1001676767455368,0.0735549476340293,2013-2016,2016,0.0555733068247713
2013,QLD,165,Herbert,24352,MOIR,Steve,2,ON,One Nation,710.0,85253.0,0.0083281526749791,ON,False,False,Herbert,0,-0.0316718473250209,2.49,0.0,10,0.135277403579474,11950.0,88337.0,1,0.135277403579474,0.12694925090449488,2013-2016,2016,
2013,QLD,165,Herbert,23703,MAROLLA,Nino,3,RUA,Rise Up Australia Party,549.0,85253.0,0.0064396560824839,RUA,False,False,Herbert,0,-0.0335603439175161,2.49,0.0,10,,,,0,0.0,,2013-2016,2016,
2013,QLD,165,Herbert,24306,WALKER,Bronwyn,4,KAP,Katter's Australian Party,6890.0,85253.0,0.0808182703247979,KAP,False,False,Herbert,1,0.040818270324797894,2.49,17156.100000000002,10,0.0687141288474818,6070.0,88337.0,1,0.0687141288474818,-0.012104141477316088,2013-2016,2016,
2013,QLD,165,Herbert,24863,PUNSHON,Michael,7,FFP,Family First,1106.0,85253.0,0.0129731505049675,FFP,False,False,Herbert,0,-0.0270268494950325,2.49,0.0,10,0.0359419042983121,3175.0,88337.0,1,0.0359419042983121,0.0229687537933446,2013-2016,2016,0.0532536890328785
2013,QLD,165,Herbert,24383,GEORGE,Costa,8,ASXP,Sex Party,1576.0,85253.0,0.0184861529799537,ASXP,False,False,Herbert,0,-0.0215138470200463,2.49,0.0,10,,,,0,0.0,,2013-2016,2016,
2013,QLD,165,Herbert,24242,BELL,Margaret,9,VCE,Australian Voice,383.0,85253.0,0.0044925105274887,VCE,False,False,Herbert,0,-0.0355074894725113,2.49,0.0,10,,,,0,0.0,,2013-2016,2016,
2013,QLD,165,Herbert,23505,BREWSTER,Martin David,10,PUP,Palmer United Party,7573.0,85253.0,0.0888297186022779,UAPP,False,False,Herbert,1,0.048829718602277895,2.49,18856.77,10,0.0035658897177852,315.0,88337.0,1,0.0035658897177852,-0.0852638288844927,2013-2016,2016,
2013,QLD,166,Hinkler,24317,DALGLEISH,David,2,KAP,Katter's Australian Party,3887.0,84928.0,0.0457681801055011,KAP,False,False,Hinkler,1,0.005768180105501099,2.49,9678.630000000001,7,,,,0,0.0,,2013-2016,2016,
2013,QLD,166,Hinkler,24916,SCHIRMER,Reid,3,IND,Independent,706.0,84928.0,0.0083129238884702,IND,False,True,Hinkler,0,-0.0316870761115298,2.49,0.0,7,0.0193979857672918,1720.0,88669.0,1,0.0193979857672918,0.011085061878821599,2013-2016,2016,0.0156507311516412
2013,QLD,166,Hinkler,24916,SCHIRMER,Reid,3,IND,Independent,706.0,84928.0,0.0083129238884702,IND,False,True,Hinkler,0,-0.0316870761115298,2.49,0.0,7,0.0193979857672918,1720.0,88669.0,1,0.0193979857672918,0.011085061878821599,2013-2016,2016,0.0210244790312395
2013,QLD,166,Hinkler,24821,SULLIVAN,Troy Bradly,4,FFP,Family First,1590.0,84928.0,0.018721740768651,FFP,False,False,Hinkler,0,-0.021278259231349,2.49,0.0,7,0.0253752720793061,2250.0,88669.0,1,0.0253752720793061,0.0066535313106551,2013-2016,2016,0.0317224471602095
2013,QLD,166,Hinkler,23413,MESSENGER,Robert Desmond,7,PUP,Palmer United Party,14990.0,84928.0,0.1765024491333835,UAPP,False,False,Hinkler,1,0.1365024491333835,2.49,37325.100000000006,7,,,,0,0.0,,2013-2016,2016,
2013,QLD,167,Kennedy,23412,BRAZIER,Ronald George,1,PUP,Palmer United Party,6419.0,84101.0,0.076324895066646,UAPP,False,False,Kennedy,1,0.036324895066646,2.49,15983.310000000001,8,,,,0,0.0,,2013-2016,2016,
2013,QLD,167,Kennedy,24927,TUXFORD,Chester Gordon,2,IND,Independent,571.0,84101.0,0.0067894555356059,IND,False,True,Kennedy,0,-0.0332105444643941,2.49,0.0,8,,,,0,0.0,,2013-2016,2016,0.4670712904725778
2013,QLD,167,Kennedy,24318,KATTER,Bob,4,KAP,Katter's Australian Party,24691.0,84101.0,0.293587472206038,KAP,False,False,Kennedy,1,0.253587472206038,2.49,61480.590000000004,8,0.3985234275084292,34277.0,86010.0,1,0.3985234275084292,0.10493595530239119,2013-2016,2016,
2013,QLD,167,Kennedy,23634,HECHT,Pam,5,RUA,Rise Up Australia Party,508.0,84101.0,0.0060403562383324,RUA,False,False,Kennedy,0,-0.0339596437616676,2.49,0.0,8,,,,0,0.0,,2013-2016,2016,
2013,QLD,167,Kennedy,24831,VOGLER,Dan,6,FFP,Family First,1064.0,84101.0,0.0126514547983971,FFP,False,False,Kennedy,0,-0.027348545201602903,2.49,0.0,8,0.0376002790373212,3234.0,86010.0,1,0.0376002790373212,0.024948824238924104,2013-2016,2016,0.0199823792858716
2013,QLD,168,Leichhardt,24823,MILES,Frank,1,FFP,Family First,1876.0,85716.0,0.0218862289420878,FFP,False,False,Leichhardt,0,-0.0181137710579122,2.49,0.0,7,0.0254143770831456,2257.0,88808.0,1,0.0254143770831456,0.003528148141057799,2013-2016,2016,0.0183055179672229
2013,QLD,168,Leichhardt,23650,EDWARDS,Dale,2,RUA,Rise Up Australia Party,476.0,85716.0,0.0055532222688879,RUA,False,False,Leichhardt,0,-0.0344467777311121,2.49,0.0,7,0.0162034951806143,1439.0,88808.0,1,0.0162034951806143,0.0106502729117264,2013-2016,2016,
2013,QLD,168,Leichhardt,24332,RYAN,George,3,KAP,Katter's Australian Party,3677.0,85716.0,0.0428974753838256,KAP,False,False,Leichhardt,1,0.0028974753838256,2.49,9155.730000000001,7,0.0432393478065039,3840.0,88808.0,1,0.0432393478065039,0.0003418724226783021,2013-2016,2016,
2013,QLD,168,Leichhardt,23419,GIBSON,Bruce,4,PUP,Palmer United Party,7326.0,85716.0,0.0854682906341873,UAPP,False,False,Leichhardt,1,0.0454682906341873,2.49,18241.74,7,,,,0,0.0,,2013-2016,2016,
2013,QLD,169,Lilley,24393,RYAN,James Michael,1,KAP,Katter's Australian Party,1899.0,90101.0,0.021076347654299,KAP,False,False,Lilley,0,-0.018923652345701,2.49,0.0,7,,,,0,0.0,,2013-2016,2016,
2013,QLD,169,Lilley,23418,FIGUEROA,Benedict,3,PUP,Palmer United Party,6193.0,90101.0,0.0687339763154682,UAPP,False,False,Lilley,1,0.028733976315468195,2.49,15420.570000000002,7,,,,0,0.0,,2013-2016,2016,
2013,QLD,169,Lilley,24871,VINCENT,Allan,6,FFP,Family First,1297.0,90101.0,0.014394956770735,FFP,False,False,Lilley,0,-0.025605043229265,2.49,0.0,7,0.0358903425754518,3451.0,96154.0,1,0.0358903425754518,0.021495385804716802,2013-2016,2016,0.0310081085743861
2013,QLD,169,Lilley,23264,CONTARINO,Nick,7,CEC,Citizens Electoral Council,344.0,90101.0,0.0038179376477508,CEC,False,False,Lilley,0,-0.0361820623522492,2.49,0.0,7,,,,0,0.0,,2013-2016,2016,
2013,QLD,302,Longman,24407,KENNEDY,Brad,2,KAP,Katter's Australian Party,2364.0,83790.0,0.0282133906194056,KAP,False,False,Longman,0,-0.0117866093805944,2.49,0.0,8,0.0181337148567016,1597.0,88068.0,1,0.0181337148567016,-0.010079675762704,2013-2016,2016,
2013,QLD,302,Longman,23441,VAN DER WEEGEN,Clemens Joseph,3,PUP,Palmer United Party,10714.0,83790.0,0.1278672872657835,UAPP,False,False,Longman,1,0.0878672872657835,2.49,26677.86,8,,,,0,0.0,,2013-2016,2016,
2013,QLD,302,Longman,24749,WELLS,Caleb,4,IND,Independent,895.0,83790.0,0.0106814655686836,IND,False,True,Longman,0,-0.0293185344313164,2.49,0.0,8,0.0126152518508425,1111.0,88068.0,1,0.0126152518508425,0.0019337862821589002,2013-2016,2016,0.0113452617627567
2013,QLD,302,Longman,24749,WELLS,Caleb,4,IND,Independent,895.0,83790.0,0.0106814655686836,IND,False,True,Longman,0,-0.0293185344313164,2.49,0.0,8,0.0126152518508425,1111.0,88068.0,1,0.0126152518508425,0.0019337862821589002,2013-2016,2016,0.0115573227302849
2013,QLD,302,Longman,24749,WELLS,Caleb,4,IND,Independent,895.0,83790.0,0.0106814655686836,IND,False,True,Longman,0,-0.0293185344313164,2.49,0.0,8,0.0126152518508425,1111.0,88068.0,1,0.0126152518508425,0.0019337862821589002,2013-2016,2016,0.0138104705102717
2013,QLD,302,Longman,24861,SMITH,Will,6,FFP,Family First,1977.0,83790.0,0.02359470103831,FFP,False,False,Longman,0,-0.01640529896169,2.49,0.0,8,0.0340872961802243,3002.0,88068.0,1,0.0340872961802243,0.010492595141914297,2013-2016,2016,0.0424917163684559
2013,QLD,302,Longman,24461,GOEYTES,Ayla,7,ASXP,Sex Party,1283.0,83790.0,0.0153120897481799,ASXP,False,False,Longman,0,-0.0246879102518201,2.49,0.0,8,,,,0,0.0,,2013-2016,2016,
2013,QLD,170,Maranoa,24846,SPELLMAN,John,1,FFP,Family First,2481.0,89908.0,0.0275948747608666,FFP,False,False,Maranoa,0,-0.0124051252391334,2.49,0.0,7,0.0322602138835522,2905.0,90049.0,1,0.0322602138835522,0.004665339122685599,2013-2016,2016,0.040851454472431
2013,QLD,170,Maranoa,24067,CLOUSTON,George Mousley,5,RUA,Rise Up Australia Party,861.0,89908.0,0.0095764559327312,RUA,False,False,Maranoa,0,-0.0304235440672688,2.49,0.0,7,0.0093393596819509,841.0,90049.0,1,0.0093393596819509,-0.00023709625078030018,2013-2016,2016,
2013,QLD,170,Maranoa,23594,BJELKE-PETERSEN,John,6,PUP,Palmer United Party,12506.0,89908.0,0.1390977443609022,UAPP,False,False,Maranoa,1,0.09909774436090218,2.49,31139.940000000002,7,,,,0,0.0,,2013-2016,2016,
2013,QLD,170,Maranoa,24512,WALTON,Rowell,7,KAP,Katter's Australian Party,5027.0,89908.0,0.0559127107710103,KAP,False,False,Maranoa,1,0.0159127107710103,2.49,12517.230000000001,7,0.0478184099767904,4306.0,90049.0,1,0.0478184099767904,-0.008094300794219904,2013-2016,2016,
2013,QLD,171,McPherson,24829,GREEN,Simon,1,FFP,Family First,3084.0,82927.0,0.0371893351984275,FFP,False,False,McPherson,0,-0.0028106648015725003,2.49,0.0,6,0.0609066113653269,5404.0,88726.0,1,0.0609066113653269,0.0237172761668994,2013-2016,2016,0.0483932964329643
2013,QLD,171,McPherson,23456,DOUGLAS,Susan Kim,2,PUP,Palmer United Party,13203.0,82927.0,0.1592123192687544,UAPP,False,False,McPherson,1,0.11921231926875439,2.49,32875.47,6,,,,0,0.0,,2013-2016,2016,
2013,QLD,171,McPherson,24911,BLAKE,Charles,3,VCE,Australian Voice Party,491.0,82927.0,0.0059208701629143,VCE,False,False,McPherson,0,-0.0340791298370857,2.49,0.0,6,,,,0,0.0,,2013-2016,2016,
2013,QLD,172,Moncrieff,24830,NICHOLSON,Barrie Sinclair,1,FFP,Family First,1744.0,79540.0,0.0219260749308524,FFP,False,False,Moncrieff,0,-0.018073925069147602,2.49,0.0,7,0.0653676128431828,5619.0,85960.0,1,0.0653676128431828,0.04344153791233041,2013-2016,2016,0.0310506504655616
2013,QLD,172,Moncrieff,23285,SPAJIC,Paul,2,CEC,Citizens Electoral Council,330.0,79540.0,0.0041488559215489,CEC,False,False,Moncrieff,0,-0.0358511440784511,2.49,0.0,7,,,,0,0.0,,2013-2016,2016,
2013,QLD,172,Moncrieff,23424,PFORR,Grant James,4,PUP,Palmer United Party,10882.0,79540.0,0.136811667085743,UAPP,False,False,Moncrieff,1,0.09681166708574299,2.49,27096.180000000004,7,,,,0,0.0,,2013-2016,2016,
2013,QLD,172,Moncrieff,24397,BERIC,Veronica Bernadette,5,ON,One Nation,600.0,79540.0,0.0075433744028161,ON,False,False,Moncrieff,0,-0.0324566255971839,2.49,0.0,7,,,,0,0.0,,2013-2016,2016,
2013,QLD,173,Moreton,23261,GRUNERT,Wayne J M,2,CEC,Citizens Electoral Council,208.0,82449.0,0.0025227716527792,CEC,False,False,Moreton,0,-0.0374772283472208,2.49,0.0,9,,,,0,0.0,,2013-2016,2016,
2013,QLD,173,Moreton,24315,MALLCOTT,Chris Allan,3,KAP,Katter's Australian Party,1070.0,82449.0,0.0129777195599704,KAP,False,False,Moreton,0,-0.0270222804400296,2.49,0.0,9,0.0156448650939398,1329.0,84948.0,1,0.0156448650939398,0.002667145533969401,2013-2016,2016,
2013,QLD,173,Moreton,23645,MUSCAT,Hayden,4,FUT,Future Party,481.0,82449.0,0.0058339094470521,FUT,False,False,Moreton,0,-0.0341660905529479,2.49,0.0,9,,,,0,0.0,,2013-2016,2016,
2013,QLD,173,Moreton,24848,FERRANDO,Carolyn,5,FFP,Family First,1250.0,82449.0,0.015160887336414,FFP,False,False,Moreton,0,-0.024839112663586002,2.49,0.0,9,0.0295121721523755,2507.0,84948.0,1,0.0295121721523755,0.0143512848159615,2013-2016,2016,0.0343823634636499
2013,QLD,173,Moreton,23431,DAVEY,Jeremy Peter,7,PUP,Palmer United Party,4147.0,82449.0,0.0502977598272871,UAPP,False,False,Moreton,1,0.010297759827287097,2.49,10326.03,9,,,,0,0.0,,2013-2016,2016,
2013,QLD,173,Moreton,23696,FRY,Bruce Mayburn,8,RUA,Rise Up Australia Party,303.0,82449.0,0.0036749990903467,RUA,False,False,Moreton,0,-0.0363250009096533,2.49,0.0,9,,,,0,0.0,,2013-2016,2016,
2013,QLD,174,Oxley,23415,KARG,Frank,2,DLP,Democratic Labour Party (DLP),1075.0,75618.0,0.0142161919119786,DLP,False,False,Oxley,0,-0.0257838080880214,2.49,0.0,8,,,,0,0.0,,2013-2016,2016,
2013,QLD,174,Oxley,24309,HEWLETT,Kathleen,4,KAP,Katter's Australian Party,1499.0,75618.0,0.0198233224893543,KAP,False,False,Oxley,0,-0.0201766775106457,2.49,0.0,8,0.0136274756780748,1136.0,83361.0,1,0.0136274756780748,-0.0061958468112795016,2013-2016,2016,
2013,QLD,174,Oxley,23633,MOERLAND,Scott,5,RUA,Rise Up Australia Party,400.0,75618.0,0.0052897458277129,RUA,False,False,Oxley,0,-0.0347102541722871,2.49,0.0,8,,,,0,0.0,,2013-2016,2016,
2013,QLD,174,Oxley,23583,TANG,Ricky Yue Mun,6,PUP,Palmer United Party,5368.0,75618.0,0.0709883890079081,UAPP,False,False,Oxley,1,0.030988389007908103,2.49,13366.320000000002,8,,,,0,0.0,,2013-2016,2016,
2013,QLD,174,Oxley,24818,McCORMACK,Carrie,8,FFP,Family First,1551.0,75618.0,0.020510989446957,FFP,False,False,Oxley,0,-0.019489010553043,2.49,0.0,8,0.0327971113590288,2734.0,83361.0,1,0.0327971113590288,0.012286121912071797,2013-2016,2016,0.0514720272877233
2013,QLD,175,Petrie,23689,JENNINGS,Elise,1,RUA,Rise Up Australia Party,920.0,82573.0,0.0111416564736657,RUA,False,False,Petrie,0,-0.0288583435263343,2.49,0.0,8,,,,0,0.0,,2013-2016,2016,
2013,QLD,175,Petrie,23561,PROHASKA,Thor Leopold,2,PUP,Palmer United Party,8422.0,82573.0,0.1019945987187095,UAPP,False,False,Petrie,1,0.0619945987187095,2.49,20970.780000000002,8,,,,0,0.0,,2013-2016,2016,
2013,QLD,175,Petrie,24419,THOMSON,Chris,4,KAP,Katter's Australian Party,1336.0,82573.0,0.0161796228791493,KAP,False,False,Petrie,0,-0.0238203771208507,2.49,0.0,8,,,,0,0.0,,2013-2016,2016,
2013,QLD,175,Petrie,24854,SPENCE,Tasman,5,FFP,Family First,1774.0,82573.0,0.0214840202003076,FFP,False,False,Petrie,0,-0.0185159797996924,2.49,0.0,8,0.0511460993824965,4746.0,92793.0,1,0.0511460993824965,0.0296620791821889,2013-2016,2016,0.0501414278979623
2013,QLD,175,Petrie,23374,CORNELL,Geoff,7,CEC,Citizens Electoral Council,192.0,82573.0,0.0023252152640693,CEC,False,False,Petrie,0,-0.0376747847359307,2.49,0.0,8,,,,0,0.0,,2013-2016,2016,
2013,QLD,176,Rankin,24417,CLAYDON,Chris,2,KAP,Katter's Australian Party,1697.0,83202.0,0.0203961443234537,KAP,False,False,Rankin,0,-0.0196038556765463,2.49,0.0,6,0.0336443346639663,2874.0,85423.0,1,0.0336443346639663,0.013248190340512597,2013-2016,2016,
2013,QLD,176,Rankin,23436,ROGAN,William Tracy,3,PUP,Palmer United Party,9228.0,83202.0,0.1109107954135718,UAPP,False,False,Rankin,1,0.07091079541357179,2.49,22977.72,6,,,,0,0.0,,2013-2016,2016,
2013,QLD,176,Rankin,24838,LAWRIE,Chris,6,FFP,Family First,2514.0,83202.0,0.0302156198168313,FFP,False,False,Rankin,0,-0.009784380183168701,2.49,0.0,6,0.0586610163539093,5011.0,85423.0,1,0.0586610163539093,0.028445396537078,2013-2016,2016,0.0654455829548724
2013,QLD,177,Ryan,23442,GUNNIS,Craig Geoffrey,4,PUP,Palmer United Party,4558.0,91658.0,0.0497283379519518,UAPP,False,False,Ryan,1,0.009728337951951799,2.49,11349.42,7,,,,0,0.0,,2013-2016,2016,
2013,QLD,177,Ryan,24392,WALKER,Peter Andrew,5,KAP,Katter's Australian Party,1140.0,91658.0,0.0124375395491937,KAP,False,False,Ryan,0,-0.0275624604508063,2.49,0.0,7,,,,0,0.0,,2013-2016,2016,
2013,QLD,177,Ryan,23454,SWEEDMAN,Michael C,6,SPA,Secular Party of Australia,761.0,91658.0,0.0083026031552074,SPA,False,False,Ryan,0,-0.0316973968447926,2.49,0.0,7,,,,0,0.0,,2013-2016,2016,
2013,QLD,177,Ryan,24877,DEMEDIO,Lisa,7,FFP,Family First,1213.0,91658.0,0.0132339784852386,FFP,False,False,Ryan,0,-0.0267660215147614,2.49,0.0,7,0.0252099953568865,2389.0,94764.0,1,0.0252099953568865,0.011976016871647899,2013-2016,2016,0.0179706628928274
2013,QLD,178,Wide Bay,24401,DALE,Gordon,2,KAP,Katter's Australian Party,5022.0,85459.0,0.0587650218233304,KAP,False,False,Wide Bay,1,0.018765021823330397,2.49,12504.78,7,0.0262212284039203,2357.0,89889.0,1,0.0262212284039203,-0.0325437934194101,2013-2016,2016,
2013,QLD,178,Wide Bay,23414,ANDERSON,Stephen Alfred,4,PUP,Palmer United Party,13574.0,85459.0,0.1588364010812202,UAPP,False,False,Wide Bay,1,0.1188364010812202,2.49,33799.26,7,,,,0,0.0,,2013-2016,2016,
2013,QLD,178,Wide Bay,24827,CHAPMAN,John,5,FFP,Family First,1286.0,85459.0,0.0150481517452813,FFP,False,False,Wide Bay,0,-0.024951848254718703,2.49,0.0,7,0.026688471336871,2399.0,89889.0,1,0.026688471336871,0.011640319591589702,2013-2016,2016,0.0374050764908664
2013,QLD,178,Wide Bay,23692,DICKINS,Grace,6,RUA,Rise Up Australia Party,517.0,85459.0,0.0060496846440983,RUA,False,False,Wide Bay,0,-0.0339503153559017,2.49,0.0,7,,,,0,0.0,,2013-2016,2016,
2013,QLD,316,Wright,24850,LYNCH,Stephen,1,FFP,Family First,2087.0,80740.0,0.0258484022789199,FFP,False,False,Wright,0,-0.0141515977210801,2.49,0.0,8,0.035813763898639,3163.0,88318.0,1,0.035813763898639,0.009965361619719101,2013-2016,2016,0.0387629795642314
2013,QLD,316,Wright,23658,MAUNDER,Tony,2,RUA,Rise Up Australia Party,565.0,80740.0,0.0069977706217488,RUA,False,False,Wright,0,-0.0330022293782512,2.49,0.0,8,,,,0,0.0,,2013-2016,2016,
2013,QLD,316,Wright,24333,NEUENDORF,David,4,KAP,Katter's Australian Party,4332.0,80740.0,0.0536537032449839,KAP,False,False,Wright,1,0.013653703244983897,2.49,10786.68,8,,,,0,0.0,,2013-2016,2016,
2013,QLD,316,Wright,23405,ISON,Angie Elaine,5,PUP,Palmer United Party,11691.0,80740.0,0.1447981174139212,UAPP,False,False,Wright,1,0.1047981174139212,2.49,29110.590000000004,8,,,,0,0.0,,2013-2016,2016,
2013,QLD,316,Wright,23237,WRIGHT,Matthew,6,IND,Independent,1810.0,80740.0,0.0224176368590537,IND,False,True,Wright,0,-0.0175823631409463,2.49,0.0,8,,,,0,0.0,,2013-2016,2016,0.033113636665031
2013,SA,179,Adelaide,24884,LAZAROU,Liah,1,SAL,Socialist Alliance,980.0,91456.0,0.0107155353393981,SAL,False,False,Adelaide,0,-0.029284464660601903,2.49,0.0,6,,,,0,0.0,,2013-2016,2016,0.0090389502857734
2013,SA,179,Adelaide,24370,SCALI,Vincent,3,PUP,Palmer United Party,1943.0,91456.0,0.021245188943317,UAPP,False,False,Adelaide,0,-0.018754811056683002,2.49,0.0,6,,,,0,0.0,,2013-2016,2016,
2013,SA,179,Adelaide,25001,LEE,Peter,5,FFP,Family First,2169.0,91456.0,0.023716322603219,FFP,False,False,Adelaide,0,-0.016283677396781,2.49,0.0,6,0.0191744117893326,1832.0,95544.0,1,0.0191744117893326,-0.004541910813886399,2013-2016,2016,0.0218498798256609
2013,SA,180,Barker,25019,LAMBERT,Kristin,2,FFP,Family First,7368.0,92524.0,0.0796333924171025,FFP,False,False,Barker,1,0.0396333924171025,2.49,18346.320000000003,7,0.0577902482926571,5458.0,94445.0,1,0.0577902482926571,-0.0218431441244454,2013-2016,2016,0.0618330327781903
2013,SA,180,Barker,24300,JHANDI,Balwinder Singh,3,PUP,Palmer United Party,3623.0,92524.0,0.0391574078077039,UAPP,False,False,Barker,0,-0.0008425921922960988,2.49,0.0,7,,,,0,0.0,,2013-2016,2016,
2013,SA,180,Barker,23218,SAGE,Richard,6,IND,Independent,6617.0,92524.0,0.0715165794820803,IND,False,True,Barker,1,0.0315165794820803,2.49,16476.33,7,,,,0,0.0,,2013-2016,2016,
2013,SA,182,Boothby,24491,COX,Sally Dawn,3,PUP,Palmer United Party,2835.0,94307.0,0.0300613952304706,UAPP,False,False,Boothby,0,-0.009938604769529402,2.49,0.0,5,,,,0,0.0,,2013-2016,2016,
2013,SA,182,Boothby,25009,EDMONDS,Natasha,5,FFP,Family First,3683.0,94307.0,0.039053304632742,FFP,False,False,Boothby,0,-0.0009466953672579992,2.49,0.0,5,0.0259948786835698,2477.0,95288.0,1,0.0259948786835698,-0.013058425949172201,2013-2016,2016,0.0248362797127426
2013,SA,183,Grey,24511,REES,Kristian,2,PUP,Palmer United Party,4457.0,88651.0,0.0502758006113862,UAPP,False,False,Grey,1,0.0102758006113862,2.49,11097.93,6,,,,0,0.0,,2013-2016,2016,
2013,SA,183,Grey,24999,KAMINSKI,Cheryl,3,FFP,Family First,4878.0,88651.0,0.0550247600139874,FFP,False,False,Grey,1,0.0150247600139874,2.49,12146.220000000001,6,0.0412790956428857,3710.0,89876.0,1,0.0412790956428857,-0.013745664371101703,2013-2016,2016,0.0535754644487637
2013,SA,183,Grey,23160,FIDGE,Greg,6,IND,Independent,2488.0,88651.0,0.0280651092486266,IND,False,True,Grey,0,-0.011934890751373401,2.49,0.0,6,0.0127286483599626,1144.0,89876.0,1,0.0127286483599626,-0.015336460888664,2013-2016,2016,
2013,SA,185,Hindmarsh,24518,MELISSOURGOS,George Peter,3,PUP,Palmer United Party,2332.0,94523.0,0.0246712440358431,UAPP,False,False,Hindmarsh,0,-0.0153287559641569,2.49,0.0,7,,,,0,0.0,,2013-2016,2016,
2013,SA,185,Hindmarsh,24944,McCABE,David,4,DLP,DLP Democratic Labour,834.0,94523.0,0.0088232493678787,DLP,False,False,Hindmarsh,0,-0.031176750632121303,2.49,0.0,7,,,,0,0.0,,2013-2016,2016,
2013,SA,185,Hindmarsh,24520,McKAY,Kym,5,KAP,Katter's Australian Party,599.0,94523.0,0.0063370819800471,KAP,False,False,Hindmarsh,0,-0.0336629180199529,2.49,0.0,7,,,,0,0.0,,2013-2016,2016,
2013,SA,185,Hindmarsh,25005,RANDALL,Bob,7,FFP,Family First,2883.0,94523.0,0.0305005131026311,FFP,False,False,Hindmarsh,0,-0.0094994868973689,2.49,0.0,7,0.0201668842826832,1977.0,98032.0,1,0.0201668842826832,-0.010333628819947902,2013-2016,2016,0.0287254550345198
2013,SA,186,Kingston,24189,SNOSWELL,Andy,1,RUA,Rise Up Australia Party,1191.0,87950.0,0.0135417851051733,RUA,False,False,Kingston,0,-0.0264582148948267,2.49,0.0,6,,,,0,0.0,,2013-2016,2016,
2013,SA,186,Kingston,24294,FROST,Mitchell Thomas,3,PUP,Palmer United Party,3709.0,87950.0,0.0421716884593519,UAPP,False,False,Kingston,1,0.0021716884593519017,2.49,9235.410000000002,6,,,,0,0.0,,2013-2016,2016,
2013,SA,186,Kingston,25006,DOECKE,Geoff,5,FFP,Family First,5168.0,87950.0,0.0587606594656054,FFP,False,False,Kingston,1,0.0187606594656054,2.49,12868.320000000002,6,0.0433446477711985,4048.0,93391.0,1,0.0433446477711985,-0.0154160116944069,2013-2016,2016,0.0575821591131824
2013,SA,187,Makin,24452,GRAHAM,Andrew Morgan,2,PUP,Palmer United Party,3818.0,91908.0,0.0415415415415415,UAPP,False,False,Makin,1,0.0015415415415414996,2.49,9506.820000000002,6,,,,0,0.0,,2013-2016,2016,
2013,SA,187,Makin,24456,JAMESON,Robert,3,KAP,Katter's Australian Party,705.0,91908.0,0.0076707141924533,KAP,False,False,Makin,0,-0.0323292858075467,2.49,0.0,6,,,,0,0.0,,2013-2016,2016,
2013,SA,187,Makin,25028,POTTER,Mark,6,FFP,Family First,5891.0,91908.0,0.0640967054010532,FFP,False,False,Makin,1,0.024096705401053194,2.49,14668.590000000002,6,0.0454236207079834,4273.0,94070.0,1,0.0454236207079834,-0.018673084693069796,2013-2016,2016,0.0597069210282402
2013,SA,188,Mayo,24998,HICKS,Bruce,1,FFP,Family First,6525.0,91410.0,0.0713816869051526,FFP,False,False,Mayo,1,0.031381686905152605,2.49,16247.250000000002,5,0.0459964674712982,4375.0,95116.0,1,0.0459964674712982,-0.025385219433854404,2013-2016,2016,0.0580720977552419
2013,SA,188,Mayo,24502,BRAR,Bikkar Singh,2,PUP,Palmer United Party,3434.0,91410.0,0.0375670057980527,UAPP,False,False,Mayo,0,-0.0024329942019473,2.49,0.0,5,,,,0,0.0,,2013-2016,2016,
2013,SA,189,Port Adelaide,25011,HAMBOUR,Bruce,1,FFP,Family First,6843.0,90999.0,0.0751986285563577,FFP,False,False,Port Adelaide,1,0.0351986285563577,2.49,17039.07,6,0.0466935391473716,4483.0,96009.0,1,0.0466935391473716,-0.0285050894089861,2013-2016,2016,0.0715542327310547
2013,SA,189,Port Adelaide,24395,HUYNH,Ngoc Chau,2,PUP,Palmer United Party,5227.0,90999.0,0.0574401916504576,UAPP,False,False,Port Adelaide,1,0.017440191650457598,2.49,13015.230000000001,6,,,,0,0.0,,2013-2016,2016,
2013,SA,189,Port Adelaide,24489,COOKSLEY,Terry,3,AFN,Australia First Party,1116.0,90999.0,0.0122638710315497,AFN,False,False,Port Adelaide,0,-0.0277361289684503,2.49,0.0,6,,,,0,0.0,,2013-2016,2016,
2013,SA,190,Sturt,25003,BARNES,Kylie,2,FFP,Family First,3565.0,90867.0,0.0392331649553743,FFP,False,False,Sturt,0,-0.0007668350446256994,2.49,0.0,5,0.0313010577005761,2912.0,93032.0,1,0.0313010577005761,-0.007932107254798204,2013-2016,2016,0.0378999830095712
2013,SA,190,Sturt,24509,SCALI,Gabriella Alexandra,4,PUP,Palmer United Party,2713.0,90867.0,0.0298568237093774,UAPP,False,False,Sturt,0,-0.0101431762906226,2.49,0.0,5,,,,0,0.0,,2013-2016,2016,
2013,SA,191,Wakefield,23742,ALDRIDGE,Mark,3,IND,Independent,3729.0,90850.0,0.0410456796917996,IND,False,True,Wakefield,1,0.0010456796917995975,2.49,9285.210000000001,7,0.0284365129830194,2728.0,95933.0,1,0.0284365129830194,-0.0126091667087802,2013-2016,2016,
2013,SA,191,Wakefield,24405,MUSOLINO,Tony,4,KAP,Katter's Australian Party,964.0,90850.0,0.010610897083104,KAP,False,False,Wakefield,0,-0.029389102916896,2.49,0.0,7,,,,0,0.0,,2013-2016,2016,
2013,SA,191,Wakefield,24420,MUSOLINO,Dino,5,PUP,Palmer United Party,3890.0,90850.0,0.0428178315905338,UAPP,False,False,Wakefield,1,0.0028178315905338022,2.49,9686.1,7,,,,0,0.0,,2013-2016,2016,
2013,SA,191,Wakefield,25010,COOMBE,Paul,7,FFP,Family First,5436.0,90850.0,0.0598348926802421,FFP,False,False,Wakefield,1,0.0198348926802421,2.49,13535.640000000001,7,0.0562475894634797,5396.0,95933.0,1,0.0562475894634797,-0.0035873032167623997,2013-2016,2016,0.0676945451240157
2013,TAS,192,Bass,24794,KROEZE,Ray,1,AUC,Australian Christians,963.0,65344.0,0.0147373898139079,AUC,False,False,Bass,0,-0.0252626101860921,2.49,0.0,7,,,,0,0.0,,2013-2016,2016,
2013,TAS,192,Bass,23546,DOBSON,Christopher Lee,3,PUP,Palmer United Party,3520.0,65344.0,0.0538687561214495,UAPP,False,False,Bass,1,0.0138687561214495,2.49,8764.800000000001,7,,,,0,0.0,,2013-2016,2016,
2013,TAS,192,Bass,24170,BERGMAN,Christine,4,FFP,Family First,1407.0,65344.0,0.0215321988246816,FFP,False,False,Bass,0,-0.0184678011753184,2.49,0.0,7,,,,0,0.0,,2013-2016,2016,
2013,TAS,192,Bass,24643,CHOI,Jin-oh,7,SPA,Secular Party of Australia,384.0,65344.0,0.0058765915768854,SPA,False,False,Bass,0,-0.0341234084231146,2.49,0.0,7,,,,0,0.0,,2013-2016,2016,
2013,TAS,193,Braddon,23554,MORGAN,Kevin,3,PUP,Palmer United Party,6125.0,65956.0,0.0928649402632057,UAPP,False,False,Braddon,1,0.0528649402632057,2.49,15251.250000000002,5,,,,0,0.0,,2013-2016,2016,
2013,TAS,193,Braddon,23875,SHAW,Bernard,4,RUA,Rise Up Australia Party,726.0,65956.0,0.0110073382254836,RUA,False,False,Braddon,0,-0.0289926617745164,2.49,0.0,5,,,,0,0.0,,2013-2016,2016,
2013,TAS,194,Denison,20881,WILKIE,Andrew,2,IND,Independent,24688.0,64825.0,0.380840725028924,IND,False,True,Denison,1,0.34084072502892404,2.49,61473.12,10,0.4406637261079605,29372.0,66654.0,1,0.4406637261079605,0.059823001079036486,2013-2016,2016,0.2125842211566629
2013,TAS,194,Denison,24765,WILLIAMS,Wayne,4,DLP,DLP Democratic Labour,554.0,64825.0,0.0085460856151176,DLP,False,False,Denison,0,-0.0314539143848824,2.49,0.0,10,0.009481801542293,632.0,66654.0,1,0.009481801542293,0.0009357159271754008,2013-2016,2016,
2013,TAS,194,Denison,24902,BUTLER,Bob,5,ASXP,Sex Party,877.0,64825.0,0.0135287311993829,ASXP,False,False,Denison,0,-0.0264712688006171,2.49,0.0,10,,,,0,0.0,,2013-2016,2016,
2013,TAS,194,Denison,23280,HOULT,Brandon,6,SPP,Stable Population Party,124.0,64825.0,0.0019128422676436,SPP,False,False,Denison,0,-0.0380871577323564,2.49,0.0,10,,,,0,0.0,,2013-2016,2016,
2013,TAS,194,Denison,24151,McCALLUM,Trevlyn,7,FFP,Family First,593.0,64825.0,0.0091477053605861,FFP,False,False,Denison,0,-0.0308522946394139,2.49,0.0,10,,,,0,0.0,,2013-2016,2016,
2013,TAS,194,Denison,23540,THURLEY,Debra Joyce,8,PUP,Palmer United Party,1576.0,64825.0,0.024311608175858,UAPP,False,False,Denison,0,-0.015688391824142,2.49,0.0,10,,,,0,0.0,,2013-2016,2016,
2013,TAS,194,Denison,23783,DEVLIN,Graeme,10,RUA,Rise Up Australia Party,179.0,64825.0,0.0027612803702275,RUA,False,False,Denison,0,-0.0372387196297725,2.49,0.0,10,,,,0,0.0,,2013-2016,2016,
2013,TAS,195,Franklin,23542,ZUCCO,Marti,2,PUP,Palmer United Party,4108.0,67344.0,0.0610002375861249,UAPP,False,False,Franklin,1,0.021000237586124897,2.49,10228.92,7,,,,0,0.0,,2013-2016,2016,
2013,TAS,195,Franklin,24399,DOWNES,Josh,4,FFP,Family First,1264.0,67344.0,0.0187693038726538,FFP,False,False,Franklin,0,-0.0212306961273462,2.49,0.0,7,,,,0,0.0,,2013-2016,2016,
2013,TAS,195,Franklin,24298,UGALDE,Sarah,5,KAP,Katter's Australian Party,478.0,67344.0,0.0070978854834877,KAP,False,False,Franklin,0,-0.0329021145165123,2.49,0.0,7,,,,0,0.0,,2013-2016,2016,
2013,TAS,195,Franklin,23818,BOWDEN,Olwyn,7,RUA,Rise Up Australia Party,330.0,67344.0,0.0049002138275124,RUA,False,False,Franklin,0,-0.0350997861724876,2.49,0.0,7,,,,0,0.0,,2013-2016,2016,
2013,TAS,196,Lyons,24171,JAMES,Gaye,2,FFP,Family First,1707.0,66825.0,0.0255443322109988,FFP,False,False,Lyons,0,-0.0144556677890012,2.49,0.0,6,,,,0,0.0,,2013-2016,2016,
2013,TAS,196,Lyons,23550,VON STIEGLITZ,Quentin,3,PUP,Palmer United Party,4697.0,66825.0,0.0702880658436214,UAPP,False,False,Lyons,1,0.030288065843621405,2.49,11695.53,6,,,,0,0.0,,2013-2016,2016,
2013,TAS,196,Lyons,23821,ROGERS,Julian,5,RUA,Rise Up Australia Party,589.0,66825.0,0.0088140665918443,RUA,False,False,Lyons,0,-0.031185933408155703,2.49,0.0,6,,,,0,0.0,,2013-2016,2016,
2013,VIC,197,Aston,24155,SPEER,Jennifer,2,RUA,Rise Up Australia Party,581.0,85341.0,0.0068079820953586,RUA,False,False,Aston,0,-0.0331920179046414,2.49,0.0,7,,,,0,0.0,,2013-2016,2016,
2013,VIC,197,Aston,23621,WATT,Bradley Walter,5,PUP,Palmer United Party,3206.0,85341.0,0.0375669373454728,UAPP,False,False,Aston,0,-0.002433062654527203,2.49,0.0,7,,,,0,0.0,,2013-2016,2016,
2013,VIC,197,Aston,24975,FOSTER,Tony,6,FFP,Family First Party,2362.0,85341.0,0.0276772008764837,FFP,False,False,Aston,0,-0.0123227991235163,2.49,0.0,7,0.0322716332110391,2762.0,85586.0,1,0.0322716332110391,0.004594432334555396,2013-2016,2016,0.0489642406593017
2013,VIC,197,Aston,23850,JENKINS,Charity,7,ASXP,Sex Party,2295.0,85341.0,0.0268921151615284,ASXP,False,False,Aston,0,-0.013107884838471601,2.49,0.0,7,,,,0,0.0,,2013-2016,2016,
2013,VIC,198,Ballarat,23570,FOSTER,Anne,1,AUC,Australian Christians,1139.0,93663.0,0.0121606183871966,AUC,False,False,Ballarat,0,-0.0278393816128034,2.49,0.0,10,0.0207047601502451,2023.0,97707.0,1,0.0207047601502451,0.008544141763048501,2013-2016,2016,
2013,VIC,198,Ballarat,24150,ROJAS,Ana,2,RUA,Rise Up Australia Party,229.0,93663.0,0.0024449355668727,RUA,False,False,Ballarat,0,-0.037555064433127304,2.49,0.0,10,0.0114730776709959,1121.0,97707.0,1,0.0114730776709959,0.009028142104123199,2013-2016,2016,
2013,VIC,198,Ballarat,24206,DUNNE,Shane Edward,3,KAP,Katter's Australian Party,849.0,93663.0,0.0090644117741263,KAP,False,False,Ballarat,0,-0.0309355882258737,2.49,0.0,10,,,,0,0.0,,2013-2016,2016,
2013,VIC,198,Ballarat,23965,MATHIESON,Joshua,4,ASXP,Sex Party,2135.0,93663.0,0.0227944866169138,ASXP,False,False,Ballarat,0,-0.0172055133830862,2.49,0.0,10,,,,0,0.0,,2013-2016,2016,
2013,VIC,198,Ballarat,23978,VEREKER,Stephen,7,DLP,DLP Democratic Labour,1022.0,93663.0,0.0109114591674407,DLP,False,False,Ballarat,0,-0.029088540832559302,2.49,0.0,10,,,,0,0.0,,2013-2016,2016,
2013,VIC,198,Ballarat,23678,MURPHY,Gerard Anthony,8,PUP,Palmer United Party,3396.0,93663.0,0.0362576470965055,UAPP,False,False,Ballarat,0,-0.003742352903494499,2.49,0.0,10,,,,0,0.0,,2013-2016,2016,
2013,VIC,198,Ballarat,24973,CLARK,Shane,9,FFP,Family First Party,1139.0,93663.0,0.0121606183871966,FFP,False,False,Ballarat,0,-0.0278393816128034,2.49,0.0,10,0.0194049556326568,1896.0,97707.0,1,0.0194049556326568,0.007244337245460201,2013-2016,2016,0.0295844094857947
2013,VIC,199,Batman,24154,WINTERTON,Pat,1,RUA,Rise Up Australia Party,1121.0,89114.0,0.0125793926880175,RUA,False,False,Batman,0,-0.027420607311982502,2.49,0.0,9,,,,0,0.0,,2013-2016,2016,
2013,VIC,199,Batman,24960,SMITHIES,Ken,2,FFP,Family First Party,1126.0,89114.0,0.0126355005947438,FFP,False,False,Batman,0,-0.0273644994052562,2.49,0.0,9,,,,0,0.0,,2013-2016,2016,0.031821643881595
2013,VIC,199,Batman,24747,SUTTON,Philip,3,,,726.0,89114.0,0.0081468680566465,,False,False,Batman,0,-0.0318531319433535,2.49,0.0,9,,,,0,0.0,,2013-2016,2016,
2013,VIC,199,Batman,23861,SLIWCZYNSKI,Lianna,5,ASXP,Sex Party,2301.0,89114.0,0.0258208586754045,ASXP,False,False,Batman,0,-0.014179141324595503,2.49,0.0,9,0.0257155858425544,2317.0,90101.0,1,0.0257155858425544,-0.00010527283285009792,2013-2016,2016,
2013,VIC,199,Batman,23652,GUARDIANI,Franco,7,PUP,Palmer United Party,2253.0,89114.0,0.0252822227708328,UAPP,False,False,Batman,0,-0.0147177772291672,2.49,0.0,9,,,,0,0.0,,2013-2016,2016,
2013,VIC,199,Batman,23984,LAVIN,Rosemary,9,AJP,Animal Justice Party,1250.0,89114.0,0.0140269766815539,AJP,False,False,Batman,0,-0.0259730233184461,2.49,0.0,9,0.0166812798970044,1503.0,90101.0,1,0.0166812798970044,0.0026543032154505014,2013-2016,2016,
2013,VIC,200,Bendigo,23876,CRUTCHFIELD,Charlie,5,ASXP,Sex Party,2220.0,92519.0,0.0239950712826554,ASXP,False,False,Bendigo,0,-0.016004928717344602,2.49,0.0,13,,,,0,0.0,,2013-2016,2016,
2013,VIC,200,Bendigo,24996,HOWARD,Alan,6,FFP,Family First Party,1036.0,92519.0,0.0111976999319058,FFP,False,False,Bendigo,0,-0.0288023000680942,2.49,0.0,13,0.028019650677415,2732.0,97503.0,1,0.028019650677415,0.016821950745509198,2013-2016,2016,0.0421828428981737
2013,VIC,200,Bendigo,23699,LEUNIG,Rod,7,CYA,Country Alliance,538.0,92519.0,0.0058150217793101,CYA,False,False,Bendigo,0,-0.0341849782206899,2.49,0.0,13,,,,0,0.0,,2013-2016,2016,
2013,VIC,200,Bendigo,24681,ABIKHAIR,Daniel Edward,8,IND,Independent,545.0,92519.0,0.0058906819139852,IND,False,True,Bendigo,0,-0.0341093180860148,2.49,0.0,13,0.0197122139831594,1922.0,97503.0,1,0.0197122139831594,0.0138215320691742,2013-2016,2016,
2013,VIC,200,Bendigo,24748,RAHMANI,Matine,9,IND,Independent,259.0,92519.0,0.0027994249829764,IND,False,True,Bendigo,0,-0.037200575017023604,2.49,0.0,13,0.0197122139831594,1922.0,97503.0,1,0.0197122139831594,0.016912789000183,2013-2016,2016,
2013,VIC,200,Bendigo,24158,CADDY,Sandra,10,RUA,Rise Up Australia Party,499.0,92519.0,0.0053934867432635,RUA,False,False,Bendigo,0,-0.0346065132567365,2.49,0.0,13,0.0211070428602196,2058.0,97503.0,1,0.0211070428602196,0.0157135561169561,2013-2016,2016,
2013,VIC,200,Bendigo,23618,DONLON,Anita Erika,11,PUP,Palmer United Party,2336.0,92519.0,0.0252488678001275,UAPP,False,False,Bendigo,0,-0.0147511321998725,2.49,0.0,13,,,,0,0.0,,2013-2016,2016,
2013,VIC,200,Bendigo,24203,STINGEL,Stephen John,12,KAP,Katter's Australian Party,745.0,92519.0,0.0080524000475578,KAP,False,False,Bendigo,0,-0.0319475999524422,2.49,0.0,13,,,,0,0.0,,2013-2016,2016,
2013,VIC,200,Bendigo,23559,MCDONALD,Ewan,13,AUC,Australian Christians,567.0,92519.0,0.0061284709086782,AUC,False,False,Bendigo,0,-0.0338715290913218,2.49,0.0,13,,,,0,0.0,,2013-2016,2016,
2013,VIC,201,Bruce,24988,FILLIPONI,Rebecca,1,FFP,Family First Party,2186.0,82645.0,0.0264504809728356,FFP,False,False,Bruce,0,-0.013549519027164402,2.49,0.0,8,0.0345733147014889,2870.0,83012.0,1,0.0345733147014889,0.008122833728653304,2013-2016,2016,0.0410569794259059
2013,VIC,201,Bruce,23632,TUYAU,Paul Robert Jose,2,PUP,Palmer United Party,2173.0,82645.0,0.0262931816806824,UAPP,False,False,Bruce,0,-0.0137068183193176,2.49,0.0,8,,,,0,0.0,,2013-2016,2016,
2013,VIC,201,Bruce,24002,GONSALVEZ,Geraldine Marie Antoinette,5,DLP,DLP Democratic Labour,1334.0,82645.0,0.0161413273640268,DLP,False,False,Bruce,0,-0.023858672635973202,2.49,0.0,8,,,,0,0.0,,2013-2016,2016,
2013,VIC,201,Bruce,24196,WHITE,Robert George,6,RUA,Rise Up Australia Party,652.0,82645.0,0.0078891644987597,RUA,False,False,Bruce,0,-0.032110835501240304,2.49,0.0,8,,,,0,0.0,,2013-2016,2016,
2013,VIC,201,Bruce,24955,UTH,Kiry,8,IND,Independent,682.0,82645.0,0.0082521628652671,IND,False,True,Bruce,0,-0.0317478371347329,2.49,0.0,8,,,,0,0.0,,2013-2016,2016,
2013,VIC,203,Calwell,24316,WATSON,Brett,1,KAP,Katter's Australian Party,1915.0,85972.0,0.0222746940864467,KAP,False,False,Calwell,0,-0.0177253059135533,2.49,0.0,10,,,,0,0.0,,2013-2016,2016,
2013,VIC,203,Calwell,24989,GRAHAM,Paul,2,FFP,Family First Party,2175.0,85972.0,0.0252989345368259,FFP,False,False,Calwell,0,-0.014701065463174103,2.49,0.0,10,,,,0,0.0,,2013-2016,2016,0.0439842839847408
2013,VIC,203,Calwell,23738,LETCHER,Bryce Newton,3,PUP,Palmer United Party,3728.0,85972.0,0.0433629553808216,UAPP,False,False,Calwell,1,0.0033629553808215973,2.49,9282.720000000001,10,,,,0,0.0,,2013-2016,2016,
2013,VIC,203,Calwell,23894,SPIROVSKA,Nevena,5,ASXP,Sex Party,2367.0,85972.0,0.0275322197924905,ASXP,False,False,Calwell,0,-0.0124677802075095,2.49,0.0,10,,,,0,0.0,,2013-2016,2016,
2013,VIC,203,Calwell,23581,BENGTSSON,Maria,7,AUC,Australian Christians,2121.0,85972.0,0.0246708230586702,AUC,False,False,Calwell,0,-0.015329176941329802,2.49,0.0,10,,,,0,0.0,,2013-2016,2016,
2013,VIC,203,Calwell,24131,ROZARIO,Charles,8,RUA,Rise Up Australia Party,415.0,85972.0,0.0048271530265667,RUA,False,False,Calwell,0,-0.0351728469734333,2.49,0.0,10,,,,0,0.0,,2013-2016,2016,
2013,VIC,203,Calwell,23953,OMAR,Omar Jabir,9,DLP,DLP Democratic Labour,1310.0,85972.0,0.0152375191922951,DLP,False,False,Calwell,0,-0.0247624808077049,2.49,0.0,10,,,,0,0.0,,2013-2016,2016,
2013,VIC,204,Casey,24972,COOMBES,Gary,2,FFP,Family First Party,2370.0,88529.0,0.0267708886353624,FFP,False,False,Casey,0,-0.0132291113646376,2.49,0.0,9,,,,0,0.0,,2013-2016,2016,0.0486668176454462
2013,VIC,204,Casey,23734,LEAKE,Jeffrey Andrew,4,CYA,Country Alliance,986.0,88529.0,0.0111375933309988,CYA,False,False,Casey,0,-0.028862406669001202,2.49,0.0,9,,,,0,0.0,,2013-2016,2016,
2013,VIC,204,Casey,24232,BROWN,Mike,5,AUC,Australian Christians,1126.0,88529.0,0.0127189960351975,AUC,False,False,Casey,0,-0.0272810039648025,2.49,0.0,9,,,,0,0.0,,2013-2016,2016,
2013,VIC,204,Casey,24762,McRAE,Jeanette,6,IND,Independent,1358.0,88529.0,0.0153396062307266,IND,False,True,Casey,0,-0.0246603937692734,2.49,0.0,9,0.0312042588717459,2878.0,92231.0,1,0.0312042588717459,0.0158646526410193,2013-2016,2016,
2013,VIC,204,Casey,24145,BARBIERI,Paul,7,RUA,Rise Up Australia Party,446.0,88529.0,0.0050378971862327,RUA,False,False,Casey,0,-0.0349621028137673,2.49,0.0,9,0.027658813197298,2551.0,92231.0,1,0.027658813197298,0.022620916011065303,2013-2016,2016,
2013,VIC,204,Casey,23624,WILDE,Milton,8,PUP,Palmer United Party,4413.0,88529.0,0.0498480723830609,UAPP,False,False,Casey,1,0.009848072383060902,2.49,10988.37,9,,,,0,0.0,,2013-2016,2016,
2013,VIC,205,Chisholm,23890,GROSSI,Luzio,3,ASXP,Sex Party,1762.0,86109.0,0.0204624371436202,ASXP,False,False,Chisholm,0,-0.019537562856379802,2.49,0.0,9,,,,0,0.0,,2013-2016,2016,
2013,VIC,205,Chisholm,24140,VASSILIOU,Melanie,4,RUA,Rise Up Australia Party,650.0,86109.0,0.0075485721585432,RUA,False,False,Chisholm,0,-0.0324514278414568,2.49,0.0,9,0.0197416974169741,1712.0,86720.0,1,0.0197416974169741,0.0121931252584309,2013-2016,2016,
2013,VIC,205,Chisholm,23610,WOODS,Brian Clifford,6,PUP,Palmer United Party,1405.0,86109.0,0.0163165290503896,UAPP,False,False,Chisholm,0,-0.023683470949610402,2.49,0.0,9,,,,0,0.0,,2013-2016,2016,
2013,VIC,205,Chisholm,24978,MYSZKA,Martin,7,FFP,Family First Party,949.0,86109.0,0.0110209153514731,FFP,False,False,Chisholm,0,-0.0289790846485269,2.49,0.0,9,0.0246425276752767,2137.0,86720.0,1,0.0246425276752767,0.0136216123238036,2013-2016,2016,0.0272046481601032
2013,VIC,205,Chisholm,23575,JAYARATNE,Vidura Nalin,8,SPA,Secular Party of Australia,345.0,86109.0,0.004006549837996,SPA,False,False,Chisholm,0,-0.035993450162004004,2.49,0.0,9,,,,0,0.0,,2013-2016,2016,0.0072562943834732
2013,VIC,205,Chisholm,23961,SHEA,Pat,9,DLP,DLP Democratic Labour,860.0,86109.0,0.0099873416251495,DLP,False,False,Chisholm,0,-0.030012658374850502,2.49,0.0,9,,,,0,0.0,,2013-2016,2016,
2013,VIC,207,Corangamite,24165,RASHLEIGH,Helen,2,RUA,Rise Up Australia Party,273.0,92801.0,0.0029417786446266,RUA,False,False,Corangamite,0,-0.0370582213553734,2.49,0.0,12,0.0086062367273946,847.0,98417.0,1,0.0086062367273946,0.005664458082768,2013-2016,2016,
2013,VIC,207,Corangamite,23566,BARRON,Alan,3,AUC,Australian Christians,499.0,92801.0,0.0053770972295557,AUC,False,False,Corangamite,0,-0.0346229027704443,2.49,0.0,12,,,,0,0.0,,2013-2016,2016,
2013,VIC,207,Corangamite,24956,WHITEHEAD,Adrian,4,IND,Independent,694.0,92801.0,0.0074783676900033,IND,False,True,Corangamite,0,-0.032521632309996704,2.49,0.0,12,0.0154343253706168,1519.0,98417.0,1,0.0154343253706168,0.0079559576806135,2013-2016,2016,0.0151335659932336
2013,VIC,207,Corangamite,24994,WRAY,Peter,6,FFP,Family First Party,908.0,92801.0,0.0097843773235202,FFP,False,False,Corangamite,0,-0.0302156226764798,2.49,0.0,12,0.0193665728481867,1906.0,98417.0,1,0.0193665728481867,0.0095821955246665,2013-2016,2016,0.0197440741096489
2013,VIC,207,Corangamite,23882,MILLARD,Jayden,7,ASXP,Sex Party,1726.0,92801.0,0.0185989375114492,ASXP,False,False,Corangamite,0,-0.021401062488550802,2.49,0.0,12,,,,0,0.0,,2013-2016,2016,
2013,VIC,207,Corangamite,23717,JACKMAN,Warren,8,CYA,Country Alliance,408.0,92801.0,0.0043965043480134,CYA,False,False,Corangamite,0,-0.0356034956519866,2.49,0.0,12,,,,0,0.0,,2013-2016,2016,
2013,VIC,207,Corangamite,23661,ROJEK,Buddy Igor,9,PUP,Palmer United Party,2026.0,92801.0,0.0218316612967532,UAPP,False,False,Corangamite,0,-0.0181683387032468,2.49,0.0,12,,,,0,0.0,,2013-2016,2016,
2013,VIC,207,Corangamite,24515,STEEL,Nick,12,APP,Australian Protectionist Party,156.0,92801.0,0.001681016368358,APP,False,False,Corangamite,0,-0.038318983631642003,2.49,0.0,12,,,,0,0.0,,2013-2016,2016,
2013,VIC,208,Corio,23651,HARRINGTON,Anthony John,1,PUP,Palmer United Party,5122.0,90253.0,0.0567515761248933,UAPP,False,False,Corio,1,0.0167515761248933,2.49,12753.78,10,,,,0,0.0,,2013-2016,2016,
2013,VIC,208,Corio,24161,LEGRAND,Yann,2,RUA,Rise Up Australia Party,364.0,90253.0,0.0040331069327335,RUA,False,False,Corio,0,-0.0359668930672665,2.49,0.0,10,0.0197913909037962,1869.0,94435.0,1,0.0197913909037962,0.0157582839710627,2013-2016,2016,
2013,VIC,208,Corio,24981,FENN,Brendan,4,FFP,Family First Party,1461.0,90253.0,0.0161878275514387,FFP,False,False,Corio,0,-0.023812172448561302,2.49,0.0,10,,,,0,0.0,,2013-2016,2016,0.036631543291274
2013,VIC,208,Corio,23599,BULL,Sue,6,SAL,Socialist Alliance,679.0,90253.0,0.0075232956245221,SAL,False,False,Corio,0,-0.0324767043754779,2.49,0.0,10,0.0116588129401175,1101.0,94435.0,1,0.0116588129401175,0.0041355173155954005,2013-2016,2016,0.0117467729642757
2013,VIC,208,Corio,23560,ATHERTON,Patrick,7,AUC,Australian Christians,549.0,90253.0,0.006082900291403,AUC,False,False,Corio,0,-0.033917099708597,2.49,0.0,10,,,,0,0.0,,2013-2016,2016,
2013,VIC,208,Corio,23173,ASHER,Stephanie,9,IND,Independent,1958.0,90253.0,0.0216945697095941,IND,False,True,Corio,0,-0.0183054302904059,2.49,0.0,10,,,,0,0.0,,2013-2016,2016,
2013,VIC,208,Corio,23854,MARTIN,Justine Deborah,10,ASXP,Sex Party,2492.0,90253.0,0.0276112705394834,ASXP,False,False,Corio,0,-0.012388729460516602,2.49,0.0,10,,,,0,0.0,,2013-2016,2016,
2013,VIC,209,Deakin,23593,DOBBY,Ian,1,AUC,Australian Christians,1698.0,88240.0,0.0192429737080689,AUC,False,False,Deakin,0,-0.020757026291931102,2.49,0.0,12,0.0232197456462976,2096.0,90268.0,1,0.0232197456462976,0.0039767719382287,2013-2016,2016,
2013,VIC,209,Deakin,24142,DE ZILWA,Yasmin,2,RUA,Rise Up Australia Party,327.0,88240.0,0.0037058023572076,RUA,False,False,Deakin,0,-0.0362941976427924,2.49,0.0,12,,,,0,0.0,,2013-2016,2016,
2013,VIC,209,Deakin,23700,SMITH,Toni,3,CYA,Country Alliance,261.0,88240.0,0.0029578422484134,CYA,False,False,Deakin,0,-0.0370421577515866,2.49,0.0,12,,,,0,0.0,,2013-2016,2016,
2013,VIC,209,Deakin,23644,GUARDIANI,Mario,5,PUP,Palmer United Party,1949.0,88240.0,0.022087488667271,UAPP,False,False,Deakin,0,-0.017912511332729,2.49,0.0,12,,,,0,0.0,,2013-2016,2016,
2013,VIC,209,Deakin,24234,RASKOVY,Steve,6,KAP,Katter's Australian Party,293.0,88240.0,0.0033204895738893,KAP,False,False,Deakin,0,-0.0366795104261107,2.49,0.0,12,,,,0,0.0,,2013-2016,2016,
2013,VIC,209,Deakin,24134,CARBONARI,John,7,AFN,Australia First Party,212.0,88240.0,0.0024025385312783,AFN,False,False,Deakin,0,-0.0375974614687217,2.49,0.0,12,,,,0,0.0,,2013-2016,2016,0.0036875
2013,VIC,209,Deakin,23172,BARCLAY,Mike,8,IND,Independent,1519.0,88240.0,0.0172144152311876,IND,False,True,Deakin,0,-0.0227855847688124,2.49,0.0,12,,,,0,0.0,,2013-2016,2016,0.01045
2013,VIC,209,Deakin,23881,BARBER,Stephen,9,ASXP,Sex Party,1856.0,88240.0,0.0210335448776065,ASXP,False,False,Deakin,0,-0.0189664551223935,2.49,0.0,12,,,,0,0.0,,2013-2016,2016,
2013,VIC,209,Deakin,24961,WESTBROOK,Hannah,10,FFP,Family First Party,1200.0,88240.0,0.013599274705349,FFP,False,False,Deakin,0,-0.026400725294651,2.49,0.0,12,0.0222559489520095,2009.0,90268.0,1,0.0222559489520095,0.0086566742466605,2013-2016,2016,0.03165
2013,VIC,210,Dunkley,23726,RYDER,Kate Dolina,3,PUP,Palmer United Party,3707.0,87934.0,0.0421566174630973,UAPP,False,False,Dunkley,1,0.002156617463097296,2.49,9230.43,9,,,,0,0.0,,2013-2016,2016,
2013,VIC,210,Dunkley,24997,EASTMAN,Cameron,4,FFP,Family First Party,1682.0,87934.0,0.0191279823503991,FFP,False,False,Dunkley,0,-0.0208720176496009,2.49,0.0,9,0.0156003270133157,1393.0,89293.0,1,0.0156003270133157,-0.0035276553370834005,2013-2016,2016,0.0265268065268065
2013,VIC,210,Dunkley,24950,BURT,Rod,5,IND,Independent,740.0,87934.0,0.0084154024609366,IND,False,True,Dunkley,0,-0.0315845975390634,2.49,0.0,9,0.012677365526973,1132.0,89293.0,1,0.012677365526973,0.004261963066036399,2013-2016,2016,
2013,VIC,210,Dunkley,24319,GENTLE,Yvonne,7,RUA,Rise Up Australia Party,477.0,87934.0,0.0054245229376577,RUA,False,False,Dunkley,0,-0.0345754770623423,2.49,0.0,9,0.0076377767574165,682.0,89293.0,1,0.0076377767574165,0.0022132538197588,2013-2016,2016,
2013,VIC,210,Dunkley,23969,PALMI,Eloise,8,ASXP,Sex Party,2589.0,87934.0,0.0294425364477903,ASXP,False,False,Dunkley,0,-0.010557463552209701,2.49,0.0,9,,,,0,0.0,,2013-2016,2016,
2013,VIC,210,Dunkley,23169,BROFF,Roy,9,IND,Independent,516.0,87934.0,0.0058680373916801,IND,False,True,Dunkley,0,-0.0341319626083199,2.49,0.0,9,0.012677365526973,1132.0,89293.0,1,0.012677365526973,0.006809328135292899,2013-2016,2016,
2013,VIC,211,Flinders,23728,CLARK,Linda Ruth,1,PUP,Palmer United Party,5639.0,93921.0,0.0600398207003758,UAPP,False,False,Flinders,1,0.0200398207003758,2.49,14041.11,10,,,,0,0.0,,2013-2016,2016,
2013,VIC,211,Flinders,24790,MADIGAN,Paul,2,IND,Independent,708.0,93921.0,0.0075382502315776,IND,False,True,Flinders,0,-0.0324617497684224,2.49,0.0,10,0.0305885364364896,3107.0,101574.0,1,0.0305885364364896,0.023050286204912,2013-2016,2016,
2013,VIC,211,Flinders,24176,DORIAN,Angela,4,RUA,Rise Up Australia Party,481.0,93921.0,0.0051213253691932,RUA,False,False,Flinders,0,-0.0348786746308068,2.49,0.0,10,0.0332860771457262,3381.0,101574.0,1,0.0332860771457262,0.028164751776533,2013-2016,2016,
2013,VIC,211,Flinders,23557,BELSAR,Ashleigh,5,AUC,Australian Christians,523.0,93921.0,0.0055685097049648,AUC,False,False,Flinders,0,-0.0344314902950352,2.49,0.0,10,,,,0,0.0,,2013-2016,2016,
2013,VIC,211,Flinders,24785,McCORMACK,Denis,6,IND,Independent,478.0,93921.0,0.0050893836309238,IND,False,True,Flinders,0,-0.0349106163690762,2.49,0.0,10,0.0305885364364896,3107.0,101574.0,1,0.0305885364364896,0.025499152805565802,2013-2016,2016,
2013,VIC,211,Flinders,24985,CLARK,David,8,FFP,Family First Party,1091.0,93921.0,0.0116161454839705,FFP,False,False,Flinders,0,-0.0283838545160295,2.49,0.0,10,,,,0,0.0,,2013-2016,2016,0.0242870244527684
2013,VIC,212,Gellibrand,24976,ARCH,Kerry,1,FFP,Family First Party,2266.0,87388.0,0.0259303336842587,FFP,False,False,Gellibrand,0,-0.0140696663157413,2.49,0.0,7,,,,0,0.0,,2013-2016,2016,0.0172945966395637
2013,VIC,212,Gellibrand,23577,O'NEILL,Anthony,3,AUC,Australian Christians,967.0,87388.0,0.0110655925298668,AUC,False,False,Gellibrand,0,-0.0289344074701332,2.49,0.0,7,,,,0,0.0,,2013-2016,2016,
2013,VIC,212,Gellibrand,23690,SINGLETON,Dwayne Robert,5,PUP,Palmer United Party,3413.0,87388.0,0.039055705588868,UAPP,False,False,Gellibrand,0,-0.0009442944111320017,2.49,0.0,7,,,,0,0.0,,2013-2016,2016,
2013,VIC,212,Gellibrand,23886,CASHION,Allan,7,ASXP,Sex Party,2540.0,87388.0,0.0290657756213667,ASXP,False,False,Gellibrand,0,-0.010934224378633301,2.49,0.0,7,,,,0,0.0,,2013-2016,2016,
2013,VIC,213,Gippsland,23608,GARDNER,Peter,1,IND,Independent,1992.0,88415.0,0.0225301136684951,IND,False,True,Gippsland,0,-0.0174698863315049,2.49,0.0,11,0.0154437127626215,1379.0,89292.0,1,0.0154437127626215,-0.0070864009058736,2013-2016,2016,
2013,VIC,213,Gippsland,23923,LEITCH,Douglas,2,ASXP,Sex Party,2101.0,88415.0,0.0237629361533676,ASXP,False,False,Gippsland,0,-0.0162370638466324,2.49,0.0,11,,,,0,0.0,,2013-2016,2016,
2013,VIC,213,Gippsland,24980,FOSTER,Angie,5,FFP,Family First Party,1591.0,88415.0,0.0179946841599276,FFP,False,False,Gippsland,0,-0.0220053158400724,2.49,0.0,11,0.0343591811136496,3068.0,89292.0,1,0.0343591811136496,0.016364496953722,2013-2016,2016,0.033400216430697
2013,VIC,213,Gippsland,24146,DORIAN,Peter,6,RUA,Rise Up Australia Party,367.0,88415.0,0.0041508793756715,RUA,False,False,Gippsland,0,-0.035849120624328504,2.49,0.0,11,0.0169444071137391,1513.0,89292.0,1,0.0169444071137391,0.012793527738067599,2013-2016,2016,
2013,VIC,213,Gippsland,23715,MANGION,Sav,7,CYA,Country Alliance,623.0,88415.0,0.0070463156704179,CYA,False,False,Gippsland,0,-0.0329536843295821,2.49,0.0,11,,,,0,0.0,,2013-2016,2016,
2013,VIC,213,Gippsland,23613,GRAVENALL,Deborah Faye,8,PUP,Palmer United Party,3785.0,88415.0,0.042809478029746,UAPP,False,False,Gippsland,1,0.0028094780297460015,2.49,9424.650000000001,11,,,,0,0.0,,2013-2016,2016,
2013,VIC,213,Gippsland,23568,GUERIN,Mark,9,SPA,Secular Party of Australia,201.0,88415.0,0.0022733699032969,SPA,False,False,Gippsland,0,-0.0377266300967031,2.49,0.0,11,,,,0,0.0,,2013-2016,2016,
2013,VIC,213,Gippsland,24606,BUCKLEY,Ben,11,LDP,Liberal Democrats,4716.0,88415.0,0.0533393654922807,LDP,False,False,Gippsland,1,0.013339365492280701,2.49,11742.84,11,0.0497692962415445,4444.0,89292.0,1,0.0497692962415445,-0.0035700692507362047,2013-2016,2016,0.0551785553250969
2013,VIC,214,Goldstein,23683,RYDER,Keith Rodney,2,PUP,Palmer United Party,2044.0,90591.0,0.0225629477541919,UAPP,False,False,Goldstein,0,-0.0174370522458081,2.49,0.0,6,,,,0,0.0,,2013-2016,2016,
2013,VIC,214,Goldstein,24233,HANNIE,Lynette,4,RUA,Rise Up Australia Party,604.0,90591.0,0.0066673289841154,RUA,False,False,Goldstein,0,-0.0333326710158846,2.49,0.0,6,,,,0,0.0,,2013-2016,2016,
2013,VIC,214,Goldstein,24968,JOYNER,Ian,6,FFP,Family First Party,751.0,90591.0,0.0082900067335607,FFP,False,False,Goldstein,0,-0.0317099932664393,2.49,0.0,6,0.0165597605302544,1549.0,93540.0,1,0.0165597605302544,0.008269753796693698,2013-2016,2016,0.0140377019324014
2013,VIC,309,Gorton,23865,HUNTER,Rhiannon,2,ASXP,Sex Party,2850.0,87614.0,0.032529047869062,ASXP,False,False,Gorton,0,-0.0074709521309379995,2.49,0.0,9,,,,0,0.0,,2013-2016,2016,
2013,VIC,309,Gorton,23576,CHADHUOL,Mabor,3,AUC,Australian Christians,1132.0,87614.0,0.0129203095395713,AUC,False,False,Gorton,0,-0.0270796904604287,2.49,0.0,9,,,,0,0.0,,2013-2016,2016,
2013,VIC,309,Gorton,23972,DEVERALA,Michael,4,DLP,DLP Democratic Labour,2392.0,87614.0,0.0273015728079987,DLP,False,False,Gorton,0,-0.012698427192001302,2.49,0.0,9,,,,0,0.0,,2013-2016,2016,
2013,VIC,309,Gorton,24209,MACARDY,Graham,5,KAP,Katter's Australian Party,1090.0,87614.0,0.0124409340972903,KAP,False,False,Gorton,0,-0.0275590659027097,2.49,0.0,9,,,,0,0.0,,2013-2016,2016,
2013,VIC,309,Gorton,23771,BARNES,Anthony Paul,7,PUP,Palmer United Party,5238.0,87614.0,0.0597849658730339,UAPP,False,False,Gorton,1,0.019784965873033897,2.49,13042.62,9,,,,0,0.0,,2013-2016,2016,
2013,VIC,309,Gorton,24986,AMBERLEY,Scott,9,FFP,Family First Party,2538.0,87614.0,0.0289679731549752,FFP,False,False,Gorton,0,-0.0110320268450248,2.49,0.0,9,,,,0,0.0,,2013-2016,2016,0.0627953258151757
2013,VIC,215,Higgins,24984,BALDWIN,Jamie,2,FFP,Family First Party,742.0,87307.0,0.0084987458050328,FFP,False,False,Higgins,0,-0.0315012541949672,2.49,0.0,7,,,,0,0.0,,2013-2016,2016,0.0095516736941743
2013,VIC,215,Higgins,24244,PRICE,Leanne,4,RUA,Rise Up Australia Party,354.0,87307.0,0.0040546577021315,RUA,False,False,Higgins,0,-0.0359453422978685,2.49,0.0,7,,,,0,0.0,,2013-2016,2016,
2013,VIC,215,Higgins,23669,DALL,Phillip Leslie,5,PUP,Palmer United Party,1385.0,87307.0,0.0158635619137068,UAPP,False,False,Higgins,0,-0.0241364380862932,2.49,0.0,7,,,,0,0.0,,2013-2016,2016,
2013,VIC,215,Higgins,23161,WEBER,Graeme B,7,IND,Independent,1663.0,87307.0,0.0190477281317649,IND,False,True,Higgins,0,-0.0209522718682351,2.49,0.0,7,,,,0,0.0,,2013-2016,2016,0.0150589450133379
2013,VIC,216,Holt,23642,SINGH,Jatinder,1,PUP,Palmer United Party,4931.0,89423.0,0.0551424130257316,UAPP,False,False,Holt,1,0.015142413025731598,2.49,12278.19,9,,,,0,0.0,,2013-2016,2016,
2013,VIC,216,Holt,24990,KEENAN,Pam,4,FFP,Family First Party,2232.0,89423.0,0.0249600214709862,FFP,False,False,Holt,0,-0.0150399785290138,2.49,0.0,9,0.05634848941082,5614.0,99630.0,1,0.05634848941082,0.0313884679398338,2013-2016,2016,0.0499450520697053
2013,VIC,216,Holt,24200,ELI,Jonathan,6,RUA,Rise Up Australia Party,933.0,89423.0,0.0104335573621998,RUA,False,False,Holt,0,-0.0295664426378002,2.49,0.0,9,0.0443239987955435,4416.0,99630.0,1,0.0443239987955435,0.0338904414333437,2013-2016,2016,
2013,VIC,216,Holt,23932,SMITH,Lachlan John,7,ASXP,Sex Party,2514.0,89423.0,0.0281135725708151,ASXP,False,False,Holt,0,-0.011886427429184901,2.49,0.0,9,,,,0,0.0,,2013-2016,2016,
2013,VIC,216,Holt,23958,PALMA,Michael Joseph,8,DLP,DLP Democratic Labour,1835.0,89423.0,0.0205204477595249,DLP,False,False,Holt,0,-0.019479552240475102,2.49,0.0,9,,,,0,0.0,,2013-2016,2016,
2013,VIC,216,Holt,23563,HILL,Vivian,9,AUC,Australian Christians,1232.0,89423.0,0.013777216152444,AUC,False,False,Holt,0,-0.026222783847556,2.49,0.0,9,,,,0,0.0,,2013-2016,2016,
2013,VIC,217,Hotham,25016,NOWLAND,Stephen,2,FFP,Family First Party,1818.0,85959.0,0.0211496178410637,FFP,False,False,Hotham,0,-0.0188503821589363,2.49,0.0,6,0.0241613510164746,2106.0,87164.0,1,0.0241613510164746,0.0030117331754109,2013-2016,2016,0.0212701612903225
2013,VIC,217,Hotham,23782,PORTER,Samuel Warren,5,PUP,Palmer United Party,2981.0,85959.0,0.0346793238637024,UAPP,False,False,Hotham,0,-0.0053206761362976016,2.49,0.0,6,,,,0,0.0,,2013-2016,2016,
2013,VIC,217,Hotham,24248,VASSILIOU,Peter,6,RUA,Rise Up Australia Party,1392.0,85959.0,0.0161937667957979,RUA,False,False,Hotham,0,-0.0238062332042021,2.49,0.0,6,0.0232894314166398,2030.0,87164.0,1,0.0232894314166398,0.007095664620841897,2013-2016,2016,
2013,VIC,218,Indi,24192,DUDLEY,Robert,1,RUA,Rise Up Australia Party,985.0,89043.0,0.0110620711341711,RUA,False,False,Indi,0,-0.028937928865828903,2.49,0.0,11,0.0127583567236539,1150.0,90137.0,1,0.0127583567236539,0.0016962855894827999,2013-2016,2016,
2013,VIC,218,Indi,23288,McGOWAN,Cathy,2,IND,Independent,27763.0,89043.0,0.3117931785766427,IND,False,True,Indi,1,0.2717931785766427,2.49,69129.87000000001,11,0.0194925502290957,1757.0,90137.0,1,0.0194925502290957,-0.292300628347547,2013-2016,2016,0.0584025227055308
2013,VIC,218,Indi,24992,LEEWORTHY,Rick,3,FFP,Family First Party,1330.0,89043.0,0.0149366036633985,FFP,False,False,Indi,0,-0.0250633963366015,2.49,0.0,11,,,,0,0.0,,2013-2016,2016,0.0376752370941644
2013,VIC,218,Indi,23867,ASCHENBRENNER,Helma,5,ASXP,Sex Party,1402.0,89043.0,0.0157452017564547,ASXP,False,False,Indi,0,-0.0242547982435453,2.49,0.0,11,,,,0,0.0,,2013-2016,2016,
2013,VIC,218,Indi,24228,HAYES,William,6,BTA,Bullet Train For Australia,489.0,89043.0,0.0054917287153397,BTA,False,False,Indi,0,-0.0345082712846603,2.49,0.0,11,,,,0,0.0,,2013-2016,2016,
2013,VIC,218,Indi,24201,ROURKE,Phil,9,KAP,Katter's Australian Party,615.0,89043.0,0.006906775378188,KAP,False,False,Indi,0,-0.033093224621812,2.49,0.0,11,,,,0,0.0,,2013-2016,2016,
2013,VIC,218,Indi,23643,MURPHY,Robert Denis,10,PUP,Palmer United Party,2417.0,89043.0,0.0271441887627326,UAPP,False,False,Indi,0,-0.012855811237267402,2.49,0.0,11,,,,0,0.0,,2013-2016,2016,
2013,VIC,218,Indi,24184,PODESTA,Jennifer,11,IND,Independent,841.0,89043.0,0.0094448749480588,IND,False,True,Indi,0,-0.0305551250519412,2.49,0.0,11,0.0194925502290957,1757.0,90137.0,1,0.0194925502290957,0.010047675281036901,2013-2016,2016,0.0584025227055308
2013,VIC,219,Isaacs,25040,ELLIOTT,John,1,FFP,Family First Party,2503.0,86708.0,0.0288670018914056,FFP,False,False,Isaacs,0,-0.011132998108594402,2.49,0.0,9,,,,0,0.0,,2013-2016,2016,0.0369818759239993
2013,VIC,219,Isaacs,23952,LEACH,James,2,DLP,DLP Democratic Labour,1144.0,86708.0,0.0131937076163675,DLP,False,False,Isaacs,0,-0.026806292383632503,2.49,0.0,9,,,,0,0.0,,2013-2016,2016,
2013,VIC,219,Isaacs,24152,SEAMAN,Nadia,3,RUA,Rise Up Australia Party,558.0,86708.0,0.0064353923513401,RUA,False,False,Isaacs,0,-0.0335646076486599,2.49,0.0,9,,,,0,0.0,,2013-2016,2016,
2013,VIC,219,Isaacs,23616,GILL,Avtar Singh,4,PUP,Palmer United Party,2846.0,86708.0,0.0328228075840752,UAPP,False,False,Isaacs,0,-0.0071771924159248005,2.49,0.0,9,,,,0,0.0,,2013-2016,2016,
2013,VIC,219,Isaacs,23547,DOBBY,Karen,5,AUC,Australian Christians,743.0,86708.0,0.008568990173917,AUC,False,False,Isaacs,0,-0.031431009826083,2.49,0.0,9,,,,0,0.0,,2013-2016,2016,
2013,VIC,219,Isaacs,23872,GRAHAM,Laith,8,ASXP,Sex Party,2093.0,86708.0,0.024138487798127,ASXP,False,False,Isaacs,0,-0.015861512201873002,2.49,0.0,9,,,,0,0.0,,2013-2016,2016,
2013,VIC,220,Jagajaga,23883,WALLIS,Nicholas,1,ASXP,Sex Party,2565.0,91605.0,0.0280006549860815,ASXP,False,False,Jagajaga,0,-0.0119993450139185,2.49,0.0,6,,,,0,0.0,,2013-2016,2016,
2013,VIC,220,Jagajaga,24987,EADIE,Tahlia,2,FFP,Family First Party,1490.0,91605.0,0.0162654876917198,FFP,False,False,Jagajaga,0,-0.0237345123082802,2.49,0.0,6,0.0253272746943633,2341.0,92430.0,1,0.0253272746943633,0.009061787002643498,2013-2016,2016,0.0245395203797866
2013,VIC,220,Jagajaga,23671,SNAPE,Kitten Leigh,4,PUP,Palmer United Party,2452.0,91605.0,0.026767097865837,UAPP,False,False,Jagajaga,0,-0.013232902134163001,2.49,0.0,6,,,,0,0.0,,2013-2016,2016,
2013,VIC,221,Kooyong,24807,HARRISON,Tiffany,1,IND,Independent,1464.0,87626.0,0.016707369958688,IND,False,True,Kooyong,0,-0.023292630041312,2.49,0.0,8,0.0305545370709865,2750.0,90003.0,1,0.0305545370709865,0.0138471671122985,2013-2016,2016,
2013,VIC,221,Kooyong,23722,McNAMARA,Luke Gerard,3,PUP,Palmer United Party,1406.0,87626.0,0.0160454659575924,UAPP,False,False,Kooyong,0,-0.0239545340424076,2.49,0.0,8,,,,0,0.0,,2013-2016,2016,
2013,VIC,221,Kooyong,24250,KRIEDEMANN,Tim,4,RUA,Rise Up Australia Party,327.0,87626.0,0.0037317691096249,RUA,False,False,Kooyong,0,-0.0362682308903751,2.49,0.0,8,,,,0,0.0,,2013-2016,2016,
2013,VIC,221,Kooyong,24869,ZUBAC,Angelina,6,IND,Independent,621.0,87626.0,0.0070869376669025,IND,False,True,Kooyong,0,-0.0329130623330975,2.49,0.0,8,0.0305545370709865,2750.0,90003.0,1,0.0305545370709865,0.023467599404084,2013-2016,2016,
2013,VIC,221,Kooyong,24969,CALDER,Jaxon,8,FFP,Family First Party,825.0,87626.0,0.0094150138086869,FFP,False,False,Kooyong,0,-0.0305849861913131,2.49,0.0,8,,,,0,0.0,,2013-2016,2016,0.0156482586391427
2013,VIC,223,La Trobe,23880,LEAHY,Martin,3,ASXP,Sex Party,2475.0,88866.0,0.0278509216123151,ASXP,False,False,La Trobe,0,-0.012149078387684902,2.49,0.0,8,0.0227113189412184,2103.0,92597.0,1,0.0227113189412184,-0.005139602671096699,2013-2016,2016,0.0285290515410631
2013,VIC,223,La Trobe,23956,JENKINS,Rachel,5,DLP,DLP Democratic Labour,1168.0,88866.0,0.0131433844214885,DLP,False,False,La Trobe,0,-0.026856615578511503,2.49,0.0,8,,,,0,0.0,,2013-2016,2016,
2013,VIC,223,La Trobe,24977,MARTIN,Daniel,6,FFP,Family First Party,1680.0,88866.0,0.0189048680035109,FFP,False,False,La Trobe,0,-0.0210951319964891,2.49,0.0,8,0.0245472315517781,2273.0,92597.0,1,0.0245472315517781,0.0056423635482672,2013-2016,2016,0.0215400519118621
2013,VIC,223,La Trobe,23620,KENNEDY,Jason Grant,7,PUP,Palmer United Party,4514.0,88866.0,0.0507955798618144,UAPP,False,False,La Trobe,1,0.010795579861814397,2.49,11239.86,8,,,,0,0.0,,2013-2016,2016,
2013,VIC,223,La Trobe,24169,SEAMAN,Kevin,8,RUA,Rise Up Australia Party,711.0,88866.0,0.0080008102086287,RUA,False,False,La Trobe,0,-0.0319991897913713,2.49,0.0,8,0.0127433934144734,1180.0,92597.0,1,0.0127433934144734,0.0047425832058447005,2013-2016,2016,
2013,VIC,222,Lalor,24308,VALE,Marion,1,RUA,Rise Up Australia Party,1684.0,93381.0,0.0180336471016587,RUA,False,False,Lalor,0,-0.021966352898341302,2.49,0.0,11,0.043883476957662,4685.0,106760.0,1,0.043883476957662,0.025849829856003304,2013-2016,2016,
2013,VIC,222,Lalor,23564,ROGERS,Geoff,2,AUC,Australian Christians,1535.0,93381.0,0.0164380334329253,AUC,False,False,Lalor,0,-0.0235619665670747,2.49,0.0,11,,,,0,0.0,,2013-2016,2016,
2013,VIC,222,Lalor,23520,PAGE,Jonathan,3,SPP,Stable Population Party,359.0,93381.0,0.0038444651481564,SPP,False,False,Lalor,0,-0.0361555348518436,2.49,0.0,11,,,,0,0.0,,2013-2016,2016,
2013,VIC,222,Lalor,24084,FREEMAN,Michael,4,DLP,DLP Democratic Labour,1768.0,93381.0,0.018933187693428,DLP,False,False,Lalor,0,-0.021066812306572,2.49,0.0,11,,,,0,0.0,,2013-2016,2016,
2013,VIC,222,Lalor,24872,MULLINS,Nathan,5,IND,Independent,1842.0,93381.0,0.0197256401195103,IND,False,True,Lalor,0,-0.0202743598804897,2.49,0.0,11,,,,0,0.0,,2013-2016,2016,0.0063864015195565
2013,VIC,222,Lalor,24872,MULLINS,Nathan,5,IND,Independent,1842.0,93381.0,0.0197256401195103,IND,False,True,Lalor,0,-0.0202743598804897,2.49,0.0,11,,,,0,0.0,,2013-2016,2016,0.0039733302321975
2013,VIC,222,Lalor,24872,MULLINS,Nathan,5,IND,Independent,1842.0,93381.0,0.0197256401195103,IND,False,True,Lalor,0,-0.0202743598804897,2.49,0.0,11,,,,0,0.0,,2013-2016,2016,0.0068612629375508
2013,VIC,222,Lalor,23681,ZAPPIA,Joe,7,PUP,Palmer United Party,5416.0,93381.0,0.0579989505359762,UAPP,False,False,Lalor,1,0.0179989505359762,2.49,13485.840000000002,11,,,,0,0.0,,2013-2016,2016,
2013,VIC,222,Lalor,24077,HARWOOD,Angel,8,ASXP,Sex Party,3004.0,93381.0,0.0321692849723177,ASXP,False,False,Lalor,0,-0.007830715027682303,2.49,0.0,11,,,,0,0.0,,2013-2016,2016,
2013,VIC,222,Lalor,25012,POLLARD,Daryl Andrew,11,FFP,Family First Party,2653.0,93381.0,0.0284104903567106,FFP,False,False,Lalor,0,-0.011589509643289402,2.49,0.0,11,,,,0,0.0,,2013-2016,2016,0.027910222118851
2013,VIC,224,Mallee,23702,CORY,Mark Robert,2,PUP,Palmer United Party,2883.0,85834.0,0.0335880886362047,UAPP,False,False,Mallee,0,-0.006411911363795299,2.49,0.0,12,,,,0,0.0,,2013-2016,2016,
2013,VIC,224,Mallee,23918,MULCAHY,Amy,3,ASXP,Sex Party,2118.0,85834.0,0.0246755365006873,ASXP,False,False,Mallee,0,-0.015324463499312702,2.49,0.0,12,,,,0,0.0,,2013-2016,2016,
2013,VIC,224,Mallee,24249,CIRILLO,Vince,4,KAP,Katter's Australian Party,3195.0,85834.0,0.037223011860102,KAP,False,False,Mallee,0,-0.002776988139898004,2.49,0.0,12,,,,0,0.0,,2013-2016,2016,
2013,VIC,224,Mallee,23231,LAHY,Chris,5,CEC,Citizens Electoral Council,241.0,85834.0,0.0028077451825616,CEC,False,False,Mallee,0,-0.0371922548174384,2.49,0.0,12,0.0196076189605103,1715.0,87466.0,1,0.0196076189605103,0.0167998737779487,2013-2016,2016,
2013,VIC,224,Mallee,24227,RIDGEWAY,Allen,6,IND,Independent,595.0,85834.0,0.0069319849942913,IND,False,True,Mallee,0,-0.033068015005708704,2.49,0.0,12,,,,0,0.0,,2013-2016,2016,
2013,VIC,224,Mallee,24231,MIDDLETON,Tim,8,RUA,Rise Up Australia Party,772.0,85834.0,0.0089941049001561,RUA,False,False,Mallee,0,-0.031005895099843903,2.49,0.0,12,0.0518601513731049,4536.0,87466.0,1,0.0518601513731049,0.0428660464729488,2013-2016,2016,
2013,VIC,224,Mallee,25025,BULLER,Neil,9,FFP,Family First Party,1356.0,85834.0,0.0157979355500151,FFP,False,False,Mallee,0,-0.024202064449984902,2.49,0.0,12,,,,0,0.0,,2013-2016,2016,0.0547063950990141
2013,VIC,224,Mallee,23706,COLDHAM,Michael,11,CYA,Country Alliance,384.0,85834.0,0.0044737516601812,CYA,False,False,Mallee,0,-0.0355262483398188,2.49,0.0,12,,,,0,0.0,,2013-2016,2016,
2013,VIC,225,Maribyrnong,23552,PATERNO,Joe,2,AUC,Australian Christians,888.0,90117.0,0.0098538566530177,AUC,False,False,Maribyrnong,0,-0.0301461433469823,2.49,0.0,9,0.0175842445169128,1650.0,93834.0,1,0.0175842445169128,0.0077303878638951,2013-2016,2016,
2013,VIC,225,Maribyrnong,23623,CUTLER,Philip William,4,PUP,Palmer United Party,2470.0,90117.0,0.0274088129875606,UAPP,False,False,Maribyrnong,0,-0.0125911870124394,2.49,0.0,9,,,,0,0.0,,2013-2016,2016,
2013,VIC,225,Maribyrnong,23966,KAVANAGH,Marguerita,5,DLP,DLP Democratic Labour,1258.0,90117.0,0.0139596302584418,DLP,False,False,Maribyrnong,0,-0.0260403697415582,2.49,0.0,9,,,,0,0.0,,2013-2016,2016,
2013,VIC,225,Maribyrnong,24086,MYERS,Amy,7,ASXP,Sex Party,2313.0,90117.0,0.0256666333766104,ASXP,False,False,Maribyrnong,0,-0.0143333666233896,2.49,0.0,9,,,,0,0.0,,2013-2016,2016,
2013,VIC,225,Maribyrnong,25000,CARLSON,Hayleigh,8,FFP,Family First Party,944.0,90117.0,0.0104752710365413,FFP,False,False,Maribyrnong,0,-0.029524728963458702,2.49,0.0,9,,,,0,0.0,,2013-2016,2016,0.0259624928172177
2013,VIC,225,Maribyrnong,24217,TRUSCOTT,Jeff,9,RUA,Rise Up Australia Party,395.0,90117.0,0.0043831907409256,RUA,False,False,Maribyrnong,0,-0.0356168092590744,2.49,0.0,9,,,,0,0.0,,2013-2016,2016,
2013,VIC,226,McEwen,24963,NEWTON,Barry,1,FFP,Family First Party,2906.0,101261.0,0.0286981167478101,FFP,False,False,McEwen,0,-0.0113018832521899,2.49,0.0,9,0.0327473498233215,3707.0,113200.0,1,0.0327473498233215,0.004049233075511402,2013-2016,2016,0.0319483954446421
2013,VIC,226,McEwen,23679,DANCE,Trevor Owen,2,PUP,Palmer United Party,6822.0,101261.0,0.0673704585180869,UAPP,False,False,McEwen,1,0.0273704585180869,2.49,16986.780000000002,9,,,,0,0.0,,2013-2016,2016,
2013,VIC,226,McEwen,24173,VERDAN,Ferdie,3,RUA,Rise Up Australia Party,463.0,101261.0,0.0045723427578238,RUA,False,False,McEwen,0,-0.0354276572421762,2.49,0.0,9,0.0164929328621908,1867.0,113200.0,1,0.0164929328621908,0.011920590104367,2013-2016,2016,
2013,VIC,226,McEwen,23701,CRANSON,Ian,4,CYA,Country Alliance,686.0,101261.0,0.0067745726390219,CYA,False,False,McEwen,0,-0.0332254273609781,2.49,0.0,9,0.0142579505300353,1614.0,113200.0,1,0.0142579505300353,0.0074833778910134005,2013-2016,2016,
2013,VIC,226,McEwen,24202,STEVENS,Bruce,5,KAP,Katter's Australian Party,997.0,101261.0,0.0098458439083161,KAP,False,False,McEwen,0,-0.0301541560916839,2.49,0.0,9,,,,0,0.0,,2013-2016,2016,
2013,VIC,226,McEwen,23868,NASH,Victoria,6,ASXP,Sex Party,3256.0,101261.0,0.0321545313595559,ASXP,False,False,McEwen,0,-0.007845468640444102,2.49,0.0,9,,,,0,0.0,,2013-2016,2016,
2013,VIC,227,McMillan,24235,AMOR,David John,1,KAP,Katter's Australian Party,2262.0,93952.0,0.0240761239782016,KAP,False,False,McMillan,0,-0.0159238760217984,2.49,0.0,13,,,,0,0.0,,2013-2016,2016,
2013,VIC,227,McMillan,24683,PATTON,Gary,2,SOL,Senator Online (Internet Voting Bills/Issues),209.0,93952.0,0.0022245401907356,SOL,False,False,McMillan,0,-0.0377754598092644,2.49,0.0,13,,,,0,0.0,,2013-2016,2016,
2013,VIC,227,McMillan,23920,STAGGARD,Benjamin,3,ASXP,Sex Party,2168.0,93952.0,0.023075613079019,ASXP,False,False,McMillan,0,-0.016924386920981,2.49,0.0,13,,,,0,0.0,,2013-2016,2016,
2013,VIC,227,McMillan,24933,PARKER,John,5,IND,Independent,1245.0,93952.0,0.0132514475476839,IND,False,True,McMillan,0,-0.026748552452316103,2.49,0.0,13,,,,0,0.0,,2013-2016,2016,0.0217043314500941
2013,VIC,227,McMillan,23988,KIS-RIGO,Andrew,6,DLP,DLP Democratic Labour,1641.0,93952.0,0.0174663658038147,DLP,False,False,McMillan,0,-0.0225336341961853,2.49,0.0,13,,,,0,0.0,,2013-2016,2016,
2013,VIC,227,McMillan,23670,SHERRY,Matthew John,7,PUP,Palmer United Party,4380.0,93952.0,0.0466195504087193,UAPP,False,False,McMillan,1,0.006619550408719296,2.49,10906.2,13,,,,0,0.0,,2013-2016,2016,
2013,VIC,227,McMillan,24159,BAKER,Norman,8,RUA,Rise Up Australia Party,627.0,93952.0,0.006673620572207,RUA,False,False,McMillan,0,-0.033326379427793,2.49,0.0,13,0.0276057510329862,2786.0,100921.0,1,0.0276057510329862,0.0209321304607792,2013-2016,2016,
2013,VIC,227,McMillan,20716,GATT,Leigh,11,IND,Independent,695.0,93952.0,0.0073973944141689,IND,False,True,McMillan,0,-0.0326026055858311,2.49,0.0,13,,,,0,0.0,,2013-2016,2016,0.0217043314500941
2013,VIC,227,McMillan,23704,FISHER,Ross,12,CYA,Country Alliance,822.0,93952.0,0.0087491485013623,CYA,False,False,McMillan,0,-0.0312508514986377,2.49,0.0,13,,,,0,0.0,,2013-2016,2016,
2013,VIC,227,McMillan,24982,CONLON,Luke,13,FFP,Family First Party,1893.0,93952.0,0.0201485865122615,FFP,False,False,McMillan,0,-0.0198514134877385,2.49,0.0,13,0.033868075028983,3418.0,100921.0,1,0.033868075028983,0.0137194885167215,2013-2016,2016,0.0326741996233521
2013,VIC,228,Melbourne,24371,MAIN,Anthony,1,,,1140.0,84551.0,0.0134829865998036,,False,False,Melbourne,0,-0.026517013400196403,2.49,0.0,16,,,,0,0.0,,2013-2016,2016,
2013,VIC,228,Melbourne,24703,BORLAND,Kate,3,IND,Independent,443.0,84551.0,0.0052394412839587,IND,False,True,Melbourne,0,-0.0347605587160413,2.49,0.0,16,,,,0,0.0,,2013-2016,2016,
2013,VIC,228,Melbourne,24964,WALKER,Noelle,4,FFP,Family First Party,453.0,84551.0,0.0053577130962377,FFP,False,False,Melbourne,0,-0.0346422869037623,2.49,0.0,16,,,,0,0.0,,2013-2016,2016,0.0155496098604005
2013,VIC,228,Melbourne,23629,VRBNJAK,Martin,7,PUP,Palmer United Party,780.0,84551.0,0.0092252013577604,UAPP,False,False,Melbourne,0,-0.0307747986422396,2.49,0.0,16,,,,0,0.0,,2013-2016,2016,
2013,VIC,228,Melbourne,23499,BAYLISS,Michael,8,SPP,Stable Population Party,173.0,84551.0,0.0020461023524263,SPP,False,False,Melbourne,0,-0.0379538976475737,2.49,0.0,16,,,,0,0.0,,2013-2016,2016,
2013,VIC,228,Melbourne,23957,MURPHY,Michael,9,DLP,DLP Democratic Labour,442.0,84551.0,0.0052276141027308,DLP,False,False,Melbourne,0,-0.0347723858972692,2.49,0.0,16,,,,0,0.0,,2013-2016,2016,
2013,VIC,228,Melbourne,23933,WALSHE,Nyree,10,AJP,Animal Justice Party,628.0,84551.0,0.0074274698111199,AJP,False,False,Melbourne,0,-0.0325725301888801,2.49,0.0,16,0.0184184649869421,1742.0,94579.0,1,0.0184184649869421,0.0109909951758222,2013-2016,2016,
2013,VIC,228,Melbourne,24226,DAVIDSON,Josh,11,BTA,Bullet Train For Australia,297.0,84551.0,0.0035126728246856,BTA,False,False,Melbourne,0,-0.0364873271753144,2.49,0.0,16,,,,0,0.0,,2013-2016,2016,
2013,VIC,228,Melbourne,24188,KHOO,Joyce Mei Lin,12,RUA,Rise Up Australia Party,165.0,84551.0,0.0019514849026031,RUA,False,False,Melbourne,0,-0.0380485150973969,2.49,0.0,16,,,,0,0.0,,2013-2016,2016,
2013,VIC,228,Melbourne,23569,WILDING,Royston,13,SPA,Secular Party of Australia,230.0,84551.0,0.0027202516824165,SPA,False,False,Melbourne,0,-0.0372797483175835,2.49,0.0,16,,,,0,0.0,,2013-2016,2016,0.0068624268138412
2013,VIC,228,Melbourne,23927,MANGISI,James,14,ASXP,Sex Party,1621.0,84551.0,0.0191718607704225,ASXP,False,False,Melbourne,0,-0.020828139229577502,2.49,0.0,16,0.0345214053859736,3265.0,94579.0,1,0.0345214053859736,0.0153495446155511,2013-2016,2016,0.0182811467977207
2013,VIC,228,Melbourne,24954,KIRKMAN,Frazer,15,IND,Independent,183.0,84551.0,0.0021643741647053,IND,False,True,Melbourne,0,-0.0378356258352947,2.49,0.0,16,,,,0,0.0,,2013-2016,2016,
2013,VIC,228,Melbourne,24764,CUMMINS,Paul,16,AIN,Australian Independents,170.0,84551.0,0.0020106208087426,AIN,False,False,Melbourne,0,-0.0379893791912574,2.49,0.0,16,,,,0,0.0,,2013-2016,2016,
2013,VIC,230,Melbourne Ports,23905,STAR,Melissa,1,ASXP,Sex Party,3089.0,81073.0,0.0381014641125898,ASXP,False,False,Melbourne Ports,0,-0.0018985358874102007,2.49,0.0,9,,,,0,0.0,,2013-2016,2016,0.0218224260501526
2013,VIC,230,Melbourne Ports,24966,KEENAN,Robert,3,FFP,Family First Party,490.0,81073.0,0.0060439357122593,FFP,False,False,Melbourne Ports,0,-0.0339560642877407,2.49,0.0,9,,,,0,0.0,,2013-2016,2016,0.0074509850155032
2013,VIC,230,Melbourne Ports,23619,STODART,Toby Simon,4,PUP,Palmer United Party,1122.0,81073.0,0.013839379324806,UAPP,False,False,Melbourne Ports,0,-0.026160620675194,2.49,0.0,9,,,,0,0.0,,2013-2016,2016,
2013,VIC,230,Melbourne Ports,23976,STEFANO,Vince,5,DLP,DLP Democratic Labour,540.0,81073.0,0.0066606638461633,DLP,False,False,Melbourne Ports,0,-0.033339336153836704,2.49,0.0,9,,,,0,0.0,,2013-2016,2016,
2013,VIC,230,Melbourne Ports,24195,QUINN,Margaret,8,RUA,Rise Up Australia Party,201.0,81073.0,0.0024792470982941,RUA,False,False,Melbourne Ports,0,-0.0375207529017059,2.49,0.0,9,,,,0,0.0,,2013-2016,2016,
2013,VIC,230,Melbourne Ports,23587,ARMSTRONG,Steven,9,SPP,Stable Population Party,324.0,81073.0,0.003996398307698,SPP,False,False,Melbourne Ports,0,-0.036003601692302004,2.49,0.0,9,,,,0,0.0,,2013-2016,2016,
2013,VIC,229,Menzies,23636,GUARDIANI,Agostino,4,PUP,Palmer United Party,2353.0,88806.0,0.0264959574803504,UAPP,False,False,Menzies,0,-0.013504042519649602,2.49,0.0,7,,,,0,0.0,,2013-2016,2016,
2013,VIC,229,Menzies,24767,ROBINSON,Ramon,5,IND,Independent,1287.0,88806.0,0.0144922640362137,IND,False,True,Menzies,0,-0.0255077359637863,2.49,0.0,7,0.008366090972644,730.0,87257.0,1,0.008366090972644,-0.0061261730635697,2013-2016,2016,
2013,VIC,229,Menzies,24168,BAKER,Phil,6,RUA,Rise Up Australia Party,508.0,88806.0,0.0057203342116523,RUA,False,False,Menzies,0,-0.0342796657883477,2.49,0.0,7,,,,0,0.0,,2013-2016,2016,
2013,VIC,229,Menzies,24979,CONLON,Andrew,7,FFP,Family First Party,1917.0,88806.0,0.021586379298696,FFP,False,False,Menzies,0,-0.018413620701304,2.49,0.0,7,0.0325704528003484,2842.0,87257.0,1,0.0325704528003484,0.010984073501652397,2013-2016,2016,0.0353057512238594
2013,VIC,231,Murray,23914,CHELLEW,Tristram,1,ASXP,Sex Party,2337.0,88732.0,0.0263377361042239,ASXP,False,False,Murray,0,-0.0136622638957761,2.49,0.0,11,,,,0,0.0,,2013-2016,2016,
2013,VIC,231,Murray,24210,BOURKE,Michael John,3,KAP,Katter's Australian Party,2423.0,88732.0,0.0273069467610332,KAP,False,False,Murray,0,-0.0126930532389668,2.49,0.0,11,,,,0,0.0,,2013-2016,2016,
2013,VIC,231,Murray,24110,BUCK,Wendy,4,IND,Independent,1176.0,88732.0,0.0132533922372988,IND,False,True,Murray,0,-0.0267466077627012,2.49,0.0,11,0.0166674241047082,1467.0,88016.0,1,0.0166674241047082,0.003414031867409401,2013-2016,2016,
2013,VIC,231,Murray,23662,THOOLEN,Catriona Cecilia,6,PUP,Palmer United Party,2964.0,88732.0,0.033403957985845,UAPP,False,False,Murray,0,-0.006596042014155,2.49,0.0,11,,,,0,0.0,,2013-2016,2016,
2013,VIC,231,Murray,24221,SUMMER,Fern,7,BTA,Bullet Train For Australia,986.0,88732.0,0.0111121128792318,BTA,False,False,Murray,0,-0.028887887120768202,2.49,0.0,11,,,,0,0.0,,2013-2016,2016,
2013,VIC,231,Murray,24160,HUNGERFORD,Raymond,8,RUA,Rise Up Australia Party,563.0,88732.0,0.0063449488346932,RUA,False,False,Murray,0,-0.0336550511653068,2.49,0.0,11,0.0135770768951099,1195.0,88016.0,1,0.0135770768951099,0.007232128060416699,2013-2016,2016,
2013,VIC,231,Murray,24967,WALKER,Alan,9,FFP,Family First Party,1589.0,88732.0,0.0179078573682549,FFP,False,False,Murray,0,-0.0220921426317451,2.49,0.0,11,,,,0,0.0,,2013-2016,2016,0.0367234444058201
2013,VIC,231,Murray,23228,DAVY,Jeff,11,CEC,Citizens Electoral Council,316.0,88732.0,0.0035612856692061,CEC,False,False,Murray,0,-0.0364387143307939,2.49,0.0,11,0.0025790765315397,227.0,88016.0,1,0.0025790765315397,-0.0009822091376664,2013-2016,2016,0.0061205740676366
2013,VIC,232,Scullin,23627,COOPER,Peter Rex,1,PUP,Palmer United Party,5991.0,90496.0,0.0662018210749646,UAPP,False,False,Scullin,1,0.026201821074964597,2.49,14917.590000000002,7,,,,0,0.0,,2013-2016,2016,
2013,VIC,232,Scullin,24983,CONLON,Katie,3,FFP,Family First Party,2394.0,90496.0,0.026454207920792,FFP,False,False,Scullin,0,-0.013545792079208002,2.49,0.0,7,,,,0,0.0,,2013-2016,2016,0.0532375913328294
2013,VIC,232,Scullin,23907,ROLPH,Nathan,4,ASXP,Sex Party,2453.0,90496.0,0.0271061704384724,ASXP,False,False,Scullin,0,-0.012893829561527601,2.49,0.0,7,,,,0,0.0,,2013-2016,2016,
2013,VIC,232,Scullin,24212,GRECO,Domenic,6,KAP,Katter's Australian Party,1025.0,90496.0,0.0113264674681753,KAP,False,False,Scullin,0,-0.0286735325318247,2.49,0.0,7,,,,0,0.0,,2013-2016,2016,
2013,VIC,233,Wannon,23549,CORBETT,Therese,1,AUC,Australian Christians,1167.0,88202.0,0.0132309924945012,AUC,False,False,Wannon,0,-0.0267690075054988,2.49,0.0,7,,,,0,0.0,,2013-2016,2016,
2013,VIC,233,Wannon,23900,JOHNSON,Chris,4,ASXP,Sex Party,2455.0,88202.0,0.0278338359674383,ASXP,False,False,Wannon,0,-0.0121661640325617,2.49,0.0,7,,,,0,0.0,,2013-2016,2016,
2013,VIC,233,Wannon,25017,HABERFIELD,Craig,5,FFP,Family First Party,1957.0,88202.0,0.0221877054942064,FFP,False,False,Wannon,0,-0.0178122945057936,2.49,0.0,7,,,,0,0.0,,2013-2016,2016,0.0215613025669361
2013,VIC,233,Wannon,23625,FERGUSON,Bradley Ian,7,PUP,Palmer United Party,3519.0,88202.0,0.0398970544885603,UAPP,False,False,Wannon,0,-0.00010294551143970321,2.49,0.0,7,,,,0,0.0,,2013-2016,2016,
2013,VIC,234,Wills,24929,O'CALLAGHAN,Dean,1,IND,Independent,2040.0,90668.0,0.0224996691225129,IND,False,True,Wills,0,-0.017500330877487102,2.49,0.0,8,0.0194669953670251,1832.0,94108.0,1,0.0194669953670251,-0.0030326737554878004,2013-2016,2016,
2013,VIC,234,Wills,23938,TRAJSTMAN,Adrian,3,ASXP,Sex Party,2363.0,90668.0,0.0260621167335774,ASXP,False,False,Wills,0,-0.0139378832664226,2.49,0.0,8,0.027712840566158,2608.0,94108.0,1,0.027712840566158,0.0016507238325806015,2013-2016,2016,
2013,VIC,234,Wills,23174,WINDISCH,Margarita,4,SAL,Socialist Alliance,1024.0,90668.0,0.0112939515595358,SAL,False,False,Wills,0,-0.0287060484404642,2.49,0.0,8,0.0068857057848429,648.0,94108.0,1,0.0068857057848429,-0.0044082457746929,2013-2016,2016,0.0086031189268616
2013,VIC,234,Wills,24991,GIGLIA,Concetta,5,FFP,Family First Party,1285.0,90668.0,0.0141725856972691,FFP,False,False,Wills,0,-0.025827414302730903,2.49,0.0,8,,,,0,0.0,,2013-2016,2016,0.0156420344124757
2013,VIC,234,Wills,23638,MURRAY-DUFOULON,Anne Marie,6,PUP,Palmer United Party,2158.0,90668.0,0.0238011205717562,UAPP,False,False,Wills,0,-0.0161988794282438,2.49,0.0,8,,,,0,0.0,,2013-2016,2016,
2013,WA,235,Brand,24435,NEWHOUSE,Andrew,1,FFP,Family First Party,2079.0,86876.0,0.0239306597909664,FFP,False,False,Brand,0,-0.0160693402090336,2.49,0.0,9,,,,0,0.0,,2013-2016,2016,0.0280668477982262
2013,WA,235,Brand,23628,LAWRENCE,Craig Walker,2,PUP,Palmer United Party,6518.0,86876.0,0.0750264745154012,UAPP,False,False,Brand,1,0.0350264745154012,2.49,16229.820000000002,9,,,,0,0.0,,2013-2016,2016,
2013,WA,235,Brand,23385,LE-COCQ,Mick,4,CEC,Citizens Electoral Council,280.0,86876.0,0.0032229844836318,CEC,False,False,Brand,0,-0.0367770155163682,2.49,0.0,9,,,,0,0.0,,2013-2016,2016,
2013,WA,235,Brand,25021,YOUNG,Paul James,5,DEM,Australian Democrats,598.0,86876.0,0.006883374004328,DEM,False,False,Brand,0,-0.033116625995672,2.49,0.0,9,,,,0,0.0,,2013-2016,2016,
2013,WA,235,Brand,24021,IRIKS,Gabrielle Lisanne,6,RUA,Rise Up Australia Party,646.0,86876.0,0.0074358856300934,RUA,False,False,Brand,0,-0.032564114369906604,2.49,0.0,9,0.0575638170292958,4704.0,81718.0,1,0.0575638170292958,0.0501279313992024,2013-2016,2016,
2013,WA,235,Brand,24378,BURDETT,Bob,8,AUC,Australian Christians,1685.0,86876.0,0.0193954601961416,AUC,False,False,Brand,0,-0.0206045398038584,2.49,0.0,9,0.0345823441591815,2826.0,81718.0,1,0.0345823441591815,0.015186883963039903,2013-2016,2016,
2013,WA,236,Canning,24301,BRUNING,Derek Owen,3,AUC,Australian Christians,2742.0,88493.0,0.0309855016780988,AUC,False,False,Canning,0,-0.0090144983219012,2.49,0.0,9,0.0368073472672615,3110.0,84494.0,1,0.0368073472672615,0.0058218455891627,2013-2016,2016,
2013,WA,236,Canning,23654,LAMOTTE,Wendy Eileen,6,PUP,Palmer United Party,6088.0,88493.0,0.0687964019752974,UAPP,False,False,Canning,1,0.028796401975297405,2.49,15159.12,9,,,,0,0.0,,2013-2016,2016,
2013,WA,236,Canning,24425,HARPER,Alice,7,FFP,Family First Party,1197.0,88493.0,0.0135264936209643,FFP,False,False,Canning,0,-0.0264735063790357,2.49,0.0,9,,,,0,0.0,,2013-2016,2016,0.0153642615543989
2013,WA,236,Canning,24012,RUMBLE,Lee,8,RUA,Rise Up Australia Party,669.0,88493.0,0.0075599199936718,RUA,False,False,Canning,0,-0.0324400800063282,2.49,0.0,9,,,,0,0.0,,2013-2016,2016,
2013,WA,236,Canning,24437,ELDRIDGE,Richard,9,KAP,Katter's Australian Party,776.0,88493.0,0.0087690551795057,KAP,False,False,Canning,0,-0.0312309448204943,2.49,0.0,9,,,,0,0.0,,2013-2016,2016,
2013,WA,237,Cowan,24340,KINGSTON,David,2,AUC,Australian Christians,1802.0,84388.0,0.0213537469782433,AUC,False,False,Cowan,0,-0.018646253021756702,2.49,0.0,7,0.0328850495729851,2680.0,81496.0,1,0.0328850495729851,0.011531302594741805,2013-2016,2016,
2013,WA,237,Cowan,24029,MUNDY,Sheila,3,RUA,Rise Up Australia Party,869.0,84388.0,0.0102976726548798,RUA,False,False,Cowan,0,-0.0297023273451202,2.49,0.0,7,,,,0,0.0,,2013-2016,2016,
2013,WA,237,Cowan,24389,NGUYEN,Che Tam,5,FFP,Family First Party,1442.0,84388.0,0.0170877375930227,FFP,False,False,Cowan,0,-0.022912262406977302,2.49,0.0,7,,,,0,0.0,,2013-2016,2016,0.0235840807454967
2013,WA,237,Cowan,23653,SHARMA,Vimal Kumar,6,PUP,Palmer United Party,4501.0,84388.0,0.0533369673413281,UAPP,False,False,Cowan,1,0.013336967341328096,2.49,11207.490000000002,7,,,,0,0.0,,2013-2016,2016,
2013,WA,238,Curtin,24028,WHATELY,Jennifer,1,RUA,Rise Up Australia Party,708.0,84800.0,0.0083490566037735,RUA,False,False,Curtin,0,-0.0316509433962265,2.49,0.0,6,,,,0,0.0,,2013-2016,2016,
2013,WA,238,Curtin,24286,FORDER,Gail,3,AUC,Australian Christians,1058.0,84800.0,0.0124764150943396,AUC,False,False,Curtin,0,-0.0275235849056604,2.49,0.0,6,,,,0,0.0,,2013-2016,2016,
2013,WA,238,Curtin,23664,BAKER,Glenn Phillip,5,PUP,Palmer United Party,2237.0,84800.0,0.026379716981132,UAPP,False,False,Curtin,0,-0.013620283018868001,2.49,0.0,6,,,,0,0.0,,2013-2016,2016,
2013,WA,312,Durack,23668,HEADLAND,Desmond John,1,PUP,Palmer United Party,4998.0,74036.0,0.067507698957264,UAPP,False,False,Durack,1,0.027507698957263994,2.49,12445.02,10,,,,0,0.0,,2013-2016,2016,
2013,WA,312,Durack,24039,FOREMAN,Shane,4,RUA,Rise Up Australia Party,810.0,74036.0,0.0109406234804689,RUA,False,False,Durack,0,-0.0290593765195311,2.49,0.0,10,0.0376194760656678,2885.0,76689.0,1,0.0376194760656678,0.026678852585198903,2013-2016,2016,
2013,WA,312,Durack,23417,SUDHOLZ,Judy F,6,CEC,Citizens Electoral Council,177.0,74036.0,0.0023907288346209,CEC,False,False,Durack,0,-0.0376092711653791,2.49,0.0,10,,,,0,0.0,,2013-2016,2016,
2013,WA,312,Durack,24296,GOULD,Grahame,7,AUC,Australian Christians,972.0,74036.0,0.0131287481765627,AUC,False,False,Durack,0,-0.026871251823437303,2.49,0.0,10,0.025636010379585,1966.0,76689.0,1,0.025636010379585,0.0125072622030223,2013-2016,2016,
2013,WA,312,Durack,24528,ROSE,Ian,8,FFP,Family First Party,763.0,74036.0,0.0103057971797503,FFP,False,False,Durack,0,-0.0296942028202497,2.49,0.0,10,,,,0,0.0,,2013-2016,2016,0.0240145559598877
2013,WA,312,Durack,24529,TODD,Aaron,10,KAP,Katter's Australian Party,783.0,74036.0,0.0105759360311199,KAP,False,False,Durack,0,-0.0294240639688801,2.49,0.0,10,,,,0,0.0,,2013-2016,2016,
2013,WA,239,Forrest,24445,CUSTERS,Bev,2,FFP,Family First Party,1270.0,85423.0,0.0148671903351556,FFP,False,False,Forrest,0,-0.0251328096648444,2.49,0.0,9,,,,0,0.0,,2013-2016,2016,0.019516129032258
2013,WA,239,Forrest,24024,MORIEN,Mark,4,RUA,Rise Up Australia Party,581.0,85423.0,0.0068014469171066,RUA,False,False,Forrest,0,-0.0331985530828934,2.49,0.0,9,0.0195298201697937,1654.0,84691.0,1,0.0195298201697937,0.0127283732526871,2013-2016,2016,
2013,WA,239,Forrest,24388,BARNETT,Wayne,5,AUC,Australian Christians,1374.0,85423.0,0.0160846610397668,AUC,False,False,Forrest,0,-0.0239153389602332,2.49,0.0,9,0.0219385767082688,1858.0,84691.0,1,0.0219385767082688,0.005853915668501998,2013-2016,2016,
2013,WA,239,Forrest,23437,TUFFNELL,Ian,7,CEC,Citizens Electoral Council,204.0,85423.0,0.0023881156128911,CEC,False,False,Forrest,0,-0.0376118843871089,2.49,0.0,9,,,,0,0.0,,2013-2016,2016,
2013,WA,239,Forrest,23781,DABROWSKI,Edward Gregory,9,PUP,Palmer United Party,4301.0,85423.0,0.0503494375051215,UAPP,False,False,Forrest,1,0.010349437505121496,2.49,10709.490000000002,9,,,,0,0.0,,2013-2016,2016,
2013,WA,240,Fremantle,24519,McNAUGHT,Richard,1,KAP,Katter's Australian Party,1061.0,87108.0,0.0121802819488451,KAP,False,False,Fremantle,0,-0.0278197180511549,2.49,0.0,11,,,,0,0.0,,2013-2016,2016,
2013,WA,240,Fremantle,24323,MULDER,Owen,3,AUC,Australian Christians,1163.0,87108.0,0.0133512421361987,AUC,False,False,Fremantle,0,-0.026648757863801303,2.49,0.0,11,,,,0,0.0,,2013-2016,2016,
2013,WA,240,Fremantle,23851,VAN LIESHOUT,Teresa,4,APP,Australian Protectionist Party,205.0,87108.0,0.002353400376544,APP,False,False,Fremantle,0,-0.037646599623456,2.49,0.0,11,,,,0,0.0,,2013-2016,2016,
2013,WA,240,Fremantle,23626,SHARMA,Vashil Vimal,5,PUP,Palmer United Party,3451.0,87108.0,0.0396174863387978,UAPP,False,False,Fremantle,0,-0.00038251366120219815,2.49,0.0,11,,,,0,0.0,,2013-2016,2016,
2013,WA,240,Fremantle,24406,McCOURT,Jim,7,FFP,Family First Party,811.0,87108.0,0.009310281489645,FFP,False,False,Fremantle,0,-0.030689718510355,2.49,0.0,11,,,,0,0.0,,2013-2016,2016,0.0171128060629615
2013,WA,240,Fremantle,23384,ROWLANDS,Ron,8,CEC,Citizens Electoral Council,131.0,87108.0,0.0015038802406208,CEC,False,False,Fremantle,0,-0.0384961197593792,2.49,0.0,11,,,,0,0.0,,2013-2016,2016,
2013,WA,240,Fremantle,24007,SCOTT,Philip,9,RUA,Rise Up Australia Party,416.0,87108.0,0.0047756807641089,RUA,False,False,Fremantle,0,-0.0352243192358911,2.49,0.0,11,,,,0,0.0,,2013-2016,2016,
2013,WA,240,Fremantle,24336,WAINWRIGHT,Sam,10,SAL,Socialist Alliance,743.0,87108.0,0.0085296413647426,SAL,False,False,Fremantle,0,-0.0314703586352574,2.49,0.0,11,0.0165417785946557,1404.0,84876.0,1,0.0165417785946557,0.0080121372299131,2013-2016,2016,0.0080402254178002
2013,WA,305,Hasluck,24886,MUNRO,Chris,2,ASXP,Sex Party,2236.0,85763.0,0.0260718491657241,ASXP,False,False,Hasluck,0,-0.013928150834275902,2.49,0.0,8,,,,0,0.0,,2013-2016,2016,
2013,WA,305,Hasluck,24470,STEVENS,Daniel,3,KAP,Katter's Australian Party,569.0,85763.0,0.0066345626902044,KAP,False,False,Hasluck,0,-0.033365437309795604,2.49,0.0,8,,,,0,0.0,,2013-2016,2016,
2013,WA,305,Hasluck,23665,SCOTT,Robin David,5,PUP,Palmer United Party,5885.0,85763.0,0.0686193346781246,UAPP,False,False,Hasluck,1,0.0286193346781246,2.49,14653.650000000001,8,,,,0,0.0,,2013-2016,2016,
2013,WA,305,Hasluck,24324,WHITTAKER,Jason,7,AUC,Australian Christians,2130.0,85763.0,0.0248358849387264,AUC,False,False,Hasluck,0,-0.0151641150612736,2.49,0.0,8,0.0344364992430862,2798.0,81251.0,1,0.0344364992430862,0.009600614304359798,2013-2016,2016,
2013,WA,305,Hasluck,24454,SHARRIN,Kyran,8,FFP,Family First Party,1365.0,85763.0,0.0159159544325641,FFP,False,False,Hasluck,0,-0.024084045567435902,2.49,0.0,8,,,,0,0.0,,2013-2016,2016,0.022558669511249
2013,WA,242,Moore,23617,MORRIS,Gary John,2,PUP,Palmer United Party,5745.0,85834.0,0.0669315189784933,UAPP,False,False,Moore,1,0.026931518978493295,2.49,14305.050000000001,7,,,,0,0.0,,2013-2016,2016,
2013,WA,242,Moore,24288,HOST,Rex,3,AUC,Australian Christians,1602.0,85834.0,0.0186639327073187,AUC,False,False,Moore,0,-0.0213360672926813,2.49,0.0,7,0.0364840938945685,3194.0,87545.0,1,0.0364840938945685,0.017820161187249797,2013-2016,2016,
2013,WA,242,Moore,24008,PRITCHETT,Mary Patricia,5,RUA,Rise Up Australia Party,738.0,85834.0,0.0085979914719108,RUA,False,False,Moore,0,-0.0314020085280892,2.49,0.0,7,,,,0,0.0,,2013-2016,2016,
2013,WA,242,Moore,24995,CATALANO,Josh,6,SPRT,Australian Sports Party,1324.0,85834.0,0.0154251229116667,SPRT,False,False,Moore,0,-0.0245748770883333,2.49,0.0,7,,,,0,0.0,,2013-2016,2016,
2013,WA,243,O'Connor,23420,ROBINSON,Jean,2,CEC,Citizens Electoral Council,407.0,82510.0,0.0049327354260089,CEC,False,False,O'Connor,0,-0.0350672645739911,2.49,0.0,11,,,,0,0.0,,2013-2016,2016,0.0045964895077466
2013,WA,243,O'Connor,24438,BOUWMAN,Phillip,3,KAP,Katter's Australian Party,660.0,82510.0,0.007999030420555,KAP,False,False,O'Connor,0,-0.032000969579445,2.49,0.0,11,,,,0,0.0,,2013-2016,2016,
2013,WA,243,O'Connor,24018,KORBER,Vanessa,5,RUA,Rise Up Australia Party,595.0,82510.0,0.007211247121561,RUA,False,False,O'Connor,0,-0.032788752878439,2.49,0.0,11,0.0368900545241217,3207.0,86934.0,1,0.0368900545241217,0.0296788074025607,2013-2016,2016,
2013,WA,243,O'Connor,24375,WALSH,Mike,7,AUC,Australian Christians,2079.0,82510.0,0.0251969458247485,AUC,False,False,O'Connor,0,-0.0148030541752515,2.49,0.0,11,0.0402144155336232,3496.0,86934.0,1,0.0402144155336232,0.015017469708874697,2013-2016,2016,
2013,WA,243,O'Connor,24428,FUHRMANN,Steven,9,FFP,Family First Party,698.0,82510.0,0.00845958065689,FFP,False,False,O'Connor,0,-0.03154041934311,2.49,0.0,11,,,,0,0.0,,2013-2016,2016,0.0142675034320455
2013,WA,243,O'Connor,24776,MOURITZ,Jane,10,IND,Independent,1431.0,82510.0,0.0173433523209307,IND,False,True,O'Connor,0,-0.0226566476790693,2.49,0.0,11,,,,0,0.0,,2013-2016,2016,0.0159099823494802
2013,WA,243,O'Connor,24776,MOURITZ,Jane,10,IND,Independent,1431.0,82510.0,0.0173433523209307,IND,False,True,O'Connor,0,-0.0226566476790693,2.49,0.0,11,,,,0,0.0,,2013-2016,2016,0.0061286526769954
2013,WA,243,O'Connor,23676,LUCAS,Michael Anthony,11,PUP,Palmer United Party,3581.0,82510.0,0.043400799903042,UAPP,False,False,O'Connor,1,0.0034007999030419983,2.49,8916.69,11,,,,0,0.0,,2013-2016,2016,
2013,WA,244,Pearce,23401,GAY,Norman,3,CEC,Citizens Electoral Council,439.0,88191.0,0.0049778322051002,CEC,False,False,Pearce,0,-0.0350221677948998,2.49,0.0,10,,,,0,0.0,,2013-2016,2016,0.0057985020536361
2013,WA,244,Pearce,24451,RICHARDS,Eddie,4,KAP,Katter's Australian Party,727.0,88191.0,0.0082434715560544,KAP,False,False,Pearce,0,-0.0317565284439456,2.49,0.0,10,,,,0,0.0,,2013-2016,2016,
2013,WA,244,Pearce,25024,CORICA,Matthew,6,DEM,Australian Democrats,572.0,88191.0,0.0064859225998117,DEM,False,False,Pearce,0,-0.0335140774001883,2.49,0.0,10,,,,0,0.0,,2013-2016,2016,
2013,WA,244,Pearce,24290,CANAS,Danielle Maree,7,AUC,Australian Christians,1746.0,88191.0,0.0197979385651597,AUC,False,False,Pearce,0,-0.0202020614348403,2.49,0.0,10,,,,0,0.0,,2013-2016,2016,
2013,WA,244,Pearce,24013,DAVIES,Diane,8,RUA,Rise Up Australia Party,791.0,88191.0,0.0089691691895998,RUA,False,False,Pearce,0,-0.0310308308104002,2.49,0.0,10,0.0465231179336336,4049.0,87032.0,1,0.0465231179336336,0.0375539487440338,2013-2016,2016,
2013,WA,244,Pearce,23631,HOUGH,Francis Carson,10,PUP,Palmer United Party,6587.0,88191.0,0.0746901611275527,UAPP,False,False,Pearce,1,0.034690161127552695,2.49,16401.63,10,,,,0,0.0,,2013-2016,2016,
2013,WA,245,Perth,24313,CONNELLY,Paul Michael,1,AUC,Australian Christians,1891.0,82941.0,0.0227993392893743,AUC,False,False,Perth,0,-0.0172006607106257,2.49,0.0,8,,,,0,0.0,,2013-2016,2016,
2013,WA,245,Perth,23167,CLARK,Ant,2,IND,Independent,1025.0,82941.0,0.0123581823223737,IND,False,True,Perth,0,-0.0276418176776263,2.49,0.0,8,,,,0,0.0,,2013-2016,2016,
2013,WA,245,Perth,24005,EDNEY,Evelyn Patricia,5,RUA,Rise Up Australia Party,422.0,82941.0,0.0050879540878455,RUA,False,False,Perth,0,-0.0349120459121545,2.49,0.0,8,,,,0,0.0,,2013-2016,2016,
2013,WA,245,Perth,24434,CROLL,Lesley,6,FFP,Family First Party,669.0,82941.0,0.0080659746084566,FFP,False,False,Perth,0,-0.0319340253915434,2.49,0.0,8,,,,0,0.0,,2013-2016,2016,0.0154999127116741
2013,WA,245,Perth,23639,HARFOUCHE,Gabriel Hasib,7,PUP,Palmer United Party,2897.0,82941.0,0.0349284431101626,UAPP,False,False,Perth,0,-0.005071556889837403,2.49,0.0,8,,,,0,0.0,,2013-2016,2016,
2013,WA,246,Stirling,24312,HOST,Kevin,2,AUC,Australian Christians,1704.0,83060.0,0.0205152901516975,AUC,False,False,Stirling,0,-0.0194847098483025,2.49,0.0,8,0.0243572884872905,2019.0,82891.0,1,0.0243572884872905,0.0038419983355930006,2013-2016,2016,
2013,WA,246,Stirling,24423,LUKE,Matueny Marial,3,FFP,Family First Party,686.0,83060.0,0.0082590898145918,FFP,False,False,Stirling,0,-0.0317409101854082,2.49,0.0,8,,,,0,0.0,,2013-2016,2016,0.0103961194437207
2013,WA,246,Stirling,23649,THOMPSON,Wayne Gordon,4,PUP,Palmer United Party,3342.0,83060.0,0.0402359739947026,UAPP,False,False,Stirling,1,0.0002359739947025985,2.49,8321.58,8,,,,0,0.0,,2013-2016,2016,
2013,WA,246,Stirling,24951,MUBARAK,Kim,5,IND,Independent,901.0,83060.0,0.0108475800626053,IND,False,True,Stirling,0,-0.029152419937394702,2.49,0.0,8,0.0262030859803838,2172.0,82891.0,1,0.0262030859803838,0.0153555059177785,2013-2016,2016,0.0226283077152108
2013,WA,246,Stirling,24010,ROWE,Alison,7,RUA,Rise Up Australia Party,498.0,83060.0,0.0059956657837707,RUA,False,False,Stirling,0,-0.0340043342162293,2.49,0.0,8,0.0164191528633989,1361.0,82891.0,1,0.0164191528633989,0.0104234870796282,2013-2016,2016,
2013,WA,247,Swan,24003,ELLIS,Troy,1,APP,Australian Protectionist Party,718.0,81807.0,0.0087767550454117,APP,False,False,Swan,0,-0.0312232449545883,2.49,0.0,9,,,,0,0.0,,2013-2016,2016,
2013,WA,247,Swan,24311,KLOMP,Steve,3,AUC,Australian Christians,1465.0,81807.0,0.0179080029826298,AUC,False,False,Swan,0,-0.0220919970173702,2.49,0.0,9,0.0379106164467703,3086.0,81402.0,1,0.0379106164467703,0.020002613464140503,2013-2016,2016,
2013,WA,247,Swan,24027,DAVIES,Paul,4,RUA,Rise Up Australia Party,488.0,81807.0,0.0059652596966029,RUA,False,False,Swan,0,-0.0340347403033971,2.49,0.0,9,,,,0,0.0,,2013-2016,2016,
2013,WA,247,Swan,23660,DUNCAN,Kenneth Michael,5,PUP,Palmer United Party,3463.0,81807.0,0.0423313408388035,UAPP,False,False,Swan,1,0.0023313408388035,2.49,8622.87,9,,,,0,0.0,,2013-2016,2016,
2013,WA,247,Swan,24421,RAPP,Moyna,7,FFP,Family First Party,797.0,81807.0,0.0097424425782634,FFP,False,False,Swan,0,-0.0302575574217366,2.49,0.0,9,,,,0,0.0,,2013-2016,2016,0.0123490980500761
2013,WA,247,Swan,24494,AVERY,Noel Alexander,8,KAP,Katter's Australian Party,421.0,81807.0,0.0051462588776021,KAP,False,False,Swan,0,-0.0348537411223979,2.49,0.0,9,,,,0,0.0,,2013-2016,2016,
2013,WA,248,Tangney,24004,CARSON,Stephen Andrew,1,RUA,Rise Up Australia Party,922.0,85274.0,0.0108122053615404,RUA,False,False,Tangney,0,-0.0291877946384596,2.49,0.0,6,,,,0,0.0,,2013-2016,2016,
2013,WA,248,Tangney,23646,DRIVER,Wayne Robert,3,PUP,Palmer United Party,3738.0,85274.0,0.0438351666393038,UAPP,False,False,Tangney,1,0.0038351666393037984,2.49,9307.62,6,,,,0,0.0,,2013-2016,2016,
2013,WA,248,Tangney,24402,WIESKE,John,5,AUC,Australian Christians,2236.0,85274.0,0.026221357037315,AUC,False,False,Tangney,0,-0.013778642962685002,2.49,0.0,6,0.0337342188715371,2819.0,83565.0,1,0.0337342188715371,0.007512861834222104,2013-2016,2016,
2016,ACT,101,Canberra,29373,BUCKNELL,Christopher D'Arcy,3,BTA,Bullet Train For Australia,6013.0,128720.0,0.046713797389683,BTA,False,False,Canberra,1,0.006713797389683002,2.63,15814.189999999999,4,,,,0,0.0,,2016-2019,2019,0.0410113134657836
2016,ACT,102,Fenner,28200,WOODMAN,Andrew,2,IND,Independent,4707.0,124022.0,0.0379529438325458,IND,False,True,Fenner,0,-0.0020470561674542018,2.63,0.0,5,,,,0,0.0,,2016-2019,2019,
2016,ACT,102,Fenner,29372,BOHM,Tim,5,BTA,Bullet Train For Australia,4660.0,124022.0,0.037573978810211,BTA,False,False,Fenner,0,-0.0024260211897889974,2.63,0.0,5,,,,0,0.0,,2016-2019,2019,
2016,NSW,103,Banks,29208,WU,Sharon,2,FFP,Family First,1621.0,89832.0,0.0180447947279365,FFP,False,False,Banks,0,-0.021955205272063502,2.63,0.0,7,,,,0,0.0,,2016-2019,2019,
2016,NSW,103,Banks,28639,BONDAR,Greg,5,CDP,Christian Democratic Party (Fred Nile Group),4777.0,89832.0,0.0531770415887434,CDP,False,False,Banks,1,0.013177041588743402,2.63,12563.51,7,0.0286056906137577,2624.0,91730.0,1,0.0286056906137577,-0.024571350974985702,2016-2019,2019,0.0233637702503681
2016,NSW,103,Banks,29097,BARNES,Roy Owen,6,AJP,Animal Justice Party,1555.0,89832.0,0.0173100899456763,AJP,False,False,Banks,0,-0.022689910054323702,2.63,0.0,7,0.018401831461899,1688.0,91730.0,1,0.018401831461899,0.0010917415162227002,2016-2019,2019,
2016,NSW,103,Banks,29327,SPANSWICK,Bob,7,IND,Independent,1341.0,89832.0,0.0149278653486508,IND,False,True,Banks,0,-0.0250721346513492,2.63,0.0,7,,,,0,0.0,,2016-2019,2019,0.0090486008836524
2016,NSW,104,Barton,28057,TORKEL,Rasmus,1,IND,Independent,2236.0,87702.0,0.0254954276983421,IND,False,True,Barton,0,-0.0145045723016579,2.63,0.0,6,,,,0,0.0,,2016-2019,2019,0.0383870201622479
2016,NSW,104,Barton,28626,SUSILO,Sonny,4,CDP,Christian Democratic Party (Fred Nile Group),3714.0,87702.0,0.0423479510159403,CDP,False,False,Barton,1,0.0023479510159402986,2.63,9767.82,6,0.0233908371984383,2103.0,89907.0,1,0.0233908371984383,-0.018957113817501998,2016-2019,2019,0.0193622579717753
2016,NSW,104,Barton,29008,TSOUKALAS,Harry,6,SOL,Online Direct Democracy - (Empowering the People!),1095.0,87702.0,0.0124854621331326,SOL,False,False,Barton,0,-0.027514537866867403,2.63,0.0,6,,,,0,0.0,,2016-2019,2019,
2016,NSW,105,Bennelong,28437,AUGUST,John Peter,2,PIR,Pirate Party Australia,1260.0,92231.0,0.0136613503052119,PIR,False,False,Bennelong,0,-0.0263386496947881,2.63,0.0,7,,,,0,0.0,,2016-2019,2019,
2016,NSW,105,Bennelong,28548,WORSLEY,Julie,4,CDP,Christian Democratic Party (Fred Nile Group),5903.0,92231.0,0.0640023419457666,CDP,False,False,Bennelong,1,0.024002341945766593,2.63,15524.89,7,0.0372566325735943,3588.0,96305.0,1,0.0372566325735943,-0.026745709372172292,2016-2019,2019,0.0241182982761347
2016,NSW,105,Bennelong,28133,GORDON,Christopher,5,ARTS,The Arts Party,992.0,92231.0,0.0107556027799763,ARTS,False,False,Bennelong,0,-0.0292443972200237,2.63,0.0,7,,,,0,0.0,,2016-2019,2019,
2016,NSW,105,Bennelong,28065,MULCARE,Martin,7,IND,Independent,2885.0,92231.0,0.0312801552623304,IND,False,True,Bennelong,0,-0.008719844737669603,2.63,0.0,7,,,,0,0.0,,2016-2019,2019,
2016,NSW,106,Berowra,17744,GALLAGHER,Mick,3,IND,Independent,2859.0,94017.0,0.0304093940457576,IND,False,True,Berowra,0,-0.009590605954242402,2.63,0.0,7,0.0052689282254888,495.0,93947.0,1,0.0052689282254888,-0.025140465820268798,2016-2019,2019,0.0389396055258693
2016,NSW,106,Berowra,27974,WOODWARD,Roger,5,IND,Independent,826.0,94017.0,0.0087856451492815,IND,False,True,Berowra,0,-0.031214354850718502,2.63,0.0,7,0.0052689282254888,495.0,93947.0,1,0.0052689282254888,-0.0035167169237927,2016-2019,2019,0.0389396055258693
2016,NSW,106,Berowra,29078,CLARKE,Brendan Michael,6,FUT,Science Party,1933.0,94017.0,0.0205601114692023,FUT,False,False,Berowra,0,-0.0194398885307977,2.63,0.0,7,0.0155938986875578,1465.0,93947.0,1,0.0155938986875578,-0.0049662127816445,2016-2019,2019,
2016,NSW,106,Berowra,28530,THEW,Leighton,7,CDP,Christian Democratic Party (Fred Nile Group),5213.0,94017.0,0.0554474190837827,CDP,False,False,Berowra,1,0.0154474190837827,2.63,13710.189999999999,7,0.0230236197004694,2163.0,93947.0,1,0.0230236197004694,-0.0324237993833133,2016-2019,2019,0.0246402068161621
2016,NSW,107,Blaxland,28163,ZABALA,Gabriela,3,SEP,Socialist Equality Party,980.0,79885.0,0.012267634724917,SEP,False,False,Blaxland,0,-0.027732365275083,2.63,0.0,5,,,,0,0.0,,2016-2019,2019,
2016,NSW,107,Blaxland,28687,NASR,Clint,5,CDP,Christian Democratic Party (Fred Nile Group),4810.0,79885.0,0.0602115541090317,CDP,False,False,Blaxland,1,0.0202115541090317,2.63,12650.3,5,0.0516409266409266,4173.0,80808.0,1,0.0516409266409266,-0.0085706274681051,2016-2019,2019,0.0224746408790309
2016,NSW,108,Bradfield,28795,KELLY,Peter,1,ALA,Australian Liberty Alliance,1796.0,93634.0,0.0191810667065382,ALA,False,False,Bradfield,0,-0.0208189332934618,2.63,0.0,6,,,,0,0.0,,2016-2019,2019,
2016,NSW,108,Bradfield,28462,BERMAN,Christine,4,IND,Independent,4248.0,93634.0,0.0453681355063331,IND,False,True,Bradfield,1,0.0053681355063330966,2.63,11172.24,6,,,,0,0.0,,2016-2019,2019,
2016,NSW,108,Bradfield,28532,VALE,Chris,5,CDP,Christian Democratic Party (Fred Nile Group),3497.0,93634.0,0.0373475446953029,CDP,False,False,Bradfield,0,-0.002652455304697099,2.63,0.0,6,,,,0,0.0,,2016-2019,2019,0.0188421812277299
2016,NSW,109,Calare,29018,DAVIS,Glen,3,LDP,Liberal Democrats,6557.0,100278.0,0.0653882207463252,LDP,False,False,Calare,1,0.025388220746325206,2.63,17244.91,7,0.0457866676894753,4775.0,104288.0,1,0.0457866676894753,-0.019601553056849907,2016-2019,2019,
2016,NSW,109,Calare,28627,GESLING,Bernie,4,CDP,Christian Democratic Party (Fred Nile Group),2386.0,100278.0,0.0237938530884142,CDP,False,False,Calare,0,-0.0162061469115858,2.63,0.0,7,0.0191009512120282,1992.0,104288.0,1,0.0191009512120282,-0.004692901876386001,2016-2019,2019,0.0178268344228726
2016,NSW,109,Calare,27985,CRAIG,Anthony Gerard,5,IND,Independent,3836.0,100278.0,0.038253654839546,IND,False,True,Calare,0,-0.0017463451604540006,2.63,0.0,7,,,,0,0.0,,2016-2019,2019,0.0261489438586117
2016,NSW,109,Calare,28611,BLOOMFIELD,Rod,6,XEN,Nick Xenophon Team,5412.0,100278.0,0.0539699635014659,XEN,False,False,Calare,1,0.013969963501465898,2.63,14233.56,7,,,,0,0.0,,2016-2019,2019,
2016,NSW,111,Chifley,28644,GREEN,Joshua,1,CDP,Christian Democratic Party (Fred Nile Group),7820.0,85569.0,0.0913882363940212,CDP,False,False,Chifley,1,0.0513882363940212,2.63,20566.6,5,0.0643803705250203,5859.0,91006.0,1,0.0643803705250203,-0.027007865869000905,2016-2019,2019,0.0347747900997557
2016,NSW,111,Chifley,24190,KHAN,Ammar,3,IND,Independent,2194.0,85569.0,0.0256401266813916,IND,False,True,Chifley,0,-0.014359873318608402,2.63,0.0,5,0.0173724809353229,1581.0,91006.0,1,0.0173724809353229,-0.008267645746068697,2016-2019,2019,0.0212512606165174
2016,NSW,112,Cook,28137,BRETT,John,1,IND,Independent,3153.0,91385.0,0.034502380040488,IND,False,True,Cook,0,-0.005497619959512,2.63,0.0,5,,,,0,0.0,,2016-2019,2019,0.0143121810637168
2016,NSW,112,Cook,28549,CAPSIS,George,3,CDP,Christian Democratic Party (Fred Nile Group),4430.0,91385.0,0.0484762269519067,CDP,False,False,Cook,1,0.008476226951906696,2.63,11650.9,5,0.0110717590376822,1041.0,94023.0,1,0.0110717590376822,-0.0374044679142245,2016-2019,2019,0.0214628544187911
2016,NSW,113,Cowper,28721,LAWRENCE,Wayne,1,CDP,Christian Democratic Party (Fred Nile Group),3538.0,103460.0,0.0341967910303498,CDP,False,False,Cowper,0,-0.005803208969650198,2.63,0.0,7,0.0225816844818436,2383.0,105528.0,1,0.0225816844818436,-0.011615106548506202,2016-2019,2019,0.02574729676538
2016,NSW,113,Cowper,28027,GOUGH,Michael,2,CEC,Citizens Electoral Council,726.0,103460.0,0.0070172047167987,CEC,False,False,Cowper,0,-0.0329827952832013,2.63,0.0,7,,,,0,0.0,,2016-2019,2019,
2016,NSW,113,Cowper,29558,OAKESHOTT,Robert James Murray,5,IND,Independent,27200.0,103460.0,0.2629035375990721,IND,False,True,Cowper,1,0.22290353759907208,2.63,71536.0,7,0.2449302554772193,25847.0,105528.0,1,0.2449302554772193,-0.017973282121852785,2016-2019,2019,
2016,NSW,113,Cowper,29340,ARKAN,John,7,IND,Independent,3457.0,103460.0,0.0334138797602938,IND,False,True,Cowper,0,-0.0065861202397062,2.63,0.0,7,0.2449302554772193,25847.0,105528.0,1,0.2449302554772193,0.2115163757169255,2016-2019,2019,
2016,NSW,114,Cunningham,29260,WATERS,Nathan,2,FUT,Science Party,2526.0,96924.0,0.0260616565556518,FUT,False,False,Cunningham,0,-0.0139383434443482,2.63,0.0,6,,,,0,0.0,,2016-2019,2019,
2016,NSW,114,Cunningham,28676,RYAN,Michelle,4,CDP,Christian Democratic Party (Fred Nile Group),3939.0,96924.0,0.0406400891420081,CDP,False,False,Cunningham,1,0.0006400891420080962,2.63,10359.57,6,,,,0,0.0,,2016-2019,2019,0.0241727628678285
2016,NSW,115,Dobell,28609,ERVIN,Hadden Robert,1,CDP,Christian Democratic Party (Fred Nile Group),2549.0,96674.0,0.026366965264704,CDP,False,False,Dobell,0,-0.013633034735296,2.63,0.0,7,0.0184124668565739,1868.0,101453.0,1,0.0184124668565739,-0.0079544984081301,2016-2019,2019,0.0145112607383329
2016,NSW,115,Dobell,28157,EDWARDS,Carter,2,ON,Pauline Hanson's One Nation,8326.0,96674.0,0.0861245008999317,ON,False,False,Dobell,1,0.046124500899931704,2.63,21897.379999999997,7,,,,0,0.0,,2016-2019,2019,
2016,NSW,115,Dobell,28011,STEPHENSON,Gregory F,6,IND,Independent,1176.0,96674.0,0.0121645944100792,IND,False,True,Dobell,0,-0.0278354055899208,2.63,0.0,7,0.0313051363685647,3176.0,101453.0,1,0.0313051363685647,0.019140541958485496,2016-2019,2019,0.0399814255862549
2016,NSW,115,Dobell,28011,STEPHENSON,Gregory F,6,IND,Independent,1176.0,96674.0,0.0121645944100792,IND,False,True,Dobell,0,-0.0278354055899208,2.63,0.0,7,0.0313051363685647,3176.0,101453.0,1,0.0313051363685647,0.019140541958485496,2016-2019,2019,0.0823078709078244
2016,NSW,115,Dobell,27988,BAKER,Paul,7,IND,Independent,976.0,96674.0,0.0100957858369365,IND,False,True,Dobell,0,-0.0299042141630635,2.63,0.0,7,0.0313051363685647,3176.0,101453.0,1,0.0313051363685647,0.021209350531628195,2016-2019,2019,0.0399814255862549
2016,NSW,115,Dobell,27988,BAKER,Paul,7,IND,Independent,976.0,96674.0,0.0100957858369365,IND,False,True,Dobell,0,-0.0299042141630635,2.63,0.0,7,0.0313051363685647,3176.0,101453.0,1,0.0313051363685647,0.021209350531628195,2016-2019,2019,0.0823078709078244
2016,NSW,117,Eden-Monaro,28440,GROSMAIRE,Daniel,1,IND,Independent,1683.0,94469.0,0.0178153680043188,IND,False,True,Eden-Monaro,0,-0.0221846319956812,2.63,0.0,9,0.0226377456956044,2247.0,99259.0,1,0.0226377456956044,0.004822377691285601,2016-2019,2019,0.0136934152922866
2016,NSW,117,Eden-Monaro,28652,BENNETT,Ursula,2,CDP,Christian Democratic Party (Fred Nile Group),1763.0,94469.0,0.0186622066498004,CDP,False,False,Eden-Monaro,0,-0.0213377933501996,2.63,0.0,9,0.0116563737293343,1157.0,99259.0,1,0.0116563737293343,-0.007005832920466101,2016-2019,2019,0.0096402539383964
2016,NSW,117,Eden-Monaro,28324,FRIEND,Don,3,ADVP,Veterans Party,1448.0,94469.0,0.0153277794832167,ADVP,False,False,Eden-Monaro,0,-0.0246722205167833,2.63,0.0,9,,,,0,0.0,,2016-2019,2019,
2016,NSW,117,Eden-Monaro,29247,BUCKLEY,Ray,4,IND,Independent,817.0,94469.0,0.0086483396669807,IND,False,True,Eden-Monaro,0,-0.0313516603330193,2.63,0.0,9,0.0226377456956044,2247.0,99259.0,1,0.0226377456956044,0.013989406028623702,2016-2019,2019,0.0136934152922866
2016,NSW,117,Eden-Monaro,29232,SEYMOUR,Frankie,7,AJP,Animal Justice Party,1986.0,94469.0,0.0210227693740803,AJP,False,False,Eden-Monaro,0,-0.0189772306259197,2.63,0.0,9,,,,0,0.0,,2016-2019,2019,
2016,NSW,117,Eden-Monaro,24751,THALER,Andrew Evan,8,IND,Independent,981.0,94469.0,0.0103843588902179,IND,False,True,Eden-Monaro,0,-0.0296156411097821,2.63,0.0,9,0.0226377456956044,2247.0,99259.0,1,0.0226377456956044,0.012253386805386502,2016-2019,2019,0.0136934152922866
2016,NSW,118,Farrer,28797,PIKE,Ron,1,ALA,Australian Liberty Alliance,5874.0,96579.0,0.0608206753020843,ALA,False,False,Farrer,1,0.0208206753020843,2.63,15448.619999999999,7,,,,0,0.0,,2016-2019,2019,
2016,NSW,118,Farrer,28692,ROSSETTO,Paul,3,CDP,Christian Democratic Party (Fred Nile Group),3474.0,96579.0,0.0359705526046034,CDP,False,False,Farrer,0,-0.004029447395396603,2.63,0.0,7,0.0136453845283756,1327.0,97249.0,1,0.0136453845283756,-0.022325168076227798,2016-2019,2019,0.0118318955130367
2016,NSW,118,Farrer,29044,MILLS,Brian,4,IND,Independent,4133.0,96579.0,0.04279398212862,IND,False,True,Farrer,1,0.002793982128619997,2.63,10869.789999999999,7,0.2048967084494442,19926.0,97249.0,1,0.2048967084494442,0.16210272632082418,2016-2019,2019,
2016,NSW,118,Farrer,28616,O'BRIEN,Trevor,7,MAP,Mature Australia,1783.0,96579.0,0.0184615703206701,MAP,False,False,Farrer,0,-0.0215384296793299,2.63,0.0,7,,,,0,0.0,,2016-2019,2019,
2016,NSW,119,Fowler,29241,DE LIMA,Joaquim,4,SMK,Smokers Rights,1343.0,84770.0,0.0158428689394833,SMK,False,False,Fowler,0,-0.0241571310605167,2.63,0.0,5,,,,0,0.0,,2016-2019,2019,
2016,NSW,119,Fowler,28640,HALL,Craig,5,CDP,Christian Democratic Party (Fred Nile Group),4792.0,84770.0,0.0565294325822814,CDP,False,False,Fowler,1,0.0165294325822814,2.63,12602.96,5,0.0554957926945878,4643.0,83664.0,1,0.0554957926945878,-0.001033639887693602,2016-2019,2019,0.0452637737192857
2016,NSW,120,Gilmore,28661,RYAN,Steve,1,CDP,Christian Democratic Party (Fred Nile Group),5160.0,103169.0,0.050015023892836,CDP,False,False,Gilmore,1,0.010015023892835997,2.63,13570.8,4,0.0172088746900452,1853.0,107677.0,1,0.0172088746900452,-0.0328061492027908,2016-2019,2019,0.0334035211500512
2016,NSW,121,Grayndler,29325,HURST,Emma,1,AJP,Animal Justice Party,1831.0,87922.0,0.0208252769500238,AJP,False,False,Grayndler,0,-0.0191747230499762,2.63,0.0,11,,,,0,0.0,,2016-2019,2019,
2016,NSW,121,Grayndler,28747,HINDI,Chris,2,DRF,Drug Law Reform,1029.0,87922.0,0.0117035554241259,DRF,False,False,Grayndler,0,-0.028296444575874102,2.63,0.0,11,,,,0,0.0,,2016-2019,2019,
2016,NSW,121,Grayndler,28164,GRENFELL,Oscar,3,SEP,Socialist Equality Party,333.0,87922.0,0.0037874479652419,SEP,False,False,Grayndler,0,-0.0362125520347581,2.63,0.0,11,,,,0,0.0,,2016-2019,2019,
2016,NSW,121,Grayndler,29331,MEOW-MEOW,Meow-Ludo Disco Gamma,5,FUT,Science Party,1157.0,87922.0,0.0131593912786333,FUT,False,False,Grayndler,0,-0.0268406087213667,2.63,0.0,11,0.0272715887031122,2613.0,95814.0,1,0.0272715887031122,0.0141121974244789,2016-2019,2019,
2016,NSW,121,Grayndler,29336,SHEIL,Pat,6,ASXP,Australian Sex Party,934.0,87922.0,0.0106230522508587,ASXP,False,False,Grayndler,0,-0.0293769477491413,2.63,0.0,11,,,,0,0.0,,2016-2019,2019,
2016,NSW,121,Grayndler,29575,McFARLANE,Noel,7,CYC,Australian Cyclists Party,460.0,87922.0,0.0052319101021359,CYC,False,False,Grayndler,0,-0.034768089897864105,2.63,0.0,11,,,,0,0.0,,2016-2019,2019,
2016,NSW,121,Grayndler,29501,McLACHLAN,Chris,8,REP,Renewable Energy Party,537.0,87922.0,0.006107686358363,REP,False,False,Grayndler,0,-0.033892313641637,2.63,0.0,11,,,,0,0.0,,2016-2019,2019,
2016,NSW,121,Grayndler,28796,ELVY,Jamie,11,CDP,Christian Democratic Party (Fred Nile Group),1085.0,87922.0,0.0123404836104729,CDP,False,False,Grayndler,0,-0.0276595163895271,2.63,0.0,11,0.0090279082388794,865.0,95814.0,1,0.0090279082388794,-0.0033125753715935007,2016-2019,2019,0.0205372490422316
2016,NSW,122,Greenway,29110,MAK,Timothy,1,LDP,Liberal Democrats,2923.0,89083.0,0.0328120965840845,LDP,False,False,Greenway,0,-0.007187903415915499,2.63,0.0,8,,,,0,0.0,,2016-2019,2019,
2016,NSW,122,Greenway,29116,SINGHA,Vivek,2,FUT,Science Party,924.0,89083.0,0.0103723493820369,FUT,False,False,Greenway,0,-0.029627650617963103,2.63,0.0,8,,,,0,0.0,,2016-2019,2019,
2016,NSW,122,Greenway,29217,SALINS,Rohan,4,FFP,Family First,1273.0,89083.0,0.0142900441161613,FFP,False,False,Greenway,0,-0.025709955883838703,2.63,0.0,8,,,,0,0.0,,2016-2019,2019,
2016,NSW,122,Greenway,28633,WRIGHT,Aaron,5,CDP,Christian Democratic Party (Fred Nile Group),4484.0,89083.0,0.0503350807673742,CDP,False,False,Greenway,1,0.010335080767374202,2.63,11792.92,8,0.0279141843006271,2666.0,95507.0,1,0.0279141843006271,-0.022420896466747102,2016-2019,2019,0.0377636665467083
2016,NSW,122,Greenway,28136,BILLU,Avtar Singh,7,IND,Independent,1749.0,89083.0,0.0196333756159985,IND,False,True,Greenway,0,-0.0203666243840015,2.63,0.0,8,,,,0,0.0,,2016-2019,2019,
2016,NSW,124,Hughes,29178,ROBERTSON,Ellie,1,AJP,Animal Justice Party,3745.0,93776.0,0.0399355911960416,AJP,False,False,Hughes,0,-6.440880395840176e-05,2.63,0.0,5,0.0255416740844686,2439.0,95491.0,1,0.0255416740844686,-0.014393917111573,2016-2019,2019,
2016,NSW,124,Hughes,28557,CAUDRE,Michael,3,CDP,Christian Democratic Party (Fred Nile Group),4490.0,93776.0,0.0478800545981914,CDP,False,False,Hughes,1,0.007880054598191397,2.63,11808.699999999999,5,0.0232063754699395,2216.0,95491.0,1,0.0232063754699395,-0.0246736791282519,2016-2019,2019,0.0289133502681343
2016,NSW,125,Hume,28029,COSGROVE,Lindsay D,2,CEC,Citizens Electoral Council,1530.0,94928.0,0.0161174785100286,CEC,False,False,Hume,0,-0.0238825214899714,2.63,0.0,6,,,,0,0.0,,2016-2019,2019,0.0139899334022023
2016,NSW,125,Hume,28944,ANTHONEY,Trevor,4,BTA,Bullet Train For Australia,2267.0,94928.0,0.0238812573740097,BTA,False,False,Hume,0,-0.0161187426259903,2.63,0.0,6,,,,0,0.0,,2016-2019,2019,
2016,NSW,125,Hume,28729,VAN DER BYL,Adrian,5,CDP,Christian Democratic Party (Fred Nile Group),3533.0,94928.0,0.0372176807685825,CDP,False,False,Hume,0,-0.0027823192314175016,2.63,0.0,6,0.0186056500263563,1906.0,102442.0,1,0.0186056500263563,-0.0186120307422262,2016-2019,2019,0.0153526606149856
2016,NSW,126,Hunter,28971,HARVEY,John,2,IND,Independent,4740.0,96466.0,0.0491364833205481,IND,False,True,Hunter,1,0.009136483320548096,2.63,12466.199999999999,8,,,,0,0.0,,2016-2019,2019,
2016,NSW,126,Hunter,29577,MARTIN,Arjay Rase,4,IND,Independent,1103.0,96466.0,0.0114340804013849,IND,False,True,Hunter,0,-0.0285659195986151,2.63,0.0,8,,,,0,0.0,,2016-2019,2019,
2016,NSW,126,Hunter,28642,STRETTON,Richard,6,CDP,Christian Democratic Party (Fred Nile Group),3260.0,96466.0,0.0337942902162419,CDP,False,False,Hunter,0,-0.006205709783758104,2.63,0.0,8,0.0230921529806127,2356.0,102026.0,1,0.0230921529806127,-0.010702137235629197,2016-2019,2019,0.0213402217800584
2016,NSW,126,Hunter,28998,WARHAM,John,7,IND,Independent,1934.0,96466.0,0.020048514502519,IND,False,True,Hunter,0,-0.019951485497481002,2.63,0.0,8,,,,0,0.0,,2016-2019,2019,
2016,NSW,126,Hunter,29542,TROY,Cordelia,8,IND,Independent,3216.0,96466.0,0.0333381709617896,IND,False,True,Hunter,0,-0.006661829038210401,2.63,0.0,8,,,,0,0.0,,2016-2019,2019,
2016,NSW,127,Kingsford Smith,28646,WEATHERSTONE,Andrew,3,CDP,Christian Democratic Party (Fred Nile Group),2144.0,92134.0,0.0232704539040962,CDP,False,False,Kingsford Smith,0,-0.0167295460959038,2.63,0.0,5,0.0143998474188352,1359.0,94376.0,1,0.0143998474188352,-0.008870606485261001,2016-2019,2019,0.0160157021242
2016,NSW,127,Kingsford Smith,29069,LEONG,Andrea,5,FUT,Science Party,2059.0,92134.0,0.022347884602861,FUT,False,False,Kingsford Smith,0,-0.017652115397139,2.63,0.0,5,0.0169004831736882,1595.0,94376.0,1,0.0169004831736882,-0.005447401429172799,2016-2019,2019,0.0080485000522629
2016,NSW,128,Lindsay,28025,CORNISH,Marcus,1,,,2128.0,89276.0,0.0238361933778395,,False,False,Lindsay,0,-0.0161638066221605,2.63,0.0,11,,,,0,0.0,,2016-2019,2019,
2016,NSW,128,Lindsay,29548,GRIMLEY,Scott,4,DHJP,Derryn Hinch's Justice Party,1497.0,89276.0,0.0167682243828128,DHJP,False,False,Lindsay,0,-0.0232317756171872,2.63,0.0,11,,,,0,0.0,,2016-2019,2019,
2016,NSW,128,Lindsay,28792,RODDICK,Stephen,6,ALA,Australian Liberty Alliance,2110.0,89276.0,0.0236345714413728,ALA,False,False,Lindsay,0,-0.0163654285586272,2.63,0.0,11,,,,0,0.0,,2016-2019,2019,
2016,NSW,128,Lindsay,28612,WORMALD,Warren Howard,7,CDP,Christian Democratic Party (Fred Nile Group),2701.0,89276.0,0.0302544916886957,CDP,False,False,Lindsay,0,-0.009745508311304302,2.63,0.0,11,0.0205024485898791,1997.0,97403.0,1,0.0205024485898791,-0.0097520430988166,2016-2019,2019,0.0279381231604645
2016,NSW,128,Lindsay,29100,BLUNDELL,Deborah May,8,AJP,Animal Justice Party,1454.0,89276.0,0.0162865719790313,AJP,False,False,Lindsay,0,-0.0237134280209687,2.63,0.0,11,,,,0,0.0,,2016-2019,2019,
2016,NSW,128,Lindsay,28063,SALEAM,Jim,9,AFN,Australia First Party,1068.0,89276.0,0.0119629015636901,AFN,False,False,Lindsay,0,-0.0280370984363099,2.63,0.0,11,0.014085808445325,1372.0,97403.0,1,0.014085808445325,0.0021229068816349013,2016-2019,2019,0.0069588628533619
2016,NSW,128,Lindsay,29216,LA BROOY,Linda,10,FFP,Family First,1513.0,89276.0,0.0169474438818943,FFP,False,False,Lindsay,0,-0.0230525561181057,2.63,0.0,11,,,,0,0.0,,2016-2019,2019,
2016,NSW,128,Lindsay,28466,LYNCH,Stephen,11,XEN,Nick Xenophon Team,1850.0,89276.0,0.0207222545812984,XEN,False,False,Lindsay,0,-0.0192777454187016,2.63,0.0,11,,,,0,0.0,,2016-2019,2019,
2016,NSW,130,Lyne,28572,CARTER,Elaine,3,CDP,Christian Democratic Party (Fred Nile Group),3026.0,99654.0,0.0303650631183896,CDP,False,False,Lyne,0,-0.0096349368816104,2.63,0.0,6,0.0147558806088159,1493.0,101180.0,1,0.0147558806088159,-0.015609182509573702,2016-2019,2019,0.0238158733839642
2016,NSW,130,Lyne,28280,CHRISTENSEN,Brad,4,IND,Independent,9227.0,99654.0,0.0925903626547855,IND,False,True,Lyne,1,0.0525903626547855,2.63,24267.01,6,0.0510871713777426,5169.0,101180.0,1,0.0510871713777426,-0.0415031912770429,2016-2019,2019,0.0760739753029161
2016,NSW,130,Lyne,29595,RIACH,Rodger John,6,IND,Independent,2126.0,99654.0,0.0213338149998996,IND,False,True,Lyne,0,-0.0186661850001004,2.63,0.0,6,0.0510871713777426,5169.0,101180.0,1,0.0510871713777426,0.029753356377843,2016-2019,2019,0.0760739753029161
2016,NSW,131,Macarthur,28470,BAKOSS,Richard Heltay,1,XEN,Nick Xenophon Team,3316.0,89912.0,0.0368805053830412,XEN,False,False,Macarthur,0,-0.003119494616958804,2.63,0.0,5,,,,0,0.0,,2016-2019,2019,
2016,NSW,131,Macarthur,28683,GENT,James,2,CDP,Christian Democratic Party (Fred Nile Group),3875.0,89912.0,0.0430976955245128,CDP,False,False,Macarthur,1,0.0030976955245127988,2.63,10191.25,5,0.0372346840328027,3705.0,99504.0,1,0.0372346840328027,-0.0058630114917100976,2016-2019,2019,0.0257502146831511
2016,NSW,132,Mackellar,27979,GAVIN,Liam,1,IND,Independent,2669.0,94012.0,0.0283899927668808,IND,False,True,Mackellar,0,-0.0116100072331192,2.63,0.0,7,0.1218680670045388,11975.0,98262.0,1,0.1218680670045388,0.093478074237658,2016-2019,2019,
2016,NSW,132,Mackellar,27975,BALL,Jim,2,IND,Independent,6797.0,94012.0,0.0722992809428583,IND,False,True,Mackellar,1,0.0322992809428583,2.63,17876.11,7,0.1218680670045388,11975.0,98262.0,1,0.1218680670045388,0.0495687860616805,2016-2019,2019,
2016,NSW,132,Mackellar,28623,WRIGHT,Annie,4,CDP,Christian Democratic Party (Fred Nile Group),2411.0,94012.0,0.0256456622558822,CDP,False,False,Mackellar,0,-0.0143543377441178,2.63,0.0,7,0.0142578005739756,1401.0,98262.0,1,0.0142578005739756,-0.0113878616819066,2016-2019,2019,0.0197830601334334
2016,NSW,132,Mackellar,28940,HEGARTY,Julie,7,IND,Independent,4542.0,94012.0,0.0483129813215334,IND,False,True,Mackellar,1,0.008312981321533401,2.63,11945.46,7,0.1218680670045388,11975.0,98262.0,1,0.1218680670045388,0.0735550856830054,2016-2019,2019,
2016,NSW,133,Macquarie,29525,GRIZELJ,Jake,1,ASP,"Shooters, Fishers and Farmers",3550.0,91452.0,0.038818177841928,ASP,False,False,Macquarie,0,-0.001181822158071999,2.63,0.0,9,,,,0,0.0,,2016-2019,2019,
2016,NSW,133,Macquarie,28789,HALLEY,Carl,2,ALA,Australian Liberty Alliance,1693.0,91452.0,0.0185124436863053,ALA,False,False,Macquarie,0,-0.0214875563136947,2.63,0.0,9,,,,0,0.0,,2016-2019,2019,
2016,NSW,133,Macquarie,29543,COOPER,Liz,5,DHJP,Derryn Hinch's Justice Party,1653.0,91452.0,0.0180750557669597,DHJP,False,False,Macquarie,0,-0.0219249442330403,2.63,0.0,9,,,,0,0.0,,2016-2019,2019,
2016,NSW,133,Macquarie,29039,SHORNIKOV,Olya,6,LDP,Liberal Democrats,752.0,91452.0,0.0082228928836985,LDP,False,False,Macquarie,0,-0.0317771071163015,2.63,0.0,9,,,,0,0.0,,2016-2019,2019,
2016,NSW,133,Macquarie,29105,GINGES,Hal Jon,7,AJP,Animal Justice Party,2554.0,91452.0,0.0279272186502208,AJP,False,False,Macquarie,0,-0.0120727813497792,2.63,0.0,9,0.0372456189208981,3611.0,96951.0,1,0.0372456189208981,0.009318400270677301,2016-2019,2019,
2016,NSW,133,Macquarie,28637,LINCOLN,Catherine,8,CDP,Christian Democratic Party (Fred Nile Group),3567.0,91452.0,0.0390040677076499,CDP,False,False,Macquarie,0,-0.0009959322923501004,2.63,0.0,9,,,,0,0.0,,2016-2019,2019,0.0302477647791468
2016,NSW,315,McMahon,29540,WATERSON,Victor,2,AFN,Australia First Party,1797.0,86038.0,0.0208861200864734,AFN,False,False,McMahon,0,-0.019113879913526602,2.63,0.0,6,,,,0,0.0,,2016-2019,2019,
2016,NSW,315,McMahon,28744,SHAMASHA,Fadhel,4,IND,Independent,1544.0,86038.0,0.0179455589390734,IND,False,True,McMahon,0,-0.0220544410609266,2.63,0.0,6,,,,0,0.0,,2016-2019,2019,
2016,NSW,315,McMahon,28705,MAKSIMOVIC,Milan,5,CDP,Christian Democratic Party (Fred Nile Group),6198.0,86038.0,0.0720379367256328,CDP,False,False,McMahon,1,0.0320379367256328,2.63,16300.74,6,0.0352253697609874,3008.0,85393.0,1,0.0352253697609874,-0.0368125669646454,2016-2019,2019,0.0282057820031811
2016,NSW,134,Mitchell,28754,ALLEN,Darryl,2,CDP,Christian Democratic Party (Fred Nile Group),6303.0,91198.0,0.0691133577490734,CDP,False,False,Mitchell,1,0.0291133577490734,2.63,16576.89,4,0.0319964313232491,3156.0,98636.0,1,0.0319964313232491,-0.0371169264258243,2016-2019,2019,0.0322602992795122
2016,NSW,135,New England,29014,WALKER,Robert Henry,1,SOL,Online Direct Democracy - (Empowering the People!),809.0,95004.0,0.008515430929224,SOL,False,False,New England,0,-0.031484569070776,2.63,0.0,10,,,,0,0.0,,2016-2019,2019,
2016,NSW,135,New England,28674,COLEFAX,Stan,2,CDP,Christian Democratic Party (Fred Nile Group),1317.0,95004.0,0.0138625742074017,CDP,False,False,New England,0,-0.0261374257925983,2.63,0.0,10,0.0227599671187833,2215.0,97320.0,1,0.0227599671187833,0.008897392911381601,2016-2019,2019,0.0163875165682612
2016,NSW,135,New England,28736,MAILLER,David,3,CM,CountryMinded,1337.0,95004.0,0.0140730916592985,CM,False,False,New England,0,-0.0259269083407015,2.63,0.0,10,,,,0,0.0,,2016-2019,2019,
2016,NSW,135,New England,28988,WHELAN,Peter,4,LDP,Liberal Democrats,1151.0,95004.0,0.0121152793566586,LDP,False,False,New England,0,-0.027884720643341403,2.63,0.0,10,,,,0,0.0,,2016-2019,2019,
2016,NSW,135,New England,24752,TABER,Rob,6,IND,Independent,2661.0,95004.0,0.0280093469748642,IND,False,True,New England,0,-0.0119906530251358,2.63,0.0,10,0.0315556925606247,3071.0,97320.0,1,0.0315556925606247,0.003546345585760502,2016-2019,2019,0.1377383912629123
2016,NSW,135,New England,24752,TABER,Rob,6,IND,Independent,2661.0,95004.0,0.0280093469748642,IND,False,True,New England,0,-0.0119906530251358,2.63,0.0,10,0.0315556925606247,3071.0,97320.0,1,0.0315556925606247,0.003546345585760502,2016-2019,2019,0.066371632945919
2016,NSW,135,New England,29484,WINDSOR,Tony,7,IND,Independent,27763.0,95004.0,0.2922298008504905,IND,False,True,New England,1,0.2522298008504905,2.63,73016.69,10,0.0315556925606247,3071.0,97320.0,1,0.0315556925606247,-0.2606741082898658,2016-2019,2019,0.1377383912629123
2016,NSW,135,New England,29484,WINDSOR,Tony,7,IND,Independent,27763.0,95004.0,0.2922298008504905,IND,False,True,New England,1,0.2522298008504905,2.63,73016.69,10,0.0315556925606247,3071.0,97320.0,1,0.0315556925606247,-0.2606741082898658,2016-2019,2019,0.066371632945919
2016,NSW,135,New England,28067,COX,Philip Gordon,10,IND,Independent,856.0,95004.0,0.0090101469411814,IND,False,True,New England,0,-0.0309898530588186,2.63,0.0,10,0.0315556925606247,3071.0,97320.0,1,0.0315556925606247,0.022545545619443302,2016-2019,2019,0.1377383912629123
2016,NSW,135,New England,28067,COX,Philip Gordon,10,IND,Independent,856.0,95004.0,0.0090101469411814,IND,False,True,New England,0,-0.0309898530588186,2.63,0.0,10,0.0315556925606247,3071.0,97320.0,1,0.0315556925606247,0.022545545619443302,2016-2019,2019,0.066371632945919
2016,NSW,136,Newcastle,29266,SOUTHWELL,Stuart,4,DLP,Democratic Labour Party (DLP),968.0,99235.0,0.0097546228649166,DLP,False,False,Newcastle,0,-0.0302453771350834,2.63,0.0,7,,,,0,0.0,,2016-2019,2019,
2016,NSW,136,Newcastle,29545,BURGE,Karen,5,DRF,Drug Law Reform,3391.0,99235.0,0.0341714112964176,DRF,False,False,Newcastle,0,-0.005828588703582403,2.63,0.0,7,,,,0,0.0,,2016-2019,2019,
2016,NSW,136,Newcastle,24139,HOLDING,Rod,6,IND,Independent,2735.0,99235.0,0.027560840429284,IND,False,True,Newcastle,0,-0.012439159570716,2.63,0.0,7,,,,0,0.0,,2016-2019,2019,0.0078835019591788
2016,NSW,136,Newcastle,24139,HOLDING,Rod,6,IND,Independent,2735.0,99235.0,0.027560840429284,IND,False,True,Newcastle,0,-0.012439159570716,2.63,0.0,7,,,,0,0.0,,2016-2019,2019,0.0120007017954266
2016,NSW,136,Newcastle,28648,CAINE,Milton,7,CDP,Christian Democratic Party (Fred Nile Group),2132.0,99235.0,0.0214843553181841,CDP,False,False,Newcastle,0,-0.0185156446818159,2.63,0.0,7,0.0187062784402379,1928.0,103067.0,1,0.0187062784402379,-0.0027780768779461992,2016-2019,2019,0.0127609801742791
2016,NSW,137,North Sydney,29370,RUFF,Stephen,1,IND,Independent,11829.0,92477.0,0.1279128864474409,IND,False,True,North Sydney,1,0.08791288644744089,2.63,31110.27,8,0.0443533396670659,4295.0,96836.0,1,0.0443533396670659,-0.083559546780375,2016-2019,2019,
2016,NSW,137,North Sydney,28531,MARTIN,Sharon,2,CDP,Christian Democratic Party (Fred Nile Group),1894.0,92477.0,0.0204807681910096,CDP,False,False,North Sydney,0,-0.0195192318089904,2.63,0.0,8,0.0171423850634061,1660.0,96836.0,1,0.0171423850634061,-0.003338383127603501,2016-2019,2019,0.01008502170767
2016,NSW,137,North Sydney,29205,KU,Eddy,5,FFP,Family First,649.0,92477.0,0.0070179612227905,FFP,False,False,North Sydney,0,-0.0329820387772095,2.63,0.0,8,,,,0,0.0,,2016-2019,2019,
2016,NSW,137,North Sydney,29028,LEAHY,Daniel,7,LDP,Liberal Democrats,1289.0,92477.0,0.0139386009494252,LDP,False,False,North Sydney,0,-0.0260613990505748,2.63,0.0,8,,,,0,0.0,,2016-2019,2019,
2016,NSW,137,North Sydney,29074,COFFEY,James,8,FUT,Science Party,1629.0,92477.0,0.0176151908041999,FUT,False,False,North Sydney,0,-0.0223848091958001,2.63,0.0,8,,,,0,0.0,,2016-2019,2019,
2016,NSW,138,Page,29013,ELLIS,Mark,2,LDP,Liberal Democrats,4199.0,104612.0,0.0401387986081902,LDP,False,False,Page,1,0.00013879860819020207,2.63,11043.369999999999,6,,,,0,0.0,,2016-2019,2019,
2016,NSW,138,Page,29165,LUDVIK,Anna Clare,3,AJP,Animal Justice Party,2984.0,104612.0,0.0285244522616908,AJP,False,False,Page,0,-0.011475547738309201,2.63,0.0,6,0.0244657931965492,2646.0,108151.0,1,0.0244657931965492,-0.0040586590651416,2016-2019,2019,
2016,NSW,138,Page,28647,MCALPINE,Bethany Rachael,5,CDP,Christian Democratic Party (Fred Nile Group),2982.0,104612.0,0.0285053339960998,CDP,False,False,Page,0,-0.0114946660039002,2.63,0.0,6,0.0184186923837967,1992.0,108151.0,1,0.0184186923837967,-0.010086641612303101,2016-2019,2019,0.0162215628090999
2016,NSW,139,Parkes,28602,RYAN,Glen,2,CDP,Christian Democratic Party (Fred Nile Group),3950.0,93547.0,0.042224764022363,CDP,False,False,Parkes,1,0.0022247640223629975,2.63,10388.5,5,,,,0,0.0,,2016-2019,2019,0.0259711603173027
2016,NSW,139,Parkes,29031,AYTON,Philip John,3,SOL,Online Direct Democracy - (Empowering the People!),2149.0,93547.0,0.0229724095909008,SOL,False,False,Parkes,0,-0.0170275904090992,2.63,0.0,5,,,,0,0.0,,2016-2019,2019,
2016,NSW,140,Parramatta,28740,RAJ,Mahesh,2,IND,Independent,2048.0,82022.0,0.0249689107800346,IND,False,True,Parramatta,0,-0.015031089219965401,2.63,0.0,8,,,,0,0.0,,2016-2019,2019,0.014935185759474
2016,NSW,140,Parramatta,28775,PIPER,Keith,4,CDP,Christian Democratic Party (Fred Nile Group),4347.0,82022.0,0.0529979761527395,CDP,False,False,Parramatta,1,0.012997976152739496,2.63,11432.609999999999,8,0.0298334711231841,2526.0,84670.0,1,0.0298334711231841,-0.023164505029555398,2016-2019,2019,0.0242758791788128
2016,NSW,140,Parramatta,29006,GUEST,Mark,5,LDP,Liberal Democrats,2013.0,82022.0,0.0245421959961961,LDP,False,False,Parramatta,0,-0.0154578040038039,2.63,0.0,8,,,,0,0.0,,2016-2019,2019,
2016,NSW,140,Parramatta,29228,WU,Mikaela,6,FFP,Family First,1202.0,82022.0,0.0146546048621101,FFP,False,False,Parramatta,0,-0.0253453951378899,2.63,0.0,8,,,,0,0.0,,2016-2019,2019,
2016,NSW,140,Parramatta,29251,DRIESSEN,Andrew,7,SOL,Online Direct Democracy - (Empowering the People!),469.0,82022.0,0.0057179781034356,SOL,False,False,Parramatta,0,-0.0342820218965644,2.63,0.0,8,,,,0,0.0,,2016-2019,2019,
2016,NSW,249,Paterson,29076,BURSTON,Graham,1,ON,Pauline Hanson's One Nation,13056.0,100068.0,0.1304712795299196,ON,False,False,Paterson,1,0.0904712795299196,2.63,34337.28,7,0.1416169691798291,15269.0,107819.0,1,0.1416169691798291,0.011145689649909502,2016-2019,2019,
2016,NSW,249,Paterson,28788,CLARE,Brian,2,RUA,Rise Up Australia Party,1007.0,100068.0,0.0100631570532038,RUA,False,False,Paterson,0,-0.029936842946796202,2.63,0.0,7,,,,0,0.0,,2016-2019,2019,0.0100669214963784
2016,NSW,249,Paterson,28028,DAVIS,Peter,5,CEC,Citizens Electoral Council,533.0,100068.0,0.0053263780629172,CEC,False,False,Paterson,0,-0.0346736219370828,2.63,0.0,7,,,,0,0.0,,2016-2019,2019,0.0044767381796893
2016,NSW,249,Paterson,28656,ARENA,Peter,7,CDP,Christian Democratic Party (Fred Nile Group),2058.0,100068.0,0.0205660151097253,CDP,False,False,Paterson,0,-0.019433984890274703,2.63,0.0,7,0.017399530694961,1876.0,107819.0,1,0.017399530694961,-0.0031664844147643,2016-2019,2019,0.0212817245772926
2016,NSW,144,Reid,29212,CARTER,Marylou,1,FFP,Family First,2081.0,90597.0,0.0229698555139794,FFP,False,False,Reid,0,-0.0170301444860206,2.63,0.0,5,,,,0,0.0,,2016-2019,2019,
2016,NSW,144,Reid,28641,KANG,Ju,4,CDP,Christian Democratic Party (Fred Nile Group),3713.0,90597.0,0.0409836970319105,CDP,False,False,Reid,1,0.0009836970319105007,2.63,9765.19,5,0.0249125128030044,2335.0,93728.0,1,0.0249125128030044,-0.0160711842289061,2016-2019,2019,0.0142034862043251
2016,NSW,145,Richmond,29290,POLLARD,Angela,1,AJP,Animal Justice Party,3089.0,98398.0,0.0313929144901319,AJP,False,False,Richmond,0,-0.0086070855098681,2.63,0.0,6,,,,0,0.0,,2016-2019,2019,
2016,NSW,145,Richmond,28349,SMITH,Neil Gordon,2,ON,Pauline Hanson's One Nation,6160.0,98398.0,0.0626028984328949,ON,False,False,Richmond,1,0.022602898432894904,2.63,16200.8,6,,,,0,0.0,,2016-2019,2019,
2016,NSW,145,Richmond,28785,KILARNEY,Russell,5,CDP,Christian Democratic Party (Fred Nile Group),1484.0,98398.0,0.0150816073497428,CDP,False,False,Richmond,0,-0.0249183926502572,2.63,0.0,6,0.0133373205741626,1338.0,100320.0,1,0.0133373205741626,-0.0017442867755802002,2016-2019,2019,0.0143530570604376
2016,NSW,250,Riverina,28023,FOLEY,Richard,2,IND,Independent,6058.0,98920.0,0.0612414071977355,IND,False,True,Riverina,1,0.0212414071977355,2.63,15932.539999999999,6,,,,0,0.0,,2016-2019,2019,
2016,NSW,250,Riverina,28750,LANGFIELD,Philip,3,CDP,Christian Democratic Party (Fred Nile Group),3207.0,98920.0,0.0324201374848362,CDP,False,False,Riverina,0,-0.0075798625151638,2.63,0.0,6,,,,0,0.0,,2016-2019,2019,0.0149364009411978
2016,NSW,250,Riverina,29316,O'ROURKE,Glenn,5,FFP,Family First,3386.0,98920.0,0.0342296805499393,FFP,False,False,Riverina,0,-0.0057703194500607,2.63,0.0,6,,,,0,0.0,,2016-2019,2019,
2016,NSW,146,Robertson,29055,HIGGINS,Lawrie,1,AAPP,Antipaedophile Party,1527.0,95277.0,0.0160269529897037,AAPP,False,False,Robertson,0,-0.0239730470102963,2.63,0.0,7,,,,0,0.0,,2016-2019,2019,
2016,NSW,146,Robertson,28130,DAVY,Van,2,IND,Independent,2726.0,95277.0,0.028611312278934,IND,False,True,Robertson,0,-0.011388687721066,2.63,0.0,7,0.0303453014230541,2915.0,96061.0,1,0.0303453014230541,0.0017339891441200996,2016-2019,2019,0.0278214045321965
2016,NSW,146,Robertson,28130,DAVY,Van,2,IND,Independent,2726.0,95277.0,0.028611312278934,IND,False,True,Robertson,0,-0.011388687721066,2.63,0.0,7,0.0303453014230541,2915.0,96061.0,1,0.0303453014230541,0.0017339891441200996,2016-2019,2019,0.0870877271707426
2016,NSW,146,Robertson,29047,CRAIG,Matthew,5,LDP,Liberal Democrats,1347.0,95277.0,0.0141377247394439,LDP,False,False,Robertson,0,-0.0258622752605561,2.63,0.0,7,,,,0,0.0,,2016-2019,2019,
2016,NSW,146,Robertson,28671,STODDART,Robert,6,CDP,Christian Democratic Party (Fred Nile Group),2539.0,95277.0,0.0266486140411641,CDP,False,False,Robertson,0,-0.0133513859588359,2.63,0.0,7,0.0140743902312072,1352.0,96061.0,1,0.0140743902312072,-0.0125742238099569,2016-2019,2019,0.0125084137312093
2016,NSW,148,Shortland,28701,COX,Morgan,4,CDP,Christian Democratic Party (Fred Nile Group),4081.0,98038.0,0.0416267161712805,CDP,False,False,Shortland,1,0.001626716171280497,2.63,10733.029999999999,4,0.0201040208041608,2010.0,99980.0,1,0.0201040208041608,-0.021522695367119697,2016-2019,2019,0.0125633396866719
2016,NSW,149,Sydney,29056,FALANGA,Ula,1,CDP,Christian Democratic Party (Fred Nile Group),1489.0,87900.0,0.0169397042093287,CDP,False,False,Sydney,0,-0.0230602957906713,2.63,0.0,10,0.0104941201286716,995.0,94815.0,1,0.0104941201286716,-0.0064455840806571,2016-2019,2019,0.008201835486835
2016,NSW,149,Sydney,29280,BERRIMAN,Mark,2,AJP,Animal Justice Party,1497.0,87900.0,0.0170307167235494,AJP,False,False,Sydney,0,-0.022969283276450602,2.63,0.0,10,,,,0,0.0,,2016-2019,2019,
2016,NSW,149,Sydney,29267,SPIKE,Kris,3,SPP,Sustainable Australia,606.0,87900.0,0.0068941979522184,SPP,False,False,Sydney,0,-0.0331058020477816,2.63,0.0,10,,,,0,0.0,,2016-2019,2019,
2016,NSW,149,Sydney,29118,GEISER,Tom,5,FUT,Science Party,1361.0,87900.0,0.0154835039817974,FUT,False,False,Sydney,0,-0.0245164960182026,2.63,0.0,10,0.034171808258187,3240.0,94815.0,1,0.034171808258187,0.018688304276389598,2016-2019,2019,
2016,NSW,149,Sydney,28230,BOYLE,Peter,7,SAL,Socialist Alliance,500.0,87900.0,0.005688282138794,SAL,False,False,Sydney,0,-0.034311717861206,2.63,0.0,10,,,,0,0.0,,2016-2019,2019,0.0069539766990731
2016,NSW,149,Sydney,29297,LANNING,Rebecca,9,ASXP,Australian Sex Party,1456.0,87900.0,0.0165642775881683,ASXP,False,False,Sydney,0,-0.0234357224118317,2.63,0.0,10,,,,0,0.0,,2016-2019,2019,
2016,NSW,149,Sydney,29098,TZORAS,Tula,10,SOL,Online Direct Democracy - (Empowering the People!),383.0,87900.0,0.0043572241183162,SOL,False,False,Sydney,0,-0.0356427758816838,2.63,0.0,10,,,,0,0.0,,2016-2019,2019,
2016,NSW,151,Warringah,28467,ROWLAND,Marie,2,XEN,Nick Xenophon Team,5506.0,86666.0,0.0635312579327533,XEN,False,False,Warringah,1,0.023531257932753298,2.63,14480.779999999999,10,,,,0,0.0,,2016-2019,2019,
2016,NSW,151,Warringah,28608,SCIFO,June,3,CDP,Christian Democratic Party (Fred Nile Group),1039.0,86666.0,0.0119885537581058,CDP,False,False,Warringah,0,-0.0280114462418942,2.63,0.0,10,0.0050041791952064,461.0,92123.0,1,0.0050041791952064,-0.0069843745628994,2016-2019,2019,0.0070527388135726
2016,NSW,151,Warringah,29067,GIORDANO,Marc,4,FUT,Science Party,800.0,86666.0,0.0092308402372325,FUT,False,False,Warringah,0,-0.0307691597627675,2.63,0.0,10,,,,0,0.0,,2016-2019,2019,
2016,NSW,151,Warringah,28151,CAPLICE,Shea,6,ARTS,The Arts Party,669.0,86666.0,0.0077192901483857,ARTS,False,False,Warringah,0,-0.0322807098516143,2.63,0.0,10,,,,0,0.0,,2016-2019,2019,
2016,NSW,151,Warringah,29363,MATHISON,James,7,IND,Independent,9887.0,86666.0,0.1140816467818983,IND,False,True,Warringah,1,0.0740816467818983,2.63,26002.809999999998,10,0.0120599633099226,1111.0,92123.0,1,0.0120599633099226,-0.10202168347197571,2016-2019,2019,
2016,NSW,151,Warringah,27994,BARROW,David,9,IND,Independent,253.0,86666.0,0.0029192532250248,IND,False,True,Warringah,0,-0.0370807467749752,2.63,0.0,10,0.0120599633099226,1111.0,92123.0,1,0.0120599633099226,0.0091407100848978,2016-2019,2019,
2016,NSW,151,Warringah,29210,BACKHOUSE,Tony,10,IND,Independent,368.0,86666.0,0.0042461865091269,IND,False,True,Warringah,0,-0.0357538134908731,2.63,0.0,10,0.0120599633099226,1111.0,92123.0,1,0.0120599633099226,0.007813776800795699,2016-2019,2019,
2016,NSW,251,Watson,28733,ABDULLA,Violet,1,CDP,Christian Democratic Party (Fred Nile Group),7957.0,83236.0,0.0955956557258878,CDP,False,False,Watson,1,0.055595655725887795,2.63,20926.91,6,0.053673590504451,4522.0,84250.0,1,0.053673590504451,-0.041922065221436794,2016-2019,2019,0.0236998608123497
2016,NSW,251,Watson,29084,GORDON,Tom,2,FUT,Science Party,1611.0,83236.0,0.0193546061800182,FUT,False,False,Watson,0,-0.0206453938199818,2.63,0.0,6,0.0222908011869436,1878.0,84250.0,1,0.0222908011869436,0.002936195006925397,2016-2019,2019,
2016,NSW,251,Watson,29023,GERAN,Paul,4,SOL,Online Direct Democracy - (Empowering the People!),875.0,83236.0,0.0105122783411024,SOL,False,False,Watson,0,-0.0294877216588976,2.63,0.0,6,,,,0,0.0,,2016-2019,2019,
2016,NSW,152,Wentworth,29080,XING,Peter,2,FUT,Science Party,988.0,84092.0,0.0117490367692527,FUT,False,False,Wentworth,0,-0.0282509632307473,2.63,0.0,8,,,,0,0.0,,2016-2019,2019,
2016,NSW,152,Wentworth,27996,ACKROYD,Anthony Michael,3,ARTS,The Arts Party,1478.0,84092.0,0.0175759882033962,ARTS,False,False,Wentworth,0,-0.0224240117966038,2.63,0.0,8,,,,0,0.0,,2016-2019,2019,
2016,NSW,152,Wentworth,28621,THOMAS,Beresford,4,CDP,Christian Democratic Party (Fred Nile Group),901.0,84092.0,0.0107144555962517,CDP,False,False,Wentworth,0,-0.029285544403748302,2.63,0.0,8,0.0038549813935869,346.0,89754.0,1,0.0038549813935869,-0.006859474202664801,2016-2019,2019,0.0046805091003866
2016,NSW,152,Wentworth,28457,ALLEN,David,5,IND,Independent,573.0,84092.0,0.0068139656566617,IND,False,True,Wentworth,0,-0.0331860343433383,2.63,0.0,8,0.0057490473962163,516.0,89754.0,1,0.0057490473962163,-0.0010649182604453994,2016-2019,2019,0.0114460709786716
2016,NSW,152,Wentworth,28154,AUSSIE-STONE,Marc,8,IND,Independent,390.0,84092.0,0.0046377776720734,IND,False,True,Wentworth,0,-0.0353622223279266,2.63,0.0,8,0.0057490473962163,516.0,89754.0,1,0.0057490473962163,0.0011112697241429008,2016-2019,2019,0.0114460709786716
2016,NSW,153,Werriwa,28702,EDWARDS,Daniel,2,CDP,Christian Democratic Party (Fred Nile Group),5986.0,89361.0,0.0669867168003939,CDP,False,False,Werriwa,1,0.026986716800393905,2.63,15743.179999999998,4,0.0513748421398932,4841.0,94229.0,1,0.0513748421398932,-0.015611874660500707,2016-2019,2019,0.0379431111800359
2016,NSW,150,Whitlam,28714,PINSUTI,Susan,5,CDP,Christian Democratic Party (Fred Nile Group),4048.0,98441.0,0.0411210775997805,CDP,False,False,Whitlam,1,0.0011210775997805011,2.63,10646.24,6,0.0410437221805573,4214.0,102671.0,1,0.0410437221805573,-7.7355419223199e-05,2016-2019,2019,
2016,NT,306,Lingiari,28849,RIGHTON,Chris,1,ASP,"Shooters, Fishers and Farmers",3061.0,42875.0,0.0713935860058309,ASP,False,False,Lingiari,1,0.0313935860058309,2.63,8050.429999999999,9,,,,0,0.0,,2016-2019,2019,
2016,NT,306,Lingiari,24971,GOULD,Alfred,3,IND,Independent,427.0,42875.0,0.0099591836734693,IND,False,True,Lingiari,0,-0.030040816326530703,2.63,0.0,9,0.0438328446958748,2123.0,48434.0,1,0.0438328446958748,0.0338736610224055,2016-2019,2019,0.0162541558921315
2016,NT,306,Lingiari,29433,GUYULA,Yingiya Mark,4,IND,Independent,1854.0,42875.0,0.0432419825072886,IND,False,True,Lingiari,1,0.0032419825072885974,2.63,4876.0199999999995,9,0.0438328446958748,2123.0,48434.0,1,0.0438328446958748,0.0005908621885861998,2016-2019,2019,0.0162541558921315
2016,NT,306,Lingiari,28016,EARLEY,Braedon,5,IND,Independent,1808.0,42875.0,0.0421690962099125,IND,False,True,Lingiari,1,0.0021690962099124994,2.63,4755.04,9,0.0438328446958748,2123.0,48434.0,1,0.0438328446958748,0.0016637484859622978,2016-2019,2019,0.0162541558921315
2016,NT,306,Lingiari,28561,McCARTHY,Regina,6,RUA,Rise Up Australia Party,1498.0,42875.0,0.034938775510204,RUA,False,False,Lingiari,0,-0.0050612244897959985,2.63,0.0,9,0.0284923813849774,1380.0,48434.0,1,0.0284923813849774,-0.006446394125226601,2016-2019,2019,0.0199265520763163
2016,NT,306,Lingiari,28006,FLYNN,Peter,7,CEC,Citizens Electoral Council,261.0,42875.0,0.0060874635568513,CEC,False,False,Lingiari,0,-0.0339125364431487,2.63,0.0,9,,,,0,0.0,,2016-2019,2019,0.0356157239401116
2016,NT,307,Solomon,28229,KEARNEY,John,2,AFN,Australia First Party,798.0,54585.0,0.0146194009343226,AFN,False,False,Solomon,0,-0.0253805990656774,2.63,0.0,11,,,,0,0.0,,2016-2019,2019,
2016,NT,307,Solomon,29532,DAWES,Robert,4,LDP,Liberal Democrats,1275.0,54585.0,0.0233580654025831,LDP,False,False,Solomon,0,-0.0166419345974169,2.63,0.0,11,,,,0,0.0,,2016-2019,2019,
2016,NT,307,Solomon,28138,LAWRENCE,Lance,5,HMP,Marijuana (HEMP) Party,1143.0,54585.0,0.0209398186314921,HMP,False,False,Solomon,0,-0.0190601813685079,2.63,0.0,11,,,,0,0.0,,2016-2019,2019,
2016,NT,307,Solomon,28015,GARNER,Mark,6,IND,Independent,1644.0,54585.0,0.0301181643308601,IND,False,True,Solomon,0,-0.009881835669139902,2.63,0.0,11,0.048725582746351,2684.0,55084.0,1,0.048725582746351,0.0186074184154909,2016-2019,2019,
2016,NT,307,Solomon,28562,MAJETIC,Silvija,7,RUA,Rise Up Australia Party,985.0,54585.0,0.0180452505267014,RUA,False,False,Solomon,0,-0.0219547494732986,2.63,0.0,11,0.0231827753975746,1277.0,55084.0,1,0.0231827753975746,0.005137524870873201,2016-2019,2019,0.0098648496873947
2016,NT,307,Solomon,28844,REINHOLD,Marty,8,ASP,"Shooters, Fishers and Farmers",1523.0,54585.0,0.0279014381240267,ASP,False,False,Solomon,0,-0.012098561875973302,2.63,0.0,11,,,,0,0.0,,2016-2019,2019,
2016,NT,307,Solomon,28013,McCULLOUGH,Brigid,10,CEC,Citizens Electoral Council,183.0,54585.0,0.0033525693871942,CEC,False,False,Solomon,0,-0.0366474306128058,2.63,0.0,11,,,,0,0.0,,2016-2019,2019,0.0040619969301037
2016,NT,307,Solomon,28014,CARTWRIGHT,Nevin,11,SOL,Online Direct Democracy - (Empowering the People!),369.0,54585.0,0.0067600989282769,SOL,False,False,Solomon,0,-0.0332399010717231,2.63,0.0,11,,,,0,0.0,,2016-2019,2019,
2016,QLD,304,Blair,29420,TURNER,Sandy,1,IND,Independent,1913.0,85187.0,0.0224564781011187,IND,False,True,Blair,0,-0.017543521898881302,2.63,0.0,8,0.0401250977326035,3849.0,95925.0,1,0.0401250977326035,0.0176686196314848,2016-2019,2019,
2016,QLD,304,Blair,29414,EMMS,Jonathan,2,IND,Independent,744.0,85187.0,0.0087337269771209,IND,False,True,Blair,0,-0.0312662730228791,2.63,0.0,8,0.0401250977326035,3849.0,95925.0,1,0.0401250977326035,0.031391370755482595,2016-2019,2019,
2016,QLD,304,Blair,29417,PETERSEN,Patricia,4,IND,Independent,1439.0,85187.0,0.0168922488173078,IND,False,True,Blair,0,-0.0231077511826922,2.63,0.0,8,0.0401250977326035,3849.0,95925.0,1,0.0401250977326035,0.023232848915295697,2016-2019,2019,
2016,QLD,304,Blair,29279,AGGETT,Troy,6,ON,Pauline Hanson's One Nation,13273.0,85187.0,0.155810158827051,ON,False,False,Blair,1,0.11581015882705098,2.63,34907.99,8,0.1679854052645295,16114.0,95925.0,1,0.1679854052645295,0.012175246437478526,2016-2019,2019,
2016,QLD,304,Blair,29236,DARR,Geoff,8,FFP,Family First,2406.0,85187.0,0.0282437461114958,FFP,False,False,Blair,0,-0.011756253888504202,2.63,0.0,8,,,,0,0.0,,2016-2019,2019,0.0285772167284974
2016,QLD,310,Bonner,29398,LINNEY,Matthew,1,LDP,Liberal Democrats,2738.0,89909.0,0.0304530136026426,LDP,False,False,Bonner,0,-0.0095469863973574,2.63,0.0,6,,,,0,0.0,,2016-2019,2019,
2016,QLD,310,Bonner,23605,WIRTH,Jarrod John,3,IND,Independent,2396.0,89909.0,0.0266491674915748,IND,False,True,Bonner,0,-0.013350832508425201,2.63,0.0,6,,,,0,0.0,,2016-2019,2019,
2016,QLD,310,Bonner,29388,BROUGHTON,Andrew,6,FFP,Family First,3157.0,89909.0,0.0351132812065532,FFP,False,False,Bonner,0,-0.0048867187934467995,2.63,0.0,6,,,,0,0.0,,2016-2019,2019,0.0208323629419162
2016,QLD,155,Bowman,29407,DUNCAN,Tony,4,ALA,Australian Liberty Alliance,3316.0,92325.0,0.0359165989710262,ALA,False,False,Bowman,0,-0.004083401028973803,2.63,0.0,5,,,,0,0.0,,2016-2019,2019,
2016,QLD,155,Bowman,29385,SAUNDERS,Brett,5,FFP,Family First,4459.0,92325.0,0.0482967776875169,FFP,False,False,Bowman,1,0.008296777687516896,2.63,11727.17,5,,,,0,0.0,,2016-2019,2019,0.0214934990219767
2016,QLD,156,Brisbane,29426,HUMPHREYS,John,3,LDP,Liberal Democrats,1962.0,94225.0,0.020822499336694,LDP,False,False,Brisbane,0,-0.019177500663306,2.63,0.0,6,,,,0,0.0,,2016-2019,2019,
2016,QLD,156,Brisbane,28031,CLINCH,Bridget,4,ADVP,Veterans Party,915.0,94225.0,0.0097107986203236,ADVP,False,False,Brisbane,0,-0.030289201379676403,2.63,0.0,6,,,,0,0.0,,2016-2019,2019,
2016,QLD,156,Brisbane,29424,VEGAR,Mark,6,FFP,Family First,1597.0,94225.0,0.0169487927832316,FFP,False,False,Brisbane,0,-0.023051207216768402,2.63,0.0,6,,,,0,0.0,,2016-2019,2019,0.0092220546415372
2016,QLD,157,Capricornia,29243,CARTER,Laurel,2,KAP,Katter's Australian Party,6241.0,88155.0,0.0707957574726334,KAP,False,False,Capricornia,1,0.030795757472633405,2.63,16413.829999999998,6,0.0367439612440567,3269.0,88967.0,1,0.0367439612440567,-0.03405179622857671,2016-2019,2019,0.0554449848668637
2016,QLD,157,Capricornia,29229,TEMPLE,Lindsay,3,FFP,Family First,4547.0,88155.0,0.0515796041064034,FFP,False,False,Capricornia,1,0.0115796041064034,2.63,11958.609999999999,6,,,,0,0.0,,2016-2019,2019,0.0385571113963704
2016,QLD,157,Capricornia,28347,MURRAY,Ken,5,IND,Independent,4312.0,88155.0,0.0489138449322216,IND,False,True,Capricornia,1,0.008913844932221603,2.63,11340.56,6,0.0248519113828723,2211.0,88967.0,1,0.0248519113828723,-0.024061933549349303,2016-2019,2019,
2016,QLD,158,Dawson,29444,HALL,Michael,1,GLT,Glenn Lazarus Team,4075.0,90300.0,0.0451273532668881,GLT,False,False,Dawson,1,0.005127353266888096,2.63,10717.25,7,,,,0,0.0,,2016-2019,2019,
2016,QLD,158,Dawson,27998,LARGE,Steven,3,IND,Independent,4184.0,90300.0,0.0463344407530454,IND,False,True,Dawson,1,0.0063344407530454006,2.63,11003.92,7,0.0278893878515717,2478.0,88851.0,1,0.0278893878515717,-0.0184450529014737,2016-2019,2019,
2016,QLD,158,Dawson,29292,DODD,Ash,4,KAP,Katter's Australian Party,5904.0,90300.0,0.0653820598006644,KAP,False,False,Dawson,1,0.0253820598006644,2.63,15527.519999999999,7,0.0632407063510821,5619.0,88851.0,1,0.0632407063510821,-0.0021413534495823006,2016-2019,2019,0.0673909818198418
2016,QLD,158,Dawson,29284,NICKSON,Amanda,5,FFP,Family First,3403.0,90300.0,0.0376854928017718,FFP,False,False,Dawson,0,-0.002314507198228198,2.63,0.0,7,,,,0,0.0,,2016-2019,2019,0.0189790351848259
2016,QLD,252,Dickson,29618,NICHOLSON,Doug,1,LDP,Liberal Democrats,2589.0,90933.0,0.028471511992346,LDP,False,False,Dickson,0,-0.011528488007654002,2.63,0.0,6,,,,0,0.0,,2016-2019,2019,
2016,QLD,252,Dickson,28148,PROHASKA,Thor,2,IND,Independent,3217.0,90933.0,0.0353776956660398,IND,False,True,Dickson,0,-0.0046223043339602005,2.63,0.0,6,0.0237446878739117,2302.0,96948.0,1,0.0237446878739117,-0.0116330077921281,2016-2019,2019,
2016,QLD,252,Dickson,29231,HUTCHINSON,Ray,5,FFP,Family First,3868.0,90933.0,0.0425368128182288,FFP,False,False,Dickson,1,0.0025368128182287966,2.63,10172.84,6,,,,0,0.0,,2016-2019,2019,0.0179862828348807
2016,QLD,159,Fadden,29273,REES,Lyn,2,FFP,Family First,3450.0,89404.0,0.0385888774551474,FFP,False,False,Fadden,0,-0.0014111225448526013,2.63,0.0,6,,,,0,0.0,,2016-2019,2019,0.0162850190303862
2016,QLD,159,Fadden,28161,MACNAMARA,Sean,4,ADVP,Veterans Party,1083.0,89404.0,0.0121135519663549,ADVP,False,False,Fadden,0,-0.027886448033645102,2.63,0.0,6,,,,0,0.0,,2016-2019,2019,
2016,QLD,159,Fadden,29312,BALL,Brenden,5,ON,Pauline Hanson's One Nation,10693.0,89404.0,0.1196031497472148,ON,False,False,Fadden,1,0.0796031497472148,2.63,28122.59,6,0.085730156770769,8334.0,97212.0,1,0.085730156770769,-0.03387299297644579,2016-2019,2019,0.0063642603107256
2016,QLD,160,Fairfax,29227,REES,David,2,FFP,Family First,2449.0,92463.0,0.0264862701837491,FFP,False,False,Fairfax,0,-0.013513729816250902,2.63,0.0,8,,,,0,0.0,,2016-2019,2019,0.0167362038602006
2016,QLD,160,Fairfax,27972,CAMPBELL,Keith Alexander,3,IND,Independent,2886.0,92463.0,0.0312124849939975,IND,False,True,Fairfax,0,-0.0087875150060025,2.63,0.0,8,0.0134985661614092,1318.0,97640.0,1,0.0134985661614092,-0.0177139188325883,2016-2019,2019,0.0120084626567541
2016,QLD,160,Fairfax,29029,BULLEN,Kris,6,SOL,Online Direct Democracy - (Empowering the People!),624.0,92463.0,0.0067486454041075,SOL,False,False,Fairfax,0,-0.0332513545958925,2.63,0.0,8,,,,0,0.0,,2016-2019,2019,
2016,QLD,160,Fairfax,28460,DICKSON,Robert,7,IND,Independent,1985.0,92463.0,0.0214680466781307,IND,False,True,Fairfax,0,-0.018531953321869302,2.63,0.0,8,0.0134985661614092,1318.0,97640.0,1,0.0134985661614092,-0.007969480516721498,2016-2019,2019,0.0120084626567541
2016,QLD,160,Fairfax,29233,PASQUALI,Robert,8,ON,Pauline Hanson's One Nation,9006.0,92463.0,0.0974011226112066,ON,False,False,Fairfax,1,0.057401122611206605,2.63,23685.78,8,0.0784616960262187,7661.0,97640.0,1,0.0784616960262187,-0.0189394265849879,2016-2019,2019,0.0083799212831089
2016,QLD,161,Fisher,29269,ASHLIN,Caroline,2,FFP,Family First,2927.0,83765.0,0.0349429952844266,FFP,False,False,Fisher,0,-0.005057004715573403,2.63,0.0,9,,,,0,0.0,,2016-2019,2019,0.0204611136086314
2016,QLD,161,Fisher,29415,SPELLMAN,John,4,ALA,Australian Liberty Alliance,2952.0,83765.0,0.035241449292664,ALA,False,False,Fisher,0,-0.0047585507073360025,2.63,0.0,9,,,,0,0.0,,2016-2019,2019,
2016,QLD,161,Fisher,29296,BELL-HENSELIN,Tracey,5,RUA,Rise Up Australia Party,2210.0,83765.0,0.02638333432818,RUA,False,False,Fisher,0,-0.013616665671820002,2.63,0.0,9,,,,0,0.0,,2016-2019,2019,0.0039175390148352
2016,QLD,161,Fisher,29422,BURGESS,Jason,7,ADVP,Veterans Party,914.0,83765.0,0.0109114785411568,ADVP,False,False,Fisher,0,-0.0290885214588432,2.63,0.0,9,,,,0,0.0,,2016-2019,2019,
2016,QLD,161,Fisher,29038,JOUM,LB,8,SOL,Online Direct Democracy - (Empowering the People!),438.0,83765.0,0.005228914224318,SOL,False,False,Fisher,0,-0.034771085775682,2.63,0.0,9,,,,0,0.0,,2016-2019,2019,
2016,QLD,161,Fisher,28224,JESSOP,Mike,9,IND,Independent,2906.0,83765.0,0.0346922939175073,IND,False,True,Fisher,0,-0.0053077060824927025,2.63,0.0,9,,,,0,0.0,,2016-2019,2019,0.0122920814334339
2016,QLD,311,Flynn,29354,LOVE,Richard,1,KAP,Katter's Australian Party,2948.0,87146.0,0.0338282881600991,KAP,False,False,Flynn,0,-0.006171711839900902,2.63,0.0,9,,,,0,0.0,,2016-2019,2019,0.0413422191044078
2016,QLD,311,Flynn,27984,FLETCHER,Nathan Joel David,3,IND,Independent,1927.0,87146.0,0.0221123172606889,IND,False,True,Flynn,0,-0.0178876827393111,2.63,0.0,9,0.022290038789586,1994.0,89457.0,1,0.022290038789586,0.00017772152889709847,2016-2019,2019,0.0183912077633578
2016,QLD,311,Flynn,27984,FLETCHER,Nathan Joel David,3,IND,Independent,1927.0,87146.0,0.0221123172606889,IND,False,True,Flynn,0,-0.0178876827393111,2.63,0.0,9,0.022290038789586,1994.0,89457.0,1,0.022290038789586,0.00017772152889709847,2016-2019,2019,0.0092599088039284
2016,QLD,311,Flynn,29396,BAKER,Phil,5,ON,Pauline Hanson's One Nation,14948.0,87146.0,0.171528239965116,ON,False,False,Flynn,1,0.13152823996511598,2.63,39313.24,9,0.1959712487563857,17531.0,89457.0,1,0.1959712487563857,0.024443008791269705,2016-2019,2019,
2016,QLD,311,Flynn,17322,SCOTT,Duncan,6,IND,Independent,864.0,87146.0,0.0099143965299612,IND,False,True,Flynn,0,-0.030085603470038802,2.63,0.0,9,0.022290038789586,1994.0,89457.0,1,0.022290038789586,0.012375642259624798,2016-2019,2019,0.0183912077633578
2016,QLD,311,Flynn,17322,SCOTT,Duncan,6,IND,Independent,864.0,87146.0,0.0099143965299612,IND,False,True,Flynn,0,-0.030085603470038802,2.63,0.0,9,0.022290038789586,1994.0,89457.0,1,0.022290038789586,0.012375642259624798,2016-2019,2019,0.0092599088039284
2016,QLD,311,Flynn,28761,PUKU,Jordan Ryan,7,IND,Independent,483.0,87146.0,0.0055424230601519,IND,False,True,Flynn,0,-0.0344575769398481,2.63,0.0,9,0.022290038789586,1994.0,89457.0,1,0.022290038789586,0.016747615729434097,2016-2019,2019,0.0183912077633578
2016,QLD,311,Flynn,28761,PUKU,Jordan Ryan,7,IND,Independent,483.0,87146.0,0.0055424230601519,IND,False,True,Flynn,0,-0.0344575769398481,2.63,0.0,9,0.022290038789586,1994.0,89457.0,1,0.022290038789586,0.016747615729434097,2016-2019,2019,0.0092599088039284
2016,QLD,311,Flynn,29367,BARNETT,Heather,9,FFP,Family First,2173.0,87146.0,0.0249351662726918,FFP,False,False,Flynn,0,-0.0150648337273082,2.63,0.0,9,,,,0,0.0,,2016-2019,2019,0.0150473518063837
2016,QLD,162,Forde,28008,WILKS,David,1,IND,Independent,5242.0,83910.0,0.0624716958646168,IND,False,True,Forde,1,0.0224716958646168,2.63,13786.46,6,,,,0,0.0,,2016-2019,2019,0.0092011600316372
2016,QLD,162,Forde,29319,HELLBERG,Annelise,4,FFP,Family First,4687.0,83910.0,0.0558574663329758,FFP,False,False,Forde,1,0.0158574663329758,2.63,12326.81,6,,,,0,0.0,,2016-2019,2019,0.0224228842604798
2016,QLD,162,Forde,29491,SPAIN,Shaun Charles,6,ALA,Australian Liberty Alliance,2905.0,83910.0,0.0346204266475986,ALA,False,False,Forde,0,-0.005379573352401398,2.63,0.0,6,,,,0,0.0,,2016-2019,2019,
2016,QLD,163,Griffith,29421,DARRAGH,Matt,1,ALA,Australian Liberty Alliance,1477.0,91983.0,0.0160573149386299,ALA,False,False,Griffith,0,-0.0239426850613701,2.63,0.0,8,,,,0,0.0,,2016-2019,2019,
2016,QLD,163,Griffith,29359,ABLETT,Bronwyn,3,LDP,Liberal Democrats,1880.0,91983.0,0.0204385592990009,LDP,False,False,Griffith,0,-0.019561440700999102,2.63,0.0,8,,,,0,0.0,,2016-2019,2019,
2016,QLD,163,Griffith,28030,BOELE,Karel,4,IND,Independent,1463.0,91983.0,0.0159051129012969,IND,False,True,Griffith,0,-0.0240948870987031,2.63,0.0,8,,,,0,0.0,,2016-2019,2019,0.0081588723396868
2016,QLD,163,Griffith,28227,JIGGENS,John,7,DRF,Drug Law Reform,1789.0,91983.0,0.0194492460563364,DRF,False,False,Griffith,0,-0.0205507539436636,2.63,0.0,8,,,,0,0.0,,2016-2019,2019,
2016,QLD,163,Griffith,29350,GRAHAM,Theresa,8,FFP,Family First,1424.0,91983.0,0.0154811215115836,FFP,False,False,Griffith,0,-0.0245188784884164,2.63,0.0,8,,,,0,0.0,,2016-2019,2019,0.007441354488537
2016,QLD,164,Groom,29409,SANDS,John,1,FFP,Family First,9140.0,91247.0,0.1001676767455368,FFP,False,False,Groom,1,0.060167676745536795,2.63,24038.2,5,,,,0,0.0,,2016-2019,2019,0.0266127291115075
2016,QLD,164,Groom,29397,TOWNSEND,Josie,3,XEN,Nick Xenophon Team,6960.0,91247.0,0.0762764803226407,XEN,False,False,Groom,1,0.0362764803226407,2.63,18304.8,5,,,,0,0.0,,2016-2019,2019,
2016,QLD,165,Herbert,29213,PUNSHON,Michael,1,FFP,Family First,3175.0,88337.0,0.0359419042983121,FFP,False,False,Herbert,0,-0.0040580957016879,2.63,0.0,9,,,,0,0.0,,2016-2019,2019,0.0129731505049675
2016,QLD,165,Herbert,29222,DWYER,Colin,2,KAP,Katter's Australian Party,6070.0,88337.0,0.0687141288474818,KAP,False,False,Herbert,1,0.028714128847481805,2.63,15964.099999999999,9,0.0979905784566511,9007.0,91917.0,1,0.0979905784566511,0.029276449609169294,2016-2019,2019,0.0808182703247979
2016,QLD,165,Herbert,28994,BREWSTER,Martin,3,PUP,Palmer United Party,315.0,88337.0,0.0035658897177852,UAPP,False,False,Herbert,0,-0.0364341102822148,2.63,0.0,9,0.0569970734466964,5239.0,91917.0,1,0.0569970734466964,0.053431183728911195,2016-2019,2019,0.0888297186022779
2016,QLD,165,Herbert,29225,VIRGO,Geoff,4,ON,Pauline Hanson's One Nation,11950.0,88337.0,0.135277403579474,ON,False,False,Herbert,1,0.09527740357947398,2.63,31428.5,9,0.1108500059836591,10189.0,91917.0,1,0.1108500059836591,-0.024427397595814887,2016-2019,2019,0.0083281526749791
2016,QLD,165,Herbert,29357,RAFFIN,Aaron,8,GLT,Glenn Lazarus Team,1937.0,88337.0,0.021927391693175,GLT,False,False,Herbert,0,-0.018072608306825,2.63,0.0,9,,,,0,0.0,,2016-2019,2019,
2016,QLD,165,Herbert,29256,HARRIS,David,9,LDP,Liberal Democrats,1096.0,88337.0,0.0124070321609291,LDP,False,False,Herbert,0,-0.0275929678390709,2.63,0.0,9,,,,0,0.0,,2016-2019,2019,
2016,QLD,166,Hinkler,29259,LYNCH,Stephen,2,FFP,Family First,2250.0,88669.0,0.0253752720793061,FFP,False,False,Hinkler,0,-0.0146247279206939,2.63,0.0,7,,,,0,0.0,,2016-2019,2019,0.018721740768651
2016,QLD,166,Hinkler,29265,HUXHAM,Damian,3,ON,Pauline Hanson's One Nation,16987.0,88669.0,0.1915776652494107,ON,False,False,Hinkler,1,0.1515776652494107,2.63,44675.81,7,0.1479900507239293,13625.0,92067.0,1,0.1479900507239293,-0.043587614525481405,2016-2019,2019,
2016,QLD,166,Hinkler,29439,WINDRED,Robert Owen,4,ALA,Australian Liberty Alliance,1670.0,88669.0,0.0188340908321961,ALA,False,False,Hinkler,0,-0.0211659091678039,2.63,0.0,7,,,,0,0.0,,2016-2019,2019,
2016,QLD,166,Hinkler,28209,FOSTER,Bill,5,IND,Independent,1720.0,88669.0,0.0193979857672918,IND,False,True,Hinkler,0,-0.020602014232708202,2.63,0.0,7,0.0144134163163782,1327.0,92067.0,1,0.0144134163163782,-0.004984569450913599,2016-2019,2019,0.0083129238884702
2016,QLD,167,Kennedy,29306,GALLEHAWK,Donna Maree,2,FFP,Family First,3234.0,86010.0,0.0376002790373212,FFP,False,False,Kennedy,0,-0.002399720962678799,2.63,0.0,5,,,,0,0.0,,2016-2019,2019,0.0126514547983971
2016,QLD,167,Kennedy,29335,KATTER,Bob,4,KAP,Katter's Australian Party,34277.0,86010.0,0.3985234275084292,KAP,False,False,Kennedy,1,0.3585234275084292,2.63,90148.51,5,0.4096337060077435,37665.0,91948.0,1,0.4096337060077435,0.011110278499314341,2016-2019,2019,0.293587472206038
2016,QLD,168,Leichhardt,29248,KELLY,John,1,RUA,Rise Up Australia Party,1439.0,88808.0,0.0162034951806143,RUA,False,False,Leichhardt,0,-0.0237965048193857,2.63,0.0,9,,,,0,0.0,,2016-2019,2019,0.0055532222688879
2016,QLD,168,Leichhardt,29240,ROGERS,Peter Leonard,3,ON,Pauline Hanson's One Nation,6775.0,88808.0,0.0762881722367354,ON,False,False,Leichhardt,1,0.036288172236735396,2.63,17818.25,9,0.0604555326613576,5428.0,89785.0,1,0.0604555326613576,-0.015832639575377797,2016-2019,2019,
2016,QLD,168,Leichhardt,29220,GEBADI,Ned Kelly,6,FFP,Family First,2257.0,88808.0,0.0254143770831456,FFP,False,False,Leichhardt,0,-0.014585622916854401,2.63,0.0,9,,,,0,0.0,,2016-2019,2019,0.0218862289420878
2016,QLD,168,Leichhardt,28179,McCARTHY,Daniel,7,IND,Independent,6096.0,88808.0,0.0686424646428249,IND,False,True,Leichhardt,1,0.028642464642824904,2.63,16032.48,9,0.0285348332126747,2562.0,89785.0,1,0.0285348332126747,-0.040107631430150205,2016-2019,2019,
2016,QLD,168,Leichhardt,29111,NEWIE,Michael,8,IND,Independent,694.0,88808.0,0.0078146112962796,IND,False,True,Leichhardt,0,-0.0321853887037204,2.63,0.0,9,0.0285348332126747,2562.0,89785.0,1,0.0285348332126747,0.0207202219163951,2016-2019,2019,
2016,QLD,168,Leichhardt,29244,TASSELL,Brad,9,KAP,Katter's Australian Party,3840.0,88808.0,0.0432393478065039,KAP,False,False,Leichhardt,1,0.003239347806503902,2.63,10099.199999999999,9,0.0815058194575931,7318.0,89785.0,1,0.0815058194575931,0.03826647165108919,2016-2019,2019,0.0428974753838256
2016,QLD,169,Lilley,29318,HALL,Sharan,2,FFP,Family First,3451.0,96154.0,0.0358903425754518,FFP,False,False,Lilley,0,-0.004109657424548198,2.63,0.0,5,,,,0,0.0,,2016-2019,2019,0.014394956770735
2016,QLD,169,Lilley,29326,HOLMICK,Simon James,3,LDP,Liberal Democrats,2202.0,96154.0,0.0229007633587786,LDP,False,False,Lilley,0,-0.0170992366412214,2.63,0.0,5,,,,0,0.0,,2016-2019,2019,
2016,QLD,302,Longman,28226,McDONALD,Frances,1,DRF,Drug Law Reform,2677.0,88068.0,0.0303969659808329,DRF,False,False,Longman,0,-0.009603034019167102,2.63,0.0,11,,,,0,0.0,,2016-2019,2019,
2016,QLD,302,Longman,29332,PEDERSEN,Michelle,3,ON,Pauline Hanson's One Nation,8293.0,88068.0,0.094165871826316,ON,False,False,Longman,1,0.054165871826316,2.63,21810.59,11,0.1321962048840269,13160.0,99549.0,1,0.1321962048840269,0.03803033305771089,2016-2019,2019,
2016,QLD,302,Longman,24749,WELLS,Caleb,6,,,830.0,88068.0,0.0094245355861379,,False,False,Longman,0,-0.0305754644138621,2.63,0.0,11,,,,0,0.0,,2016-2019,2019,
2016,QLD,302,Longman,29380,KENNEDY,Brad,7,KAP,Katter's Australian Party,1597.0,88068.0,0.0181337148567016,KAP,False,False,Longman,0,-0.0218662851432984,2.63,0.0,11,,,,0,0.0,,2016-2019,2019,0.0282133906194056
2016,QLD,302,Longman,28716,BECK,Stephen,8,ARTS,The Arts Party,228.0,88068.0,0.0025889085706499,ARTS,False,False,Longman,0,-0.0374110914293501,2.63,0.0,11,,,,0,0.0,,2016-2019,2019,
2016,QLD,302,Longman,29603,RIDDELL,Greg,9,IND,Independent,1111.0,88068.0,0.0126152518508425,IND,False,True,Longman,0,-0.0273847481491575,2.63,0.0,11,,,,0,0.0,,2016-2019,2019,0.0106814655686836
2016,QLD,302,Longman,28472,LAW,Rob,10,IND,Independent,945.0,88068.0,0.0107303447336149,IND,False,True,Longman,0,-0.0292696552663851,2.63,0.0,11,,,,0,0.0,,2016-2019,2019,0.0106814655686836
2016,QLD,302,Longman,29299,SMITH,Will,11,FFP,Family First,3002.0,88068.0,0.0340872961802243,FFP,False,False,Longman,0,-0.005912703819775704,2.63,0.0,11,,,,0,0.0,,2016-2019,2019,0.02359470103831
2016,QLD,170,Maranoa,29223,SCHENK,Myfanwy,2,FFP,Family First,2905.0,90049.0,0.0322602138835522,FFP,False,False,Maranoa,0,-0.007739786116447801,2.63,0.0,8,,,,0,0.0,,2016-2019,2019,0.0275948747608666
2016,QLD,170,Maranoa,29215,CHURCH,Sherrilyn,4,RUA,Rise Up Australia Party,841.0,90049.0,0.0093393596819509,RUA,False,False,Maranoa,0,-0.0306606403180491,2.63,0.0,8,,,,0,0.0,,2016-2019,2019,0.0095764559327312
2016,QLD,170,Maranoa,29394,ARBUCKLE,Luke,5,CM,CountryMinded,2141.0,90049.0,0.0237759442081533,CM,False,False,Maranoa,0,-0.0162240557918467,2.63,0.0,8,,,,0,0.0,,2016-2019,2019,
2016,QLD,170,Maranoa,29226,GURNETT,Rick,6,KAP,Katter's Australian Party,4306.0,90049.0,0.0478184099767904,KAP,False,False,Maranoa,1,0.007818409976790397,2.63,11324.779999999999,8,0.0457632600258732,4245.0,92760.0,1,0.0457632600258732,-0.0020551499509171983,2016-2019,2019,0.0559127107710103
2016,QLD,170,Maranoa,29224,KEEHN,Lynette,8,ON,Pauline Hanson's One Nation,16047.0,90049.0,0.1782029783784384,ON,False,False,Maranoa,1,0.1382029783784384,2.63,42203.61,8,0.1462268219059939,13564.0,92760.0,1,0.1462268219059939,-0.031976156472444506,2016-2019,2019,
2016,QLD,171,McPherson,29262,GREEN,Simon,3,FFP,Family First,5404.0,88726.0,0.0609066113653269,FFP,False,False,McPherson,1,0.0209066113653269,2.63,14212.519999999999,5,,,,0,0.0,,2016-2019,2019,0.0371893351984275
2016,QLD,171,McPherson,27973,JONES,Rob,5,IND,Independent,3850.0,88726.0,0.04339201586908,IND,False,True,McPherson,1,0.0033920158690800006,2.63,10125.5,5,0.0178121723716777,1648.0,92521.0,1,0.0178121723716777,-0.0255798434974023,2016-2019,2019,
2016,QLD,172,Moncrieff,29245,ROSE,Julie,3,FFP,Family First,5619.0,85960.0,0.0653676128431828,FFP,False,False,Moncrieff,1,0.025367612843182806,2.63,14777.97,4,,,,0,0.0,,2016-2019,2019,0.0219260749308524
2016,QLD,173,Moreton,29147,SOARES,Des,1,XEN,Nick Xenophon Team,4072.0,84948.0,0.0479352074210105,XEN,False,False,Moreton,1,0.007935207421010497,2.63,10709.359999999999,7,,,,0,0.0,,2016-2019,2019,
2016,QLD,173,Moreton,29310,COOPER,Andrew,2,LDP,Liberal Democrats,2783.0,84948.0,0.0327612186278664,LDP,False,False,Moreton,0,-0.007238781372133601,2.63,0.0,7,,,,0,0.0,,2016-2019,2019,
2016,QLD,173,Moreton,29355,LIN,Shan-Ju,5,KAP,Katter's Australian Party,1329.0,84948.0,0.0156448650939398,KAP,False,False,Moreton,0,-0.0243551349060602,2.63,0.0,7,,,,0,0.0,,2016-2019,2019,0.0129777195599704
2016,QLD,173,Moreton,29278,HEISE,Florian,7,FFP,Family First,2507.0,84948.0,0.0295121721523755,FFP,False,False,Moreton,0,-0.0104878278476245,2.63,0.0,7,,,,0,0.0,,2016-2019,2019,0.015160887336414
2016,QLD,174,Oxley,29271,TRUSSELL,Brad,1,ON,Pauline Hanson's One Nation,7023.0,83361.0,0.0842480296541548,ON,False,False,Oxley,1,0.0442480296541548,2.63,18470.489999999998,6,0.0629784695602222,5701.0,90523.0,1,0.0629784695602222,-0.021269560093932605,2016-2019,2019,
2016,QLD,174,Oxley,29263,McCORMACK,Carrie,2,FFP,Family First,2734.0,83361.0,0.0327971113590288,FFP,False,False,Oxley,0,-0.007202888640971204,2.63,0.0,6,,,,0,0.0,,2016-2019,2019,0.020510989446957
2016,QLD,174,Oxley,29274,LACAZE,Stephen,3,KAP,Katter's Australian Party,1136.0,83361.0,0.0136274756780748,KAP,False,False,Oxley,0,-0.026372524321925203,2.63,0.0,6,,,,0,0.0,,2016-2019,2019,0.0198233224893543
2016,QLD,175,Petrie,29328,BUCKLEY,Catherine,1,LDP,Liberal Democrats,2877.0,92793.0,0.0310044938734602,LDP,False,False,Petrie,0,-0.0089955061265398,2.63,0.0,6,,,,0,0.0,,2016-2019,2019,
2016,QLD,175,Petrie,29277,WHITE,Mark A,4,FFP,Family First,4746.0,92793.0,0.0511460993824965,FFP,False,False,Petrie,1,0.0111460993824965,2.63,12481.98,6,,,,0,0.0,,2016-2019,2019,0.0214840202003076
2016,QLD,175,Petrie,29404,TYRRELL,Andrew Charles,6,ARTS,The Arts Party,1239.0,92793.0,0.0133523002812712,ARTS,False,False,Petrie,0,-0.026647699718728803,2.63,0.0,6,,,,0,0.0,,2016-2019,2019,
2016,QLD,176,Rankin,29345,DAVIES,Ric,2,LDP,Liberal Democrats,3513.0,85423.0,0.0411247556278753,LDP,False,False,Rankin,1,0.0011247556278752985,2.63,9239.19,7,0.0280330882352941,2379.0,84864.0,1,0.0280330882352941,-0.013091667392581198,2016-2019,2019,
2016,QLD,176,Rankin,29376,HOLLEY,Shane,4,KAP,Katter's Australian Party,2874.0,85423.0,0.0336443346639663,KAP,False,False,Rankin,0,-0.006355665336033704,2.63,0.0,7,,,,0,0.0,,2016-2019,2019,0.0203961443234537
2016,QLD,176,Rankin,28371,HODGES,Jeffrey Dale,5,CRNT,Consumer Rights & No-Tolls,2050.0,85423.0,0.0239982206197394,CRNT,False,False,Rankin,0,-0.0160017793802606,2.63,0.0,7,,,,0,0.0,,2016-2019,2019,
2016,QLD,176,Rankin,29330,LAWRIE,Christopher,7,FFP,Family First,5011.0,85423.0,0.0586610163539093,FFP,False,False,Rankin,1,0.0186610163539093,2.63,13178.93,7,,,,0,0.0,,2016-2019,2019,0.0302156198168313
2016,QLD,177,Ryan,28334,QUINN,John Lawrence,1,DLP,Democratic Labour Party (DLP),1566.0,94764.0,0.0165252627580093,DLP,False,False,Ryan,0,-0.0234747372419907,2.63,0.0,6,,,,0,0.0,,2016-2019,2019,
2016,QLD,177,Ryan,29337,TODD,David,2,FFP,Family First,2389.0,94764.0,0.0252099953568865,FFP,False,False,Ryan,0,-0.014790004643113502,2.63,0.0,6,,,,0,0.0,,2016-2019,2019,0.0132339784852386
2016,QLD,177,Ryan,29341,GRYPHON,S,6,LDP,Liberal Democrats,2046.0,94764.0,0.0215904773964796,LDP,False,False,Ryan,0,-0.0184095226035204,2.63,0.0,6,,,,0,0.0,,2016-2019,2019,
2016,QLD,178,Wide Bay,29378,DEAN,Jannean,1,GLT,Glenn Lazarus Team,4082.0,89889.0,0.0454115631501073,GLT,False,False,Wide Bay,1,0.005411563150107296,2.63,10735.66,7,,,,0,0.0,,2016-2019,2019,
2016,QLD,178,Wide Bay,29389,COTTAM,Elise Anne,2,ON,Pauline Hanson's One Nation,14022.0,89889.0,0.1559923906150919,ON,False,False,Wide Bay,1,0.1159923906150919,2.63,36877.86,7,0.108296403613431,10166.0,93872.0,1,0.108296403613431,-0.0476959870016609,2016-2019,2019,
2016,QLD,178,Wide Bay,29221,MAYER,Bruce,6,FFP,Family First,2399.0,89889.0,0.026688471336871,FFP,False,False,Wide Bay,0,-0.013311528663129,2.63,0.0,7,,,,0,0.0,,2016-2019,2019,0.0150481517452813
2016,QLD,178,Wide Bay,29441,COOK,Barry,7,KAP,Katter's Australian Party,2357.0,89889.0,0.0262212284039203,KAP,False,False,Wide Bay,0,-0.013778771596079702,2.63,0.0,7,,,,0,0.0,,2016-2019,2019,0.0587650218233304
2016,QLD,316,Wright,29339,SMITH,Rod,2,ON,Pauline Hanson's One Nation,18461.0,88318.0,0.2090287370637922,ON,False,False,Wright,1,0.1690287370637922,2.63,48552.43,7,0.1401133208797333,13576.0,96893.0,1,0.1401133208797333,-0.06891541618405891,2016-2019,2019,
2016,QLD,316,Wright,28734,COX,John,5,MAP,Mature Australia,902.0,88318.0,0.0102130935936049,MAP,False,False,Wright,0,-0.0297869064063951,2.63,0.0,7,,,,0,0.0,,2016-2019,2019,
2016,QLD,316,Wright,29285,AUSTIN,Barry,6,FFP,Family First,3163.0,88318.0,0.035813763898639,FFP,False,False,Wright,0,-0.004186236101360999,2.63,0.0,7,,,,0,0.0,,2016-2019,2019,0.0258484022789199
2016,QLD,316,Wright,29615,STONE,Mark M,7,LDP,Liberal Democrats,1979.0,88318.0,0.0224076632170112,LDP,False,False,Wright,0,-0.017592336782988802,2.63,0.0,7,,,,0,0.0,,2016-2019,2019,
2016,SA,179,Adelaide,29059,RIVISH,Adrian,2,FFP,Family First,1832.0,95544.0,0.0191744117893326,FFP,False,False,Adelaide,0,-0.0208255882106674,2.63,0.0,7,,,,0,0.0,,2016-2019,2019,0.023716322603219
2016,SA,179,Adelaide,28465,TIDSWELL,Matt,3,AJP,Animal Justice Party,1292.0,95544.0,0.0135225655195512,AJP,False,False,Adelaide,0,-0.0264774344804488,2.63,0.0,7,0.0270010542913389,2894.0,107181.0,1,0.0270010542913389,0.013478488771787702,2016-2019,2019,
2016,SA,179,Adelaide,29464,LOCK,Tyrone,4,LDP,Liberal Democrats,1030.0,95544.0,0.010780373440509,LDP,False,False,Adelaide,0,-0.029219626559491,2.63,0.0,7,,,,0,0.0,,2016-2019,2019,
2016,SA,179,Adelaide,29128,HILL,Joe,7,XEN,Nick Xenophon Team,12283.0,95544.0,0.1285585698735661,XEN,False,False,Adelaide,1,0.08855856987356608,2.63,32304.289999999997,7,,,,0,0.0,,2016-2019,2019,
2016,SA,180,Barker,29122,STACEY,James,1,XEN,Nick Xenophon Team,27452.0,94445.0,0.2906665254910265,XEN,False,False,Barker,1,0.2506665254910265,2.63,72198.76,5,0.0291673764503246,3082.0,105666.0,1,0.0291673764503246,-0.26149914904070193,2016-2019,2019,
2016,SA,180,Barker,28965,ZEPPEL,Yvonne,3,FFP,Family First,5458.0,94445.0,0.0577902482926571,FFP,False,False,Barker,1,0.0177902482926571,2.63,14354.539999999999,5,,,,0,0.0,,2016-2019,2019,0.0796333924171025
2016,SA,182,Boothby,29120,HOCKLEY,Karen,1,XEN,Nick Xenophon Team,19688.0,95288.0,0.2066157333557216,XEN,False,False,Boothby,1,0.16661573335572158,2.63,51779.439999999995,8,,,,0,0.0,,2016-2019,2019,
2016,SA,182,Boothby,28373,ARMFIELD,Jamie,3,IND,Independent,664.0,95288.0,0.0069683485853412,IND,False,True,Boothby,0,-0.0330316514146588,2.63,0.0,8,0.0257105908100237,2843.0,110577.0,1,0.0257105908100237,0.0187422422246825,2016-2019,2019,
2016,SA,182,Boothby,28961,WHEATCROFT,Gary,4,FFP,Family First,2477.0,95288.0,0.0259948786835698,FFP,False,False,Boothby,0,-0.0140051213164302,2.63,0.0,8,,,,0,0.0,,2016-2019,2019,0.039053304632742
2016,SA,182,Boothby,28463,CARROLL,Evelyn,5,AJP,Animal Justice Party,1356.0,95288.0,0.0142305431953656,AJP,False,False,Boothby,0,-0.0257694568046344,2.63,0.0,8,0.0241912875191043,2675.0,110577.0,1,0.0241912875191043,0.0099607443237387,2016-2019,2019,
2016,SA,182,Boothby,28079,DE JONGE,Robert,8,IND,Independent,438.0,95288.0,0.0045965913861136,IND,False,True,Boothby,0,-0.0354034086138864,2.63,0.0,8,0.0257105908100237,2843.0,110577.0,1,0.0257105908100237,0.0211139994239101,2016-2019,2019,
2016,SA,183,Grey,28078,GOURLAY,Phillip,3,IND,Independent,1144.0,89876.0,0.0127286483599626,IND,False,True,Grey,0,-0.0272713516400374,2.63,0.0,6,0.0173712142449756,1797.0,103447.0,1,0.0173712142449756,0.004642565885013002,2016-2019,2019,0.0280651092486266
2016,SA,183,Grey,28962,KAMINSKI,Cheryl,4,FFP,Family First,3710.0,89876.0,0.0412790956428857,FFP,False,False,Grey,1,0.001279095642885697,2.63,9757.3,6,,,,0,0.0,,2016-2019,2019,0.0550247600139874
2016,SA,183,Grey,29134,BROADFOOT,Andrea,6,XEN,Nick Xenophon Team,24936.0,89876.0,0.2774489296363879,XEN,False,False,Grey,1,0.2374489296363879,2.63,65581.68,6,0.0514659680802729,5324.0,103447.0,1,0.0514659680802729,-0.225982961556115,2016-2019,2019,
2016,SA,185,Hindmarsh,29050,POTTER,Mark,3,FFP,Family First,1977.0,98032.0,0.0201668842826832,FFP,False,False,Hindmarsh,0,-0.0198331157173168,2.63,0.0,7,,,,0,0.0,,2016-2019,2019,0.0305005131026311
2016,SA,185,Hindmarsh,29132,KIRK,Daniel,4,XEN,Nick Xenophon Team,14774.0,98032.0,0.1507058919536477,XEN,False,False,Hindmarsh,1,0.11070589195364769,2.63,38855.619999999995,7,,,,0,0.0,,2016-2019,2019,
2016,SA,185,Hindmarsh,29063,WILLIAM,Marina,6,CDP,Christian Democratic Party (Fred Nile Group),499.0,98032.0,0.0050901746368532,CDP,False,False,Hindmarsh,0,-0.0349098253631468,2.63,0.0,7,,,,0,0.0,,2016-2019,2019,
2016,SA,185,Hindmarsh,28725,LIU,Bin,7,AJP,Animal Justice Party,1456.0,98032.0,0.0148522931287742,AJP,False,False,Hindmarsh,0,-0.0251477068712258,2.63,0.0,7,0.0295443072828231,3219.0,108955.0,1,0.0295443072828231,0.0146920141540489,2016-2019,2019,
2016,SA,186,Kingston,29088,DOECKE,Geoff,3,FFP,Family First,4048.0,93391.0,0.0433446477711985,FFP,False,False,Kingston,1,0.0033446477711985,2.63,10646.24,5,,,,0,0.0,,2016-2019,2019,0.0587606594656054
2016,SA,186,Kingston,29152,CAREY,Damian,4,XEN,Nick Xenophon Team,16059.0,93391.0,0.1719544709875684,XEN,False,False,Kingston,1,0.13195447098756838,2.63,42235.17,5,,,,0,0.0,,2016-2019,2019,
2016,SA,187,Makin,28986,COOMBE,Paul,3,FFP,Family First,4273.0,94070.0,0.0454236207079834,FFP,False,False,Makin,1,0.005423620707983398,2.63,11237.99,7,,,,0,0.0,,2016-2019,2019,0.0640967054010532
2016,SA,187,Makin,27986,ALDRIDGE,Mark,4,IND,Independent,2126.0,94070.0,0.0226001913468693,IND,False,True,Makin,0,-0.0173998086531307,2.63,0.0,7,,,,0,0.0,,2016-2019,2019,
2016,SA,187,Makin,28966,GREENBERG,Zarina,5,AJP,Animal Justice Party,1479.0,94070.0,0.0157223344318061,AJP,False,False,Makin,0,-0.024277665568193902,2.63,0.0,7,0.0362310691258059,3866.0,106704.0,1,0.0362310691258059,0.0205087346939998,2016-2019,2019,
2016,SA,187,Makin,29144,BOSSIE,Craig,7,XEN,Nick Xenophon Team,15614.0,94070.0,0.1659827787817582,XEN,False,False,Makin,1,0.1259827787817582,2.63,41064.82,7,,,,0,0.0,,2016-2019,2019,
2016,SA,188,Mayo,29142,SHARKIE,Rebekha,2,XEN,Nick Xenophon Team,33158.0,95116.0,0.3486059127801842,XEN,False,False,Mayo,1,0.30860591278018423,2.63,87205.54,6,0.3419095459547729,38525.0,112676.0,1,0.3419095459547729,-0.006696366825411304,2016-2019,2019,
2016,SA,188,Mayo,29174,DZIVINSKI,Luke,3,LDP,Liberal Democrats,1148.0,95116.0,0.0120694730644686,LDP,False,False,Mayo,0,-0.0279305269355314,2.63,0.0,6,,,,0,0.0,,2016-2019,2019,
2016,SA,188,Mayo,28992,HICKS,Bruce,6,FFP,Family First,4375.0,95116.0,0.0459964674712982,FFP,False,False,Mayo,1,0.0059964674712982,2.63,11506.25,6,,,,0,0.0,,2016-2019,2019,0.0713816869051526
2016,SA,189,Port Adelaide,29085,HAMBOUR,Bruce,2,FFP,Family First,4483.0,96009.0,0.0466935391473716,FFP,False,False,Spence,1,0.006693539147371599,2.63,11790.289999999999,7,,,,0,0.0,,2016-2019,2019,0.0751986285563577
2016,SA,189,Port Adelaide,28464,CLIPSTONE,Janine,3,AJP,Animal Justice Party,2078.0,96009.0,0.021643804226687,AJP,False,False,Spence,0,-0.018356195773313,2.63,0.0,7,0.035678792470653,3626.0,101629.0,1,0.035678792470653,0.014034988243965995,2016-2019,2019,
2016,SA,189,Port Adelaide,29094,SALT,Jenalie,4,CDP,Christian Democratic Party (Fred Nile Group),597.0,96009.0,0.0062181670468393,CDP,False,False,Spence,0,-0.0337818329531607,2.63,0.0,7,,,,0,0.0,,2016-2019,2019,
2016,SA,189,Port Adelaide,29166,SLATTERY,Michael,7,XEN,Nick Xenophon Team,17970.0,96009.0,0.1871699528169234,XEN,False,False,Spence,1,0.14716995281692338,2.63,47261.1,7,,,,0,0.0,,2016-2019,2019,
2016,SA,190,Sturt,29158,WRIGHT,Matthew,1,XEN,Nick Xenophon Team,19684.0,93032.0,0.2115831111875483,XEN,False,False,Sturt,1,0.1715831111875483,2.63,51768.92,7,,,,0,0.0,,2016-2019,2019,
2016,SA,190,Sturt,28458,RUSSELL,Geoff,3,AJP,Animal Justice Party,1220.0,93032.0,0.0131137673058732,AJP,False,False,Sturt,0,-0.0268862326941268,2.63,0.0,7,0.0170050668902416,1866.0,109732.0,1,0.0170050668902416,0.0038912995843683983,2016-2019,2019,
2016,SA,190,Sturt,29027,BOWYER,Craig,4,FFP,Family First,2912.0,93032.0,0.0313010577005761,FFP,False,False,Sturt,0,-0.008698942299423904,2.63,0.0,7,,,,0,0.0,,2016-2019,2019,0.0392331649553743
2016,SA,190,Sturt,28010,AITCHISON,Neil,7,IND,Independent,637.0,93032.0,0.006847106372001,IND,False,True,Sturt,0,-0.033152893627999,2.63,0.0,7,0.0264827033135275,2906.0,109732.0,1,0.0264827033135275,0.0196355969415265,2016-2019,2019,
2016,SA,191,Wakefield,29164,INWOOD,Richard,1,XEN,Nick Xenophon Team,19592.0,95933.0,0.2042258659689575,XEN,False,False,Fraser,1,0.1642258659689575,2.63,51526.96,7,,,,0,0.0,,2016-2019,2019,
2016,SA,191,Wakefield,29092,PHILLIPS,Marilyn,2,FFP,Family First,5396.0,95933.0,0.0562475894634797,FFP,False,False,Fraser,1,0.0162475894634797,2.63,14191.48,7,,,,0,0.0,,2016-2019,2019,0.0598348926802421
2016,SA,191,Wakefield,29137,ANDERSON,Ralph,6,CDP,Christian Democratic Party (Fred Nile Group),619.0,95933.0,0.0064524199180678,CDP,False,False,Fraser,0,-0.033547580081932205,2.63,0.0,7,,,,0,0.0,,2016-2019,2019,
2016,SA,191,Wakefield,28208,BOLTON,John,7,IND,Independent,2728.0,95933.0,0.0284365129830194,IND,False,True,Fraser,0,-0.011563487016980602,2.63,0.0,7,0.0573255977268553,5306.0,92559.0,1,0.0573255977268553,0.028889084743835898,2016-2019,2019,0.0410456796917996
2016,TAS,192,Bass,28456,RAMAGE,Roy,2,REP,Renewable Energy Party,1613.0,66175.0,0.0243747638836418,REP,False,False,Bass,0,-0.0156252361163582,2.63,0.0,6,,,,0,0.0,,2016-2019,2019,
2016,TAS,192,Bass,29358,BEATTIE,Malcolm Peter,4,CDP,Christian Democratic Party (Fred Nile Group),1765.0,66175.0,0.0266717038156403,CDP,False,False,Bass,0,-0.013328296184359701,2.63,0.0,6,,,,0,0.0,,2016-2019,2019,
2016,TAS,192,Bass,28222,TAPSELL,Mark,6,ARF,Australian Recreational Fishers Party,3231.0,66175.0,0.0488250850018889,ARF,False,False,Bass,1,0.008825085001888902,2.63,8497.529999999999,6,,,,0,0.0,,2016-2019,2019,
2016,TAS,193,Braddon,28218,SALTMARSH,Glen,2,ARF,Australian Recreational Fishers Party,3701.0,64672.0,0.0572272389905987,ARF,False,False,Braddon,1,0.0172272389905987,2.63,9733.63,7,,,,0,0.0,,2016-2019,2019,
2016,TAS,193,Braddon,29353,HODGE,Graham,5,CDP,Christian Democratic Party (Fred Nile Group),1151.0,64672.0,0.0177975012370113,CDP,False,False,Braddon,0,-0.0222024987629887,2.63,0.0,7,,,,0,0.0,,2016-2019,2019,
2016,TAS,193,Braddon,28450,RICE,Clinton,6,REP,Renewable Energy Party,1343.0,64672.0,0.0207663285502226,REP,False,False,Braddon,0,-0.0192336714497774,2.63,0.0,7,,,,0,0.0,,2016-2019,2019,
2016,TAS,193,Braddon,28413,BOAG,Joshua,7,LDP,Liberal Democrats,1380.0,64672.0,0.021338446313706,LDP,False,False,Braddon,0,-0.018661553686294,2.63,0.0,7,,,,0,0.0,,2016-2019,2019,
2016,TAS,194,Denison,29406,EXCELL,Amanda,1,CDP,Christian Democratic Party (Fred Nile Group),980.0,66654.0,0.0147027935307708,CDP,False,False,Clark,0,-0.0252972064692292,2.63,0.0,6,,,,0,0.0,,2016-2019,2019,
2016,TAS,194,Denison,29361,WILLIAMS,Wayne,4,DLP,Democratic Labour Party (DLP),632.0,66654.0,0.009481801542293,DLP,False,False,Clark,0,-0.030518198457707,2.63,0.0,6,,,,0,0.0,,2016-2019,2019,0.0085460856151176
2016,TAS,194,Denison,20881,WILKIE,Andrew,5,IND,Independent,29372.0,66654.0,0.4406637261079605,IND,False,True,Clark,1,0.4006637261079605,2.63,77248.36,6,0.5004521130727383,33761.0,67461.0,1,0.5004521130727383,0.059788386964777784,2016-2019,2019,0.380840725028924
2016,TAS,195,Franklin,28152,SANDERSON,Tim,1,ARTS,The Arts Party,1673.0,69607.0,0.0240349390147542,ARTS,False,False,Franklin,0,-0.0159650609852458,2.63,0.0,5,,,,0,0.0,,2016-2019,2019,
2016,TAS,195,Franklin,29503,MUSKETT,George James,5,CDP,Christian Democratic Party (Fred Nile Group),1375.0,69607.0,0.0197537603976611,CDP,False,False,Franklin,0,-0.0202462396023389,2.63,0.0,5,,,,0,0.0,,2016-2019,2019,
2016,TAS,196,Lyons,28220,SHAY,Shelley,2,ARF,Australian Recreational Fishers Party,4322.0,68515.0,0.0630810771363934,ARF,False,False,Lyons,1,0.023081077136393395,2.63,11366.859999999999,6,,,,0,0.0,,2016-2019,2019,
2016,TAS,196,Lyons,28453,LIVINGSTON,Duncan,3,REP,Renewable Energy Party,1578.0,68515.0,0.0230314529665036,REP,False,False,Lyons,0,-0.0169685470334964,2.63,0.0,6,,,,0,0.0,,2016-2019,2019,
2016,TAS,196,Lyons,29349,MAWER,Gene,5,CDP,Christian Democratic Party (Fred Nile Group),1074.0,68515.0,0.0156753995475443,CDP,False,False,Lyons,0,-0.0243246004524557,2.63,0.0,6,,,,0,0.0,,2016-2019,2019,
2016,VIC,197,Aston,28872,MARTIN,Daniel Edward,2,FFP,Family First Party,2762.0,85586.0,0.0322716332110391,FFP,False,False,Aston,0,-0.007728366788960904,2.63,0.0,7,,,,0,0.0,,2016-2019,2019,0.0276772008764837
2016,VIC,197,Aston,28212,HUPPERT,Daniel,3,IND,Independent,2104.0,85586.0,0.0245834599116677,IND,False,True,Aston,0,-0.0154165400883323,2.63,0.0,7,,,,0,0.0,,2016-2019,2019,
2016,VIC,197,Aston,28748,MOORE,Joel,4,LDP,Liberal Democrats,1198.0,85586.0,0.0139976164325941,LDP,False,False,Aston,0,-0.0260023835674059,2.63,0.0,7,,,,0,0.0,,2016-2019,2019,
2016,VIC,197,Aston,28205,LAVIN,Rosemary,5,AJP,Animal Justice Party,2211.0,85586.0,0.0258336643843619,AJP,False,False,Aston,0,-0.014166335615638102,2.63,0.0,7,,,,0,0.0,,2016-2019,2019,
2016,VIC,198,Ballarat,28784,COLBERT,Dianne,1,AUC,Australian Christians,2023.0,97707.0,0.0207047601502451,AUC,False,False,Ballarat,0,-0.0192952398497549,2.63,0.0,8,,,,0,0.0,,2016-2019,2019,0.0121606183871966
2016,VIC,198,Ballarat,29522,ECKEL,Bren,4,IND,Independent,1802.0,97707.0,0.0184428955960166,IND,False,True,Ballarat,0,-0.0215571044039834,2.63,0.0,8,0.0160201786079487,1645.0,102683.0,1,0.0160201786079487,-0.0024227169880679,2016-2019,2019,
2016,VIC,198,Ballarat,29009,HOWARD,Graham,6,FFP,Family First Party,1896.0,97707.0,0.0194049556326568,FFP,False,False,Ballarat,0,-0.0205950443673432,2.63,0.0,8,,,,0,0.0,,2016-2019,2019,0.0121606183871966
2016,VIC,198,Ballarat,28629,TRAN,Tran,7,RUA,Rise Up Australia Party,1121.0,97707.0,0.0114730776709959,RUA,False,False,Ballarat,0,-0.0285269223290041,2.63,0.0,8,,,,0,0.0,,2016-2019,2019,0.0024449355668727
2016,VIC,199,Batman,24747,SUTTON,Philip,1,IND,Independent,1509.0,90101.0,0.016747871832721,IND,False,True,Cooper,0,-0.023252128167279,2.63,0.0,11,0.0170289594895415,1660.0,97481.0,1,0.0170289594895415,0.0002810876568205001,2016-2019,2019,
2016,VIC,199,Batman,28339,OLDIS,Maurice,2,REP,Renewable Energy Party,593.0,90101.0,0.0065815029799891,REP,False,False,Cooper,0,-0.0334184970200109,2.63,0.0,11,,,,0,0.0,,2016-2019,2019,
2016,VIC,199,Batman,29004,MURRAY,Joel,3,ASXP,Australian Sex Party,2317.0,90101.0,0.0257155858425544,ASXP,False,False,Cooper,0,-0.0142844141574456,2.63,0.0,11,,,,0,0.0,,2016-2019,2019,0.0258208586754045
2016,VIC,199,Batman,29206,HAYWARD,Russell,5,AUP,Australian Progressives,282.0,90101.0,0.0031298209786794,AUP,False,False,Cooper,0,-0.0368701790213206,2.63,0.0,11,,,,0,0.0,,2016-2019,2019,
2016,VIC,199,Batman,29517,CICUTO,Geoffrey,6,CYC,Australian Cyclists Party,386.0,90101.0,0.0042840811977669,CYC,False,False,Cooper,0,-0.0357159188022331,2.63,0.0,11,,,,0,0.0,,2016-2019,2019,
2016,VIC,199,Batman,28180,EVANS,Caitlin,9,AJP,Animal Justice Party,1503.0,90101.0,0.0166812798970044,AJP,False,False,Cooper,0,-0.0233187201029956,2.63,0.0,11,0.0253998215036776,2476.0,97481.0,1,0.0253998215036776,0.008718541606673198,2016-2019,2019,0.0140269766815539
2016,VIC,199,Batman,23652,GUARDIANI,Franco,10,IND,Independent,480.0,90101.0,0.0053273548573267,IND,False,True,Cooper,0,-0.0346726451426733,2.63,0.0,11,0.0170289594895415,1660.0,97481.0,1,0.0170289594895415,0.0117016046322148,2016-2019,2019,
2016,VIC,199,Batman,28900,SYBER,Elizabeth,11,AEQ,Marriage Equality,682.0,90101.0,0.0075692833597851,AEQ,False,False,Cooper,0,-0.0324307166402149,2.63,0.0,11,,,,0,0.0,,2016-2019,2019,
2016,VIC,200,Bendigo,28605,CADDY,Sandy,3,RUA,Rise Up Australia Party,2058.0,97503.0,0.0211070428602196,RUA,False,False,Bendigo,0,-0.0188929571397804,2.63,0.0,8,0.0144008026676896,1464.0,101661.0,1,0.0144008026676896,-0.006706240192529999,2016-2019,2019,0.0053934867432635
2016,VIC,200,Bendigo,28171,PARRAMORE,Ruth,6,AJP,Animal Justice Party,2146.0,97503.0,0.0220095791924351,AJP,False,False,Bendigo,0,-0.0179904208075649,2.63,0.0,8,,,,0,0.0,,2016-2019,2019,
2016,VIC,200,Bendigo,23618,DONLON,Anita Erika,7,IND,Independent,1922.0,97503.0,0.0197122139831594,IND,False,True,Bendigo,0,-0.0202877860168406,2.63,0.0,8,,,,0,0.0,,2016-2019,2019,0.0058906819139852
2016,VIC,200,Bendigo,23618,DONLON,Anita Erika,7,IND,Independent,1922.0,97503.0,0.0197122139831594,IND,False,True,Bendigo,0,-0.0202877860168406,2.63,0.0,8,,,,0,0.0,,2016-2019,2019,0.0027994249829764
2016,VIC,200,Bendigo,28906,HOWARD,Alan,8,FFP,Family First Party,2732.0,97503.0,0.028019650677415,FFP,False,False,Bendigo,0,-0.011980349322585002,2.63,0.0,8,,,,0,0.0,,2016-2019,2019,0.0111976999319058
2016,VIC,201,Bruce,28193,LEITH,Douglas Ronald,1,AJP,Animal Justice Party,1944.0,83012.0,0.0234183009685346,AJP,False,False,Bruce,0,-0.0165816990314654,2.63,0.0,7,,,,0,0.0,,2016-2019,2019,
2016,VIC,201,Bruce,29002,FOGGIE,Nathan,4,FFP,Family First Party,2870.0,83012.0,0.0345733147014889,FFP,False,False,Bruce,0,-0.005426685298511098,2.63,0.0,7,,,,0,0.0,,2016-2019,2019,0.0264504809728356
2016,VIC,201,Bruce,29544,JARVIS-WILLS,Jill,5,REP,Renewable Energy Party,816.0,83012.0,0.0098299041102491,REP,False,False,Bruce,0,-0.0301700958897509,2.63,0.0,7,,,,0,0.0,,2016-2019,2019,
2016,VIC,201,Bruce,29529,RONCAN,Alan,7,DRF,Drug Law Reform,1440.0,83012.0,0.0173468896063219,DRF,False,False,Bruce,0,-0.0226531103936781,2.63,0.0,7,,,,0,0.0,,2016-2019,2019,
2016,VIC,203,Calwell,28197,SEARLS,Megan Deanne,4,AJP,Animal Justice Party,3229.0,89848.0,0.0359384738669753,AJP,False,False,Calwell,0,-0.004061526133024698,2.63,0.0,5,,,,0,0.0,,2016-2019,2019,
2016,VIC,203,Calwell,28366,LAKKIS,Michael Amon,5,IND,Independent,3115.0,89848.0,0.0346696643219659,IND,False,True,Calwell,0,-0.0053303356780341,2.63,0.0,5,,,,0,0.0,,2016-2019,2019,
2016,VIC,204,Casey,28210,BACON,Kristin,2,AJP,Animal Justice Party,4176.0,92231.0,0.0452776181544166,AJP,False,False,Casey,1,0.005277618154416602,2.63,10982.88,6,0.0311034980165885,3105.0,99828.0,1,0.0311034980165885,-0.014174120137828101,2016-2019,2019,
2016,VIC,204,Casey,28237,CHARLETON,Peter,4,IND,Independent,2878.0,92231.0,0.0312042588717459,IND,False,True,Casey,0,-0.008795741128254101,2.63,0.0,6,0.0230596626197058,2302.0,99828.0,1,0.0230596626197058,-0.008144596252040101,2016-2019,2019,0.0153396062307266
2016,VIC,204,Casey,28606,DORIAN,Angela,6,RUA,Rise Up Australia Party,2551.0,92231.0,0.027658813197298,RUA,False,False,Casey,0,-0.012341186802702,2.63,0.0,6,0.0082141283006771,820.0,99828.0,1,0.0082141283006771,-0.0194446848966209,2016-2019,2019,0.0050378971862327
2016,VIC,205,Chisholm,28614,VASSILIOU,Melanie,1,RUA,Rise Up Australia Party,1712.0,86720.0,0.0197416974169741,RUA,False,False,Chisholm,0,-0.0202583025830259,2.63,0.0,6,0.0060155920775389,571.0,94920.0,1,0.0060155920775389,-0.013726105339435201,2016-2019,2019,0.0075485721585432
2016,VIC,205,Chisholm,28194,WALSHE,Nyree,2,AJP,Animal Justice Party,1799.0,86720.0,0.0207449261992619,AJP,False,False,Chisholm,0,-0.019255073800738102,2.63,0.0,6,0.0187526337968815,1780.0,94920.0,1,0.0187526337968815,-0.0019922924023803995,2016-2019,2019,
2016,VIC,205,Chisholm,29012,McCRACKEN,Craig,3,FFP,Family First Party,2137.0,86720.0,0.0246425276752767,FFP,False,False,Chisholm,0,-0.0153574723247233,2.63,0.0,6,,,,0,0.0,,2016-2019,2019,0.0110209153514731
2016,VIC,207,Corangamite,29546,LAWRENCE,Michael,1,IND,Independent,1519.0,98417.0,0.0154343253706168,IND,False,True,Corangamite,0,-0.0245656746293832,2.63,0.0,10,0.0504920291281243,5131.0,101620.0,1,0.0504920291281243,0.0350577037575075,2016-2019,2019,0.0074783676900033
2016,VIC,207,Corangamite,28929,BARRON,Alan,2,FFP,Family First Party,1906.0,98417.0,0.0193665728481867,FFP,False,False,Corangamite,0,-0.0206334271518133,2.63,0.0,10,,,,0,0.0,,2016-2019,2019,0.0097843773235202
2016,VIC,207,Corangamite,28620,STEEL,Nick,3,RUA,Rise Up Australia Party,847.0,98417.0,0.0086062367273946,RUA,False,False,Corangamite,0,-0.0313937632726054,2.63,0.0,10,0.0109919307222987,1117.0,101620.0,1,0.0109919307222987,0.0023856939949041013,2016-2019,2019,0.0029417786446266
2016,VIC,207,Corangamite,28765,ROWE,Louis,4,LDP,Liberal Democrats,871.0,98417.0,0.0088500970360811,LDP,False,False,Corangamite,0,-0.031149902963918903,2.63,0.0,10,,,,0,0.0,,2016-2019,2019,
2016,VIC,207,Corangamite,29386,NELSON,Patrice,6,DHJP,Derryn Hinch's Justice Party,3039.0,98417.0,0.030878811587429,DHJP,False,False,Corangamite,0,-0.009121188412571,2.63,0.0,10,0.0268057469002164,2724.0,101620.0,1,0.0268057469002164,-0.0040730646872126006,2016-2019,2019,
2016,VIC,207,Corangamite,28173,MEDDICK,Andy,7,AJP,Animal Justice Party,1739.0,98417.0,0.0176697115335765,AJP,False,False,Corangamite,0,-0.0223302884664235,2.63,0.0,10,0.0210883684314111,2143.0,101620.0,1,0.0210883684314111,0.003418656897834601,2016-2019,2019,
2016,VIC,207,Corangamite,29305,DALTON,Courtney,8,DRF,Drug Law Reform,1269.0,98417.0,0.012894113821799,DRF,False,False,Corangamite,0,-0.027105886178201,2.63,0.0,10,,,,0,0.0,,2016-2019,2019,
2016,VIC,208,Corio,28741,BULL,Sue,2,SAL,Socialist Alliance,1101.0,94435.0,0.0116588129401175,SAL,False,False,Corio,0,-0.0283411870598825,2.63,0.0,7,,,,0,0.0,,2016-2019,2019,0.0075232956245221
2016,VIC,208,Corio,28607,PUVIMANASINGHE,Ash,4,RUA,Rise Up Australia Party,1869.0,94435.0,0.0197913909037962,RUA,False,False,Corio,0,-0.0202086090962038,2.63,0.0,7,,,,0,0.0,,2016-2019,2019,0.0040331069327335
2016,VIC,208,Corio,28309,MORAN,Jeff,5,BTA,Bullet Train For Australia,1138.0,94435.0,0.0120506168263885,BTA,False,False,Corio,0,-0.0279493831736115,2.63,0.0,7,,,,0,0.0,,2016-2019,2019,
2016,VIC,208,Corio,28185,OVEREND,Jamie,6,AJP,Animal Justice Party,2948.0,94435.0,0.0312172393709959,AJP,False,False,Corio,0,-0.0087827606290041,2.63,0.0,7,,,,0,0.0,,2016-2019,2019,
2016,VIC,209,Deakin,28787,DOBBY,Karen,2,AUC,Australian Christians,2096.0,90268.0,0.0232197456462976,AUC,False,False,Deakin,0,-0.016780254353702402,2.63,0.0,6,,,,0,0.0,,2016-2019,2019,0.0192429737080689
2016,VIC,209,Deakin,28206,BROWNE,Vanessa,5,AJP,Animal Justice Party,2394.0,90268.0,0.0265210262773075,AJP,False,False,Deakin,0,-0.013478973722692501,2.63,0.0,6,0.0201914278958352,1964.0,97269.0,1,0.0201914278958352,-0.0063295983814723004,2016-2019,2019,
2016,VIC,209,Deakin,29075,COOMBES,Gary John,6,FFP,Family First Party,2009.0,90268.0,0.0222559489520095,FFP,False,False,Deakin,0,-0.0177440510479905,2.63,0.0,6,,,,0,0.0,,2016-2019,2019,0.013599274705349
2016,VIC,210,Dunkley,29381,STANFIELD,Ruth,1,DHJP,Derryn Hinch's Justice Party,5510.0,89293.0,0.0617069647116795,DHJP,False,False,Dunkley,1,0.021706964711679502,2.63,14491.3,11,0.0519168009253521,5027.0,96828.0,1,0.0519168009253521,-0.009790163786327404,2016-2019,2019,
2016,VIC,210,Dunkley,28922,RATHBONE,Michael,4,FFP,Family First Party,1393.0,89293.0,0.0156003270133157,FFP,False,False,Dunkley,0,-0.0243996729866843,2.63,0.0,11,,,,0,0.0,,2016-2019,2019,0.0191279823503991
2016,VIC,210,Dunkley,28352,BAILLIEU,Sally,6,ARTS,The Arts Party,542.0,89293.0,0.0060699046957768,ARTS,False,False,Dunkley,0,-0.0339300953042232,2.63,0.0,11,,,,0,0.0,,2016-2019,2019,
2016,VIC,210,Dunkley,28707,TREGENZA,Lin,7,RUA,Rise Up Australia Party,682.0,89293.0,0.0076377767574165,RUA,False,False,Dunkley,0,-0.032362223242583504,2.63,0.0,11,0.0097905564506134,948.0,96828.0,1,0.0097905564506134,0.0021527796931968997,2016-2019,2019,0.0054245229376577
2016,VIC,210,Dunkley,28169,JACK,Tyson,8,AJP,Animal Justice Party,1926.0,89293.0,0.0215694399337014,AJP,False,False,Dunkley,0,-0.0184305600662986,2.63,0.0,11,0.0305799975213781,2961.0,96828.0,1,0.0305799975213781,0.009010557587676701,2016-2019,2019,
2016,VIC,210,Dunkley,28140,TOSCANO,Joseph,9,IND,Independent,1132.0,89293.0,0.012677365526973,IND,False,True,Dunkley,0,-0.027322634473027,2.63,0.0,11,,,,0,0.0,,2016-2019,2019,0.0084154024609366
2016,VIC,210,Dunkley,28140,TOSCANO,Joseph,9,IND,Independent,1132.0,89293.0,0.012677365526973,IND,False,True,Dunkley,0,-0.027322634473027,2.63,0.0,11,,,,0,0.0,,2016-2019,2019,0.0058680373916801
2016,VIC,210,Dunkley,28806,WILMS,Tim,10,LDP,Liberal Democrats,1037.0,89293.0,0.0116134523422888,LDP,False,False,Dunkley,0,-0.028386547657711203,2.63,0.0,11,,,,0,0.0,,2016-2019,2019,
2016,VIC,210,Dunkley,28810,REANEY,Jeff,11,AUC,Australian Christians,677.0,89293.0,0.0075817813266437,AUC,False,False,Dunkley,0,-0.0324182186733563,2.63,0.0,11,,,,0,0.0,,2016-2019,2019,
2016,VIC,211,Flinders,28808,GENTLE,Yvonne,1,RUA,Rise Up Australia Party,3381.0,101574.0,0.0332860771457262,RUA,False,False,Flinders,0,-0.006713922854273802,2.63,0.0,6,,,,0,0.0,,2016-2019,2019,0.0051213253691932
2016,VIC,211,Flinders,28009,LEWIS,Shane W,2,IND,Independent,3107.0,101574.0,0.0305885364364896,IND,False,True,Flinders,0,-0.0094114635635104,2.63,0.0,6,0.0096955194322963,940.0,96952.0,1,0.0096955194322963,-0.0208930170041933,2016-2019,2019,0.0075382502315776
2016,VIC,211,Flinders,28009,LEWIS,Shane W,2,IND,Independent,3107.0,101574.0,0.0305885364364896,IND,False,True,Flinders,0,-0.0094114635635104,2.63,0.0,6,0.0096955194322963,940.0,96952.0,1,0.0096955194322963,-0.0208930170041933,2016-2019,2019,0.0050893836309238
2016,VIC,211,Flinders,28196,WILD,Ben,6,AJP,Animal Justice Party,4347.0,101574.0,0.042796384901648,AJP,False,False,Flinders,1,0.0027963849016479983,2.63,11432.609999999999,6,0.0237643369915009,2304.0,96952.0,1,0.0237643369915009,-0.0190320479101471,2016-2019,2019,
2016,VIC,212,Gellibrand,27990,TRAN,David,4,IND,Independent,4615.0,92417.0,0.0499366999577999,IND,False,True,Gellibrand,1,0.009936699957799902,2.63,12137.449999999999,4,,,,0,0.0,,2016-2019,2019,
2016,VIC,213,Gippsland,28690,DORIAN,Peter,2,RUA,Rise Up Australia Party,1513.0,89292.0,0.0169444071137391,RUA,False,False,Gippsland,0,-0.0230555928862609,2.63,0.0,10,,,,0,0.0,,2016-2019,2019,0.0041508793756715
2016,VIC,213,Gippsland,28984,SINDT,Christine,4,IND,Independent,1379.0,89292.0,0.0154437127626215,IND,False,True,Gippsland,0,-0.024556287237378502,2.63,0.0,10,0.0314756200997124,3043.0,96678.0,1,0.0314756200997124,0.016031907337090902,2016-2019,2019,0.0225301136684951
2016,VIC,213,Gippsland,28967,HEATH,Brian,5,FFP,Family First Party,3068.0,89292.0,0.0343591811136496,FFP,False,False,Gippsland,0,-0.005640818886350402,2.63,0.0,10,,,,0,0.0,,2016-2019,2019,0.0179946841599276
2016,VIC,213,Gippsland,29051,SMITH,Cherie,6,IND,Independent,1577.0,89292.0,0.0176611566545715,IND,False,True,Gippsland,0,-0.022338843345428502,2.63,0.0,10,0.0314756200997124,3043.0,96678.0,1,0.0314756200997124,0.013814463445140902,2016-2019,2019,0.0225301136684951
2016,VIC,213,Gippsland,28791,BELSAR,Ashleigh,8,AUC,Australian Christians,746.0,89292.0,0.0083546118353267,AUC,False,False,Gippsland,0,-0.0316453881646733,2.63,0.0,10,,,,0,0.0,,2016-2019,2019,
2016,VIC,213,Gippsland,27995,GARDNER,Peter,9,REP,Renewable Energy Party,1384.0,89292.0,0.015499708820499,REP,False,False,Gippsland,0,-0.024500291179501,2.63,0.0,10,,,,0,0.0,,2016-2019,2019,
2016,VIC,213,Gippsland,28757,BUCKLEY,Ben,10,LDP,Liberal Democrats,4444.0,89292.0,0.0497692962415445,LDP,False,False,Gippsland,1,0.009769296241544496,2.63,11687.72,10,,,,0,0.0,,2016-2019,2019,0.0533393654922807
2016,VIC,214,Goldstein,28957,BISHOP,Trevor,2,FFP,Family First Party,1549.0,93540.0,0.0165597605302544,FFP,False,False,Goldstein,0,-0.0234402394697456,2.63,0.0,6,,,,0,0.0,,2016-2019,2019,0.0082900067335607
2016,VIC,214,Goldstein,28192,CHELLAPPAH,Naren,3,AJP,Animal Justice Party,2222.0,93540.0,0.0237545435107975,AJP,False,False,Goldstein,0,-0.0162454564892025,2.63,0.0,6,,,,0,0.0,,2016-2019,2019,
2016,VIC,214,Goldstein,29351,KAVANAGH,Lee,4,DRF,Drug Law Reform,1738.0,93540.0,0.0185802865084455,DRF,False,False,Goldstein,0,-0.021419713491554502,2.63,0.0,6,,,,0,0.0,,2016-2019,2019,
2016,VIC,215,Higgins,28191,O'BRIEN,Rebecca,1,AEQ,Marriage Equality,1265.0,90291.0,0.0140102557286994,AEQ,False,False,Higgins,0,-0.025989744271300602,2.63,0.0,8,,,,0,0.0,,2016-2019,2019,
2016,VIC,215,Higgins,29382,TREGEAR,Jessica,2,DHJP,Derryn Hinch's Justice Party,1264.0,90291.0,0.0139991804277281,DHJP,False,False,Higgins,0,-0.0260008195722719,2.63,0.0,8,,,,0,0.0,,2016-2019,2019,
2016,VIC,215,Higgins,28764,KENNEDY,Robert,5,LDP,Liberal Democrats,1093.0,90291.0,0.0121053039616351,LDP,False,False,Higgins,0,-0.0278946960383649,2.63,0.0,8,,,,0,0.0,,2016-2019,2019,
2016,VIC,215,Higgins,28677,BASSETT,Nancy,7,XEN,Nick Xenophon Team,2007.0,90291.0,0.0222281290494069,XEN,False,False,Higgins,0,-0.0177718709505931,2.63,0.0,8,,,,0,0.0,,2016-2019,2019,
2016,VIC,215,Higgins,28195,GULLONE,Eleonora,8,AJP,Animal Justice Party,1344.0,90291.0,0.0148852045054324,AJP,False,False,Higgins,0,-0.0251147954945676,2.63,0.0,8,0.0172077469694858,1729.0,100478.0,1,0.0172077469694858,0.0023225424640534002,2016-2019,2019,
2016,VIC,216,Holt,28618,ROBERTSON,Colin,1,RUA,Rise Up Australia Party,4416.0,99630.0,0.0443239987955435,RUA,False,False,Holt,1,0.004323998795543502,2.63,11614.08,5,,,,0,0.0,,2016-2019,2019,0.0104335573621998
2016,VIC,216,Holt,28942,BULL,Neil,3,FFP,Family First Party,5614.0,99630.0,0.05634848941082,FFP,False,False,Holt,1,0.016348489410819997,2.63,14764.82,5,,,,0,0.0,,2016-2019,2019,0.0249600214709862
2016,VIC,217,Hotham,28174,JEGES,Helen Ann,2,AJP,Animal Justice Party,2593.0,87164.0,0.0297485200312055,AJP,False,False,Hotham,0,-0.0102514799687945,2.63,0.0,6,,,,0,0.0,,2016-2019,2019,
2016,VIC,217,Hotham,28924,RATHBONE,Tatiana,5,FFP,Family First Party,2106.0,87164.0,0.0241613510164746,FFP,False,False,Hotham,0,-0.0158386489835254,2.63,0.0,6,,,,0,0.0,,2016-2019,2019,0.0211496178410637
2016,VIC,217,Hotham,28619,VASSILIOU,Peter,6,RUA,Rise Up Australia Party,2030.0,87164.0,0.0232894314166398,RUA,False,False,Hotham,0,-0.016710568583360202,2.63,0.0,6,0.0118287645512579,1134.0,95868.0,1,0.0118287645512579,-0.011460666865381898,2016-2019,2019,0.0161937667957979
2016,VIC,218,Indi,28007,LAPPIN,Alan James,1,IND,Independent,1757.0,90137.0,0.0194925502290957,IND,False,True,Indi,0,-0.0205074497709043,2.63,0.0,10,0.3235468917152027,32664.0,100956.0,1,0.3235468917152027,0.304054341486107,2016-2019,2019,0.3117931785766427
2016,VIC,218,Indi,28007,LAPPIN,Alan James,1,IND,Independent,1757.0,90137.0,0.0194925502290957,IND,False,True,Indi,0,-0.0205074497709043,2.63,0.0,10,0.3235468917152027,32664.0,100956.0,1,0.3235468917152027,0.304054341486107,2016-2019,2019,0.0094448749480588
2016,VIC,218,Indi,28751,QUILTY,Tim,4,LDP,Liberal Democrats,886.0,90137.0,0.0098294817888325,LDP,False,False,Indi,0,-0.0301705182111675,2.63,0.0,10,,,,0,0.0,,2016-2019,2019,
2016,VIC,218,Indi,23288,McGOWAN,Cathy,5,IND,Independent,31336.0,90137.0,0.3476485793847144,IND,False,True,Indi,1,0.3076485793847144,2.63,82413.68,10,0.3235468917152027,32664.0,100956.0,1,0.3235468917152027,-0.024101687669511707,2016-2019,2019,0.3117931785766427
2016,VIC,218,Indi,23288,McGOWAN,Cathy,5,IND,Independent,31336.0,90137.0,0.3476485793847144,IND,False,True,Indi,1,0.3076485793847144,2.63,82413.68,10,0.3235468917152027,32664.0,100956.0,1,0.3235468917152027,-0.024101687669511707,2016-2019,2019,0.0094448749480588
2016,VIC,218,Indi,28207,DYER,Ray,7,IND,Independent,462.0,90137.0,0.0051255311359375,IND,False,True,Indi,0,-0.0348744688640625,2.63,0.0,10,0.3235468917152027,32664.0,100956.0,1,0.3235468917152027,0.3184213605792652,2016-2019,2019,0.3117931785766427
2016,VIC,218,Indi,28207,DYER,Ray,7,IND,Independent,462.0,90137.0,0.0051255311359375,IND,False,True,Indi,0,-0.0348744688640625,2.63,0.0,10,0.3235468917152027,32664.0,100956.0,1,0.3235468917152027,0.3184213605792652,2016-2019,2019,0.0094448749480588
2016,VIC,218,Indi,28631,FIDGE,Julian,9,CYA,Australian Country Party,1863.0,90137.0,0.0206685378923194,CYA,False,False,Indi,0,-0.0193314621076806,2.63,0.0,10,,,,0,0.0,,2016-2019,2019,
2016,VIC,218,Indi,28622,FERRANDO,Vincent,10,RUA,Rise Up Australia Party,1150.0,90137.0,0.0127583567236539,RUA,False,False,Indi,0,-0.0272416432763461,2.63,0.0,10,,,,0,0.0,,2016-2019,2019,0.0110620711341711
2016,VIC,219,Isaacs,28177,JOHNSTON,Elizabeth,4,AJP,Animal Justice Party,4585.0,92470.0,0.0495836487509462,AJP,False,False,Isaacs,1,0.009583648750946201,2.63,12058.55,4,0.0372481592779619,3607.0,96837.0,1,0.0372481592779619,-0.012335489472984303,2016-2019,2019,
2016,VIC,220,Jagajaga,28885,WARD,Jessica,2,FFP,Family First Party,2341.0,92430.0,0.0253272746943633,FFP,False,False,Jagajaga,0,-0.014672725305636701,2.63,0.0,5,,,,0,0.0,,2016-2019,2019,0.0162654876917198
2016,VIC,220,Jagajaga,28175,SCHRAM,Nathan Peter,5,AJP,Animal Justice Party,2235.0,92430.0,0.0241804608893216,AJP,False,False,Jagajaga,0,-0.0158195391106784,2.63,0.0,5,,,,0,0.0,,2016-2019,2019,
2016,VIC,221,Kooyong,24869,ZUBAC,Angelina,4,IND,Independent,2750.0,90003.0,0.0305545370709865,IND,False,True,Kooyong,0,-0.0094454629290135,2.63,0.0,4,0.0897716830423411,8890.0,99029.0,1,0.0897716830423411,0.05921714597135459,2016-2019,2019,0.016707369958688
2016,VIC,221,Kooyong,24869,ZUBAC,Angelina,4,IND,Independent,2750.0,90003.0,0.0305545370709865,IND,False,True,Kooyong,0,-0.0094454629290135,2.63,0.0,4,0.0897716830423411,8890.0,99029.0,1,0.0897716830423411,0.05921714597135459,2016-2019,2019,0.0070869376669025
2016,VIC,223,La Trobe,28170,FOLLONI,Leah,2,AJP,Animal Justice Party,2677.0,92597.0,0.0289102238733436,AJP,False,False,La Trobe,0,-0.0110897761266564,2.63,0.0,10,,,,0,0.0,,2016-2019,2019,
2016,VIC,223,La Trobe,29400,DOIDGE,Julieanne Lynette,3,DHJP,Derryn Hinch's Justice Party,3922.0,92597.0,0.0423555838742075,DHJP,False,False,La Trobe,1,0.0023555838742074994,2.63,10314.859999999999,10,0.0357182664734671,3525.0,98689.0,1,0.0357182664734671,-0.006637317400740403,2016-2019,2019,
2016,VIC,223,La Trobe,28753,HUGHES,Leslie,5,LDP,Liberal Democrats,1188.0,92597.0,0.0128297893020292,LDP,False,False,La Trobe,0,-0.0271702106979708,2.63,0.0,10,,,,0,0.0,,2016-2019,2019,
2016,VIC,223,La Trobe,28604,QUINN,Margaret,6,RUA,Rise Up Australia Party,1180.0,92597.0,0.0127433934144734,RUA,False,False,La Trobe,0,-0.027256606585526602,2.63,0.0,10,0.0095958009504605,947.0,98689.0,1,0.0095958009504605,-0.0031475924640129004,2016-2019,2019,0.0080008102086287
2016,VIC,223,La Trobe,28225,FENT,David,8,ASP,"Shooters, Fishers and Farmers",1321.0,92597.0,0.0142661209326436,ASP,False,False,La Trobe,0,-0.0257338790673564,2.63,0.0,10,,,,0,0.0,,2016-2019,2019,
2016,VIC,223,La Trobe,29000,LEAHY,Martin,9,ASXP,Australian Sex Party,2103.0,92597.0,0.0227113189412184,ASXP,False,False,La Trobe,0,-0.0172886810587816,2.63,0.0,10,,,,0,0.0,,2016-2019,2019,0.0278509216123151
2016,VIC,223,La Trobe,28913,BARTRAM,Jeffrey,10,FFP,Family First Party,2273.0,92597.0,0.0245472315517781,FFP,False,False,La Trobe,0,-0.0154527684482219,2.63,0.0,10,,,,0,0.0,,2016-2019,2019,0.0189048680035109
2016,VIC,222,Lalor,28655,VALE,Marion,1,RUA,Rise Up Australia Party,4685.0,106760.0,0.043883476957662,RUA,False,False,Lalor,1,0.003883476957662002,2.63,12321.55,5,,,,0,0.0,,2016-2019,2019,0.0180336471016587
2016,VIC,222,Lalor,29410,JAKOBI,Susan,4,AFN,Australia First Party,3232.0,106760.0,0.0302735106781566,AFN,False,False,Lalor,0,-0.0097264893218434,2.63,0.0,5,0.0437964012922826,4094.0,93478.0,1,0.0437964012922826,0.013522890614126,2016-2019,2019,
2016,VIC,224,Mallee,28416,LAHY,Chris,2,CEC,Citizens Electoral Council,1715.0,87466.0,0.0196076189605103,CEC,False,False,Mallee,0,-0.0203923810394897,2.63,0.0,5,0.0044336917944728,416.0,93827.0,1,0.0044336917944728,-0.0151739271660375,2016-2019,2019,0.0028077451825616
2016,VIC,224,Mallee,28769,MIDDLETON,Tim,4,RUA,Rise Up Australia Party,4536.0,87466.0,0.0518601513731049,RUA,False,False,Mallee,1,0.0118601513731049,2.63,11929.68,5,0.0097946220171166,919.0,93827.0,1,0.0097946220171166,-0.0420655293559883,2016-2019,2019,0.0089941049001561
2016,VIC,225,Maribyrnong,28790,O'NEILL,Anthony,4,AUC,Australian Christians,1650.0,93834.0,0.0175842445169128,AUC,False,False,Maribyrnong,0,-0.0224157554830872,2.63,0.0,6,,,,0,0.0,,2016-2019,2019,0.0098538566530177
2016,VIC,225,Maribyrnong,29533,CUMMING,Catherine,5,IND,Independent,3172.0,93834.0,0.0338043779440288,IND,False,True,Maribyrnong,0,-0.006195622055971198,2.63,0.0,6,,,,0,0.0,,2016-2019,2019,
2016,VIC,225,Maribyrnong,28183,McROSTIE,Fiona,6,AJP,Animal Justice Party,2176.0,93834.0,0.0231898885265468,AJP,False,False,Maribyrnong,0,-0.0168101114734532,2.63,0.0,6,,,,0,0.0,,2016-2019,2019,
2016,VIC,226,McEwen,29538,LEE,Ross,5,IND,Independent,3013.0,113200.0,0.0266166077738515,IND,False,True,McEwen,0,-0.0133833922261485,2.63,0.0,9,0.0161451398135818,1552.0,96128.0,1,0.0161451398135818,-0.010471467960269702,2016-2019,2019,
2016,VIC,226,McEwen,28542,ANDREW,Tracey,6,CYA,Australian Country Party,1614.0,113200.0,0.0142579505300353,CYA,False,False,McEwen,0,-0.025742049469964702,2.63,0.0,9,,,,0,0.0,,2016-2019,2019,0.0067745726390219
2016,VIC,226,McEwen,28554,TRUSCOTT,Jeff,7,RUA,Rise Up Australia Party,1867.0,113200.0,0.0164929328621908,RUA,False,False,McEwen,0,-0.0235070671378092,2.63,0.0,9,,,,0,0.0,,2016-2019,2019,0.0045723427578238
2016,VIC,226,McEwen,28203,VAINA,Cathy,8,AJP,Animal Justice Party,3005.0,113200.0,0.0265459363957597,AJP,False,False,McEwen,0,-0.013454063604240302,2.63,0.0,9,0.0300640812250332,2890.0,96128.0,1,0.0300640812250332,0.0035181448292735014,2016-2019,2019,
2016,VIC,226,McEwen,28919,LONG,Dorothy Lorraine,9,FFP,Family First Party,3707.0,113200.0,0.0327473498233215,FFP,False,False,McEwen,0,-0.007252650176678498,2.63,0.0,9,,,,0,0.0,,2016-2019,2019,0.0286981167478101
2016,VIC,227,McMillan,28786,IPSEN,Kathleen,2,AUC,Australian Christians,1761.0,100921.0,0.0174492920204912,AUC,False,False,Monash,0,-0.0225507079795088,2.63,0.0,8,,,,0,0.0,,2016-2019,2019,
2016,VIC,227,McMillan,28650,BAKER,Norman,3,RUA,Rise Up Australia Party,2786.0,100921.0,0.0276057510329862,RUA,False,False,Monash,0,-0.012394248967013802,2.63,0.0,8,,,,0,0.0,,2016-2019,2019,0.006673620572207
2016,VIC,227,McMillan,28176,McADAM,Jennifer,4,AJP,Animal Justice Party,3022.0,100921.0,0.029944213790985,AJP,False,False,Monash,0,-0.010055786209015,2.63,0.0,8,,,,0,0.0,,2016-2019,2019,
2016,VIC,227,McMillan,28762,McDONALD,Jim,5,LDP,Liberal Democrats,2289.0,100921.0,0.0226811070044886,LDP,False,False,Monash,0,-0.0173188929955114,2.63,0.0,8,,,,0,0.0,,2016-2019,2019,
2016,VIC,227,McMillan,28901,HARDING,Nathan,6,FFP,Family First Party,3418.0,100921.0,0.033868075028983,FFP,False,False,Monash,0,-0.006131924971017,2.63,0.0,8,,,,0,0.0,,2016-2019,2019,0.0201485865122615
2016,VIC,228,Melbourne,29089,FREEMAN-HARRISON,Lewis,1,ASXP,Australian Sex Party,3265.0,94579.0,0.0345214053859736,ASXP,False,False,Melbourne,0,-0.0054785946140264025,2.63,0.0,6,,,,0,0.0,,2016-2019,2019,0.0191718607704225
2016,VIC,228,Melbourne,28181,SMITH,Miranda Joyce,4,AJP,Animal Justice Party,1742.0,94579.0,0.0184184649869421,AJP,False,False,Melbourne,0,-0.0215815350130579,2.63,0.0,6,0.0198680477950657,1849.0,93064.0,1,0.0198680477950657,0.0014495828081236006,2016-2019,2019,0.0074274698111199
2016,VIC,228,Melbourne,28982,RILEY,Matt,6,DRF,Drug Law Reform,1187.0,94579.0,0.0125503547299083,DRF,False,False,Melbourne,0,-0.0274496452700917,2.63,0.0,6,,,,0,0.0,,2016-2019,2019,
2016,VIC,230,Melbourne Ports,29019,HOLLAND,Peter,1,IND,Independent,1393.0,84809.0,0.0164251435578771,IND,False,True,Macnamara,0,-0.023574856442122902,2.63,0.0,8,0.0114118567956165,1108.0,97092.0,1,0.0114118567956165,-0.005013286762260599,2016-2019,2019,
2016,VIC,230,Melbourne Ports,28182,VON DOUSSA,Henry,3,AEQ,Marriage Equality,1349.0,84809.0,0.0159063306960346,AEQ,False,False,Macnamara,0,-0.0240936693039654,2.63,0.0,8,,,,0,0.0,,2016-2019,2019,
2016,VIC,230,Melbourne Ports,28357,MYERS,John B,5,IND,Independent,425.0,84809.0,0.0050112605973422,IND,False,True,Macnamara,0,-0.0349887394026578,2.63,0.0,8,0.0114118567956165,1108.0,97092.0,1,0.0114118567956165,0.0064005961982742995,2016-2019,2019,
2016,VIC,230,Melbourne Ports,28184,SMYTH,Robert Millen,6,AJP,Animal Justice Party,1685.0,84809.0,0.0198681743682863,AJP,False,False,Macnamara,0,-0.0201318256317137,2.63,0.0,8,0.0197647591974622,1919.0,97092.0,1,0.0197647591974622,-0.00010341517082410046,2016-2019,2019,
2016,VIC,230,Melbourne Ports,29570,McKENZIE-KIRKBRIGHT,Levi,8,DRF,Drug Law Reform,1348.0,84809.0,0.0158945394946291,DRF,False,False,Macnamara,0,-0.0241054605053709,2.63,0.0,8,,,,0,0.0,,2016-2019,2019,
2016,VIC,229,Menzies,28228,HULBERT,Antony John,1,AJP,Animal Justice Party,2327.0,87257.0,0.0266683475251269,AJP,False,False,Menzies,0,-0.013331652474873102,2.63,0.0,8,,,,0,0.0,,2016-2019,2019,
2016,VIC,229,Menzies,24767,ROBINSON,Ramon,2,IND,Independent,730.0,87257.0,0.008366090972644,IND,False,True,Menzies,0,-0.031633909027356,2.63,0.0,8,,,,0,0.0,,2016-2019,2019,0.0144922640362137
2016,VIC,229,Menzies,29171,CLARK,David,3,FFP,Family First Party,2842.0,87257.0,0.0325704528003484,FFP,False,False,Menzies,0,-0.007429547199651602,2.63,0.0,8,,,,0,0.0,,2016-2019,2019,0.021586379298696
2016,VIC,229,Menzies,28231,FRANKLIN,Jay,7,VEP,Voluntary Euthanasia Party,973.0,87257.0,0.0111509678306611,VEP,False,False,Menzies,0,-0.0288490321693389,2.63,0.0,8,,,,0,0.0,,2016-2019,2019,
2016,VIC,229,Menzies,28793,MAYNE,Stephen,8,IND,Independent,5863.0,87257.0,0.0671923169487834,IND,False,True,Menzies,1,0.0271923169487834,2.63,15419.689999999999,8,,,,0,0.0,,2016-2019,2019,0.0144922640362137
2016,VIC,231,Murray,28722,BOCK,Andrew,2,IND,Independent,1467.0,88016.0,0.0166674241047082,IND,False,True,Nicholls,0,-0.0233325758952918,2.63,0.0,11,0.0185954749611719,1772.0,95292.0,1,0.0185954749611719,0.0019280508564636992,2016-2019,2019,0.0132533922372988
2016,VIC,231,Murray,29016,HICKS,Nigel,5,IND,Independent,844.0,88016.0,0.0095891656062534,IND,False,True,Nicholls,0,-0.030410834393746602,2.63,0.0,11,0.0185954749611719,1772.0,95292.0,1,0.0185954749611719,0.0090063093549185,2016-2019,2019,0.0132533922372988
2016,VIC,231,Murray,24221,SUMMER,Fern,6,IND,Independent,3323.0,88016.0,0.0377544991819669,IND,False,True,Nicholls,0,-0.002245500818033104,2.63,0.0,11,0.0185954749611719,1772.0,95292.0,1,0.0185954749611719,-0.019159024220794997,2016-2019,2019,0.0132533922372988
2016,VIC,231,Murray,28408,DAVY,Jeff,7,CEC,Citizens Electoral Council,227.0,88016.0,0.0025790765315397,CEC,False,False,Nicholls,0,-0.0374209234684603,2.63,0.0,11,,,,0,0.0,,2016-2019,2019,0.0035612856692061
2016,VIC,231,Murray,29384,TEASDALE,Diane,8,IND,Independent,1037.0,88016.0,0.0117819487365933,IND,False,True,Nicholls,0,-0.0282180512634067,2.63,0.0,11,0.0185954749611719,1772.0,95292.0,1,0.0185954749611719,0.006813526224578599,2016-2019,2019,0.0132533922372988
2016,VIC,231,Murray,28615,DANIELI,Robert,9,CYA,Australian Country Party,3556.0,88016.0,0.0404017451372477,CYA,False,False,Nicholls,1,0.0004017451372477013,2.63,9352.279999999999,11,,,,0,0.0,,2016-2019,2019,
2016,VIC,231,Murray,28657,GUNASEKERA,Yasmin,11,RUA,Rise Up Australia Party,1195.0,88016.0,0.0135770768951099,RUA,False,False,Nicholls,0,-0.0264229231048901,2.63,0.0,11,,,,0,0.0,,2016-2019,2019,0.0063449488346932
2016,VIC,232,Scullin,28172,MATLEN,John,2,AJP,Animal Justice Party,3387.0,95678.0,0.0353999874579318,AJP,False,False,Scullin,0,-0.004600012542068203,2.63,0.0,5,0.0381226241436024,3500.0,91809.0,1,0.0381226241436024,0.002722636685670604,2016-2019,2019,
2016,VIC,232,Scullin,29022,BUCCIANTI,Adriana,5,DRF,Drug Law Reform,3195.0,95678.0,0.0333932565480047,DRF,False,False,Scullin,0,-0.0066067434519953006,2.63,0.0,5,,,,0,0.0,,2016-2019,2019,
2016,VIC,233,Wannon,27987,ATKINSON,Bernardine,4,IND,Independent,3019.0,89255.0,0.0338244356058484,IND,False,True,Wannon,0,-0.006175564394151602,2.63,0.0,5,0.1039282310928009,10797.0,103889.0,1,0.1039282310928009,0.0701037954869525,2016-2019,2019,
2016,VIC,233,Wannon,28461,McCLUSKEY,Michael John,5,IND,Independent,4048.0,89255.0,0.0453532015013164,IND,False,True,Wannon,1,0.0053532015013164,2.63,10646.24,5,0.1039282310928009,10797.0,103889.0,1,0.1039282310928009,0.0585750295914845,2016-2019,2019,
2016,VIC,234,Wills,29493,BLACKWELL,Ash,2,DRF,Drug Law Reform,1287.0,94108.0,0.0136757767671186,DRF,False,False,Wills,0,-0.026324223232881402,2.63,0.0,10,,,,0,0.0,,2016-2019,2019,
2016,VIC,234,Wills,29011,CHELLEW,Tristram,3,ASXP,Australian Sex Party,2608.0,94108.0,0.027712840566158,ASXP,False,False,Wills,0,-0.012287159433842,2.63,0.0,10,,,,0,0.0,,2016-2019,2019,0.0260621167335774
2016,VIC,234,Wills,29214,GILLMAN,Dougal,5,REP,Renewable Energy Party,778.0,94108.0,0.0082670973774811,REP,False,False,Wills,0,-0.031732902622518905,2.63,0.0,10,,,,0,0.0,,2016-2019,2019,
2016,VIC,234,Wills,28294,FULGENZI,Will,6,SEP,Socialist Equality Party,295.0,94108.0,0.0031346963063714,SEP,False,False,Wills,0,-0.0368653036936286,2.63,0.0,10,,,,0,0.0,,2016-2019,2019,
2016,VIC,234,Wills,28738,ALCORN,Zane,7,SAL,Socialist Alliance,648.0,94108.0,0.0068857057848429,SAL,False,False,Wills,0,-0.0331142942151571,2.63,0.0,10,,,,0,0.0,,2016-2019,2019,0.0112939515595358
2016,VIC,234,Wills,28204,SYDOW,Camille,8,AJP,Animal Justice Party,1578.0,94108.0,0.0167679687167934,AJP,False,False,Wills,0,-0.0232320312832066,2.63,0.0,10,0.0374232490373608,3596.0,96090.0,1,0.0374232490373608,0.0206552803205674,2016-2019,2019,
2016,VIC,234,Wills,29040,TIMPANO,Francesco,9,IND,Independent,1832.0,94108.0,0.0194669953670251,IND,False,True,Wills,0,-0.020533004632974902,2.63,0.0,10,,,,0,0.0,,2016-2019,2019,0.0224996691225129
2016,WA,235,Brand,28420,SCOTT,Philip,1,RUA,Rise Up Australia Party,4704.0,81718.0,0.0575638170292958,RUA,False,False,Brand,1,0.017563817029295797,2.63,12371.519999999999,5,,,,0,0.0,,2016-2019,2019,0.0074358856300934
2016,WA,235,Brand,29173,BURDETT,Robert,3,AUC,Australian Christians,2826.0,81718.0,0.0345823441591815,AUC,False,False,Brand,0,-0.0054176558408184985,2.63,0.0,5,0.0306840310217129,2726.0,88841.0,1,0.0306840310217129,-0.003898313137468603,2016-2019,2019,0.0193954601961416
2016,WA,317,Burt,29026,SPYKER,Warnar,4,AUC,Australian Christians,4345.0,84358.0,0.0515066739372673,AUC,False,False,Burt,1,0.0115066739372673,2.63,11427.35,5,0.0374602453430258,3298.0,88040.0,1,0.0374602453430258,-0.014046428594241503,2016-2019,2019,
2016,WA,317,Burt,29393,BLEVIN,Ian,5,ASP,"Shooters, Fishers and Farmers",3734.0,84358.0,0.0442637331373432,ASP,False,False,Burt,1,0.004263733137343198,2.63,9820.42,5,0.0220581553839164,1942.0,88040.0,1,0.0220581553839164,-0.022205577753426797,2016-2019,2019,
2016,WA,236,Canning,29037,VANDER VEN,Janine Joy,3,AUC,Australian Christians,3110.0,84494.0,0.0368073472672615,AUC,False,False,Canning,0,-0.003192652732738499,2.63,0.0,5,0.0194076486379439,1764.0,90892.0,1,0.0194076486379439,-0.017399698629317603,2016-2019,2019,0.0309855016780988
2016,WA,237,Cowan,29377,CHESTER,Jamie,2,ASP,"Shooters, Fishers and Farmers",2288.0,81496.0,0.0280749975458918,ASP,False,False,Cowan,0,-0.0119250024541082,2.63,0.0,7,0.0186440078724382,1582.0,84853.0,1,0.0186440078724382,-0.009430989673453603,2016-2019,2019,
2016,WA,237,Cowan,28718,HAMILTON,Neil,3,LDP,Liberal Democrats,1096.0,81496.0,0.0134485128104446,LDP,False,False,Cowan,0,-0.0265514871895554,2.63,0.0,7,,,,0,0.0,,2016-2019,2019,
2016,WA,237,Cowan,28828,HOST,Rex,5,AUC,Australian Christians,2680.0,81496.0,0.0328850495729851,AUC,False,False,Cowan,0,-0.0071149504270148975,2.63,0.0,7,0.0233462576455752,1981.0,84853.0,1,0.0233462576455752,-0.009538791927409904,2016-2019,2019,0.0213537469782433
2016,WA,237,Cowan,28321,VENESS,Steve,6,MAP,Mature Australia,868.0,81496.0,0.0106508294885638,MAP,False,False,Cowan,0,-0.0293491705114362,2.63,0.0,7,,,,0,0.0,,2016-2019,2019,
2016,WA,238,Curtin,29170,ARCHIBALD,David,1,ALA,Australian Liberty Alliance,1544.0,85764.0,0.0180028916561727,ALA,False,False,Curtin,0,-0.0219971083438273,2.63,0.0,5,,,,0,0.0,,2016-2019,2019,
2016,WA,238,Curtin,28329,BOULTER,Sandra,4,IND,Independent,2389.0,85764.0,0.0278555104705937,IND,False,True,Curtin,0,-0.012144489529406301,2.63,0.0,5,0.0774965754193707,6902.0,89062.0,1,0.0774965754193707,0.049641064948777,2016-2019,2019,
2016,WA,312,Durack,28832,GOULD,Grahame,3,AUC,Australian Christians,1966.0,76689.0,0.025636010379585,AUC,False,False,Durack,0,-0.014363989620415001,2.63,0.0,6,,,,0,0.0,,2016-2019,2019,0.0131287481765627
2016,WA,312,Durack,28476,SAMBELL,Mitchell,4,RUA,Rise Up Australia Party,2885.0,76689.0,0.0376194760656678,RUA,False,False,Durack,0,-0.0023805239343321974,2.63,0.0,6,,,,0,0.0,,2016-2019,2019,0.0109406234804689
2016,WA,239,Forrest,28471,SLATER,Ross Maitland,1,IND,Independent,2896.0,84691.0,0.0341948967422748,IND,False,True,Forrest,0,-0.005805103257725201,2.63,0.0,8,0.0136853043266786,1238.0,90462.0,1,0.0136853043266786,-0.0205095924155962,2016-2019,2019,
2016,WA,239,Forrest,28824,DABROWSKI,Edward,2,AUC,Australian Christians,1858.0,84691.0,0.0219385767082688,AUC,False,False,Forrest,0,-0.018061423291731202,2.63,0.0,8,,,,0,0.0,,2016-2019,2019,0.0160846610397668
2016,WA,239,Forrest,28454,FISHLOCK,David,3,ODR,Outdoor Recreation Party (Stop The Greens),2375.0,84691.0,0.0280431214650907,ODR,False,False,Forrest,0,-0.011956878534909302,2.63,0.0,8,,,,0,0.0,,2016-2019,2019,
2016,WA,239,Forrest,28409,WHATELY,Jennifer,4,RUA,Rise Up Australia Party,1654.0,84691.0,0.0195298201697937,RUA,False,False,Forrest,0,-0.0204701798302063,2.63,0.0,8,,,,0,0.0,,2016-2019,2019,0.0068014469171066
2016,WA,240,Fremantle,28310,CONNOLLY,Mick,1,MAP,Mature Australia,2335.0,84876.0,0.0275107215231632,MAP,False,False,Fremantle,0,-0.012489278476836802,2.63,0.0,5,,,,0,0.0,,2016-2019,2019,
2016,WA,240,Fremantle,29348,JENKINS,Chris,2,SAL,Socialist Alliance,1404.0,84876.0,0.0165417785946557,SAL,False,False,Fremantle,0,-0.0234582214053443,2.63,0.0,5,0.0108668210706562,990.0,91103.0,1,0.0108668210706562,-0.0056749575239995,2016-2019,2019,0.0085296413647426
2016,WA,305,Hasluck,28836,TWISS,Phil,4,AUC,Australian Christians,2798.0,81251.0,0.0344364992430862,AUC,False,False,Hasluck,0,-0.0055635007569138015,2.63,0.0,5,0.0199406175771971,1679.0,84200.0,1,0.0199406175771971,-0.0144958816658891,2016-2019,2019,0.0248358849387264
2016,WA,305,Hasluck,28411,BARNARD,Henry John,5,RUA,Rise Up Australia Party,2999.0,81251.0,0.0369103149499698,RUA,False,False,Hasluck,0,-0.003089685050030204,2.63,0.0,5,,,,0,0.0,,2016-2019,2019,
2016,WA,242,Moore,28819,GROENEWALD,Maryka,3,AUC,Australian Christians,3194.0,87545.0,0.0364840938945685,AUC,False,False,Moore,0,-0.003515906105431503,2.63,0.0,4,0.0141812816093896,1259.0,88779.0,1,0.0141812816093896,-0.0223028122851789,2016-2019,2019,0.0186639327073187
2016,WA,243,O'Connor,28943,YOUNG,Trevor,3,AUC,Australian Christians,3496.0,86934.0,0.0402144155336232,AUC,False,False,O'Connor,1,0.00021441553362319676,2.63,9194.48,6,0.0293984201403027,2527.0,85957.0,1,0.0293984201403027,-0.010815995393320496,2016-2019,2019,0.0251969458247485
2016,WA,243,O'Connor,28417,CARSON,Stephen,5,RUA,Rise Up Australia Party,3207.0,86934.0,0.0368900545241217,RUA,False,False,O'Connor,0,-0.003109945475878298,2.63,0.0,6,,,,0,0.0,,2016-2019,2019,0.007211247121561
2016,WA,244,Pearce,28410,SAMURIWO-VUNTARDE,Taffy,5,RUA,Rise Up Australia Party,4049.0,87032.0,0.0465231179336336,RUA,False,False,Pearce,1,0.006523117933633596,2.63,10648.869999999999,5,,,,0,0.0,,2016-2019,2019,0.0089691691895998
2016,WA,245,Perth,28021,CHAMBERS,Andrew David,4,SOL,Online Direct Democracy - (Empowering the People!),1300.0,83631.0,0.0155444751348184,SOL,False,False,Perth,0,-0.0244555248651816,2.63,0.0,5,,,,0,0.0,,2016-2019,2019,
2016,WA,245,Perth,28703,WALMSLEY,Mark Robert,5,LDP,Liberal Democrats,1430.0,83631.0,0.0170989226483002,LDP,False,False,Perth,0,-0.0229010773516998,2.63,0.0,5,,,,0,0.0,,2016-2019,2019,
2016,WA,246,Stirling,24951,MUBARAK,Kim,1,IND,Independent,2172.0,82891.0,0.0262030859803838,IND,False,True,Stirling,0,-0.013796914019616201,2.63,0.0,6,,,,0,0.0,,2016-2019,2019,0.0108475800626053
2016,WA,246,Stirling,28412,ROWE,Alison L,2,RUA,Rise Up Australia Party,1361.0,82891.0,0.0164191528633989,RUA,False,False,Stirling,0,-0.0235808471366011,2.63,0.0,6,,,,0,0.0,,2016-2019,2019,0.0059956657837707
2016,WA,246,Stirling,28838,HOST,Kevin,4,AUC,Australian Christians,2019.0,82891.0,0.0243572884872905,AUC,False,False,Stirling,0,-0.0156427115127095,2.63,0.0,6,0.0173313820163864,1504.0,86779.0,1,0.0173313820163864,-0.007025906470904102,2016-2019,2019,0.0205152901516975
2016,WA,247,Swan,28840,KLOMP,Steve,2,AUC,Australian Christians,3086.0,81402.0,0.0379106164467703,AUC,False,False,Swan,0,-0.0020893835532296984,2.63,0.0,4,0.0172337972592319,1450.0,84137.0,1,0.0172337972592319,-0.020676819187538404,2016-2019,2019,0.0179080029826298
2016,WA,248,Tangney,23853,JENSEN,Dennis Geoffrey,1,IND,Independent,9924.0,83565.0,0.1187578531681924,IND,False,True,Tangney,1,0.0787578531681924,2.63,26100.12,5,0.023172178999988,1933.0,83419.0,1,0.023172178999988,-0.0955856741682044,2016-2019,2019,
2016,WA,248,Tangney,28847,WIESKE,John,2,AUC,Australian Christians,2819.0,83565.0,0.0337342188715371,AUC,False,False,Tangney,0,-0.006265781128462898,2.63,0.0,5,0.0203191119529124,1695.0,83419.0,1,0.0203191119529124,-0.013415106918624704,2016-2019,2019,0.026221357037315
2019,ACT,318,Bean,33426,FAULKNER,Therese,1,AUP,Australian Progressives,2722.0,92939.0,0.0292880276310268,AUP,False,False,Bean,0,-0.0107119723689732,2.76,0.0,8,,,,0,0.0,,2019-2022,2022,
2019,ACT,318,Bean,32130,CHRISTIE,Jamie,2,IND,Independent,7683.0,92939.0,0.0826671257491473,IND,False,True,Bean,1,0.04266712574914729,2.76,21205.079999999998,8,0.0815395247677703,8023.0,98394.0,1,0.0815395247677703,-0.001127600981377,2019-2022,2022,
2019,ACT,318,Bean,33391,RUSHTON,Ben,3,GAP,The Great Australian Party,929.0,92939.0,0.0099958036992005,GAP,False,False,Bean,0,-0.0300041963007995,2.76,0.0,8,,,,0,0.0,,2019-2022,2022,
2019,ACT,318,Bean,32921,DONNELLY,Matt,4,LDP,Liberal Democrats,2540.0,92939.0,0.0273297539246172,LDP,False,False,Bean,0,-0.0126702460753828,2.76,0.0,8,,,,0,0.0,,2019-2022,2022,
2019,ACT,318,Bean,32261,HANLEY,Tony,5,UAPP,United Australia Party,2227.0,92939.0,0.0239619535394183,UAPP,False,False,Bean,0,-0.0160380464605817,2.76,0.0,8,0.0287720795983494,2831.0,98394.0,1,0.0287720795983494,0.004810126058931101,2019-2022,2022,
2019,ACT,101,Canberra,32830,BOHM,Tim,1,IND,Independent,4062.0,86403.0,0.0470122565188708,IND,False,True,Canberra,1,0.007012256518870802,2.76,11211.119999999999,6,0.0516886549251532,4772.0,92322.0,1,0.0516886549251532,0.004676398406282395,2019-2022,2022,
2019,ACT,101,Canberra,32927,KNIGHT,Robert John,5,AUP,Australian Progressives,1784.0,86403.0,0.0206474312234528,AUP,False,False,Canberra,0,-0.019352568776547202,2.76,0.0,6,,,,0,0.0,,2019-2022,2022,
2019,ACT,101,Canberra,32260,DE MAINE,Greg,6,UAPP,United Australia Party,1361.0,86403.0,0.0157517678784301,UAPP,False,False,Canberra,0,-0.0242482321215699,2.76,0.0,6,0.0182730010181755,1687.0,92322.0,1,0.0182730010181755,0.0025212331397454005,2019-2022,2022,
2019,ACT,102,Fenner,32270,HODGSON,Glen J,1,UAPP,United Australia Party,3529.0,86633.0,0.0407350547712765,UAPP,False,False,Fenner,1,0.0007350547712764999,2.76,9740.039999999999,5,0.0257008577907779,2346.0,91281.0,1,0.0257008577907779,-0.015034196980498602,2019-2022,2022,
2019,ACT,102,Fenner,32888,RATLHAGANE,Kagiso,2,AUP,Australian Progressives,1723.0,86633.0,0.0198884951461914,AUP,False,False,Fenner,0,-0.020111504853808602,2.76,0.0,5,,,,0,0.0,,2019-2022,2022,
2019,NSW,103,Banks,32783,WRIGHT,Reginald Keith,4,UAPP,United Australia Party,2029.0,91730.0,0.0221192630546168,UAPP,False,False,Banks,0,-0.0178807369453832,2.76,0.0,6,0.0548427399641479,5048.0,92045.0,1,0.0548427399641479,0.032723476909531105,2019-2022,2022,
2019,NSW,103,Banks,33215,THAKUR,Anjali,5,AJP,Animal Justice Party,1688.0,91730.0,0.018401831461899,AJP,False,False,Banks,0,-0.021598168538101002,2.76,0.0,6,,,,0,0.0,,2019-2022,2022,0.0173100899456763
2019,NSW,103,Banks,33538,HO,Ki Man,6,CDP,Christian Democratic Party (Fred Nile Group),2624.0,91730.0,0.0286056906137577,CDP,False,False,Banks,0,-0.0113943093862423,2.76,0.0,6,,,,0,0.0,,2019-2022,2022,0.0531770415887434
2019,NSW,104,Barton,32855,LIU,Ben Tung,3,UAPP,United Australia Party,2057.0,89907.0,0.0228791973928615,UAPP,False,False,Barton,0,-0.0171208026071385,2.76,0.0,6,0.0612400816388898,5611.0,91623.0,1,0.0612400816388898,0.03836088424602829,2019-2022,2022,
2019,NSW,104,Barton,33522,SUSILO,Sonny,4,CDP,Christian Democratic Party (Fred Nile Group),2103.0,89907.0,0.0233908371984383,CDP,False,False,Barton,0,-0.0166091628015617,2.76,0.0,6,,,,0,0.0,,2019-2022,2022,0.0423479510159403
2019,NSW,104,Barton,32365,POLLARD,Phillip,6,ON,Pauline Hanson's One Nation,3288.0,89907.0,0.0365711234942774,ON,False,False,Barton,0,-0.0034288765057226,2.76,0.0,6,0.0477281905198476,4373.0,91623.0,1,0.0477281905198476,0.011157067025570198,2019-2022,2022,
2019,NSW,105,Bennelong,32805,MARKS,Andrew,2,UAPP,United Australia Party,1890.0,96305.0,0.0196251492653548,UAPP,False,False,Bennelong,0,-0.020374850734645202,2.76,0.0,5,0.0292529704560051,2915.0,99648.0,1,0.0292529704560051,0.009627821190650303,2019-2022,2022,
2019,NSW,105,Bennelong,33462,WORSLEY,Julie,5,CDP,Christian Democratic Party (Fred Nile Group),3588.0,96305.0,0.0372566325735943,CDP,False,False,Bennelong,0,-0.002743367426405699,2.76,0.0,5,,,,0,0.0,,2019-2022,2022,0.0640023419457666
2019,NSW,106,Berowra,32885,McLACHLAN,Craig Steven,3,UAPP,United Australia Party,1576.0,93947.0,0.0167754159260008,UAPP,False,False,Berowra,0,-0.023224584073999202,2.76,0.0,9,0.0248108374595417,2315.0,93306.0,1,0.0248108374595417,0.0080354215335409,2019-2022,2022,
2019,NSW,106,Berowra,32420,CLARKE,Brendan Michael,4,FUT,Science Party,1465.0,93947.0,0.0155938986875578,FUT,False,False,Berowra,0,-0.0244061013124422,2.76,0.0,9,,,,0,0.0,,2019-2022,2022,0.0205601114692023
2019,NSW,106,Berowra,33470,TAYLOR,Simon Alan,5,CDP,Christian Democratic Party (Fred Nile Group),2163.0,93947.0,0.0230236197004694,CDP,False,False,Berowra,0,-0.0169763802995306,2.76,0.0,9,,,,0,0.0,,2019-2022,2022,0.0554474190837827
2019,NSW,106,Berowra,27974,WOODWARD,Roger,6,IND,Independent,495.0,93947.0,0.0052689282254888,IND,False,True,Berowra,0,-0.0347310717745112,2.76,0.0,9,0.0096885516472681,904.0,93306.0,1,0.0096885516472681,0.0044196234217793,2019-2022,2022,0.0304093940457576
2019,NSW,106,Berowra,27974,WOODWARD,Roger,6,IND,Independent,495.0,93947.0,0.0052689282254888,IND,False,True,Berowra,0,-0.0347310717745112,2.76,0.0,9,0.0096885516472681,904.0,93306.0,1,0.0096885516472681,0.0044196234217793,2019-2022,2022,0.0087856451492815
2019,NSW,106,Berowra,17744,GALLAGHER,Mick,7,IND,Independent,2104.0,93947.0,0.0223956060331889,IND,False,True,Berowra,0,-0.0176043939668111,2.76,0.0,9,0.0096885516472681,904.0,93306.0,1,0.0096885516472681,-0.012707054385920801,2019-2022,2022,0.0304093940457576
2019,NSW,106,Berowra,17744,GALLAGHER,Mick,7,IND,Independent,2104.0,93947.0,0.0223956060331889,IND,False,True,Berowra,0,-0.0176043939668111,2.76,0.0,9,0.0096885516472681,904.0,93306.0,1,0.0096885516472681,-0.012707054385920801,2019-2022,2022,0.0087856451492815
2019,NSW,106,Berowra,32626,THOMAS,Justin,9,SPP,Sustainable Australia,1425.0,93947.0,0.0151681267097405,SPP,False,False,Berowra,0,-0.0248318732902595,2.76,0.0,9,,,,0,0.0,,2019-2022,2022,
2019,NSW,107,Blaxland,33471,ROWE,Veronica,1,CDP,Christian Democratic Party (Fred Nile Group),4173.0,80808.0,0.0516409266409266,CDP,False,False,Blaxland,1,0.0116409266409266,2.76,11517.48,5,,,,0,0.0,,2019-2022,2022,0.0602115541090317
2019,NSW,107,Blaxland,32806,ASHRAF,Nadeem,4,UAPP,United Australia Party,2328.0,80808.0,0.0288090288090288,UAPP,False,False,Blaxland,0,-0.011190971190971202,2.76,0.0,5,0.0625022956279001,5105.0,81677.0,1,0.0625022956279001,0.033693266818871304,2019-2022,2022,
2019,NSW,108,Bradfield,32798,VERSACE,Marcus,3,UAPP,United Australia Party,1772.0,96143.0,0.0184308790031515,UAPP,False,False,Bradfield,0,-0.0215691209968485,2.76,0.0,5,0.0258107213765718,2496.0,96704.0,1,0.0258107213765718,0.007379842373420299,2019-2022,2022,
2019,NSW,108,Bradfield,32703,MOLLOY,Stephen,4,SPP,Sustainable Australia,2826.0,96143.0,0.0293937156111209,SPP,False,False,Bradfield,0,-0.0106062843888791,2.76,0.0,5,,,,0,0.0,,2019-2022,2022,
2019,NSW,109,Calare,32259,ROMANO,Sam,1,ASP,"Shooters, Fishers and Farmers",18129.0,104288.0,0.1738359159251304,ASP,False,False,Calare,1,0.1338359159251304,2.76,50036.03999999999,7,,,,0,0.0,,2019-2022,2022,
2019,NSW,109,Calare,33476,CHEN,Shuyi,2,CDP,Christian Democratic Party (Fred Nile Group),1992.0,104288.0,0.0191009512120282,CDP,False,False,Calare,0,-0.020899048787971802,2.76,0.0,7,,,,0,0.0,,2019-2022,2022,0.0237938530884142
2019,NSW,109,Calare,32850,CAMERON,Beverley T.,4,UAPP,United Australia Party,3371.0,104288.0,0.0323239490641301,UAPP,False,False,Calare,0,-0.007676050935869899,2.76,0.0,7,0.0378963650425367,4067.0,107319.0,1,0.0378963650425367,0.005572415978406596,2019-2022,2022,
2019,NSW,109,Calare,32787,BISGROVE,Stephen,6,LDP,Liberal Democrats,4775.0,104288.0,0.0457866676894753,LDP,False,False,Calare,1,0.005786667689475299,2.76,13178.999999999998,7,,,,0,0.0,,2019-2022,2022,0.0653882207463252
2019,NSW,111,Chifley,33498,GREEN,Josh,1,CDP,Christian Democratic Party (Fred Nile Group),5859.0,91006.0,0.0643803705250203,CDP,False,False,Chifley,1,0.024380370525020297,2.76,16170.839999999998,6,,,,0,0.0,,2019-2022,2022,0.0913882363940212
2019,NSW,111,Chifley,24190,KHAN,Ammar Aziz,2,IND,Independent,1581.0,91006.0,0.0173724809353229,IND,False,True,Chifley,0,-0.0226275190646771,2.76,0.0,6,0.0189218944530759,1839.0,97189.0,1,0.0189218944530759,0.0015494135177529997,2019-2022,2022,0.0256401266813916
2019,NSW,111,Chifley,32827,O'CONNOR,Joseph Oscar,3,UAPP,United Australia Party,4133.0,91006.0,0.0454145880491396,UAPP,False,False,Chifley,1,0.0054145880491396,2.76,11407.08,6,0.0529792466225601,5149.0,97189.0,1,0.0529792466225601,0.0075646585734205005,2019-2022,2022,
2019,NSW,112,Cook,33540,KELLY,Peter,2,FACN,FRASER ANNING'S CONSERVATIVE NATIONAL PARTY,551.0,94023.0,0.005860268232241,FACN,False,False,Cook,0,-0.034139731767759,2.76,0.0,7,,,,0,0.0,,2019-2022,2022,
2019,NSW,112,Cook,32401,CAMERON,Gaye,4,ON,Pauline Hanson's One Nation,3277.0,94023.0,0.0348531742233283,ON,False,False,Cook,0,-0.0051468257766717,2.76,0.0,7,0.0509625116288579,4985.0,97817.0,1,0.0509625116288579,0.016109337405529597,2019-2022,2022,
2019,NSW,112,Cook,33523,BOLLING,Roger,6,CDP,Christian Democratic Party (Fred Nile Group),1041.0,94023.0,0.0110717590376822,CDP,False,False,Cook,0,-0.028928240962317803,2.76,0.0,7,,,,0,0.0,,2019-2022,2022,0.0484762269519067
2019,NSW,112,Cook,32872,McSWEYN,John Neil,7,UAPP,United Australia Party,1135.0,94023.0,0.0120715144166852,UAPP,False,False,Cook,0,-0.027928485583314802,2.76,0.0,7,0.0447877158367155,4381.0,97817.0,1,0.0447877158367155,0.0327162014200303,2019-2022,2022,
2019,NSW,113,Cowper,33503,MEADS,Ruth,1,CDP,Christian Democratic Party (Fred Nile Group),2383.0,105528.0,0.0225816844818436,CDP,False,False,Cowper,0,-0.0174183155181564,2.76,0.0,8,,,,0,0.0,,2019-2022,2022,0.0341967910303498
2019,NSW,113,Cowper,33277,STEWART,Alexander,3,UAPP,United Australia Party,3188.0,105528.0,0.0302099916609809,UAPP,False,False,Cowper,0,-0.0097900083390191,2.76,0.0,8,0.0240389801862706,2674.0,111236.0,1,0.0240389801862706,-0.006171011474710299,2019-2022,2022,
2019,NSW,113,Cowper,29558,OAKESHOTT,Robert,5,IND,Independent,25847.0,105528.0,0.2449302554772193,IND,False,True,Cowper,1,0.2049302554772193,2.76,71337.72,8,0.2625588838145924,29206.0,111236.0,1,0.2625588838145924,0.01762862833737311,2019-2022,2022,0.2629035375990721
2019,NSW,113,Cowper,29558,OAKESHOTT,Robert,5,IND,Independent,25847.0,105528.0,0.2449302554772193,IND,False,True,Cowper,1,0.2049302554772193,2.76,71337.72,8,0.2625588838145924,29206.0,111236.0,1,0.2625588838145924,0.01762862833737311,2019-2022,2022,0.0334138797602938
2019,NSW,113,Cowper,33314,PEARCE,Kellie,7,AJP,Animal Justice Party,2176.0,105528.0,0.0206201197786369,AJP,False,False,Cowper,0,-0.0193798802213631,2.76,0.0,8,,,,0,0.0,,2019-2022,2022,
2019,NSW,113,Cowper,32366,GREEN,Allan,8,IND,Independent,1451.0,105528.0,0.0137499052384201,IND,False,True,Cowper,0,-0.0262500947615799,2.76,0.0,8,0.2625588838145924,29206.0,111236.0,1,0.2625588838145924,0.24880897857617232,2019-2022,2022,0.2629035375990721
2019,NSW,113,Cowper,32366,GREEN,Allan,8,IND,Independent,1451.0,105528.0,0.0137499052384201,IND,False,True,Cowper,0,-0.0262500947615799,2.76,0.0,8,0.2625588838145924,29206.0,111236.0,1,0.2625588838145924,0.24880897857617232,2019-2022,2022,0.0334138797602938
2019,NSW,114,Cunningham,32550,GILL,John,5,SPP,Sustainable Australia,2340.0,100677.0,0.0232426472779284,SPP,False,False,Cunningham,0,-0.0167573527220716,2.76,0.0,6,,,,0,0.0,,2019-2022,2022,
2019,NSW,114,Cunningham,32810,YOUNGER,Grace Louise,6,UAPP,United Australia Party,3828.0,100677.0,0.0380225870854316,UAPP,False,False,Cunningham,0,-0.001977412914568398,2.76,0.0,6,0.0485487503811312,4936.0,101671.0,1,0.0485487503811312,0.010526163295699595,2019-2022,2022,
2019,NSW,115,Dobell,32822,HARPLEY-CARR,Aaron Gregory,1,UAPP,United Australia Party,5411.0,101453.0,0.0533350418420352,UAPP,False,False,Dobell,1,0.013335041842035197,2.76,14934.359999999999,6,0.0375355152039482,3818.0,101717.0,1,0.0375355152039482,-0.015799526638087,2019-2022,2022,
2019,NSW,115,Dobell,33525,GRUNDY,Paula,2,CDP,Christian Democratic Party (Fred Nile Group),1868.0,101453.0,0.0184124668565739,CDP,False,False,Dobell,0,-0.0215875331434261,2.76,0.0,6,,,,0,0.0,,2019-2022,2022,0.026366965264704
2019,NSW,115,Dobell,28011,STEPHENSON,Gregory Francis,6,IND,Independent,3176.0,101453.0,0.0313051363685647,IND,False,True,Dobell,0,-0.008694863631435304,2.76,0.0,6,,,,0,0.0,,2019-2022,2022,0.0121645944100792
2019,NSW,115,Dobell,28011,STEPHENSON,Gregory Francis,6,IND,Independent,3176.0,101453.0,0.0313051363685647,IND,False,True,Dobell,0,-0.008694863631435304,2.76,0.0,6,,,,0,0.0,,2019-2022,2022,0.0100957858369365
2019,NSW,117,Eden-Monaro,32082,SHELDON,David William,4,IND,Independent,2247.0,99259.0,0.0226377456956044,IND,False,True,Eden-Monaro,0,-0.0173622543043956,2.76,0.0,8,0.0201345587438557,2044.0,101517.0,1,0.0201345587438557,-0.0025031869517487017,2019-2022,2022,0.0178153680043188
2019,NSW,117,Eden-Monaro,32082,SHELDON,David William,4,IND,Independent,2247.0,99259.0,0.0226377456956044,IND,False,True,Eden-Monaro,0,-0.0173622543043956,2.76,0.0,8,0.0201345587438557,2044.0,101517.0,1,0.0201345587438557,-0.0025031869517487017,2019-2022,2022,0.0086483396669807
2019,NSW,117,Eden-Monaro,32082,SHELDON,David William,4,IND,Independent,2247.0,99259.0,0.0226377456956044,IND,False,True,Eden-Monaro,0,-0.0173622543043956,2.76,0.0,8,0.0201345587438557,2044.0,101517.0,1,0.0201345587438557,-0.0025031869517487017,2019-2022,2022,0.0103843588902179
2019,NSW,117,Eden-Monaro,33535,HARRIS,Thomas,6,CDP,Christian Democratic Party (Fred Nile Group),1157.0,99259.0,0.0116563737293343,CDP,False,False,Eden-Monaro,0,-0.028343626270665702,2.76,0.0,8,,,,0,0.0,,2019-2022,2022,0.0186622066498004
2019,NSW,117,Eden-Monaro,32889,SINGH,Chandra,7,UAPP,United Australia Party,2748.0,99259.0,0.0276851469388166,UAPP,False,False,Eden-Monaro,0,-0.0123148530611834,2.76,0.0,8,0.025276554665721,2566.0,101517.0,1,0.025276554665721,-0.0024085922730956028,2019-2022,2022,
2019,NSW,117,Eden-Monaro,33513,HOLGATE,James,8,IND,Independent,1883.0,99259.0,0.018970571938061,IND,False,True,Eden-Monaro,0,-0.021029428061939002,2.76,0.0,8,0.0201345587438557,2044.0,101517.0,1,0.0201345587438557,0.0011639868057947006,2019-2022,2022,0.0178153680043188
2019,NSW,117,Eden-Monaro,33513,HOLGATE,James,8,IND,Independent,1883.0,99259.0,0.018970571938061,IND,False,True,Eden-Monaro,0,-0.021029428061939002,2.76,0.0,8,0.0201345587438557,2044.0,101517.0,1,0.0201345587438557,0.0011639868057947006,2019-2022,2022,0.0086483396669807
2019,NSW,117,Eden-Monaro,33513,HOLGATE,James,8,IND,Independent,1883.0,99259.0,0.018970571938061,IND,False,True,Eden-Monaro,0,-0.021029428061939002,2.76,0.0,8,0.0201345587438557,2044.0,101517.0,1,0.0201345587438557,0.0011639868057947006,2019-2022,2022,0.0103843588902179
2019,NSW,118,Farrer,32917,HAMILTON,Ross,2,SPP,Sustainable Australia,1429.0,97249.0,0.0146942385011671,SPP,False,False,Farrer,0,-0.0253057614988329,2.76,0.0,9,,,,0,0.0,,2019-2022,2022,
2019,NSW,118,Farrer,32845,MACK,Kevin Francis,4,IND,Independent,19926.0,97249.0,0.2048967084494442,IND,False,True,Farrer,1,0.16489670844944418,2.76,54995.759999999995,9,0.0317054741405022,3189.0,100582.0,1,0.0317054741405022,-0.17319123430894198,2019-2022,2022,0.04279398212862
2019,NSW,118,Farrer,33480,LANGFIELD,Philip,5,CDP,Christian Democratic Party (Fred Nile Group),1327.0,97249.0,0.0136453845283756,CDP,False,False,Farrer,0,-0.0263546154716244,2.76,0.0,9,,,,0,0.0,,2019-2022,2022,0.0359705526046034
2019,NSW,118,Farrer,32908,ELLIS,Mark,6,LDP,Liberal Democrats,1084.0,97249.0,0.0111466441814311,LDP,False,False,Farrer,0,-0.0288533558185689,2.76,0.0,9,0.0158577081386331,1595.0,100582.0,1,0.0158577081386331,0.004711063957202,2019-2022,2022,
2019,NSW,118,Farrer,29044,MILLS,Brian,7,IND,Independent,1255.0,97249.0,0.0129050170181698,IND,False,True,Farrer,0,-0.0270949829818302,2.76,0.0,9,0.0317054741405022,3189.0,100582.0,1,0.0317054741405022,0.018800457122332397,2019-2022,2022,0.04279398212862
2019,NSW,118,Farrer,32901,ROSE,Michael Hunter,8,UAPP,United Australia Party,4147.0,97249.0,0.0426431120114345,UAPP,False,False,Farrer,1,0.002643112011434502,2.76,11445.72,9,0.0325107872183889,3270.0,100582.0,1,0.0325107872183889,-0.010132324793045606,2019-2022,2022,
2019,NSW,119,Fowler,33528,MOCANU,Francesca,1,CDP,Christian Democratic Party (Fred Nile Group),4643.0,83664.0,0.0554957926945878,CDP,False,False,Fowler,1,0.015495792694587798,2.76,12814.679999999998,5,,,,0,0.0,,2019-2022,2022,0.0565294325822814
2019,NSW,119,Fowler,32900,JABBOUR,Joshua,3,UAPP,United Australia Party,3624.0,83664.0,0.0433161216293746,UAPP,False,False,Fowler,1,0.0033161216293745993,2.76,10002.24,5,0.0641653958534626,5512.0,85903.0,1,0.0641653958534626,0.020849274224088006,2019-2022,2022,
2019,NSW,120,Gilmore,33240,SCHULTZ,Grant,2,IND,Independent,7585.0,107677.0,0.0704421557064182,IND,False,True,Gilmore,1,0.030442155706418193,2.76,20934.6,7,0.0422631037106664,4721.0,111705.0,1,0.0422631037106664,-0.028179051995751797,2019-2022,2022,
2019,NSW,120,Gilmore,32851,LESLIGHT,Milton,3,UAPP,United Australia Party,3638.0,107677.0,0.033786231042841,UAPP,False,False,Gilmore,0,-0.006213768957158999,2.76,0.0,7,0.0278232845441117,3108.0,111705.0,1,0.0278232845441117,-0.005962946498729301,2019-2022,2022,
2019,NSW,120,Gilmore,33484,KOLUKULAPALLY,Serah,5,CDP,Christian Democratic Party (Fred Nile Group),1853.0,107677.0,0.0172088746900452,CDP,False,False,Gilmore,0,-0.0227911253099548,2.76,0.0,7,,,,0,0.0,,2019-2022,2022,0.050015023892836
2019,NSW,121,Grayndler,32661,MORELLO,Majella,1,FUT,Science Party,2613.0,95814.0,0.0272715887031122,FUT,False,False,Grayndler,0,-0.012728411296887801,2.76,0.0,6,,,,0,0.0,,2019-2022,2022,0.0131593912786333
2019,NSW,121,Grayndler,32799,KING-ORSBORN,Paris,3,UAPP,United Australia Party,1155.0,95814.0,0.012054605798735,UAPP,False,False,Grayndler,0,-0.027945394201265003,2.76,0.0,6,0.0222156429424888,2101.0,94573.0,1,0.0222156429424888,0.0101610371437538,2019-2022,2022,
2019,NSW,121,Grayndler,33499,CAO,Gui Dong,6,CDP,Christian Democratic Party (Fred Nile Group),865.0,95814.0,0.0090279082388794,CDP,False,False,Grayndler,0,-0.0309720917611206,2.76,0.0,6,,,,0,0.0,,2019-2022,2022,0.0123404836104729
2019,NSW,122,Greenway,32553,McFARLAND,Graham,1,ABFA,Australian Better Families,2072.0,95507.0,0.0216947448878092,ABFA,False,False,Greenway,0,-0.0183052551121908,2.76,0.0,6,,,,0,0.0,,2019-2022,2022,
2019,NSW,122,Greenway,32840,FEENEY,Scott Daniel,5,UAPP,United Australia Party,2853.0,95507.0,0.0298721559676254,UAPP,False,False,Greenway,0,-0.0101278440323746,2.76,0.0,6,0.0433563094918389,4359.0,100539.0,1,0.0433563094918389,0.013484153524213498,2019-2022,2022,
2019,NSW,122,Greenway,33505,RAJADURAI,Osbourn Inparajah,6,CDP,Christian Democratic Party (Fred Nile Group),2666.0,95507.0,0.0279141843006271,CDP,False,False,Greenway,0,-0.0120858156993729,2.76,0.0,6,,,,0,0.0,,2019-2022,2022,0.0503350807673742
2019,NSW,124,Hughes,33125,CONSTABLE,Gae,3,AJP,Animal Justice Party,2439.0,95491.0,0.0255416740844686,AJP,False,False,Hughes,0,-0.014458325915531402,2.76,0.0,7,,,,0,0.0,,2019-2022,2022,0.0399355911960416
2019,NSW,124,Hughes,32863,KEEP,Terrance,4,UAPP,United Australia Party,2366.0,95491.0,0.024777204134421,UAPP,False,False,Hughes,0,-0.015222795865579002,2.76,0.0,7,0.0741520395422509,7186.0,96909.0,1,0.0741520395422509,0.0493748354078299,2019-2022,2022,
2019,NSW,124,Hughes,33413,BRYAN,Matt,6,IND,Independent,1988.0,95491.0,0.0208187158999277,IND,False,True,Hughes,0,-0.0191812841000723,2.76,0.0,7,0.1433406597942399,13891.0,96909.0,1,0.1433406597942399,0.1225219438943122,2019-2022,2022,
2019,NSW,124,Hughes,33534,LIU,Leo-Ning,7,CDP,Christian Democratic Party (Fred Nile Group),2216.0,95491.0,0.0232063754699395,CDP,False,False,Hughes,0,-0.016793624530060502,2.76,0.0,7,,,,0,0.0,,2019-2022,2022,0.0478800545981914
2019,NSW,125,Hume,32774,ABDO,Lynda,2,UAPP,United Australia Party,4939.0,102442.0,0.0482126471564397,UAPP,False,False,Hume,1,0.008212647156439698,2.76,13631.64,7,0.0456272312479715,4780.0,104762.0,1,0.0456272312479715,-0.002585415908468197,2019-2022,2022,
2019,NSW,125,Hume,33570,HARGRAVES,Tanya,3,FACN,FRASER ANNING'S CONSERVATIVE NATIONAL PARTY,2493.0,102442.0,0.024335721676656,FACN,False,False,Hume,0,-0.015664278323344,2.76,0.0,7,,,,0,0.0,,2019-2022,2022,
2019,NSW,125,Hume,33560,KINGSTON,Huw Mostyn,6,IND,Independent,6068.0,102442.0,0.0592335175025868,IND,False,True,Hume,1,0.019233517502586797,2.76,16747.68,7,0.0107290811553807,1124.0,104762.0,1,0.0107290811553807,-0.048504436347206095,2019-2022,2022,
2019,NSW,125,Hume,33481,NEBAUER,Ian Stanley,7,CDP,Christian Democratic Party (Fred Nile Group),1906.0,102442.0,0.0186056500263563,CDP,False,False,Hume,0,-0.0213943499736437,2.76,0.0,7,,,,0,0.0,,2019-2022,2022,0.0372176807685825
2019,NSW,126,Hunter,32415,BONDS,Stuart,1,ON,Pauline Hanson's One Nation,22029.0,102026.0,0.2159155509379962,ON,False,False,Hunter,1,0.17591555093799618,2.76,60800.03999999999,8,0.0998728266822616,10759.0,107727.0,1,0.0998728266822616,-0.11604272425573459,2019-2022,2022,
2019,NSW,126,Hunter,33220,MURPHY,James,3,AJP,Animal Justice Party,3267.0,102026.0,0.0320212494854252,AJP,False,False,Hunter,0,-0.0079787505145748,2.76,0.0,8,0.0229190453646718,2469.0,107727.0,1,0.0229190453646718,-0.009102204120753403,2019-2022,2022,
2019,NSW,126,Hunter,32813,DAVIES,Paul,4,UAPP,United Australia Party,4407.0,102026.0,0.0431948718953992,UAPP,False,False,Hunter,1,0.003194871895399201,2.76,12163.32,8,0.0405655035413591,4370.0,107727.0,1,0.0405655035413591,-0.0026293683540401028,2019-2022,2022,
2019,NSW,126,Hunter,33486,STRETTON,Richard,6,CDP,Christian Democratic Party (Fred Nile Group),2356.0,102026.0,0.0230921529806127,CDP,False,False,Hunter,0,-0.0169078470193873,2.76,0.0,8,,,,0,0.0,,2019-2022,2022,0.0337942902162419
2019,NSW,126,Hunter,32563,BODDY,Max,8,SEP,Socialist Equality Party,687.0,102026.0,0.0067335777154842,SEP,False,False,Hunter,0,-0.033266422284515804,2.76,0.0,8,,,,0,0.0,,2019-2022,2022,
2019,NSW,127,Kingsford Smith,33517,MANSON,Adrian,2,CDP,Christian Democratic Party (Fred Nile Group),1359.0,94376.0,0.0143998474188352,CDP,False,False,Kingsford Smith,0,-0.0256001525811648,2.76,0.0,7,,,,0,0.0,,2019-2022,2022,0.0232704539040962
2019,NSW,127,Kingsford Smith,32771,CAMPBELL,Petra,4,SPP,Sustainable Australia,1346.0,94376.0,0.014262100534034,SPP,False,False,Kingsford Smith,0,-0.025737899465966,2.76,0.0,7,,,,0,0.0,,2019-2022,2022,
2019,NSW,127,Kingsford Smith,32672,JANSSON,James,5,FUT,Science Party,1595.0,94376.0,0.0169004831736882,FUT,False,False,Kingsford Smith,0,-0.0230995168263118,2.76,0.0,7,,,,0,0.0,,2019-2022,2022,0.022347884602861
2019,NSW,127,Kingsford Smith,32882,WATSON,Adam Bruce,6,UAPP,United Australia Party,1649.0,94376.0,0.017472662541324,UAPP,False,False,Kingsford Smith,0,-0.022527337458676,2.76,0.0,7,0.0347608396774259,3388.0,97466.0,1,0.0347608396774259,0.017288177136101902,2019-2022,2022,
2019,NSW,128,Lindsay,33355,LEES,Brandon,1,FACN,FRASER ANNING'S CONSERVATIVE NATIONAL PARTY,2374.0,97403.0,0.0243729659250741,FACN,False,False,Lindsay,0,-0.0156270340749259,2.76,0.0,9,,,,0,0.0,,2019-2022,2022,
2019,NSW,128,Lindsay,32837,BUTTEL,Christopher,5,UAPP,United Australia Party,2831.0,97403.0,0.0290648131987721,UAPP,False,False,Lindsay,0,-0.0109351868012279,2.76,0.0,9,0.0407921624047514,4272.0,104726.0,1,0.0407921624047514,0.011727349205979298,2019-2022,2022,
2019,NSW,128,Lindsay,33119,TYNDALL,Mark,6,IND,Independent,2785.0,97403.0,0.0285925484841329,IND,False,True,Lindsay,0,-0.011407451515867102,2.76,0.0,9,,,,0,0.0,,2019-2022,2022,
2019,NSW,128,Lindsay,32710,BROWN,Geoff,7,SPP,Sustainable Australia,1326.0,97403.0,0.0136135437306859,SPP,False,False,Lindsay,0,-0.0263864562693141,2.76,0.0,9,,,,0,0.0,,2019-2022,2022,
2019,NSW,128,Lindsay,33509,MOODY-BASEDOW,Mark K.C.,8,CDP,Christian Democratic Party (Fred Nile Group),1997.0,97403.0,0.0205024485898791,CDP,False,False,Lindsay,0,-0.0194975514101209,2.76,0.0,9,,,,0,0.0,,2019-2022,2022,0.0302544916886957
2019,NSW,128,Lindsay,32148,SALEAM,Jim,9,AFN,Australia First Party,1372.0,97403.0,0.014085808445325,AFN,False,False,Lindsay,0,-0.025914191554675,2.76,0.0,9,,,,0,0.0,,2019-2022,2022,0.0119629015636901
2019,NSW,130,Lyne,33358,BOURKE,Garry,3,UAPP,United Australia Party,4098.0,101180.0,0.0405020755089938,UAPP,False,False,Lyne,1,0.0005020755089937962,2.76,11310.48,9,0.0412222139340593,4421.0,107248.0,1,0.0412222139340593,0.0007201384250655057,2019-2022,2022,
2019,NSW,130,Lyne,33582,GOLDSPRING,Ryan Frederick,4,FACN,FRASER ANNING'S CONSERVATIVE NATIONAL PARTY,1986.0,101180.0,0.0196283850563352,FACN,False,False,Lyne,0,-0.020371614943664802,2.76,0.0,9,,,,0,0.0,,2019-2022,2022,
2019,NSW,130,Lyne,33396,McCRAE,Dean,5,LDP,Liberal Democrats,5864.0,101180.0,0.0579561178098438,LDP,False,False,Lyne,1,0.017956117809843797,2.76,16184.64,9,0.0636282261673877,6824.0,107248.0,1,0.0636282261673877,0.005672108357543899,2019-2022,2022,
2019,NSW,130,Lyne,32139,CARUANA,Ed,6,AWP,Australian Workers Party,1676.0,101180.0,0.0165645384463332,AWP,False,False,Lyne,0,-0.0234354615536668,2.76,0.0,9,,,,0,0.0,,2019-2022,2022,
2019,NSW,130,Lyne,33649,MILLER,Jeremy John,7,IND,Independent,5169.0,101180.0,0.0510871713777426,IND,False,True,Lyne,1,0.011087171377742601,2.76,14266.439999999999,9,0.0356183798299269,3820.0,107248.0,1,0.0356183798299269,-0.015468791547815705,2019-2022,2022,0.0925903626547855
2019,NSW,130,Lyne,33649,MILLER,Jeremy John,7,IND,Independent,5169.0,101180.0,0.0510871713777426,IND,False,True,Lyne,1,0.011087171377742601,2.76,14266.439999999999,9,0.0356183798299269,3820.0,107248.0,1,0.0356183798299269,-0.015468791547815705,2019-2022,2022,0.0213338149998996
2019,NSW,130,Lyne,33482,ZHAO,Catherine,8,CDP,Christian Democratic Party (Fred Nile Group),1493.0,101180.0,0.0147558806088159,CDP,False,False,Lyne,0,-0.0252441193911841,2.76,0.0,9,,,,0,0.0,,2019-2022,2022,0.0303650631183896
2019,NSW,131,Macarthur,33507,GENT,James,1,CDP,Christian Democratic Party (Fred Nile Group),3705.0,99504.0,0.0372346840328027,CDP,False,False,Macarthur,0,-0.0027653159671972988,2.76,0.0,7,,,,0,0.0,,2019-2022,2022,0.0430976955245128
2019,NSW,131,Macarthur,33185,STELLINO,Matt,3,AJP,Animal Justice Party,2106.0,99504.0,0.0211649782923299,AJP,False,False,Macarthur,0,-0.0188350217076701,2.76,0.0,7,,,,0,0.0,,2019-2022,2022,
2019,NSW,131,Macarthur,32340,NORMAN,Shane,4,ON,Pauline Hanson's One Nation,8555.0,99504.0,0.0859764431580639,ON,False,False,Macarthur,1,0.045976443158063894,2.76,23611.8,7,0.0798725782213143,8876.0,111127.0,1,0.0798725782213143,-0.006103864936749595,2019-2022,2022,
2019,NSW,131,Macarthur,32843,MURPHY,Nathan John,6,UAPP,United Australia Party,2506.0,99504.0,0.0251849171892587,UAPP,False,False,Macarthur,0,-0.0148150828107413,2.76,0.0,7,0.0594095044408649,6602.0,111127.0,1,0.0594095044408649,0.0342245872516062,2019-2022,2022,
2019,NSW,132,Mackellar,32869,LYON,David,1,UAPP,United Australia Party,2317.0,98262.0,0.0235798172233416,UAPP,False,False,Mackellar,0,-0.0164201827766584,2.76,0.0,7,0.029103655887909,2881.0,98991.0,1,0.029103655887909,0.005523838664567397,2019-2022,2022,
2019,NSW,132,Mackellar,32775,DALY,Suzanne,2,SPP,Sustainable Australia,2550.0,98262.0,0.0259510288819686,SPP,False,False,Mackellar,0,-0.014048971118031401,2.76,0.0,7,,,,0,0.0,,2019-2022,2022,
2019,NSW,132,Mackellar,33382,THOMPSON,Alice,3,IND,Independent,11975.0,98262.0,0.1218680670045388,IND,False,True,Mackellar,1,0.0818680670045388,2.76,33051.0,7,0.3810851491549736,37724.0,98991.0,1,0.3810851491549736,0.2592170821504348,2019-2022,2022,0.0283899927668808
2019,NSW,132,Mackellar,33382,THOMPSON,Alice,3,IND,Independent,11975.0,98262.0,0.1218680670045388,IND,False,True,Mackellar,1,0.0818680670045388,2.76,33051.0,7,0.3810851491549736,37724.0,98991.0,1,0.3810851491549736,0.2592170821504348,2019-2022,2022,0.0722992809428583
2019,NSW,132,Mackellar,33382,THOMPSON,Alice,3,IND,Independent,11975.0,98262.0,0.1218680670045388,IND,False,True,Mackellar,1,0.0818680670045388,2.76,33051.0,7,0.3810851491549736,37724.0,98991.0,1,0.3810851491549736,0.2592170821504348,2019-2022,2022,0.0483129813215334
2019,NSW,132,Mackellar,33527,LEVETT,Greg,7,CDP,Christian Democratic Party (Fred Nile Group),1401.0,98262.0,0.0142578005739756,CDP,False,False,Mackellar,0,-0.0257421994260244,2.76,0.0,7,,,,0,0.0,,2019-2022,2022,0.0256456622558822
2019,NSW,133,Macquarie,33139,KEIGHTLEY,Greg,4,AJP,Animal Justice Party,3611.0,96951.0,0.0372456189208981,AJP,False,False,Macquarie,0,-0.002754381079101899,2.76,0.0,5,0.0210891338054729,2013.0,95452.0,1,0.0210891338054729,-0.016156485115425202,2019-2022,2022,0.0279272186502208
2019,NSW,133,Macquarie,32796,PETTITT,Tony Bryan,5,UAPP,United Australia Party,3877.0,96951.0,0.0399892729316871,UAPP,False,False,Macquarie,0,-1.0727068312899046e-05,2.76,0.0,5,0.0290617273603486,2774.0,95452.0,1,0.0290617273603486,-0.010927545571338501,2019-2022,2022,
2019,NSW,315,McMahon,33319,WRIGHTSON,Meg Libby,1,UAPP,United Australia Party,3329.0,85393.0,0.0389844600845502,UAPP,False,False,McMahon,0,-0.001015539915449802,2.76,0.0,6,0.0911354464138207,7723.0,84742.0,1,0.0911354464138207,0.052150986329270496,2019-2022,2022,
2019,NSW,315,McMahon,32441,COMMANE,Damian,2,ON,Pauline Hanson's One Nation,7046.0,85393.0,0.0825126181302917,ON,False,False,McMahon,1,0.0425126181302917,2.76,19446.96,6,0.0544240164263293,4612.0,84742.0,1,0.0544240164263293,-0.028088601703962407,2019-2022,2022,
2019,NSW,315,McMahon,33519,FRANCIS,Zeeshan Philip,3,CDP,Christian Democratic Party (Fred Nile Group),3008.0,85393.0,0.0352253697609874,CDP,False,False,McMahon,0,-0.004774630239012603,2.76,0.0,6,,,,0,0.0,,2019-2022,2022,0.0720379367256328
2019,NSW,134,Mitchell,32814,HOPPENBROUWER,Roy Peter,3,UAPP,United Australia Party,2705.0,98636.0,0.0274240642361815,UAPP,False,False,Mitchell,0,-0.012575935763818501,2.76,0.0,5,0.0361945782074625,3916.0,108193.0,1,0.0361945782074625,0.008770513971280997,2019-2022,2022,
2019,NSW,134,Mitchell,33543,HALL,Craig L,4,CDP,Christian Democratic Party (Fred Nile Group),3156.0,98636.0,0.0319964313232491,CDP,False,False,Mitchell,0,-0.008003568676750901,2.76,0.0,5,,,,0,0.0,,2019-2022,2022,0.0691133577490734
2019,NSW,135,New England,33409,LEDGER,Natasha,1,IND,Independent,3071.0,97320.0,0.0315556925606247,IND,False,True,New England,0,-0.008444307439375298,2.76,0.0,8,0.0278394604819475,2708.0,97272.0,1,0.0278394604819475,-0.0037162320786772035,2019-2022,2022,0.0280093469748642
2019,NSW,135,New England,33409,LEDGER,Natasha,1,IND,Independent,3071.0,97320.0,0.0315556925606247,IND,False,True,New England,0,-0.008444307439375298,2.76,0.0,8,0.0278394604819475,2708.0,97272.0,1,0.0278394604819475,-0.0037162320786772035,2019-2022,2022,0.2922298008504905
2019,NSW,135,New England,33409,LEDGER,Natasha,1,IND,Independent,3071.0,97320.0,0.0315556925606247,IND,False,True,New England,0,-0.008444307439375298,2.76,0.0,8,0.0278394604819475,2708.0,97272.0,1,0.0278394604819475,-0.0037162320786772035,2019-2022,2022,0.0090101469411814
2019,NSW,135,New England,33489,COLLINS,Julie,2,CDP,Christian Democratic Party (Fred Nile Group),2215.0,97320.0,0.0227599671187833,CDP,False,False,New England,0,-0.0172400328812167,2.76,0.0,8,,,,0,0.0,,2019-2022,2022,0.0138625742074017
2019,NSW,135,New England,32444,BLAKESTER,Adam,6,IND,Independent,13804.0,97320.0,0.1418413481298808,IND,False,True,New England,1,0.1018413481298808,2.76,38099.03999999999,8,0.0278394604819475,2708.0,97272.0,1,0.0278394604819475,-0.11400188764793331,2019-2022,2022,0.0280093469748642
2019,NSW,135,New England,32444,BLAKESTER,Adam,6,IND,Independent,13804.0,97320.0,0.1418413481298808,IND,False,True,New England,1,0.1018413481298808,2.76,38099.03999999999,8,0.0278394604819475,2708.0,97272.0,1,0.0278394604819475,-0.11400188764793331,2019-2022,2022,0.2922298008504905
2019,NSW,135,New England,32444,BLAKESTER,Adam,6,IND,Independent,13804.0,97320.0,0.1418413481298808,IND,False,True,New England,1,0.1018413481298808,2.76,38099.03999999999,8,0.0278394604819475,2708.0,97272.0,1,0.0278394604819475,-0.11400188764793331,2019-2022,2022,0.0090101469411814
2019,NSW,135,New England,24752,TABER,Rob,7,IND,Independent,3702.0,97320.0,0.038039457459926,IND,False,True,New England,0,-0.001960542540074002,2.76,0.0,8,0.0278394604819475,2708.0,97272.0,1,0.0278394604819475,-0.0101999969779785,2019-2022,2022,0.0280093469748642
2019,NSW,135,New England,24752,TABER,Rob,7,IND,Independent,3702.0,97320.0,0.038039457459926,IND,False,True,New England,0,-0.001960542540074002,2.76,0.0,8,0.0278394604819475,2708.0,97272.0,1,0.0278394604819475,-0.0101999969779785,2019-2022,2022,0.2922298008504905
2019,NSW,135,New England,24752,TABER,Rob,7,IND,Independent,3702.0,97320.0,0.038039457459926,IND,False,True,New England,0,-0.001960542540074002,2.76,0.0,8,0.0278394604819475,2708.0,97272.0,1,0.0278394604819475,-0.0101999969779785,2019-2022,2022,0.0090101469411814
2019,NSW,135,New England,32823,DUNCAN,Cindy Anne,8,UAPP,United Australia Party,4459.0,97320.0,0.0458179202630497,UAPP,False,False,New England,1,0.005817920263049697,2.76,12306.839999999998,8,0.0261637470186693,2545.0,97272.0,1,0.0261637470186693,-0.0196541732443804,2019-2022,2022,
2019,NSW,136,Newcastle,33464,WISE,Pam,3,CDP,Christian Democratic Party (Fred Nile Group),1928.0,103067.0,0.0187062784402379,CDP,False,False,Newcastle,0,-0.0212937215597621,2.76,0.0,7,,,,0,0.0,,2019-2022,2022,0.0214843553181841
2019,NSW,136,Newcastle,32763,SCULLY,Geoffrey,4,UAPP,United Australia Party,3471.0,103067.0,0.0336771226483743,UAPP,False,False,Newcastle,0,-0.006322877351625698,2.76,0.0,7,0.023829134596268,2517.0,105627.0,1,0.023829134596268,-0.009847988052106304,2019-2022,2022,
2019,NSW,136,Newcastle,33564,FUTTER,B.J.,5,GAP,The Great Australian Party,1086.0,103067.0,0.0105368352624991,GAP,False,False,Newcastle,0,-0.0294631647375009,2.76,0.0,7,,,,0,0.0,,2019-2022,2022,
2019,NSW,136,Newcastle,33222,BROLLO,Darren,6,AJP,Animal Justice Party,3300.0,103067.0,0.0320180077037267,AJP,False,False,Newcastle,0,-0.007981992296273298,2.76,0.0,7,0.0241320874397644,2549.0,105627.0,1,0.0241320874397644,-0.007885920263962305,2019-2022,2022,
2019,NSW,137,North Sydney,33554,VERNON,David,1,CDP,Christian Democratic Party (Fred Nile Group),1660.0,96836.0,0.0171423850634061,CDP,False,False,North Sydney,0,-0.0228576149365939,2.76,0.0,7,,,,0,0.0,,2019-2022,2022,0.0204807681910096
2019,NSW,137,North Sydney,32883,VAGG,Peter John,3,UAPP,United Australia Party,1249.0,96836.0,0.0128980957495146,UAPP,False,False,North Sydney,0,-0.0271019042504854,2.76,0.0,7,0.0178133816594246,1730.0,97118.0,1,0.0178133816594246,0.004915285909910002,2019-2022,2022,
2019,NSW,137,North Sydney,33347,CHESTERFIELD-EVANS,Arthur,5,IND,Independent,4295.0,96836.0,0.0443533396670659,IND,False,True,North Sydney,1,0.0043533396670659,2.76,11854.199999999999,7,0.2520336085998476,24477.0,97118.0,1,0.2520336085998476,0.2076802689327817,2019-2022,2022,0.1279128864474409
2019,NSW,137,North Sydney,32665,GRAHAM,Greg,6,SPP,Sustainable Australia,1831.0,96836.0,0.0189082572596968,SPP,False,False,North Sydney,0,-0.0210917427403032,2.76,0.0,7,0.0119751230461912,1163.0,97118.0,1,0.0119751230461912,-0.006933134213505601,2019-2022,2022,
2019,NSW,138,Page,32252,LEVINY,Fiona,1,IND,Independent,5240.0,108151.0,0.048450777154164,IND,False,True,Page,1,0.008450777154164,2.76,14462.4,7,0.1313391157991374,13734.0,104569.0,1,0.1313391157991374,0.0828883386449734,2019-2022,2022,
2019,NSW,138,Page,32954,WATERS,Alison,2,AJP,Animal Justice Party,2646.0,108151.0,0.0244657931965492,AJP,False,False,Page,0,-0.0155342068034508,2.76,0.0,7,,,,0,0.0,,2019-2022,2022,0.0285244522616908
2019,NSW,138,Page,33521,WALKER,Peter,3,CDP,Christian Democratic Party (Fred Nile Group),1992.0,108151.0,0.0184186923837967,CDP,False,False,Page,0,-0.0215813076162033,2.76,0.0,7,,,,0,0.0,,2019-2022,2022,0.0285053339960998
2019,NSW,138,Page,32929,MUDGE,John Damian,4,UAPP,United Australia Party,3460.0,108151.0,0.031992307052177,UAPP,False,False,Page,0,-0.008007692947822997,2.76,0.0,7,0.0232478076676644,2431.0,104569.0,1,0.0232478076676644,-0.008744499384512605,2019-2022,2022,
2019,NSW,139,Parkes,32686,JONES,Daniel J,1,LDP,Liberal Democrats,7568.0,93952.0,0.0805517711171662,LDP,False,False,Parkes,1,0.0405517711171662,2.76,20887.679999999997,6,0.0642456219128873,5723.0,89080.0,1,0.0642456219128873,-0.016306149204278905,2019-2022,2022,
2019,NSW,139,Parkes,33561,LANDERS,Will,5,IND,Independent,6730.0,93952.0,0.0716323228882833,IND,False,True,Parkes,1,0.031632322888283305,2.76,18574.8,6,0.0245958688819039,2191.0,89080.0,1,0.0245958688819039,-0.0470364540063794,2019-2022,2022,
2019,NSW,139,Parkes,32792,VAN DER STEEN,Petrus Joannes Gijsbertus,6,UAPP,United Australia Party,5906.0,93952.0,0.0628618869209809,UAPP,False,False,Parkes,1,0.022861886920980894,2.76,16300.56,6,0.0266277503367759,2372.0,89080.0,1,0.0266277503367759,-0.03623413658420499,2019-2022,2022,
2019,NSW,140,Parramatta,32871,LOKE,Ganesh Sahadev,3,UAPP,United Australia Party,2186.0,84670.0,0.02581788118578,UAPP,False,False,Parramatta,0,-0.014182118814220001,2.76,0.0,6,0.0506616032753812,4269.0,84265.0,1,0.0506616032753812,0.024843722089601204,2019-2022,2022,
2019,NSW,140,Parramatta,33477,PAYARA,Asma,5,CDP,Christian Democratic Party (Fred Nile Group),2526.0,84670.0,0.0298334711231841,CDP,False,False,Parramatta,0,-0.010166528876815902,2.76,0.0,6,,,,0,0.0,,2019-2022,2022,0.0529979761527395
2019,NSW,140,Parramatta,32557,GRENFELL,Oscar,6,SEP,Socialist Equality Party,702.0,84670.0,0.0082910121648753,SEP,False,False,Parramatta,0,-0.0317089878351247,2.76,0.0,6,,,,0,0.0,,2019-2022,2022,
2019,NSW,249,Paterson,32419,TURNER,Neil,2,ON,Pauline Hanson's One Nation,15269.0,107819.0,0.1416169691798291,ON,False,False,Paterson,1,0.1016169691798291,2.76,42142.439999999995,6,0.0814988901945423,9363.0,114885.0,1,0.0814988901945423,-0.0601180789852868,2019-2022,2022,0.1304712795299196
2019,NSW,249,Paterson,32800,BURSTON,Graham,4,UAPP,United Australia Party,3888.0,107819.0,0.0360604346172752,UAPP,False,False,Paterson,0,-0.003939565382724802,2.76,0.0,6,0.0389432911172041,4474.0,114885.0,1,0.0389432911172041,0.0028828564999289,2019-2022,2022,
2019,NSW,249,Paterson,33492,VALE,Christopher Arthur,6,CDP,Christian Democratic Party (Fred Nile Group),1876.0,107819.0,0.017399530694961,CDP,False,False,Paterson,0,-0.022600469305039003,2.76,0.0,6,,,,0,0.0,,2019-2022,2022,0.0205660151097253
2019,NSW,144,Reid,33468,PIPER,Keith,1,CDP,Christian Democratic Party (Fred Nile Group),2335.0,93728.0,0.0249125128030044,CDP,False,False,Reid,0,-0.0150874871969956,2.76,0.0,6,,,,0,0.0,,2019-2022,2022,0.0409836970319105
2019,NSW,144,Reid,32857,LEE,Young,5,UAPP,United Australia Party,1797.0,93728.0,0.0191724991464663,UAPP,False,False,Reid,0,-0.0208275008535337,2.76,0.0,6,0.0258226504450069,2530.0,97976.0,1,0.0258226504450069,0.0066501512985405985,2019-2022,2022,
2019,NSW,144,Reid,33244,LAXMANALAL,Rohan,6,AJP,Animal Justice Party,1861.0,93728.0,0.0198553260498463,AJP,False,False,Reid,0,-0.0201446739501537,2.76,0.0,6,,,,0,0.0,,2019-2022,2022,
2019,NSW,145,Richmond,32714,McDONALD,Ronald,1,SPP,Sustainable Australia,3154.0,100320.0,0.0314393939393939,SPP,False,False,Richmond,0,-0.008560606060606102,2.76,0.0,8,,,,0,0.0,,2019-2022,2022,
2019,NSW,145,Richmond,32832,MITCHELL,Hamish Jenkin,2,UAPP,United Australia Party,3913.0,100320.0,0.0390051834130781,UAPP,False,False,Richmond,0,-0.0009948165869219025,2.76,0.0,8,0.0292832518239397,2922.0,99784.0,1,0.0292832518239397,-0.009721931589138397,2019-2022,2022,
2019,NSW,145,Richmond,33495,COX,Morgan,3,CDP,Christian Democratic Party (Fred Nile Group),1338.0,100320.0,0.0133373205741626,CDP,False,False,Richmond,0,-0.0266626794258374,2.76,0.0,8,,,,0,0.0,,2019-2022,2022,0.0150816073497428
2019,NSW,145,Richmond,33647,KARAM,Ray,5,IND,Independent,1566.0,100320.0,0.0156100478468899,IND,False,True,Richmond,0,-0.0243899521531101,2.76,0.0,8,0.0127675779684117,1274.0,99784.0,1,0.0127675779684117,-0.0028424698784782,2019-2022,2022,
2019,NSW,145,Richmond,33639,BARNETT,Tom,6,IMO,Involuntary Medication Objectors (Vaccination/Fluoride) Party,1179.0,100320.0,0.0117523923444976,IMO,False,False,Richmond,0,-0.028247607655502403,2.76,0.0,8,0.0227591597851358,2271.0,99784.0,1,0.0227591597851358,0.011006767440638202,2019-2022,2022,
2019,NSW,250,Riverina,32829,FOLEY,Richard,4,UAPP,United Australia Party,10814.0,100941.0,0.1071318889252137,UAPP,False,False,Riverina,1,0.06713188892521371,2.76,29846.64,4,0.026200032433309,2585.0,98664.0,1,0.026200032433309,-0.08093185649190471,2019-2022,2022,
2019,NSW,146,Robertson,32558,SINGER,Judy,1,SPP,Sustainable Australia,1719.0,96061.0,0.0178948792954476,SPP,False,False,Robertson,0,-0.0221051207045524,2.76,0.0,8,,,,0,0.0,,2019-2022,2022,
2019,NSW,146,Robertson,32797,MARKS,Robert James,2,UAPP,United Australia Party,2702.0,96061.0,0.0281279603585221,UAPP,False,False,Robertson,0,-0.0118720396414779,2.76,0.0,8,0.0290198524061947,2792.0,96210.0,1,0.0290198524061947,0.0008918920476726003,2019-2022,2022,
2019,NSW,146,Robertson,33491,STUCKEN,Fiona Phoebe,3,CDP,Christian Democratic Party (Fred Nile Group),1352.0,96061.0,0.0140743902312072,CDP,False,False,Robertson,0,-0.025925609768792802,2.76,0.0,8,,,,0,0.0,,2019-2022,2022,0.0266486140411641
2019,NSW,146,Robertson,33573,ABRAHAMS,David Fraser,4,IND,Independent,2915.0,96061.0,0.0303453014230541,IND,False,True,Robertson,0,-0.0096546985769459,2.76,0.0,8,,,,0,0.0,,2019-2022,2022,0.028611312278934
2019,NSW,146,Robertson,33122,BREMNER YOUNG,Sean,7,AJP,Animal Justice Party,2000.0,96061.0,0.0208201038923184,AJP,False,False,Robertson,0,-0.0191798961076816,2.76,0.0,8,0.0202577694626338,1949.0,96210.0,1,0.0202577694626338,-0.0005623344296845981,2019-2022,2022,
2019,NSW,148,Shortland,32666,NEWBURY,Susan,1,SPP,Sustainable Australia,3097.0,99980.0,0.0309761952390478,SPP,False,False,Shortland,0,-0.0090238047609522,2.76,0.0,7,,,,0,0.0,,2019-2022,2022,
2019,NSW,148,Shortland,33479,YU,Xing,2,CDP,Christian Democratic Party (Fred Nile Group),2010.0,99980.0,0.0201040208041608,CDP,False,False,Shortland,0,-0.0198959791958392,2.76,0.0,7,,,,0,0.0,,2019-2022,2022,0.0416267161712805
2019,NSW,148,Shortland,32786,RIFAI,Dani,4,UAPP,United Australia Party,4532.0,99980.0,0.0453290658131626,UAPP,False,False,Shortland,1,0.005329065813162601,2.76,12508.32,7,0.0311568410452746,3125.0,100299.0,1,0.0311568410452746,-0.014172224767888,2019-2022,2022,
2019,NSW,148,Shortland,33188,McGRATH,Bryan,6,AJP,Animal Justice Party,3596.0,99980.0,0.0359671934386877,AJP,False,False,Shortland,0,-0.004032806561312302,2.76,0.0,7,0.0297011934316394,2979.0,100299.0,1,0.0297011934316394,-0.0062660000070483,2019-2022,2022,
2019,NSW,149,Sydney,32650,HAMMOND,Aaron,2,FUT,Science Party,3240.0,94815.0,0.034171808258187,FUT,False,False,Sydney,0,-0.005828191741813003,2.76,0.0,6,,,,0,0.0,,2019-2022,2022,0.0154835039817974
2019,NSW,149,Sydney,32782,HOLT,Adam,4,UAPP,United Australia Party,1366.0,94815.0,0.014407003111322,UAPP,False,False,Sydney,0,-0.025592996888678,2.76,0.0,6,0.0222836363636363,2298.0,103125.0,1,0.0222836363636363,0.0078766332523143,2019-2022,2022,
2019,NSW,149,Sydney,33483,REDDIN,Rebecca,6,CDP,Christian Democratic Party (Fred Nile Group),995.0,94815.0,0.0104941201286716,CDP,False,False,Sydney,0,-0.0295058798713284,2.76,0.0,6,,,,0,0.0,,2019-2022,2022,0.0169397042093287
2019,NSW,151,Warringah,33214,BARNES,Heather,1,AJP,Animal Justice Party,1291.0,92123.0,0.0140138727570747,AJP,False,False,Warringah,0,-0.025986127242925303,2.76,0.0,10,0.0158034585467246,1475.0,93334.0,1,0.0158034585467246,0.001789585789649899,2019-2022,2022,
2019,NSW,151,Warringah,33581,MOYLAN,Susan,2,IND,Independent,1111.0,92123.0,0.0120599633099226,IND,False,True,Warringah,0,-0.0279400366900774,2.76,0.0,10,0.4481967985942957,41832.0,93334.0,1,0.4481967985942957,0.4361368352843731,2019-2022,2022,0.1140816467818983
2019,NSW,151,Warringah,33581,MOYLAN,Susan,2,IND,Independent,1111.0,92123.0,0.0120599633099226,IND,False,True,Warringah,0,-0.0279400366900774,2.76,0.0,10,0.4481967985942957,41832.0,93334.0,1,0.4481967985942957,0.4361368352843731,2019-2022,2022,0.0029192532250248
2019,NSW,151,Warringah,33581,MOYLAN,Susan,2,IND,Independent,1111.0,92123.0,0.0120599633099226,IND,False,True,Warringah,0,-0.0279400366900774,2.76,0.0,10,0.4481967985942957,41832.0,93334.0,1,0.4481967985942957,0.4361368352843731,2019-2022,2022,0.0042461865091269
2019,NSW,151,Warringah,32544,PALETTO,Emanuele,4,SPP,Sustainable Australia,678.0,92123.0,0.0073597255842732,SPP,False,False,Warringah,0,-0.0326402744157268,2.76,0.0,10,,,,0,0.0,,2019-2022,2022,
2019,NSW,151,Warringah,32785,WRIGHTSON,Suellen Marree,5,UAPP,United Australia Party,625.0,92123.0,0.0067844078026117,UAPP,False,False,Warringah,0,-0.0332155921973883,2.76,0.0,10,0.0235926886236526,2202.0,93334.0,1,0.0235926886236526,0.016808280821040897,2019-2022,2022,
2019,NSW,151,Warringah,33588,CLARE,Brian,7,FACN,FRASER ANNING'S CONSERVATIVE NATIONAL PARTY,250.0,92123.0,0.0027137631210446,FACN,False,False,Warringah,0,-0.0372862368789554,2.76,0.0,10,,,,0,0.0,,2019-2022,2022,
2019,NSW,151,Warringah,32467,STEGGALL,Zali,8,IND,Independent,40034.0,92123.0,0.4345711711516125,IND,False,True,Warringah,1,0.3945711711516125,2.76,110493.84,10,0.4481967985942957,41832.0,93334.0,1,0.4481967985942957,0.013625627442683197,2019-2022,2022,0.1140816467818983
2019,NSW,151,Warringah,32467,STEGGALL,Zali,8,IND,Independent,40034.0,92123.0,0.4345711711516125,IND,False,True,Warringah,1,0.3945711711516125,2.76,110493.84,10,0.4481967985942957,41832.0,93334.0,1,0.4481967985942957,0.013625627442683197,2019-2022,2022,0.0029192532250248
2019,NSW,151,Warringah,32467,STEGGALL,Zali,8,IND,Independent,40034.0,92123.0,0.4345711711516125,IND,False,True,Warringah,1,0.3945711711516125,2.76,110493.84,10,0.4481967985942957,41832.0,93334.0,1,0.4481967985942957,0.013625627442683197,2019-2022,2022,0.0042461865091269
2019,NSW,151,Warringah,33508,BLAIKLOCK,Jason,9,CDP,Christian Democratic Party (Fred Nile Group),461.0,92123.0,0.0050041791952064,CDP,False,False,Warringah,0,-0.034995820804793604,2.76,0.0,10,,,,0,0.0,,2019-2022,2022,0.0119885537581058
2019,NSW,251,Watson,32876,WRIGHTSON,Dean,1,UAPP,United Australia Party,3549.0,84250.0,0.0421246290801186,UAPP,False,False,Watson,1,0.002124629080118602,2.76,9795.24,6,0.0714594001889719,6126.0,85727.0,1,0.0714594001889719,0.029334771108853297,2019-2022,2022,
2019,NSW,251,Watson,33496,SCHUBERT,Karl,2,CDP,Christian Democratic Party (Fred Nile Group),4522.0,84250.0,0.053673590504451,CDP,False,False,Watson,1,0.013673590504451001,2.76,12480.72,6,,,,0,0.0,,2019-2022,2022,0.0955956557258878
2019,NSW,251,Watson,32492,ZENG,Raymond,3,FUT,Science Party,1878.0,84250.0,0.0222908011869436,FUT,False,False,Watson,0,-0.017709198813056402,2.76,0.0,6,,,,0,0.0,,2019-2022,2022,0.0193546061800182
2019,NSW,152,Wentworth,32097,DRAKE-BROCKMAN,Matthew,1,IND,Independent,516.0,89754.0,0.0057490473962163,IND,False,True,Wentworth,0,-0.0342509526037837,2.76,0.0,7,0.3577252229456946,31810.0,88923.0,1,0.3577252229456946,0.3519761755494783,2019-2022,2022,0.0068139656566617
2019,NSW,152,Wentworth,32097,DRAKE-BROCKMAN,Matthew,1,IND,Independent,516.0,89754.0,0.0057490473962163,IND,False,True,Wentworth,0,-0.0342509526037837,2.76,0.0,7,0.3577252229456946,31810.0,88923.0,1,0.3577252229456946,0.3519761755494783,2019-2022,2022,0.0046377776720734
2019,NSW,152,Wentworth,32794,BLOOMFIELD,Michael John,3,UAPP,United Australia Party,625.0,89754.0,0.0069634779508434,UAPP,False,False,Wentworth,0,-0.0330365220491566,2.76,0.0,7,0.0203884259415449,1813.0,88923.0,1,0.0203884259415449,0.0134249479907015,2019-2022,2022,
2019,NSW,152,Wentworth,33501,TREACY,Paul,4,CDP,Christian Democratic Party (Fred Nile Group),346.0,89754.0,0.0038549813935869,CDP,False,False,Wentworth,0,-0.0361450186064131,2.76,0.0,7,,,,0,0.0,,2019-2022,2022,0.0107144555962517
2019,NSW,152,Wentworth,32085,PHELPS,Kerryn,7,IND,Independent,29109.0,89754.0,0.3243198074737616,IND,False,True,Wentworth,1,0.2843198074737616,2.76,80340.84,7,0.3577252229456946,31810.0,88923.0,1,0.3577252229456946,0.03340541547193299,2019-2022,2022,0.0068139656566617
2019,NSW,152,Wentworth,32085,PHELPS,Kerryn,7,IND,Independent,29109.0,89754.0,0.3243198074737616,IND,False,True,Wentworth,1,0.2843198074737616,2.76,80340.84,7,0.3577252229456946,31810.0,88923.0,1,0.3577252229456946,0.03340541547193299,2019-2022,2022,0.0046377776720734
2019,NSW,153,Werriwa,33488,STOREY,Narelle,1,CDP,Christian Democratic Party (Fred Nile Group),4841.0,94229.0,0.0513748421398932,CDP,False,False,Werriwa,1,0.011374842139893197,2.76,13361.16,6,,,,0,0.0,,2019-2022,2022,0.0669867168003939
2019,NSW,153,Werriwa,33262,WHITE,Michael,4,IND,Independent,2135.0,94229.0,0.022657568264547,IND,False,True,Werriwa,0,-0.017342431735453002,2.76,0.0,6,,,,0,0.0,,2019-2022,2022,
2019,NSW,153,Werriwa,32801,TSIRIPLIS,Ignatios,5,UAPP,United Australia Party,3957.0,94229.0,0.041993441509514,UAPP,False,False,Werriwa,1,0.001993441509513999,2.76,10921.32,6,0.0875773866899861,8813.0,100631.0,1,0.0875773866899861,0.0455839451804721,2019-2022,2022,
2019,NSW,150,Whitlam,32784,CUDA,Angelo,1,UAPP,United Australia Party,9071.0,102671.0,0.0883501670384042,UAPP,False,False,Whitlam,1,0.0483501670384042,2.76,25035.96,6,0.0538335604598626,5886.0,109337.0,1,0.0538335604598626,-0.0345166065785416,2019-2022,2022,
2019,NSW,150,Whitlam,33475,NERO,Frank Rodolfo,2,CDP,Christian Democratic Party (Fred Nile Group),4214.0,102671.0,0.0410437221805573,CDP,False,False,Whitlam,1,0.0010437221805573021,2.76,11630.64,6,,,,0,0.0,,2019-2022,2022,0.0411210775997805
2019,NSW,150,Whitlam,32560,DAVIS,Ken,6,SPP,Sustainable Australia,3678.0,102671.0,0.0358231633080421,SPP,False,False,Whitlam,0,-0.004176836691957904,2.76,0.0,6,,,,0,0.0,,2019-2022,2022,
2019,NT,306,Lingiari,32734,HODGSON,Daniel Isaac,3,UAPP,United Australia Party,1367.0,48434.0,0.0282239748936697,UAPP,False,False,Lingiari,0,-0.011776025106330301,2.76,0.0,6,0.0410809394918362,1882.0,45812.0,1,0.0410809394918362,0.012856964598166501,2019-2022,2022,
2019,NT,306,Lingiari,33014,McCARTHY,Regina,4,RUA,Rise Up Australia Party,1380.0,48434.0,0.0284923813849774,RUA,False,False,Lingiari,0,-0.0115076186150226,2.76,0.0,6,,,,0,0.0,,2019-2022,2022,0.034938775510204
2019,NT,306,Lingiari,33028,MacFARLANE,Hamish,5,IND,Independent,2123.0,48434.0,0.0438328446958748,IND,False,True,Lingiari,1,0.003832844695874797,2.76,5859.48,6,0.0206932681393521,948.0,45812.0,1,0.0206932681393521,-0.023139576556522698,2019-2022,2022,0.0099591836734693
2019,NT,306,Lingiari,33028,MacFARLANE,Hamish,5,IND,Independent,2123.0,48434.0,0.0438328446958748,IND,False,True,Lingiari,1,0.003832844695874797,2.76,5859.48,6,0.0206932681393521,948.0,45812.0,1,0.0206932681393521,-0.023139576556522698,2019-2022,2022,0.0432419825072886
2019,NT,306,Lingiari,33028,MacFARLANE,Hamish,5,IND,Independent,2123.0,48434.0,0.0438328446958748,IND,False,True,Lingiari,1,0.003832844695874797,2.76,5859.48,6,0.0206932681393521,948.0,45812.0,1,0.0206932681393521,-0.023139576556522698,2019-2022,2022,0.0421690962099125
2019,NT,307,Solomon,33016,GIMINI,Lorraine,2,RUA,Rise Up Australia Party,1277.0,55084.0,0.0231827753975746,RUA,False,False,Solomon,0,-0.0168172246024254,2.76,0.0,6,,,,0,0.0,,2019-2022,2022,0.0180452505267014
2019,NT,307,Solomon,32731,RAJWIN,Raj Samson,5,UAPP,United Australia Party,1583.0,55084.0,0.028737927528865,UAPP,False,False,Solomon,0,-0.011262072471135,2.76,0.0,6,0.0476734693877551,2628.0,55125.0,1,0.0476734693877551,0.0189355418588901,2019-2022,2022,
2019,NT,307,Solomon,33617,FRASER-ADAMS,Sue,6,IND,Independent,2684.0,55084.0,0.048725582746351,IND,False,True,Solomon,1,0.008725582746350997,2.76,7407.839999999999,6,,,,0,0.0,,2019-2022,2022,0.0301181643308601
2019,QLD,304,Blair,33402,KARANDREWS,Simone,1,IND,Independent,3849.0,95925.0,0.0401250977326035,IND,False,True,Blair,1,0.00012509773260349633,2.76,10623.24,9,,,,0,0.0,,2019-2022,2022,0.0224564781011187
2019,QLD,304,Blair,33402,KARANDREWS,Simone,1,IND,Independent,3849.0,95925.0,0.0401250977326035,IND,False,True,Blair,1,0.00012509773260349633,2.76,10623.24,9,,,,0,0.0,,2019-2022,2022,0.0087337269771209
2019,QLD,304,Blair,33402,KARANDREWS,Simone,1,IND,Independent,3849.0,95925.0,0.0401250977326035,IND,False,True,Blair,1,0.00012509773260349633,2.76,10623.24,9,,,,0,0.0,,2019-2022,2022,0.0168922488173078
2019,QLD,304,Blair,33363,FITZPATRICK,Peter John,2,FACN,FRASER ANNING'S CONSERVATIVE NATIONAL PARTY,2009.0,95925.0,0.0209434454000521,FACN,False,False,Blair,0,-0.0190565545999479,2.76,0.0,9,,,,0,0.0,,2019-2022,2022,
2019,QLD,304,Blair,32501,BELL,Sharon,4,ON,Pauline Hanson's One Nation,16114.0,95925.0,0.1679854052645295,ON,False,False,Blair,1,0.1279854052645295,2.76,44474.64,9,0.0999453221675443,10419.0,104247.0,1,0.0999453221675443,-0.06804008309698521,2019-2022,2022,0.155810158827051
2019,QLD,304,Blair,32903,ZIMPEL,Majella,6,UAPP,United Australia Party,3261.0,95925.0,0.0339953088350273,UAPP,False,False,Blair,0,-0.006004691164972702,2.76,0.0,9,0.0609418016825424,6353.0,104247.0,1,0.0609418016825424,0.026946492847515102,2019-2022,2022,
2019,QLD,304,Blair,33367,QUINN,John,7,DLP,Labour DLP,2418.0,95925.0,0.0252071931196247,DLP,False,False,Blair,0,-0.014792806880375303,2.76,0.0,9,,,,0,0.0,,2019-2022,2022,
2019,QLD,304,Blair,29420,TURNER,John,9,IND,Independent,2118.0,95925.0,0.0220797498045347,IND,False,True,Blair,0,-0.017920250195465302,2.76,0.0,9,,,,0,0.0,,2019-2022,2022,0.0224564781011187
2019,QLD,304,Blair,29420,TURNER,John,9,IND,Independent,2118.0,95925.0,0.0220797498045347,IND,False,True,Blair,0,-0.017920250195465302,2.76,0.0,9,,,,0,0.0,,2019-2022,2022,0.0087337269771209
2019,QLD,304,Blair,29420,TURNER,John,9,IND,Independent,2118.0,95925.0,0.0220797498045347,IND,False,True,Blair,0,-0.017920250195465302,2.76,0.0,9,,,,0,0.0,,2019-2022,2022,0.0168922488173078
2019,QLD,310,Bonner,32887,FLITCROFT,Simon E F,1,UAPP,United Australia Party,2394.0,94187.0,0.0254175204646076,UAPP,False,False,Bonner,0,-0.0145824795353924,2.76,0.0,6,0.032965322597381,3177.0,96374.0,1,0.032965322597381,0.007547802132773396,2019-2022,2022,
2019,QLD,310,Bonner,32499,SYMES,Ian,3,ON,Pauline Hanson's One Nation,3771.0,94187.0,0.0400373724611676,ON,False,False,Bonner,1,3.737246116759796e-05,2.76,10407.96,6,0.0557307987631518,5371.0,96374.0,1,0.0557307987631518,0.015693426301984198,2019-2022,2022,
2019,QLD,310,Bonner,33203,MAYNARD,Alex,5,FACN,FRASER ANNING'S CONSERVATIVE NATIONAL PARTY,1105.0,94187.0,0.0117319799972395,FACN,False,False,Bonner,0,-0.0282680200027605,2.76,0.0,6,,,,0,0.0,,2019-2022,2022,
2019,QLD,155,Bowman,32870,CLARKE,Shane,3,UAPP,United Australia Party,3540.0,98339.0,0.0359979255432737,UAPP,False,False,Bowman,0,-0.004002074456726304,2.76,0.0,6,0.0649116941352318,6601.0,101692.0,1,0.0649116941352318,0.028913768591958107,2019-2022,2022,
2019,QLD,155,Bowman,33137,ANDERSON,David,4,FACN,FRASER ANNING'S CONSERVATIVE NATIONAL PARTY,1816.0,98339.0,0.018466732425589,FACN,False,False,Bowman,0,-0.021533267574411,2.76,0.0,6,,,,0,0.0,,2019-2022,2022,
2019,QLD,155,Bowman,32500,WADSWORTH,Glen,5,ON,Pauline Hanson's One Nation,7175.0,98339.0,0.0729618971110139,ON,False,False,Bowman,1,0.0329618971110139,2.76,19803.0,6,0.076948039177123,7825.0,101692.0,1,0.076948039177123,0.003986142066109102,2019-2022,2022,
2019,QLD,156,Brisbane,32751,PERRY,Anne,1,ON,Pauline Hanson's One Nation,2537.0,101957.0,0.0248830389281756,ON,False,False,Brisbane,0,-0.015116961071824402,2.76,0.0,7,0.0223257780473905,2429.0,108798.0,1,0.0223257780473905,-0.0025572608807851,2019-2022,2022,
2019,QLD,156,Brisbane,32960,WHITTAKER,Aaron,3,UAPP,United Australia Party,1420.0,101957.0,0.0139274399992153,UAPP,False,False,Brisbane,0,-0.0260725600007847,2.76,0.0,7,0.0193202080920605,2102.0,108798.0,1,0.0193202080920605,0.0053927680928451995,2019-2022,2022,
2019,QLD,156,Brisbane,33326,JEANNERET,Rod,5,FACN,FRASER ANNING'S CONSERVATIVE NATIONAL PARTY,732.0,101957.0,0.0071794972390321,FACN,False,False,Brisbane,0,-0.0328205027609679,2.76,0.0,7,,,,0,0.0,,2019-2022,2022,
2019,QLD,156,Brisbane,33224,EMANUEL,Kamala,7,SAL,Socialist Alliance,714.0,101957.0,0.0070029522249575,SAL,False,False,Brisbane,0,-0.032997047775042504,2.76,0.0,7,,,,0,0.0,,2019-2022,2022,
2019,QLD,157,Capricornia,32617,BIRKBECK,George,2,KAP,Katter's Australian Party (KAP),3269.0,88967.0,0.0367439612440567,KAP,False,False,Capricornia,0,-0.0032560387559433038,2.76,0.0,9,,,,0,0.0,,2019-2022,2022,0.0707957574726334
2019,QLD,157,Capricornia,33246,TEMPLE,Richard,3,DLP,Labour DLP,1637.0,88967.0,0.0184000809288837,DLP,False,False,Capricornia,0,-0.021599919071116302,2.76,0.0,9,,,,0,0.0,,2019-2022,2022,
2019,QLD,157,Capricornia,28347,MURRAY,Ken,4,IND,Independent,2211.0,88967.0,0.0248519113828723,IND,False,True,Capricornia,0,-0.0151480886171277,2.76,0.0,9,0.0337571434900101,3048.0,90292.0,1,0.0337571434900101,0.008905232107137798,2019-2022,2022,0.0489138449322216
2019,QLD,157,Capricornia,32719,ROTHERY,Wade,7,ON,Pauline Hanson's One Nation,15105.0,88967.0,0.1697820540200299,ON,False,False,Capricornia,1,0.1297820540200299,2.76,41689.799999999996,9,0.1459597749523767,13179.0,90292.0,1,0.1459597749523767,-0.023822279067653218,2019-2022,2022,
2019,QLD,157,Capricornia,32878,STURGEON,Lindsay,8,UAPP,United Australia Party,3250.0,88967.0,0.0365303989119561,UAPP,False,False,Capricornia,0,-0.0034696010880439013,2.76,0.0,9,0.0393722588933681,3555.0,90292.0,1,0.0393722588933681,0.0028418599814120024,2019-2022,2022,
2019,QLD,157,Capricornia,33121,PRATT,Grant,9,FACN,FRASER ANNING'S CONSERVATIVE NATIONAL PARTY,1905.0,88967.0,0.0214124338237773,FACN,False,False,Capricornia,0,-0.0185875661762227,2.76,0.0,9,,,,0,0.0,,2019-2022,2022,
2019,QLD,158,Dawson,33369,WARE,Ann-Maree,1,DLP,Labour DLP,2835.0,88851.0,0.0319073505081541,DLP,False,False,Dawson,0,-0.008092649491845898,2.76,0.0,9,,,,0,0.0,,2019-2022,2022,
2019,QLD,158,Dawson,33178,TURNER,Michael Wayne,2,FACN,FRASER ANNING'S CONSERVATIVE NATIONAL PARTY,1741.0,88851.0,0.0195946021991874,FACN,False,False,Dawson,0,-0.020405397800812602,2.76,0.0,9,,,,0,0.0,,2019-2022,2022,
2019,QLD,158,Dawson,32534,LAWSON,Debra,3,ON,Pauline Hanson's One Nation,11628.0,88851.0,0.1308707836715399,ON,False,False,Dawson,1,0.09087078367153989,2.76,32093.28,9,0.132749289749711,12289.0,92573.0,1,0.132749289749711,0.0018785060781711105,2019-2022,2022,
2019,QLD,158,Dawson,32852,BUNYAN,Brendan,6,KAP,Katter's Australian Party (KAP),5619.0,88851.0,0.0632407063510821,KAP,False,False,Dawson,1,0.0232407063510821,2.76,15508.439999999999,9,0.0560530608276711,5189.0,92573.0,1,0.0560530608276711,-0.0071876455234110015,2019-2022,2022,0.0653820598006644
2019,QLD,158,Dawson,33568,QUEENAN,Lachlan,8,IND,Independent,2478.0,88851.0,0.0278893878515717,IND,False,True,Dawson,0,-0.0121106121484283,2.76,0.0,9,,,,0,0.0,,2019-2022,2022,0.0463344407530454
2019,QLD,158,Dawson,32910,THOMPSON,Colin Richard,9,UAPP,United Australia Party,4355.0,88851.0,0.0490146424913619,UAPP,False,False,Dawson,1,0.009014642491361899,2.76,12019.8,9,0.0401088870404977,3713.0,92573.0,1,0.0401088870404977,-0.008905755450864201,2019-2022,2022,
2019,QLD,252,Dickson,28148,PROHASKA,Thor,4,IND,Independent,2302.0,96948.0,0.0237446878739117,IND,False,True,Dickson,0,-0.0162553121260883,2.76,0.0,8,0.0224378717345424,2222.0,99029.0,1,0.0224378717345424,-0.0013068161393692997,2019-2022,2022,0.0353776956660398
2019,QLD,252,Dickson,32879,AUSTIN,Steve,5,UAPP,United Australia Party,2176.0,96948.0,0.0224450220736889,UAPP,False,False,Dickson,0,-0.0175549779263111,2.76,0.0,8,0.0274364075169899,2717.0,99029.0,1,0.0274364075169899,0.0049913854433009976,2019-2022,2022,
2019,QLD,252,Dickson,32547,HALLIWELL,Carrol,6,ON,Pauline Hanson's One Nation,5022.0,96948.0,0.051800965466023,ON,False,False,Dickson,1,0.011800965466023002,2.76,13860.72,8,0.0536408526795181,5312.0,99029.0,1,0.0536408526795181,0.001839887213495095,2019-2022,2022,
2019,QLD,252,Dickson,33152,SIMPSON,Richelle,7,FACN,FRASER ANNING'S CONSERVATIVE NATIONAL PARTY,1044.0,96948.0,0.0107686594875603,FACN,False,False,Dickson,0,-0.029231340512439703,2.76,0.0,8,,,,0,0.0,,2019-2022,2022,
2019,QLD,252,Dickson,32190,BROHMAN,Maureen,8,AJP,Animal Justice Party,1831.0,96948.0,0.0188864133349837,AJP,False,False,Dickson,0,-0.0211135866650163,2.76,0.0,8,,,,0,0.0,,2019-2022,2022,
2019,QLD,159,Fadden,33520,WELCH,Jake,1,LDP,Liberal Democrats,4391.0,97212.0,0.0451693206600008,LDP,False,False,Fadden,1,0.005169320660000802,2.76,12119.16,7,0.0282875268268239,2992.0,105771.0,1,0.0282875268268239,-0.0168817938331769,2019-2022,2022,
2019,QLD,159,Fadden,32546,EATHER,Darren,3,ON,Pauline Hanson's One Nation,8334.0,97212.0,0.085730156770769,ON,False,False,Fadden,1,0.045730156770769005,2.76,23001.839999999997,7,0.0867629123294665,9177.0,105771.0,1,0.0867629123294665,0.0010327555586974874,2019-2022,2022,0.1196031497472148
2019,QLD,159,Fadden,33236,BARBER,Allan,4,FACN,FRASER ANNING'S CONSERVATIVE NATIONAL PARTY,1531.0,97212.0,0.0157490844751676,FACN,False,False,Fadden,0,-0.0242509155248324,2.76,0.0,7,,,,0,0.0,,2019-2022,2022,
2019,QLD,159,Fadden,32891,KRISCHKER,Mara,7,UAPP,United Australia Party,4968.0,97212.0,0.0511048018763115,UAPP,False,False,Fadden,1,0.0111048018763115,2.76,13711.679999999998,7,0.0663130725813313,7014.0,105771.0,1,0.0663130725813313,0.015208270705019802,2019-2022,2022,
2019,QLD,160,Fairfax,32918,COWLING,Kylie Natasha,1,UAPP,United Australia Party,2987.0,97640.0,0.0305919705038918,UAPP,False,False,Fairfax,0,-0.009408029496108201,2.76,0.0,9,0.0591555002459989,6132.0,103659.0,1,0.0591555002459989,0.028563529742107102,2019-2022,2022,
2019,QLD,160,Fairfax,33361,RYAN,Jake Luke,2,FACN,FRASER ANNING'S CONSERVATIVE NATIONAL PARTY,1502.0,97640.0,0.0153830397378123,FACN,False,False,Fairfax,0,-0.024616960262187702,2.76,0.0,9,,,,0,0.0,,2019-2022,2022,
2019,QLD,160,Fairfax,32614,BELCHER,Richard,5,SPP,Sustainable Australia,1410.0,97640.0,0.0144408029496108,SPP,False,False,Fairfax,0,-0.0255591970503892,2.76,0.0,9,,,,0,0.0,,2019-2022,2022,
2019,QLD,160,Fairfax,32513,HENSELIN,Paul,6,ON,Pauline Hanson's One Nation,7661.0,97640.0,0.0784616960262187,ON,False,False,Fairfax,1,0.038461696026218704,2.76,21144.359999999997,9,0.0655804126993314,6798.0,103659.0,1,0.0655804126993314,-0.012881283326887302,2019-2022,2022,0.0974011226112066
2019,QLD,160,Fairfax,32079,AUSTRALIE,Sinim,7,IND,Independent,1318.0,97640.0,0.0134985661614092,IND,False,True,Fairfax,0,-0.0265014338385908,2.76,0.0,9,0.0137277033349733,1423.0,103659.0,1,0.0137277033349733,0.00022913717356409964,2019-2022,2022,0.0312124849939975
2019,QLD,160,Fairfax,32079,AUSTRALIE,Sinim,7,IND,Independent,1318.0,97640.0,0.0134985661614092,IND,False,True,Fairfax,0,-0.0265014338385908,2.76,0.0,9,0.0137277033349733,1423.0,103659.0,1,0.0137277033349733,0.00022913717356409964,2019-2022,2022,0.0214680466781307
2019,QLD,160,Fairfax,33493,CADART,Bertrand,8,LDP,Liberal Democrats,1044.0,97640.0,0.0106923392052437,LDP,False,False,Fairfax,0,-0.0293076607947563,2.76,0.0,9,,,,0,0.0,,2019-2022,2022,
2019,QLD,161,Fisher,32898,GRAY,Trevor David,1,UAPP,United Australia Party,3429.0,99048.0,0.0346195783862369,UAPP,False,False,Fisher,0,-0.005380421613763099,2.76,0.0,7,0.0677917672866702,7355.0,108494.0,1,0.0677917672866702,0.0331721889004333,2019-2022,2022,
2019,QLD,161,Fisher,32512,PATERSON,Christopher,4,ON,Pauline Hanson's One Nation,8596.0,99048.0,0.0867862046684435,ON,False,False,Fisher,1,0.0467862046684435,2.76,23724.96,7,0.0931111397865319,10102.0,108494.0,1,0.0931111397865319,0.006324935118088404,2019-2022,2022,
2019,QLD,161,Fisher,33290,JESSOP,Mike,6,FACN,FRASER ANNING'S CONSERVATIVE NATIONAL PARTY,1592.0,99048.0,0.016073015103788,FACN,False,False,Fisher,0,-0.023926984896212002,2.76,0.0,7,,,,0,0.0,,2019-2022,2022,
2019,QLD,161,Fisher,32397,MONAGHAN,Paul,7,LAOL,Love Australia or Leave,1564.0,99048.0,0.0157903238833696,LAOL,False,False,Fisher,0,-0.0242096761166304,2.76,0.0,7,,,,0,0.0,,2019-2022,2022,
2019,QLD,311,Flynn,32925,HARRIS,Nathan David,2,UAPP,United Australia Party,3798.0,89457.0,0.0424561521177772,UAPP,False,False,Flynn,1,0.002456152117777201,2.76,10482.48,8,0.0678792343274366,6266.0,92311.0,1,0.0678792343274366,0.0254230822096594,2019-2022,2022,
2019,QLD,311,Flynn,33458,PETERSON,Murray,4,IND,Independent,1994.0,89457.0,0.022290038789586,IND,False,True,Flynn,0,-0.017709961210414002,2.76,0.0,8,0.0405693795972311,3745.0,92311.0,1,0.0405693795972311,0.0182793408076451,2019-2022,2022,0.0221123172606889
2019,QLD,311,Flynn,33458,PETERSON,Murray,4,IND,Independent,1994.0,89457.0,0.022290038789586,IND,False,True,Flynn,0,-0.017709961210414002,2.76,0.0,8,0.0405693795972311,3745.0,92311.0,1,0.0405693795972311,0.0182793408076451,2019-2022,2022,0.0099143965299612
2019,QLD,311,Flynn,33458,PETERSON,Murray,4,IND,Independent,1994.0,89457.0,0.022290038789586,IND,False,True,Flynn,0,-0.017709961210414002,2.76,0.0,8,0.0405693795972311,3745.0,92311.0,1,0.0405693795972311,0.0182793408076451,2019-2022,2022,0.0055424230601519
2019,QLD,311,Flynn,32555,LOHSE,Sharon,5,ON,Pauline Hanson's One Nation,17531.0,89457.0,0.1959712487563857,ON,False,False,Flynn,1,0.15597124875638568,2.76,48385.56,8,0.1222714519396388,11287.0,92311.0,1,0.1222714519396388,-0.07369979681674689,2019-2022,2022,0.171528239965116
2019,QLD,311,Flynn,17322,SCOTT,Duncan George,6,IND,Independent,1384.0,89457.0,0.0154711202030025,IND,False,True,Flynn,0,-0.0245288797969975,2.76,0.0,8,0.0405693795972311,3745.0,92311.0,1,0.0405693795972311,0.0250982593942286,2019-2022,2022,0.0221123172606889
2019,QLD,311,Flynn,17322,SCOTT,Duncan George,6,IND,Independent,1384.0,89457.0,0.0154711202030025,IND,False,True,Flynn,0,-0.0245288797969975,2.76,0.0,8,0.0405693795972311,3745.0,92311.0,1,0.0405693795972311,0.0250982593942286,2019-2022,2022,0.0099143965299612
2019,QLD,311,Flynn,17322,SCOTT,Duncan George,6,IND,Independent,1384.0,89457.0,0.0154711202030025,IND,False,True,Flynn,0,-0.0245288797969975,2.76,0.0,8,0.0405693795972311,3745.0,92311.0,1,0.0405693795972311,0.0250982593942286,2019-2022,2022,0.0055424230601519
2019,QLD,311,Flynn,33272,HIESLER,Marcus John,7,FACN,FRASER ANNING'S CONSERVATIVE NATIONAL PARTY,2484.0,89457.0,0.0277675307689728,FACN,False,False,Flynn,0,-0.0122324692310272,2.76,0.0,8,,,,0,0.0,,2019-2022,2022,
2019,QLD,162,Forde,32549,BOWRON,Ian,1,ON,Pauline Hanson's One Nation,10807.0,91534.0,0.118065418314506,ON,False,False,Forde,1,0.078065418314506,2.76,29827.319999999996,6,0.0800955481334291,7578.0,94612.0,1,0.0800955481334291,-0.03796987018107689,2019-2022,2022,
2019,QLD,162,Forde,32943,CREIGHTON,Paul,3,UAPP,United Australia Party,3696.0,91534.0,0.0403784386129744,UAPP,False,False,Forde,1,0.0003784386129744022,2.76,10200.96,6,0.0791125861412928,7485.0,94612.0,1,0.0791125861412928,0.03873414752831839,2019-2022,2022,
2019,QLD,162,Forde,33124,INNES,Les,6,FACN,FRASER ANNING'S CONSERVATIVE NATIONAL PARTY,2217.0,91534.0,0.0242205082264513,FACN,False,False,Forde,0,-0.0157794917735487,2.76,0.0,6,,,,0,0.0,,2019-2022,2022,
2019,QLD,163,Griffith,32909,JULIUS,Christian John,4,UAPP,United Australia Party,1444.0,99617.0,0.0144955178333015,UAPP,False,False,Griffith,0,-0.0255044821666985,2.76,0.0,6,0.0242780547455554,2581.0,106310.0,1,0.0242780547455554,0.009782536912253899,2019-2022,2022,
2019,QLD,163,Griffith,32554,DARLINGTON,Julie,5,ON,Pauline Hanson's One Nation,2109.0,99617.0,0.0211710852565325,ON,False,False,Griffith,0,-0.0188289147434675,2.76,0.0,6,0.0329602107045433,3504.0,106310.0,1,0.0329602107045433,0.011789125448010803,2019-2022,2022,
2019,QLD,163,Griffith,33128,MURRAY,Tony,6,FACN,FRASER ANNING'S CONSERVATIVE NATIONAL PARTY,850.0,99617.0,0.008532680165032,FACN,False,False,Griffith,0,-0.031467319834968005,2.76,0.0,6,,,,0,0.0,,2019-2022,2022,
2019,QLD,164,Groom,32702,KING,David,2,ON,Pauline Hanson's One Nation,12493.0,95448.0,0.1308880227977537,ON,False,False,Groom,1,0.09088802279775368,2.76,34480.68,6,0.0956314320236656,9181.0,96004.0,1,0.0956314320236656,-0.03525659077408809,2019-2022,2022,
2019,QLD,164,Groom,33313,ADRELIUS,Perry,3,FACN,FRASER ANNING'S CONSERVATIVE NATIONAL PARTY,2854.0,95448.0,0.0299010979800519,FACN,False,False,Groom,0,-0.010098902019948102,2.76,0.0,6,,,,0,0.0,,2019-2022,2022,
2019,QLD,164,Groom,32922,LAW,Kenneth Ian,5,UAPP,United Australia Party,3784.0,95448.0,0.0396446232503562,UAPP,False,False,Groom,0,-0.0003553767496438029,2.76,0.0,6,0.0512686971376192,4922.0,96004.0,1,0.0512686971376192,0.011624073887263005,2019-2022,2022,
2019,QLD,165,Herbert,32569,LOHSE,Amy,1,ON,Pauline Hanson's One Nation,10189.0,91917.0,0.1108500059836591,ON,False,False,Herbert,1,0.07085000598365909,2.76,28121.64,8,0.0527260926006057,4874.0,92440.0,1,0.0527260926006057,-0.0581239133830534,2019-2022,2022,0.135277403579474
2019,QLD,165,Herbert,32858,DOWLING,Greg,2,UAPP,United Australia Party,5239.0,91917.0,0.0569970734466964,UAPP,False,False,Herbert,1,0.016997073446696397,2.76,14459.64,8,0.025778883600173,2383.0,92440.0,1,0.025778883600173,-0.031218189846523397,2019-2022,2022,0.0035658897177852
2019,QLD,165,Herbert,32610,RADECK,Nanette,3,KAP,Katter's Australian Party (KAP),9007.0,91917.0,0.0979905784566511,KAP,False,False,Herbert,1,0.0579905784566511,2.76,24859.32,8,0.0700129813933362,6472.0,92440.0,1,0.0700129813933362,-0.027977597063314902,2019-2022,2022,0.0687141288474818
2019,QLD,165,Herbert,33303,DURANT,Tamara,6,FACN,FRASER ANNING'S CONSERVATIVE NATIONAL PARTY,1671.0,91917.0,0.0181794444988413,FACN,False,False,Herbert,0,-0.0218205555011587,2.76,0.0,8,,,,0,0.0,,2019-2022,2022,
2019,QLD,165,Herbert,32249,SEVERNS,Mackenzie,7,AJP,Animal Justice Party,1585.0,91917.0,0.0172438177921385,AJP,False,False,Herbert,0,-0.022756182207861502,2.76,0.0,8,0.0147014279532669,1359.0,92440.0,1,0.0147014279532669,-0.002542389838871598,2019-2022,2022,
2019,QLD,166,Hinkler,32613,HUXHAM,Damian,1,ON,Pauline Hanson's One Nation,13625.0,92067.0,0.1479900507239293,ON,False,False,Hinkler,1,0.10799005072392928,2.76,37605.0,10,0.0871447448868903,8837.0,101406.0,1,0.0871447448868903,-0.060845305837038996,2019-2022,2022,0.1915776652494107
2019,QLD,166,Hinkler,32120,NORMAN,David,4,IND,Independent,1327.0,92067.0,0.0144134163163782,IND,False,True,Hinkler,0,-0.0255865836836218,2.76,0.0,10,0.1305248210165079,13236.0,101406.0,1,0.1305248210165079,0.11611140470012969,2019-2022,2022,0.0193979857672918
2019,QLD,166,Hinkler,32083,TURAGA,Moe,5,IND,Independent,2583.0,92067.0,0.0280556551207272,IND,False,True,Hinkler,0,-0.0119443448792728,2.76,0.0,10,0.1305248210165079,13236.0,101406.0,1,0.1305248210165079,0.10246916589578069,2019-2022,2022,0.0193979857672918
2019,QLD,166,Hinkler,33145,ERSKINE,Aaron,6,FACN,FRASER ANNING'S CONSERVATIVE NATIONAL PARTY,1471.0,92067.0,0.0159774946506348,FACN,False,False,Hinkler,0,-0.0240225053493652,2.76,0.0,10,,,,0,0.0,,2019-2022,2022,
2019,QLD,166,Hinkler,32912,ELLUL,Joseph Kevin,7,UAPP,United Australia Party,4029.0,92067.0,0.043761608393887,UAPP,False,False,Hinkler,1,0.003761608393886999,2.76,11120.039999999999,10,0.0731416287004713,7417.0,101406.0,1,0.0731416287004713,0.029380020306584306,2019-2022,2022,
2019,QLD,166,Hinkler,32214,BYRNES,Amy,8,AJP,Animal Justice Party,1391.0,92067.0,0.0151085622427145,AJP,False,False,Hinkler,0,-0.0248914377572855,2.76,0.0,10,,,,0,0.0,,2019-2022,2022,
2019,QLD,166,Hinkler,32098,WONE,Adrian Jacob,10,IND,Independent,735.0,92067.0,0.0079833164977679,IND,False,True,Hinkler,0,-0.0320166835022321,2.76,0.0,10,0.1305248210165079,13236.0,101406.0,1,0.1305248210165079,0.12254150451873999,2019-2022,2022,0.0193979857672918
2019,QLD,167,Kennedy,32892,BERTUCH,Sue,1,UAPP,United Australia Party,6124.0,91948.0,0.0666028624874929,UAPP,False,False,Kennedy,1,0.026602862487492905,2.76,16902.239999999998,6,0.0443784453655826,4154.0,93604.0,1,0.0443784453655826,-0.022224417121910305,2019-2022,2022,
2019,QLD,167,Kennedy,32587,KATTER,Bob,2,KAP,Katter's Australian Party (KAP),37665.0,91948.0,0.4096337060077435,KAP,False,False,Kennedy,1,0.36963370600774353,2.76,103955.4,6,0.4170334601085423,39036.0,93604.0,1,0.4170334601085423,0.007399754100798794,2019-2022,2022,0.3985234275084292
2019,QLD,167,Kennedy,33241,HACKWELL,Ian Douglas,4,FACN,FRASER ANNING'S CONSERVATIVE NATIONAL PARTY,2532.0,91948.0,0.0275373036933919,FACN,False,False,Kennedy,0,-0.012462696306608102,2.76,0.0,6,,,,0,0.0,,2019-2022,2022,
2019,QLD,168,Leichhardt,33212,ASHBY,Jo,1,FACN,FRASER ANNING'S CONSERVATIVE NATIONAL PARTY,1976.0,89785.0,0.0220081305340535,FACN,False,False,Leichhardt,0,-0.0179918694659465,2.76,0.0,8,,,,0,0.0,,2019-2022,2022,
2019,QLD,168,Leichhardt,32496,ANDERSON,Chad,2,IND,Independent,2562.0,89785.0,0.0285348332126747,IND,False,True,Leichhardt,0,-0.011465166787325301,2.76,0.0,8,,,,0,0.0,,2019-2022,2022,0.0686424646428249
2019,QLD,168,Leichhardt,32496,ANDERSON,Chad,2,IND,Independent,2562.0,89785.0,0.0285348332126747,IND,False,True,Leichhardt,0,-0.011465166787325301,2.76,0.0,8,,,,0,0.0,,2019-2022,2022,0.0078146112962796
2019,QLD,168,Leichhardt,32568,MACDONALD,Ross,4,ON,Pauline Hanson's One Nation,5428.0,89785.0,0.0604555326613576,ON,False,False,Leichhardt,1,0.0204555326613576,2.76,14981.279999999999,8,0.0743890869835454,6822.0,91707.0,1,0.0743890869835454,0.013933554322187805,2019-2022,2022,0.0762881722367354
2019,QLD,168,Leichhardt,32696,McCARTHY,Daniel,5,KAP,Katter's Australian Party (KAP),7318.0,89785.0,0.0815058194575931,KAP,False,False,Leichhardt,1,0.041505819457593095,2.76,20197.679999999997,8,0.056331577742157,5166.0,91707.0,1,0.056331577742157,-0.025174241715436092,2019-2022,2022,0.0432393478065039
2019,QLD,168,Leichhardt,32916,SACKLEY,Jen,6,UAPP,United Australia Party,3562.0,89785.0,0.0396725510942807,UAPP,False,False,Leichhardt,0,-0.0003274489057192992,2.76,0.0,8,0.0391791248214422,3593.0,91707.0,1,0.0391791248214422,-0.0004934262728385,2019-2022,2022,
2019,QLD,169,Lilley,32726,BELL-HENSELIN,Tracey,1,ON,Pauline Hanson's One Nation,5165.0,96605.0,0.05346514155582,ON,False,False,Lilley,1,0.013465141555820001,2.76,14255.4,7,0.0406738917450281,4027.0,99007.0,1,0.0406738917450281,-0.012791249810791903,2019-2022,2022,
2019,QLD,169,Lilley,33306,COLES,Don,2,FACN,FRASER ANNING'S CONSERVATIVE NATIONAL PARTY,1155.0,96605.0,0.0119559029035764,FACN,False,False,Lilley,0,-0.028044097096423602,2.76,0.0,7,,,,0,0.0,,2019-2022,2022,
2019,QLD,169,Lilley,33300,CROOK,Mike,3,SAL,Socialist Alliance,743.0,96605.0,0.0076911132964132,SAL,False,False,Lilley,0,-0.0323088867035868,2.76,0.0,7,,,,0,0.0,,2019-2022,2022,
2019,QLD,169,Lilley,32967,McCLAER,David Bruce,7,UAPP,United Australia Party,2177.0,96605.0,0.0225350654728016,UAPP,False,False,Lilley,0,-0.0174649345271984,2.76,0.0,7,0.0335329825163877,3320.0,99007.0,1,0.0335329825163877,0.0109979170435861,2019-2022,2022,
2019,QLD,302,Longman,32919,MAHER,Bailey James,2,UAPP,United Australia Party,3344.0,99549.0,0.0335914976544214,UAPP,False,False,Longman,0,-0.006408502345578604,2.76,0.0,8,0.0550502012677555,5949.0,108065.0,1,0.0550502012677555,0.0214587036133341,2019-2022,2022,
2019,QLD,302,Longman,32722,YOUNG,Jono,3,AUP,Australian Progressives,965.0,99549.0,0.0096937186712071,AUP,False,False,Longman,0,-0.0303062813287929,2.76,0.0,8,,,,0,0.0,,2019-2022,2022,
2019,QLD,302,Longman,32427,SCHUBACK,Peter Keith,5,AFN,Australia First Party,1069.0,99549.0,0.0107384303207465,AFN,False,False,Longman,0,-0.029261569679253502,2.76,0.0,8,,,,0,0.0,,2019-2022,2022,
2019,QLD,302,Longman,32548,THOMSON,Matthew,6,ON,Pauline Hanson's One Nation,13160.0,99549.0,0.1321962048840269,ON,False,False,Longman,1,0.09219620488402688,2.76,36321.6,8,0.0825151529172257,8917.0,108065.0,1,0.0825151529172257,-0.049681051966801185,2019-2022,2022,0.094165871826316
2019,QLD,302,Longman,33162,PAULKE,Dave,7,FACN,FRASER ANNING'S CONSERVATIVE NATIONAL PARTY,1967.0,99549.0,0.0197591136023465,FACN,False,False,Longman,0,-0.0202408863976535,2.76,0.0,8,,,,0,0.0,,2019-2022,2022,
2019,QLD,170,Maranoa,32754,WALLIS,Anthony,3,KAP,Katter's Australian Party (KAP),4245.0,92760.0,0.0457632600258732,KAP,False,False,Maranoa,1,0.005763260025873199,2.76,11716.199999999999,7,,,,0,0.0,,2019-2022,2022,0.0478184099767904
2019,QLD,170,Maranoa,32893,SAUNDERS,Julie Marie,4,UAPP,United Australia Party,3367.0,92760.0,0.036297973264338,UAPP,False,False,Maranoa,0,-0.0037020267356620007,2.76,0.0,7,0.0666058100198679,6202.0,93115.0,1,0.0666058100198679,0.0303078367555299,2019-2022,2022,
2019,QLD,170,Maranoa,33442,CHRISTIANSEN,Darren Lee,5,FACN,FRASER ANNING'S CONSERVATIVE NATIONAL PARTY,2030.0,92760.0,0.021884432945235,FACN,False,False,Maranoa,0,-0.018115567054765,2.76,0.0,7,,,,0,0.0,,2019-2022,2022,
2019,QLD,170,Maranoa,32629,MOULDEN,Rosemary,6,ON,Pauline Hanson's One Nation,13564.0,92760.0,0.1462268219059939,ON,False,False,Maranoa,1,0.10622682190599389,2.76,37436.64,7,0.1188852494227568,11070.0,93115.0,1,0.1188852494227568,-0.027341572483237098,2019-2022,2022,0.1782029783784384
2019,QLD,171,McPherson,33515,CROWE,Scott,2,LDP,Liberal Democrats,3222.0,92521.0,0.0348245263237535,LDP,False,False,McPherson,0,-0.005175473676246503,2.76,0.0,9,0.0212498583686124,2063.0,97083.0,1,0.0212498583686124,-0.013574667955141097,2019-2022,2022,
2019,QLD,171,McPherson,33466,KAFF,Michael,3,IND,Independent,1648.0,92521.0,0.0178121723716777,IND,False,True,McPherson,0,-0.0221878276283223,2.76,0.0,9,,,,0,0.0,,2019-2022,2022,0.04339201586908
2019,QLD,171,McPherson,33131,GAFFY,Sean Gordon,6,FACN,FRASER ANNING'S CONSERVATIVE NATIONAL PARTY,846.0,92521.0,0.0091438700403151,FACN,False,False,McPherson,0,-0.0308561299596849,2.76,0.0,9,,,,0,0.0,,2019-2022,2022,
2019,QLD,171,McPherson,32242,STEWART,Renee,7,AJP,Animal Justice Party,2367.0,92521.0,0.0255833810702435,AJP,False,False,McPherson,0,-0.0144166189297565,2.76,0.0,9,,,,0,0.0,,2019-2022,2022,
2019,QLD,171,McPherson,32924,MacKENZIE,Fiona Kay,8,UAPP,United Australia Party,3078.0,92521.0,0.033268122912636,UAPP,False,False,McPherson,0,-0.006731877087364002,2.76,0.0,9,0.0668500149356736,6490.0,97083.0,1,0.0668500149356736,0.033581892023037595,2019-2022,2022,
2019,QLD,171,McPherson,32552,SPELLMAN,John,9,ON,Pauline Hanson's One Nation,5421.0,92521.0,0.0585921034143599,ON,False,False,McPherson,1,0.0185921034143599,2.76,14961.96,9,0.0722371578958211,7013.0,97083.0,1,0.0722371578958211,0.013645054481461194,2019-2022,2022,
2019,QLD,172,Moncrieff,32231,FREEMAN,Karla,1,AJP,Animal Justice Party,3551.0,91919.0,0.0386318389016416,AJP,False,False,Moncrieff,0,-0.0013681610983583975,2.76,0.0,8,0.0242824257980402,2384.0,98178.0,1,0.0242824257980402,-0.014349413103601404,2019-2022,2022,
2019,QLD,172,Moncrieff,32780,SIBSON,Vanessa,3,ON,Pauline Hanson's One Nation,5920.0,91919.0,0.0644045300753924,ON,False,False,Moncrieff,1,0.0244045300753924,2.76,16339.199999999999,8,0.0711055429933386,6981.0,98178.0,1,0.0711055429933386,0.0067010129179461975,2019-2022,2022,
2019,QLD,172,Moncrieff,32948,EILOLA,Garry Paul,5,UAPP,United Australia Party,3419.0,91919.0,0.0371957919472579,UAPP,False,False,Moncrieff,0,-0.002804208052742098,2.76,0.0,8,0.0558373566379433,5482.0,98178.0,1,0.0558373566379433,0.018641564690685397,2019-2022,2022,
2019,QLD,172,Moncrieff,33141,LONG,Darren Alan,6,FACN,FRASER ANNING'S CONSERVATIVE NATIONAL PARTY,1152.0,91919.0,0.0125327734200763,FACN,False,False,Moncrieff,0,-0.0274672265799237,2.76,0.0,8,,,,0,0.0,,2019-2022,2022,
2019,QLD,172,Moncrieff,33511,GRYPHON,S,8,LDP,Liberal Democrats,1799.0,91919.0,0.0195715793252755,LDP,False,False,Moncrieff,0,-0.0204284206747245,2.76,0.0,8,0.04384892745829,4305.0,98178.0,1,0.04384892745829,0.0242773481330145,2019-2022,2022,
2019,QLD,173,Moreton,33160,NIEASS,Aaron,1,FACN,FRASER ANNING'S CONSERVATIVE NATIONAL PARTY,1561.0,90642.0,0.0172215970521391,FACN,False,False,Moreton,0,-0.0227784029478609,2.76,0.0,6,,,,0,0.0,,2019-2022,2022,
2019,QLD,173,Moreton,32551,LAWRENCE,William,4,ON,Pauline Hanson's One Nation,3002.0,90642.0,0.0331193045166699,ON,False,False,Moreton,0,-0.006880695483330104,2.76,0.0,6,0.0363455637668006,3364.0,92556.0,1,0.0363455637668006,0.003226259250130703,2019-2022,2022,
2019,QLD,173,Moreton,32911,BROWN,Jenny-Rebecca,6,UAPP,United Australia Party,2015.0,90642.0,0.0222303126585909,UAPP,False,False,Moreton,0,-0.0177696873414091,2.76,0.0,6,0.0331042828125675,3064.0,92556.0,1,0.0331042828125675,0.010873970153976599,2019-2022,2022,
2019,QLD,174,Oxley,32968,FERGUSON,Ian Maurice,4,UAPP,United Australia Party,2368.0,90523.0,0.0261590976878804,UAPP,False,False,Oxley,0,-0.0138409023121196,2.76,0.0,7,0.053232297824173,5079.0,95412.0,1,0.053232297824173,0.027073200136292597,2019-2022,2022,
2019,QLD,174,Oxley,32844,LINDBOM,Janet,5,ON,Pauline Hanson's One Nation,5701.0,90523.0,0.0629784695602222,ON,False,False,Oxley,1,0.022978469560222196,2.76,15734.759999999998,7,0.0583574393158093,5568.0,95412.0,1,0.0583574393158093,-0.004621030244412898,2019-2022,2022,0.0842480296541548
2019,QLD,174,Oxley,32931,HEAD,Mike,6,SEP,Socialist Equality Party,654.0,90523.0,0.0072246832296764,SEP,False,False,Oxley,0,-0.0327753167703236,2.76,0.0,7,,,,0,0.0,,2019-2022,2022,
2019,QLD,174,Oxley,33400,MOERLAND,Scott,7,FACN,FRASER ANNING'S CONSERVATIVE NATIONAL PARTY,1474.0,90523.0,0.0162831545574053,FACN,False,False,Oxley,0,-0.0237168454425947,2.76,0.0,7,,,,0,0.0,,2019-2022,2022,
2019,QLD,175,Petrie,32932,HOPKINS,Troy,1,UAPP,United Australia Party,3361.0,101597.0,0.033081685482839,UAPP,False,False,Petrie,0,-0.006918314517161003,2.76,0.0,6,0.0555237388863331,5914.0,106513.0,1,0.0555237388863331,0.022442053403494103,2019-2022,2022,
2019,QLD,175,Petrie,32556,AAI REDDY,Nikhil,3,ON,Pauline Hanson's One Nation,7638.0,101597.0,0.0751793852180674,ON,False,False,Petrie,1,0.0351793852180674,2.76,21080.879999999997,6,0.0526977927576915,5613.0,106513.0,1,0.0526977927576915,-0.0224815924603759,2019-2022,2022,
2019,QLD,175,Petrie,33172,FOWLER,Neville John,5,FACN,FRASER ANNING'S CONSERVATIVE NATIONAL PARTY,1494.0,101597.0,0.0147051586168882,FACN,False,False,Petrie,0,-0.0252948413831118,2.76,0.0,6,,,,0,0.0,,2019-2022,2022,
2019,QLD,176,Rankin,32923,REDDY,Shyamal,2,UAPP,United Australia Party,3134.0,84864.0,0.0369296757164404,UAPP,False,False,Rankin,0,-0.0030703242835595987,2.76,0.0,8,0.0576620892259342,5064.0,87822.0,1,0.0576620892259342,0.0207324135094938,2019-2022,2022,
2019,QLD,176,Rankin,32542,SCHNEIDER,Jesse,4,ON,Pauline Hanson's One Nation,7261.0,84864.0,0.0855604260935143,ON,False,False,Rankin,1,0.0455604260935143,2.76,20040.359999999997,8,0.0797749994306665,7006.0,87822.0,1,0.0797749994306665,-0.005785426662847801,2019-2022,2022,
2019,QLD,176,Rankin,33153,ANDREWS,Peter James,5,FACN,FRASER ANNING'S CONSERVATIVE NATIONAL PARTY,1593.0,84864.0,0.0187712104072398,FACN,False,False,Rankin,0,-0.0212287895927602,2.76,0.0,8,,,,0,0.0,,2019-2022,2022,
2019,QLD,176,Rankin,33557,DAVIES,Ric,6,LDP,Liberal Democrats,2379.0,84864.0,0.0280330882352941,LDP,False,False,Rankin,0,-0.0119669117647059,2.76,0.0,8,,,,0,0.0,,2019-2022,2022,0.0411247556278753
2019,QLD,176,Rankin,33566,MOHAMMAD,Yusuf,8,,,1024.0,84864.0,0.0120663650075414,,False,False,Rankin,0,-0.0279336349924586,2.76,0.0,8,,,,0,0.0,,2019-2022,2022,
2019,QLD,177,Ryan,32962,CROUCH,Larry Edward,2,UAPP,United Australia Party,1478.0,96426.0,0.0153278161491713,UAPP,False,False,Ryan,0,-0.0246721838508287,2.76,0.0,7,0.0207620121631962,2062.0,99316.0,1,0.0207620121631962,0.0054341960140249,2019-2022,2022,
2019,QLD,177,Ryan,32222,WEBB,Joanne,3,AJP,Animal Justice Party,1854.0,96426.0,0.0192271793914504,AJP,False,False,Ryan,0,-0.0207728206085496,2.76,0.0,7,0.010954931733054,1088.0,99316.0,1,0.010954931733054,-0.0082722476583964,2019-2022,2022,
2019,QLD,177,Ryan,32713,MILES,Rodney,4,ON,Pauline Hanson's One Nation,2080.0,96426.0,0.0215709455955862,ON,False,False,Ryan,0,-0.0184290544044138,2.76,0.0,7,0.0225240646018768,2237.0,99316.0,1,0.0225240646018768,0.0009531190062905988,2019-2022,2022,
2019,QLD,177,Ryan,33327,BANKS,Andrew,7,FACN,FRASER ANNING'S CONSERVATIVE NATIONAL PARTY,964.0,96426.0,0.0099973036318005,FACN,False,False,Ryan,0,-0.0300026963681995,2.76,0.0,7,,,,0,0.0,,2019-2022,2022,
2019,QLD,178,Wide Bay,32937,SCHEBELLA,Andrew,3,UAPP,United Australia Party,3385.0,93872.0,0.0360597409238111,UAPP,False,False,Wide Bay,0,-0.003940259076188904,2.76,0.0,7,0.046038264213243,4406.0,95703.0,1,0.046038264213243,0.009978523289431905,2019-2022,2022,
2019,QLD,178,Wide Bay,32076,JEROME,Tim,5,IND,Independent,4220.0,93872.0,0.0449548321118118,IND,False,True,Wide Bay,1,0.004954832111811802,2.76,11647.199999999999,7,0.0429035662413926,4106.0,95703.0,1,0.0429035662413926,-0.0020512658704192055,2019-2022,2022,
2019,QLD,178,Wide Bay,33254,SMITH,Jasmine,6,FACN,FRASER ANNING'S CONSERVATIVE NATIONAL PARTY,2149.0,93872.0,0.0228928754048065,FACN,False,False,Wide Bay,0,-0.0171071245951935,2.76,0.0,7,,,,0,0.0,,2019-2022,2022,
2019,QLD,178,Wide Bay,32746,VICO,Aaron,7,ON,Pauline Hanson's One Nation,10166.0,93872.0,0.108296403613431,ON,False,False,Wide Bay,1,0.068296403613431,2.76,28058.159999999996,7,0.1020344189837309,9765.0,95703.0,1,0.1020344189837309,-0.006261984629700096,2019-2022,2022,0.1559923906150919
2019,QLD,316,Wright,32966,WRIGHT,David William,1,UAPP,United Australia Party,4747.0,96893.0,0.0489921872581094,UAPP,False,False,Wright,1,0.0089921872581094,2.76,13101.72,8,0.0821557021891195,8703.0,105933.0,1,0.0821557021891195,0.033163514931010094,2019-2022,2022,
2019,QLD,316,Wright,32114,LARKIN,Innes,3,IND,Independent,5165.0,96893.0,0.0533062243918549,IND,False,True,Wright,1,0.013306224391854901,2.76,14255.4,8,,,,0,0.0,,2019-2022,2022,
2019,QLD,316,Wright,33267,SMITH,Rod,5,FACN,FRASER ANNING'S CONSERVATIVE NATIONAL PARTY,2164.0,96893.0,0.0223339147306823,FACN,False,False,Wright,0,-0.0176660852693177,2.76,0.0,8,,,,0,0.0,,2019-2022,2022,
2019,QLD,316,Wright,32895,TOMLINSON,Matthew,6,KAP,Katter's Australian Party (KAP),2613.0,96893.0,0.0269678924174088,KAP,False,False,Wright,0,-0.013032107582591202,2.76,0.0,8,,,,0,0.0,,2019-2022,2022,
2019,QLD,316,Wright,32846,O'CALLAGHAN,Chris,7,ON,Pauline Hanson's One Nation,13576.0,96893.0,0.1401133208797333,ON,False,False,Wright,1,0.10011332087973329,2.76,37469.759999999995,8,0.1424957284321222,15095.0,105933.0,1,0.1424957284321222,0.0023824075523888877,2019-2022,2022,0.2090287370637922
2019,SA,179,Adelaide,33037,JAMES,Chris,1,AUD,Australian Democrats,2039.0,107181.0,0.0190238941603455,AUD,False,False,Adelaide,0,-0.0209761058396545,2.76,0.0,6,,,,0,0.0,,2019-2022,2022,
2019,SA,179,Adelaide,33271,KANGAS,Deanna,4,AJP,Animal Justice Party,2894.0,107181.0,0.0270010542913389,AJP,False,False,Adelaide,0,-0.0129989457086611,2.76,0.0,6,,,,0,0.0,,2019-2022,2022,0.0135225655195512
2019,SA,179,Adelaide,33030,REA,Antonio,6,UAPP,United Australia Party,3479.0,107181.0,0.0324591112230712,UAPP,False,False,Adelaide,0,-0.007540888776928802,2.76,0.0,6,0.0270919797098364,3055.0,112764.0,1,0.0270919797098364,-0.005367131513234799,2019-2022,2022,
2019,SA,180,Barker,33050,BACHER,Bert,2,UAPP,United Australia Party,6259.0,105666.0,0.0592338122007078,UAPP,False,False,Barker,1,0.0192338122007078,2.76,17274.84,7,0.0399058592236221,4222.0,105799.0,1,0.0399058592236221,-0.0193279529770857,2019-2022,2022,
2019,SA,180,Barker,33437,ECKERMANN,Karen,4,AJP,Animal Justice Party,2940.0,105666.0,0.0278235193912895,AJP,False,False,Barker,0,-0.012176480608710502,2.76,0.0,7,,,,0,0.0,,2019-2022,2022,
2019,SA,180,Barker,33036,GLADIGAU,Kelly,5,XEN,Centre Alliance,3082.0,105666.0,0.0291673764503246,XEN,False,False,Barker,0,-0.010832623549675402,2.76,0.0,7,,,,0,0.0,,2019-2022,2022,0.2906665254910265
2019,SA,182,Boothby,33331,RUSSELL,Geoff,1,AJP,Animal Justice Party,2675.0,110577.0,0.0241912875191043,AJP,False,False,Boothby,0,-0.0158087124808957,2.76,0.0,8,0.0119429762459655,1358.0,113707.0,1,0.0119429762459655,-0.0122483112731388,2019-2022,2022,0.0142305431953656
2019,SA,182,Boothby,33530,CHEOK,Adrian David,3,FACN,FRASER ANNING'S CONSERVATIVE NATIONAL PARTY,868.0,110577.0,0.0078497336697504,FACN,False,False,Boothby,0,-0.0321502663302496,2.76,0.0,8,,,,0,0.0,,2019-2022,2022,
2019,SA,182,Boothby,33571,WONG,Carol,4,RUA,Rise Up Australia Party,603.0,110577.0,0.0054532135977644,RUA,False,False,Boothby,0,-0.0345467864022356,2.76,0.0,8,,,,0,0.0,,2019-2022,2022,
2019,SA,182,Boothby,33102,SALERNO,Peter,7,UAPP,United Australia Party,2094.0,110577.0,0.0189370303046745,UAPP,False,False,Boothby,0,-0.0210629696953255,2.76,0.0,8,0.0221622239615854,2520.0,113707.0,1,0.0221622239615854,0.0032251936569108984,2019-2022,2022,
2019,SA,182,Boothby,33586,JONES,Trevor,8,IND,Independent,2843.0,110577.0,0.0257105908100237,IND,False,True,Boothby,0,-0.014289409189976301,2.76,0.0,8,0.0092166709173577,1048.0,113707.0,1,0.0092166709173577,-0.016493919892666,2019-2022,2022,0.0069683485853412
2019,SA,182,Boothby,33586,JONES,Trevor,8,IND,Independent,2843.0,110577.0,0.0257105908100237,IND,False,True,Boothby,0,-0.014289409189976301,2.76,0.0,8,0.0092166709173577,1048.0,113707.0,1,0.0092166709173577,-0.016493919892666,2019-2022,2022,0.0045965913861136
2019,SA,183,Grey,33337,EDGECOMBE,Jacqui,1,AJP,Animal Justice Party,2681.0,103447.0,0.0259166529720533,AJP,False,False,Grey,0,-0.0140833470279467,2.76,0.0,8,,,,0,0.0,,2019-2022,2022,
2019,SA,183,Grey,32288,STONE,David,3,ON,Pauline Hanson's One Nation,8990.0,103447.0,0.0869044051543302,ON,False,False,Grey,1,0.046904405154330205,2.76,24812.399999999998,8,0.0625690955992164,6452.0,103118.0,1,0.0625690955992164,-0.0243353095551138,2019-2022,2022,
2019,SA,183,Grey,32089,CARMODY,Richard,4,IND,Independent,1797.0,103447.0,0.0173712142449756,IND,False,True,Grey,0,-0.0226287857550244,2.76,0.0,8,0.1126185535018134,11613.0,103118.0,1,0.1126185535018134,0.0952473392568378,2019-2022,2022,0.0127286483599626
2019,SA,183,Grey,33100,WARREN,Alexander David,5,UAPP,United Australia Party,3891.0,103447.0,0.037613463899388,UAPP,False,False,Grey,0,-0.0023865361006119995,2.76,0.0,8,0.0560619872379216,5781.0,103118.0,1,0.0560619872379216,0.0184485233385336,2019-2022,2022,
2019,SA,183,Grey,33094,BROADFOOT,Andrea,7,XEN,Centre Alliance,5324.0,103447.0,0.0514659680802729,XEN,False,False,Grey,1,0.0114659680802729,2.76,14694.239999999998,8,,,,0,0.0,,2019-2022,2022,0.2774489296363879
2019,SA,185,Hindmarsh,33106,VAID,Rajan,1,FACN,FRASER ANNING'S CONSERVATIVE NATIONAL PARTY,2052.0,108955.0,0.0188334633564315,FACN,False,False,Hindmarsh,0,-0.0211665366435685,2.76,0.0,6,,,,0,0.0,,2019-2022,2022,
2019,SA,185,Hindmarsh,33111,MORRIS,Rose,2,UAPP,United Australia Party,4729.0,108955.0,0.0434032398696709,UAPP,False,False,Hindmarsh,1,0.0034032398696709,2.76,13052.039999999999,6,0.0353080847901543,3896.0,110343.0,1,0.0353080847901543,-0.008095155079516601,2019-2022,2022,
2019,SA,185,Hindmarsh,33323,KELTY,Alison,4,AJP,Animal Justice Party,3219.0,108955.0,0.0295443072828231,AJP,False,False,Hindmarsh,0,-0.0104556927171769,2.76,0.0,6,0.0212066012343329,2340.0,110343.0,1,0.0212066012343329,-0.008337706048490202,2019-2022,2022,0.0148522931287742
2019,SA,186,Kingston,33360,SOMERS,Kellie,4,AJP,Animal Justice Party,3742.0,106081.0,0.0352749314203297,AJP,False,False,Kingston,0,-0.004725068579670304,2.76,0.0,5,,,,0,0.0,,2019-2022,2022,
2019,SA,186,Kingston,33104,HOSKIN,Jodie Anne,5,UAPP,United Australia Party,5270.0,106081.0,0.0496790188629443,UAPP,False,False,Kingston,1,0.009679018862944297,2.76,14545.199999999999,5,0.039510981876703,4321.0,109362.0,1,0.039510981876703,-0.010168036986241295,2019-2022,2022,
2019,SA,187,Makin,33385,GASTON,Lyn,3,AJP,Animal Justice Party,3866.0,106704.0,0.0362310691258059,AJP,False,False,Makin,0,-0.0037689308741941027,2.76,0.0,5,,,,0,0.0,,2019-2022,2022,0.0157223344318061
2019,SA,187,Makin,33105,COLLIS,Rachel,5,UAPP,United Australia Party,6874.0,106704.0,0.0644212025790973,UAPP,False,False,Makin,1,0.024421202579097294,2.76,18972.239999999998,5,0.0430872707679158,4638.0,107642.0,1,0.0430872707679158,-0.021333931811181497,2019-2022,2022,
2019,SA,188,Mayo,33446,DOWLAND,Helen,3,AJP,Animal Justice Party,2302.0,112676.0,0.0204302602151301,AJP,False,False,Mayo,0,-0.0195697397848699,2.76,0.0,6,0.0165986886261551,1929.0,116214.0,1,0.0165986886261551,-0.0038315715889749996,2019-2022,2022,
2019,SA,188,Mayo,33089,CANE,Michael,4,UAPP,United Australia Party,3597.0,112676.0,0.0319233909616954,UAPP,False,False,Mayo,0,-0.008076609038304601,2.76,0.0,6,0.0351850895761268,4089.0,116214.0,1,0.0351850895761268,0.003261698614431402,2019-2022,2022,
2019,SA,188,Mayo,33085,SHARKIE,Rebekha,6,XEN,Centre Alliance,38525.0,112676.0,0.3419095459547729,XEN,False,False,Mayo,1,0.30190954595477293,2.76,106328.99999999999,6,0.3140757567935016,36500.0,116214.0,1,0.3140757567935016,-0.027833789161271327,2019-2022,2022,0.3486059127801842
2019,SA,325,Spence,33086,FIEDLER,Ron,3,UAPP,United Australia Party,7157.0,101629.0,0.0704228123862283,UAPP,False,False,Spence,1,0.0304228123862283,2.76,19753.32,6,0.0673839984184811,7158.0,106227.0,1,0.0673839984184811,-0.003038813967747203,2019-2022,2022,
2019,SA,325,Spence,33548,KUHLMANN,Rita,5,AJP,Animal Justice Party,3626.0,101629.0,0.035678792470653,AJP,False,False,Spence,0,-0.004321207529347004,2.76,0.0,6,,,,0,0.0,,2019-2022,2022,
2019,SA,325,Spence,32315,HERBERT,Nathan,6,IND,Independent,5473.0,101629.0,0.0538527388835863,IND,False,True,Spence,1,0.013852738883586298,2.76,15105.48,6,,,,0,0.0,,2019-2022,2022,
2019,SA,190,Sturt,33289,ROBERTS,Harbinda,4,AJP,Animal Justice Party,1866.0,109732.0,0.0170050668902416,AJP,False,False,Sturt,0,-0.022994933109758402,2.76,0.0,8,0.0135955954178136,1531.0,112610.0,1,0.0135955954178136,-0.0034094714724279985,2019-2022,2022,0.0131137673058732
2019,SA,190,Sturt,33095,HARDING,Hedley,5,UAPP,United Australia Party,2657.0,109732.0,0.0242135384391061,UAPP,False,False,Sturt,0,-0.015786461560893902,2.76,0.0,8,0.0267116597105052,3008.0,112610.0,1,0.0267116597105052,0.0024981212713991,2019-2022,2022,
2019,SA,190,Sturt,33533,THOMAS,Colin,6,CPP,Child Protection Party,1219.0,109732.0,0.0111088834615244,CPP,False,False,Sturt,0,-0.0288911165384756,2.76,0.0,8,,,,0,0.0,,2019-2022,2022,
2019,SA,190,Sturt,32899,FULCO,Angela,7,AUP,Australian Progressives,565.0,109732.0,0.0051489082491889,AUP,False,False,Sturt,0,-0.0348510917508111,2.76,0.0,8,0.0040582541514963,457.0,112610.0,1,0.0040582541514963,-0.0010906540976926005,2019-2022,2022,
2019,SA,190,Sturt,32458,LARCOMBE,Nick,8,IND,Independent,2906.0,109732.0,0.0264827033135275,IND,False,True,Sturt,0,-0.013517296686472502,2.76,0.0,8,,,,0,0.0,,2019-2022,2022,0.006847106372001
2019,TAS,192,Bass,32379,WOODBURY,Susan,3,AJP,Animal Justice Party,1667.0,68733.0,0.024253269899466,AJP,False,False,Bass,0,-0.015746730100534,2.76,0.0,7,0.0141235114926613,969.0,68609.0,1,0.0141235114926613,-0.010129758406804698,2019-2022,2022,
2019,TAS,192,Bass,33590,LAMBERT,Todd,5,IND,Independent,2607.0,68733.0,0.0379293789009646,IND,False,True,Bass,0,-0.0020706210990353996,2.76,0.0,7,0.050284948038887,3450.0,68609.0,1,0.050284948038887,0.0123555691379224,2019-2022,2022,
2019,TAS,192,Bass,32545,ROARK,Allan John,6,UAPP,United Australia Party,3342.0,68733.0,0.0486229322159661,UAPP,False,False,Bass,1,0.008622932215966099,2.76,9223.92,7,0.0166158958737191,1140.0,68609.0,1,0.0166158958737191,-0.032007036342247,2019-2022,2022,
2019,TAS,193,Braddon,32521,SPAULDING,Karen Wendy,1,UAPP,United Australia Party,2575.0,69973.0,0.0367999085361496,UAPP,False,False,Braddon,0,-0.0032000914638503977,2.76,0.0,9,0.0141647072155018,1000.0,70598.0,1,0.0141647072155018,-0.0226352013206478,2019-2022,2022,
2019,TAS,193,Braddon,32094,BRAKEY,Craig,2,IND,Independent,7619.0,69973.0,0.108884855587155,IND,False,True,Braddon,1,0.06888485558715499,2.76,21028.44,9,0.0784441485594492,5538.0,70598.0,1,0.0784441485594492,-0.030440707027705793,2019-2022,2022,
2019,TAS,193,Braddon,33556,ALLAN,Shane,3,FACN,FRASER ANNING'S CONSERVATIVE NATIONAL PARTY,712.0,69973.0,0.010175353350578,FACN,False,False,Braddon,0,-0.029824646649422,2.76,0.0,9,,,,0,0.0,,2019-2022,2022,
2019,TAS,193,Braddon,33547,SMITH,Brett Michael,7,IND,Independent,1203.0,69973.0,0.0171923456190244,IND,False,True,Braddon,0,-0.022807654380975602,2.76,0.0,9,0.0784441485594492,5538.0,70598.0,1,0.0784441485594492,0.0612518029404248,2019-2022,2022,
2019,TAS,193,Braddon,32440,GALLAHER,Graham,9,ON,Pauline Hanson's One Nation,3879.0,69973.0,0.0554356680433881,ON,False,False,Braddon,1,0.015435668043388098,2.76,10706.039999999999,9,0.0434148276155131,3065.0,70598.0,1,0.0434148276155131,-0.012020840427874997,2019-2022,2022,
2019,TAS,319,Clark,33553,WILKIE,Andrew,1,IND,Independent,33761.0,67461.0,0.5004521130727383,IND,False,True,Clark,1,0.4604521130727383,2.76,93180.35999999999,5,0.4553525358909764,30005.0,65894.0,1,0.4553525358909764,-0.045099577181761885,2019-2022,2022,
2019,TAS,319,Clark,32628,STARKEY,Jim,5,UAPP,United Australia Party,1882.0,67461.0,0.0278976000948696,UAPP,False,False,Clark,0,-0.012102399905130401,2.76,0.0,5,0.0142805111239263,941.0,65894.0,1,0.0142805111239263,-0.0136170889709433,2019-2022,2022,
2019,TAS,195,Franklin,33600,HAWES,Darren John,3,FACN,FRASER ANNING'S CONSERVATIVE NATIONAL PARTY,1257.0,70261.0,0.0178904370845846,FACN,False,False,Franklin,0,-0.022109562915415402,2.76,0.0,5,,,,0,0.0,,2019-2022,2022,
2019,TAS,195,Franklin,32565,WINTER,Darren,5,UAPP,United Australia Party,4704.0,70261.0,0.0669503707604503,UAPP,False,False,Franklin,1,0.026950370760450294,2.76,12983.039999999999,5,0.0193659748242327,1380.0,71259.0,1,0.0193659748242327,-0.04758439593621759,2019-2022,2022,
2019,TAS,196,Lyons,32424,MURTAGH,Tennille,4,ON,Pauline Hanson's One Nation,5820.0,71564.0,0.0813258062713096,ON,False,False,Lyons,1,0.0413258062713096,2.76,16063.199999999999,6,0.0535465924895688,3927.0,73338.0,1,0.0535465924895688,-0.0277792137817408,2019-2022,2022,
2019,TAS,196,Lyons,32584,WARNE,Michael,6,UAPP,United Australia Party,4365.0,71564.0,0.0609943547034822,UAPP,False,False,Lyons,1,0.020994354703482196,2.76,12047.4,6,0.0269437399438217,1976.0,73338.0,1,0.0269437399438217,-0.034050614759660494,2019-2022,2022,
2019,VIC,197,Aston,32408,COOKSON,Asher,2,GVIC,The Greens (VIC),8867.0,100090.0,0.0885902687581177,GVIC,False,False,Aston,1,0.04859026875811769,2.76,24472.92,5,0.1207722086389568,11855.0,98160.0,1,0.1207722086389568,0.0321819398808391,2019-2022,2022,
2019,VIC,197,Aston,32269,SIRIANNI-DUFFY,Matthew,4,UAPP,United Australia Party,3611.0,100090.0,0.0360775302227994,UAPP,False,False,Aston,0,-0.0039224697772006,2.76,0.0,5,0.0610228198859005,5990.0,98160.0,1,0.0610228198859005,0.024945289663101097,2019-2022,2022,
2019,VIC,197,Aston,32321,KENNEDY,Anna,5,DLP,Labour DLP,3029.0,100090.0,0.0302627635128384,DLP,False,False,Aston,0,-0.009737236487161603,2.76,0.0,5,,,,0,0.0,,2019-2022,2022,
2019,VIC,198,Ballarat,33209,HILLS,Bryn,1,AJP,Animal Justice Party,4393.0,102683.0,0.0427821547870631,AJP,False,False,Ballarat,1,0.002782154787063097,2.76,12124.679999999998,7,,,,0,0.0,,2019-2022,2022,
2019,VIC,198,Ballarat,32278,COZYN,Peter,2,UAPP,United Australia Party,4741.0,102683.0,0.0461712260062522,UAPP,False,False,Ballarat,1,0.006171226006252202,2.76,13085.16,7,0.0382694300518134,3693.0,96500.0,1,0.0382694300518134,-0.007901795954438802,2019-2022,2022,
2019,VIC,198,Ballarat,33575,GRAHAM,Alex,3,IND,Independent,1645.0,102683.0,0.0160201786079487,IND,False,True,Ballarat,0,-0.0239798213920513,2.76,0.0,7,0.021181347150259,2044.0,96500.0,1,0.021181347150259,0.005161168542310298,2019-2022,2022,0.0184428955960166
2019,VIC,198,Ballarat,33429,SHADY,Nick,4,IND,Independent,2288.0,102683.0,0.0222821693951286,IND,False,True,Ballarat,0,-0.0177178306048714,2.76,0.0,7,0.021181347150259,2044.0,96500.0,1,0.021181347150259,-0.0011008222448696016,2019-2022,2022,0.0184428955960166
2019,VIC,198,Ballarat,32396,McALOON,Karen,5,GVIC,The Greens (VIC),9077.0,102683.0,0.0883982743005171,GVIC,False,False,Ballarat,1,0.048398274300517095,2.76,25052.519999999997,7,0.1458652849740932,14076.0,96500.0,1,0.1458652849740932,0.05746701067357611,2019-2022,2022,
2019,VIC,200,Bendigo,33371,BUDDE,Sharon,1,RUA,Rise Up Australia Party,1464.0,101661.0,0.0144008026676896,RUA,False,False,Bendigo,0,-0.0255991973323104,2.76,0.0,7,,,,0,0.0,,2019-2022,2022,0.0211070428602196
2019,VIC,200,Bendigo,32413,HOLIAN,Robert,2,GVIC,The Greens (VIC),11381.0,101661.0,0.1119505021591367,GVIC,False,False,Bendigo,1,0.0719505021591367,2.76,31411.559999999998,7,0.1405706611611661,14026.0,99779.0,1,0.1405706611611661,0.028620159002029397,2019-2022,2022,
2019,VIC,200,Bendigo,32286,VEITCH,Adam,4,UAPP,United Australia Party,4321.0,101661.0,0.0425040084201414,UAPP,False,False,Bendigo,1,0.002504008420141396,2.76,11925.96,7,0.0358692710891069,3579.0,99779.0,1,0.0358692710891069,-0.0066347373310345,2019-2022,2022,
2019,VIC,200,Bendigo,32644,WILLIAMS,Vaughan,6,ON,Pauline Hanson's One Nation,6278.0,101661.0,0.0617542617129479,ON,False,False,Bendigo,1,0.0217542617129479,2.76,17327.28,7,0.0552019964120706,5508.0,99779.0,1,0.0552019964120706,-0.006552265300877297,2019-2022,2022,
2019,VIC,200,Bendigo,33608,HOSKIN,Julie,7,FACN,FRASER ANNING'S CONSERVATIVE NATIONAL PARTY,1667.0,101661.0,0.0163976352780318,FACN,False,False,Bendigo,0,-0.0236023647219682,2.76,0.0,7,,,,0,0.0,,2019-2022,2022,
2019,VIC,201,Bruce,33596,BOYANTON,Tim,1,FACN,FRASER ANNING'S CONSERVATIVE NATIONAL PARTY,3377.0,93040.0,0.0362962166809974,FACN,False,False,Bruce,0,-0.0037037833190026043,2.76,0.0,5,,,,0,0.0,,2019-2022,2022,
2019,VIC,201,Bruce,32368,AHMED,Mubahil,2,UAPP,United Australia Party,3979.0,93040.0,0.0427665520206362,UAPP,False,False,Bruce,1,0.0027665520206361996,2.76,10982.039999999999,5,0.0870920348410116,8299.0,95290.0,1,0.0870920348410116,0.044325482820375406,2019-2022,2022,
2019,VIC,201,Bruce,32409,GARAD,Rhonda,5,GVIC,The Greens (VIC),6801.0,93040.0,0.0730975924333619,GVIC,False,False,Bruce,1,0.033097592433361904,2.76,18770.76,5,0.0973134641620317,9273.0,95290.0,1,0.0973134641620317,0.02421587172866979,2019-2022,2022,
2019,VIC,203,Calwell,32400,KERR,Keith,1,CEC,Citizens Electoral Council,2851.0,87452.0,0.0326007409779078,CEC,False,False,Calwell,0,-0.007399259022092201,2.76,0.0,8,,,,0,0.0,,2019-2022,2022,
2019,VIC,203,Calwell,32659,MORGAN,Polly,2,GVIC,The Greens (VIC),5893.0,87452.0,0.0673855372089832,GVIC,False,False,Calwell,1,0.0273855372089832,2.76,16264.679999999998,8,0.0973821989528795,8277.0,84995.0,1,0.0973821989528795,0.0299966617438963,2019-2022,2022,
2019,VIC,203,Calwell,33609,VAIL,Adam,4,FACN,FRASER ANNING'S CONSERVATIVE NATIONAL PARTY,1771.0,87452.0,0.0202511091798929,FACN,False,False,Calwell,0,-0.019748890820107102,2.76,0.0,8,,,,0,0.0,,2019-2022,2022,
2019,VIC,203,Calwell,32410,SMALL,Jerome,5,VNS,Victorian Socialists,3984.0,87452.0,0.0455564195215661,VNS,False,False,Calwell,1,0.005556419521566096,2.76,10995.839999999998,8,0.0403906112124242,3433.0,84995.0,1,0.0403906112124242,-0.0051658083091418935,2019-2022,2022,
2019,VIC,203,Calwell,32389,CHHABRA,Prakul,6,UAPP,United Australia Party,3037.0,87452.0,0.0347276220097882,UAPP,False,False,Calwell,0,-0.005272377990211803,2.76,0.0,8,0.0891581857756338,7578.0,84995.0,1,0.0891581857756338,0.054430563765845597,2019-2022,2022,
2019,VIC,203,Calwell,32283,BYRNE,Peter,7,SEP,Socialist Equality Party,823.0,87452.0,0.0094108768238576,SEP,False,False,Calwell,0,-0.030589123176142402,2.76,0.0,8,,,,0,0.0,,2019-2022,2022,
2019,VIC,204,Casey,28237,CHARLETON,Peter,1,IND,Independent,2302.0,99828.0,0.0230596626197058,IND,False,True,Casey,0,-0.016940337380294202,2.76,0.0,10,0.0346814426677106,3455.0,99621.0,1,0.0346814426677106,0.011621780048004803,2019-2022,2022,0.0312042588717459
2019,VIC,204,Casey,33270,CALABRO,Antony,2,RUA,Rise Up Australia Party,820.0,99828.0,0.0082141283006771,RUA,False,False,Casey,0,-0.0317858716993229,2.76,0.0,10,,,,0,0.0,,2019-2022,2022,0.027658813197298
2019,VIC,204,Casey,32346,McPHEE,Ross,3,DLP,Labour DLP,2246.0,99828.0,0.0224986977601474,DLP,False,False,Casey,0,-0.0175013022398526,2.76,0.0,10,,,,0,0.0,,2019-2022,2022,
2019,VIC,204,Casey,32674,BARKER,Travis,4,AJP,Animal Justice Party,3105.0,99828.0,0.0311034980165885,AJP,False,False,Casey,0,-0.0088965019834115,2.76,0.0,10,0.0185101534816956,1844.0,99621.0,1,0.0185101534816956,-0.0125933445348929,2019-2022,2022,0.0452776181544166
2019,VIC,204,Casey,32292,STARKEY,Wendy,5,UAPP,United Australia Party,2607.0,99828.0,0.0261149176583724,UAPP,False,False,Casey,0,-0.013885082341627601,2.76,0.0,10,0.0485239056022324,4834.0,99621.0,1,0.0485239056022324,0.022408987943860002,2019-2022,2022,
2019,VIC,204,Casey,33235,CLARK,Ryan Leslie,6,DHJP,Derryn Hinch's Justice Party,3309.0,99828.0,0.0331470128621228,DHJP,False,False,Casey,0,-0.006852987137877201,2.76,0.0,10,0.0121159193342769,1207.0,99621.0,1,0.0121159193342769,-0.0210310935278459,2019-2022,2022,
2019,VIC,204,Casey,32404,GAME-LOPATA,Jenny,9,GVIC,The Greens (VIC),10919.0,99828.0,0.1093781303842609,GVIC,False,False,Casey,1,0.06937813038426091,2.76,30136.44,10,0.1294305417532448,12894.0,99621.0,1,0.1294305417532448,0.020052411368983905,2019-2022,2022,
2019,VIC,204,Casey,33551,O'CONNOR,Jayden,10,GAP,The Great Australian Party,801.0,99828.0,0.0080238009376126,GAP,False,False,Casey,0,-0.0319761990623874,2.76,0.0,10,,,,0,0.0,,2019-2022,2022,
2019,VIC,205,Chisholm,33549,DOBBY,Ian,1,IND,Independent,2319.0,94920.0,0.0244310998735777,IND,False,True,Chisholm,0,-0.0155689001264223,2.76,0.0,9,0.016473611139891,1590.0,96518.0,1,0.016473611139891,-0.0079574887336867,2019-2022,2022,
2019,VIC,205,Chisholm,33333,DORIAN,Angela Mary,2,RUA,Rise Up Australia Party,571.0,94920.0,0.0060155920775389,RUA,False,False,Chisholm,0,-0.0339844079224611,2.76,0.0,9,,,,0,0.0,,2019-2022,2022,0.0197416974169741
2019,VIC,205,Chisholm,32403,ARTHUR,Luke,3,GVIC,The Greens (VIC),11235.0,94920.0,0.118362831858407,GVIC,False,False,Chisholm,1,0.078362831858407,2.76,31008.6,9,0.1256760397024389,12130.0,96518.0,1,0.1256760397024389,0.007313207844031902,2019-2022,2022,
2019,VIC,205,Chisholm,32689,LAVIN,Rosemary,5,AJP,Animal Justice Party,1780.0,94920.0,0.0187526337968815,AJP,False,False,Chisholm,0,-0.0212473662031185,2.76,0.0,9,0.0116247746534325,1122.0,96518.0,1,0.0116247746534325,-0.0071278591434489995,2019-2022,2022,0.0207449261992619
2019,VIC,205,Chisholm,33296,WICKS,Anne,6,DHJP,Derryn Hinch's Justice Party,2063.0,94920.0,0.0217340918668352,DHJP,False,False,Chisholm,0,-0.0182659081331648,2.76,0.0,9,0.0098012805901489,946.0,96518.0,1,0.0098012805901489,-0.011932811276686302,2019-2022,2022,
2019,VIC,205,Chisholm,32347,ZORAYA,George,7,UAPP,United Australia Party,1517.0,94920.0,0.0159818794774546,UAPP,False,False,Chisholm,0,-0.0240181205225454,2.76,0.0,9,0.0237779481547483,2295.0,96518.0,1,0.0237779481547483,0.0077960686772937,2019-2022,2022,
2019,VIC,205,Chisholm,33205,JENKINS,Philip,9,DLP,Labour DLP,1702.0,94920.0,0.0179308891698272,DLP,False,False,Chisholm,0,-0.0220691108301728,2.76,0.0,9,,,,0,0.0,,2019-2022,2022,
2019,VIC,320,Cooper,32095,VAN LIESHOUT,Teresa,1,IND,Independent,1660.0,97481.0,0.0170289594895415,IND,False,True,Cooper,0,-0.0229710405104585,2.76,0.0,8,,,,0,0.0,,2019-2022,2022,
2019,VIC,320,Cooper,33257,RUSSELL,Sarah,2,REAS,Reason Australia,2110.0,97481.0,0.0216452436885136,REAS,False,False,Cooper,0,-0.018354756311486402,2.76,0.0,8,,,,0,0.0,,2019-2022,2022,
2019,VIC,320,Cooper,32300,NANGLE,Brett,3,UAPP,United Australia Party,1892.0,97481.0,0.0194089104543449,UAPP,False,False,Cooper,0,-0.0205910895456551,2.76,0.0,8,0.04448,4170.0,93750.0,1,0.04448,0.0250710895456551,2019-2022,2022,
2019,VIC,320,Cooper,32728,RICHINGS,Nadine,4,AJP,Animal Justice Party,2476.0,97481.0,0.0253998215036776,AJP,False,False,Cooper,0,-0.014600178496322402,2.76,0.0,8,0.0235413333333333,2207.0,93750.0,1,0.0235413333333333,-0.0018584881703442996,2019-2022,2022,
2019,VIC,320,Cooper,32693,RISSTROM,David,5,GVIC,The Greens (VIC),20605.0,97481.0,0.2113745242662672,GVIC,False,False,Cooper,1,0.1713745242662672,2.76,56869.799999999996,8,0.2735786666666667,25648.0,93750.0,1,0.2735786666666667,0.06220414240039948,2019-2022,2022,
2019,VIC,320,Cooper,32382,LARKIN,Kath,6,VNS,Victorian Socialists,4125.0,97481.0,0.0423159384905776,VNS,False,False,Cooper,1,0.002315938490577596,2.76,11385.0,8,0.0346666666666666,3250.0,93750.0,1,0.0346666666666666,-0.007649271823910994,2019-2022,2022,
2019,VIC,207,Corangamite,33304,ERSKINE,Ian,1,RUA,Rise Up Australia Party,1117.0,101620.0,0.0109919307222987,RUA,False,False,Corangamite,0,-0.0290080692777013,2.76,0.0,8,,,,0,0.0,,2019-2022,2022,0.0086062367273946
2019,VIC,207,Corangamite,32609,NORTHEAST,Simon,3,GVIC,The Greens (VIC),9184.0,101620.0,0.090375910253887,GVIC,False,False,Corangamite,1,0.050375910253887,2.76,25347.839999999997,8,0.1520199669198847,15349.0,100967.0,1,0.1520199669198847,0.061644056665997704,2019-2022,2022,
2019,VIC,207,Corangamite,32718,ADAMS,Naomi,4,AJP,Animal Justice Party,2143.0,101620.0,0.0210883684314111,AJP,False,False,Corangamite,0,-0.0189116315685889,2.76,0.0,8,0.019669793100716,1986.0,100967.0,1,0.019669793100716,-0.0014185753306951016,2019-2022,2022,0.0176697115335765
2019,VIC,207,Corangamite,33555,COLE,Damien,5,IND,Independent,5131.0,101620.0,0.0504920291281243,IND,False,True,Corangamite,1,0.010492029128124296,2.76,14161.56,8,,,,0,0.0,,2019-2022,2022,0.0154343253706168
2019,VIC,207,Corangamite,32328,HARVEY,Neil,7,UAPP,United Australia Party,2257.0,101620.0,0.0222101948435347,UAPP,False,False,Corangamite,0,-0.0177898051564653,2.76,0.0,8,0.03202036308893,3233.0,100967.0,1,0.03202036308893,0.009810168245395299,2019-2022,2022,
2019,VIC,207,Corangamite,33275,GRIMLEY,Mandy,8,DHJP,Derryn Hinch's Justice Party,2724.0,101620.0,0.0268057469002164,DHJP,False,False,Corangamite,0,-0.013194253099783601,2.76,0.0,8,0.0140739053354066,1421.0,100967.0,1,0.0140739053354066,-0.0127318415648098,2019-2022,2022,0.030878811587429
2019,VIC,208,Corio,32741,FORBES,Amber,3,GVIC,The Greens (VIC),12902.0,98752.0,0.1306505184705119,GVIC,False,False,Corio,1,0.09065051847051189,2.76,35609.52,4,0.1490551246080211,14450.0,96944.0,1,0.1490551246080211,0.01840460613750919,2019-2022,2022,
2019,VIC,208,Corio,32720,SANBORN,Desmond,4,UAPP,United Australia Party,5414.0,98752.0,0.0548242060920285,UAPP,False,False,Corio,1,0.014824206092028502,2.76,14942.64,4,0.049317131539858,4781.0,96944.0,1,0.049317131539858,-0.0055070745521705045,2019-2022,2022,
2019,VIC,209,Deakin,33266,SULLIVAN,Ellie Jean,1,DHJP,Derryn Hinch's Justice Party,3386.0,97269.0,0.0348106796615571,DHJP,False,False,Deakin,0,-0.005189320338442903,2.76,0.0,8,0.0107710259402208,1080.0,100269.0,1,0.0107710259402208,-0.024039653721336297,2019-2022,2022,
2019,VIC,209,Deakin,33558,JANSON,Vickie,2,IND,Independent,1614.0,97269.0,0.0165931591771273,IND,False,True,Deakin,0,-0.023406840822872702,2.76,0.0,8,0.0126759018240931,1271.0,100269.0,1,0.0126759018240931,-0.0039172573530341995,2019-2022,2022,
2019,VIC,209,Deakin,32412,SUN,Sophia,3,GVIC,The Greens (VIC),8730.0,97269.0,0.089751102612343,GVIC,False,False,Deakin,1,0.049751102612342994,2.76,24094.8,8,0.138666985808176,13904.0,100269.0,1,0.138666985808176,0.048915883195832996,2019-2022,2022,
2019,VIC,209,Deakin,32296,WILDE,Milton,5,UAPP,United Australia Party,1997.0,97269.0,0.0205306932321705,UAPP,False,False,Deakin,0,-0.0194693067678295,2.76,0.0,8,0.0282839162652464,2836.0,100269.0,1,0.0282839162652464,0.0077532230330759,2019-2022,2022,
2019,VIC,209,Deakin,32694,COSTANTINO,Vinita,6,AJP,Animal Justice Party,1964.0,97269.0,0.0201914278958352,AJP,False,False,Deakin,0,-0.019808572104164802,2.76,0.0,8,0.0164557340753373,1650.0,100269.0,1,0.0164557340753373,-0.0037356938204979005,2019-2022,2022,0.0265210262773075
2019,VIC,209,Deakin,32380,van der HORST,Joel,8,DLP,Labour DLP,1394.0,97269.0,0.0143313902682252,DLP,False,False,Deakin,0,-0.025668609731774802,2.76,0.0,8,,,,0,0.0,,2019-2022,2022,
2019,VIC,210,Dunkley,33311,O'CONNELL,Lachlan Andrew,1,DHJP,Derryn Hinch's Justice Party,5027.0,96828.0,0.0519168009253521,DHJP,False,False,Dunkley,1,0.011916800925352099,2.76,13874.519999999999,8,,,,0,0.0,,2019-2022,2022,0.0617069647116795
2019,VIC,210,Dunkley,32842,JOHNSTON,Elizabeth,2,AJP,Animal Justice Party,2961.0,96828.0,0.0305799975213781,AJP,False,False,Dunkley,0,-0.0094200024786219,2.76,0.0,8,0.0210296483566996,2013.0,95722.0,1,0.0210296483566996,-0.009550349164678503,2019-2022,2022,0.0215694399337014
2019,VIC,210,Dunkley,32393,JEAN,Ron,3,UAPP,United Australia Party,2513.0,96828.0,0.0259532366670797,UAPP,False,False,Dunkley,0,-0.0140467633329203,2.76,0.0,8,0.0506257704602912,4846.0,95722.0,1,0.0506257704602912,0.0246725337932115,2019-2022,2022,
2019,VIC,210,Dunkley,32789,GREEN,Emily,5,GVIC,The Greens (VIC),8125.0,96828.0,0.0839116784401206,GVIC,False,False,Dunkley,1,0.043911678440120595,2.76,22425.0,8,0.103403606276509,9898.0,95722.0,1,0.103403606276509,0.01949192783638841,2019-2022,2022,
2019,VIC,210,Dunkley,33612,JAMES,Christopher Ronald,7,FACN,FRASER ANNING'S CONSERVATIVE NATIONAL PARTY,1337.0,96828.0,0.0138079894245466,FACN,False,False,Dunkley,0,-0.026192010575453402,2.76,0.0,8,,,,0,0.0,,2019-2022,2022,
2019,VIC,210,Dunkley,33339,GENTLE,Yvonne,8,RUA,Rise Up Australia Party,948.0,96828.0,0.0097905564506134,RUA,False,False,Dunkley,0,-0.0302094435493866,2.76,0.0,8,,,,0,0.0,,2019-2022,2022,0.0076377767574165
2019,VIC,211,Flinders,32140,DREGER,Harry,1,IND,Independent,940.0,96952.0,0.0096955194322963,IND,False,True,Flinders,0,-0.030304480567703698,2.76,0.0,9,0.0524660775312936,5189.0,98902.0,1,0.0524660775312936,0.0427705580989973,2019-2022,2022,0.0305885364364896
2019,VIC,211,Flinders,32676,PERSSON,James,2,AJP,Animal Justice Party,2304.0,96952.0,0.0237643369915009,AJP,False,False,Flinders,0,-0.0162356630084991,2.76,0.0,9,0.0208286991162969,2060.0,98902.0,1,0.0208286991162969,-0.002935637875204001,2019-2022,2022,0.042796384901648
2019,VIC,211,Flinders,32982,SMITH,Reade,4,SPP,Sustainable Australia,1072.0,96952.0,0.0110570179057678,SPP,False,False,Flinders,0,-0.0289429820942322,2.76,0.0,9,,,,0,0.0,,2019-2022,2022,
2019,VIC,211,Flinders,32608,LESSLIE,Nathan,6,GVIC,The Greens (VIC),6599.0,96952.0,0.0680646092911956,GVIC,False,False,Flinders,1,0.028064609291195593,2.76,18213.239999999998,9,0.0939616994600715,9293.0,98902.0,1,0.0939616994600715,0.02589709016887591,2019-2022,2022,
2019,VIC,211,Flinders,32319,McSHANE,Christine,7,UAPP,United Australia Party,2447.0,96952.0,0.0252392936710949,UAPP,False,False,Flinders,0,-0.0147607063289051,2.76,0.0,9,0.0452164769165436,4472.0,98902.0,1,0.0452164769165436,0.019977183245448702,2019-2022,2022,
2019,VIC,211,Flinders,32272,BANKS,Julia,8,IND,Independent,13367.0,96952.0,0.1378723492037296,IND,False,True,Flinders,1,0.09787234920372959,2.76,36892.92,9,0.0524660775312936,5189.0,98902.0,1,0.0524660775312936,-0.085406271672436,2019-2022,2022,0.0305885364364896
2019,VIC,211,Flinders,32757,BEVERIDGE,Susie,9,IND,Independent,948.0,96952.0,0.0097780344912946,IND,False,True,Flinders,0,-0.0302219655087054,2.76,0.0,9,0.0524660775312936,5189.0,98902.0,1,0.0524660775312936,0.042688043039999,2019-2022,2022,0.0305885364364896
2019,VIC,321,Fraser,32282,CHAU,Vinh Van,1,UAPP,United Australia Party,7314.0,92559.0,0.0790198684082585,UAPP,False,False,Fraser,1,0.0390198684082585,2.76,20186.64,6,0.044386054440234,4088.0,92101.0,1,0.044386054440234,-0.0346338139680245,2019-2022,2022,
2019,VIC,321,Fraser,33461,DOBRAN,Tony,4,GAP,The Great Australian Party,1656.0,92559.0,0.0178912909603604,GAP,False,False,Fraser,0,-0.0221087090396396,2.76,0.0,6,,,,0,0.0,,2019-2022,2022,
2019,VIC,321,Fraser,32583,SCORGIE,Rebecca,5,GVIC,The Greens (VIC),7645.0,92559.0,0.0825959658163981,GVIC,False,False,Fraser,1,0.042595965816398094,2.76,21100.199999999997,6,0.1854268683293341,17078.0,92101.0,1,0.1854268683293341,0.10283090251293601,2019-2022,2022,
2019,VIC,321,Fraser,32841,TRAN,Van,6,IND,Independent,5306.0,92559.0,0.0573255977268553,IND,False,True,Fraser,1,0.017325597726855296,2.76,14644.56,6,,,,0,0.0,,2019-2022,2022,
2019,VIC,212,Gellibrand,32623,THOMAS,Bernadette,2,GVIC,The Greens (VIC),16303.0,98531.0,0.1654606164557347,GVIC,False,False,Gellibrand,1,0.1254606164557347,2.76,44996.28,4,0.1653090664555246,15241.0,92197.0,1,0.1653090664555246,-0.00015155000021011,2019-2022,2022,
2019,VIC,212,Gellibrand,32274,BENTLEY,Lisa Maree,4,UAPP,United Australia Party,5391.0,98531.0,0.0547137449127685,UAPP,False,False,Gellibrand,1,0.0147137449127685,2.76,14879.159999999998,4,0.0550994067052073,5080.0,92197.0,1,0.0550994067052073,0.00038566179243879756,2019-2022,2022,
2019,VIC,213,Gippsland,33164,SNELLING,David,1,ASP,"Shooters, Fishers and Farmers",6872.0,96678.0,0.0710813215002379,ASP,False,False,Gippsland,1,0.031081321500237895,2.76,18966.719999999998,7,,,,0,0.0,,2019-2022,2022,
2019,VIC,213,Gippsland,33595,TICKNER,Neville Phillip,2,FACN,FRASER ANNING'S CONSERVATIVE NATIONAL PARTY,2043.0,96678.0,0.0211320052131819,FACN,False,False,Gippsland,0,-0.0188679947868181,2.76,0.0,7,,,,0,0.0,,2019-2022,2022,
2019,VIC,213,Gippsland,32343,BREWER,Kerri Jane,3,UAPP,United Australia Party,4257.0,96678.0,0.0440327685719605,UAPP,False,False,Gippsland,1,0.004032768571960499,2.76,11749.32,7,0.045517610449329,4593.0,100906.0,1,0.045517610449329,0.001484841877368498,2019-2022,2022,
2019,VIC,213,Gippsland,33567,BUCKLEY,Sonia,5,IND,Independent,3043.0,96678.0,0.0314756200997124,IND,False,True,Gippsland,0,-0.0085243799002876,2.76,0.0,7,,,,0,0.0,,2019-2022,2022,0.0154437127626215
2019,VIC,213,Gippsland,33567,BUCKLEY,Sonia,5,IND,Independent,3043.0,96678.0,0.0314756200997124,IND,False,True,Gippsland,0,-0.0085243799002876,2.76,0.0,7,,,,0,0.0,,2019-2022,2022,0.0176611566545715
2019,VIC,213,Gippsland,32571,FOSKEY,Deb,7,GVIC,The Greens (VIC),5835.0,96678.0,0.0603549928629057,GVIC,False,False,Gippsland,1,0.0203549928629057,2.76,16104.599999999999,7,0.0846827740669534,8545.0,100906.0,1,0.0846827740669534,0.024327781204047702,2019-2022,2022,
2019,VIC,214,Goldstein,32334,CONNOLLY,Wayne,1,UAPP,United Australia Party,1945.0,99336.0,0.0195800112748651,UAPP,False,False,Goldstein,0,-0.0204199887251349,2.76,0.0,6,0.0187588569331307,1840.0,98087.0,1,0.0187588569331307,-0.0008211543417344022,2019-2022,2022,
2019,VIC,214,Goldstein,32983,HOULT,Brandon James,2,SPP,Sustainable Australia,1653.0,99336.0,0.0166404928726745,SPP,False,False,Goldstein,0,-0.023359507127325502,2.76,0.0,6,0.00451639870727,443.0,98087.0,1,0.00451639870727,-0.012124094165404498,2019-2022,2022,
2019,VIC,214,Goldstein,32566,PENNICUIK,Sue,4,GVIC,The Greens (VIC),13951.0,99336.0,0.1404425384553435,GVIC,False,False,Goldstein,1,0.10044253845534348,2.76,38504.759999999995,6,0.0783284227267629,7683.0,98087.0,1,0.0783284227267629,-0.062114115728580596,2019-2022,2022,
2019,VIC,214,Goldstein,32133,CASLEY,John Tiger,6,IND,Independent,1349.0,99336.0,0.0135801723443665,IND,False,True,Goldstein,0,-0.0264198276556335,2.76,0.0,6,0.3447449713009879,33815.0,98087.0,1,0.3447449713009879,0.33116479895662143,2019-2022,2022,
2019,VIC,309,Gorton,32287,TURTON,Richard,1,UAPP,United Australia Party,7473.0,94641.0,0.0789615494341775,UAPP,False,False,Gorton,1,0.038961549434177505,2.76,20625.48,5,0.076616829305234,7082.0,92434.0,1,0.076616829305234,-0.0023447201289435032,2019-2022,2022,
2019,VIC,309,Gorton,32084,BINGHAM,Jarrod,2,IND,Independent,8363.0,94641.0,0.0883655075495821,IND,False,True,Gorton,1,0.0483655075495821,2.76,23081.879999999997,5,0.0253261786788411,2341.0,92434.0,1,0.0253261786788411,-0.063039328870741,2019-2022,2022,
2019,VIC,309,Gorton,32597,SINGH,Harkirat,3,GVIC,The Greens (VIC),6730.0,94641.0,0.0711108293445758,GVIC,False,False,Gorton,1,0.031110829344575798,2.76,18574.8,5,0.0900642620680702,8325.0,92434.0,1,0.0900642620680702,0.018953432723494396,2019-2022,2022,
2019,VIC,215,Higgins,32579,BALL,Jason,1,GVIC,The Greens (VIC),22573.0,100478.0,0.2246561436334322,GVIC,False,False,Higgins,1,0.1846561436334322,2.76,62301.479999999996,6,0.2264870014972097,21632.0,95511.0,1,0.2264870014972097,0.001830857863777513,2019-2022,2022,
2019,VIC,215,Higgins,32986,MORAN,Michaela,2,SPP,Sustainable Australia,1338.0,100478.0,0.0133163478572423,SPP,False,False,Higgins,0,-0.0266836521427577,2.76,0.0,6,,,,0,0.0,,2019-2022,2022,
2019,VIC,215,Higgins,32701,WALKER,Alicia,3,AJP,Animal Justice Party,1729.0,100478.0,0.0172077469694858,AJP,False,False,Higgins,0,-0.0227922530305142,2.76,0.0,6,0.0135586476950298,1295.0,95511.0,1,0.0135586476950298,-0.0036490992744560007,2019-2022,2022,0.0148852045054324
2019,VIC,215,Higgins,32375,RYAN,Tim,6,UAPP,United Australia Party,1249.0,100478.0,0.0124305818189056,UAPP,False,False,Higgins,0,-0.0275694181810944,2.76,0.0,6,0.0200709865879322,1917.0,95511.0,1,0.0200709865879322,0.007640404769026599,2019-2022,2022,
2019,VIC,216,Holt,32592,WHEELOCK,Jess,2,GVIC,The Greens (VIC),6735.0,94687.0,0.0711290884704341,GVIC,False,False,Holt,1,0.0311290884704341,2.76,18588.6,4,0.0853019258459323,7583.0,88896.0,1,0.0853019258459323,0.014172837375498196,2019-2022,2022,
2019,VIC,216,Holt,32316,SINGH,Jatinder,3,UAPP,United Australia Party,5958.0,94687.0,0.0629231045444464,UAPP,False,False,Holt,1,0.022923104544446397,2.76,16444.079999999998,4,0.0966522678185745,8592.0,88896.0,1,0.0966522678185745,0.0337291632741281,2019-2022,2022,
2019,VIC,217,Hotham,32341,LUAN,Jin,1,UAPP,United Australia Party,3483.0,95868.0,0.0363312054074352,UAPP,False,False,Hotham,0,-0.003668794592564799,2.76,0.0,6,0.0585716851959042,5869.0,100202.0,1,0.0585716851959042,0.022240479788469,2019-2022,2022,
2019,VIC,217,Hotham,32414,GONSALVEZ,Jess,4,GVIC,The Greens (VIC),8722.0,95868.0,0.0909792631535027,GVIC,False,False,Hotham,1,0.0509792631535027,2.76,24072.719999999998,6,0.1238298636753757,12408.0,100202.0,1,0.1238298636753757,0.032850600521873,2019-2022,2022,
2019,VIC,217,Hotham,33255,DORIAN,Peter,5,RUA,Rise Up Australia Party,1134.0,95868.0,0.0118287645512579,RUA,False,False,Hotham,0,-0.028171235448742102,2.76,0.0,6,,,,0,0.0,,2019-2022,2022,0.0232894314166398
2019,VIC,217,Hotham,32989,BILIC,Dennis,6,SPP,Sustainable Australia,1772.0,95868.0,0.0184837484875036,SPP,False,False,Hotham,0,-0.0215162515124964,2.76,0.0,6,,,,0,0.0,,2019-2022,2022,
2019,VIC,218,Indi,32630,ROBINSON,Helen,1,GVIC,The Greens (VIC),4255.0,100956.0,0.0421470739728198,GVIC,False,False,Indi,1,0.0021470739728197963,2.76,11743.8,7,0.0357016265605923,3626.0,101564.0,1,0.0357016265605923,-0.006445447412227495,2019-2022,2022,
2019,VIC,218,Indi,33238,WHALLEY,Jason Peter,2,DHJP,Derryn Hinch's Justice Party,2891.0,100956.0,0.0286362375688418,DHJP,False,False,Indi,0,-0.011363762431158202,2.76,0.0,7,0.0105746130518687,1074.0,101564.0,1,0.0105746130518687,-0.018061624516973098,2019-2022,2022,
2019,VIC,218,Indi,32086,HAINES,Helen,3,IND,Independent,32664.0,100956.0,0.3235468917152027,IND,False,True,Indi,1,0.2835468917152027,2.76,90152.64,7,0.4068272222441022,41319.0,101564.0,1,0.4068272222441022,0.08328033052889955,2019-2022,2022,0.0194925502290957
2019,VIC,218,Indi,32086,HAINES,Helen,3,IND,Independent,32664.0,100956.0,0.3235468917152027,IND,False,True,Indi,1,0.2835468917152027,2.76,90152.64,7,0.4068272222441022,41319.0,101564.0,1,0.4068272222441022,0.08328033052889955,2019-2022,2022,0.3476485793847144
2019,VIC,218,Indi,32086,HAINES,Helen,3,IND,Independent,32664.0,100956.0,0.3235468917152027,IND,False,True,Indi,1,0.2835468917152027,2.76,90152.64,7,0.4068272222441022,41319.0,101564.0,1,0.4068272222441022,0.08328033052889955,2019-2022,2022,0.0051255311359375
2019,VIC,218,Indi,33221,WHEATLAND,Shane,6,UAPP,United Australia Party,3980.0,100956.0,0.0394231150204049,UAPP,False,False,Indi,0,-0.0005768849795950992,2.76,0.0,7,0.0251860895592926,2558.0,101564.0,1,0.0251860895592926,-0.014237025461112301,2019-2022,2022,
2019,VIC,219,Isaacs,32570,SAMIOTIS,Kim,1,GVIC,The Greens (VIC),10822.0,96837.0,0.1117548044652353,GVIC,False,False,Isaacs,1,0.0717548044652353,2.76,29868.719999999998,6,0.1285443656807626,12621.0,98184.0,1,0.1285443656807626,0.016789561215527313,2019-2022,2022,
2019,VIC,219,Isaacs,33247,PUVIMANASINGHE,Ash,3,RUA,Rise Up Australia Party,1142.0,96837.0,0.0117930130012288,RUA,False,False,Isaacs,0,-0.0282069869987712,2.76,0.0,6,,,,0,0.0,,2019-2022,2022,
2019,VIC,219,Isaacs,32668,CURRIE,Bronwyn,4,AJP,Animal Justice Party,3607.0,96837.0,0.0372481592779619,AJP,False,False,Isaacs,0,-0.0027518407220381014,2.76,0.0,6,0.0230078220483989,2259.0,98184.0,1,0.0230078220483989,-0.014240337229563,2019-2022,2022,0.0495836487509462
2019,VIC,219,Isaacs,32337,SEALS,Tony,6,UAPP,United Australia Party,3813.0,96837.0,0.0393754453359769,UAPP,False,False,Isaacs,0,-0.0006245546640230998,2.76,0.0,6,0.04944797523018,4855.0,98184.0,1,0.04944797523018,0.010072529894203097,2019-2022,2022,
2019,VIC,220,Jagajaga,32320,RIGONI,Maria Marcia,1,UAPP,United Australia Party,3652.0,97767.0,0.0373541174424908,UAPP,False,False,Jagajaga,0,-0.0026458825575092007,2.76,0.0,5,0.0345011506968383,3493.0,101243.0,1,0.0345011506968383,-0.0028529667456525035,2019-2022,2022,
2019,VIC,220,Jagajaga,33183,TRUSCOTT,Jeff,3,RUA,Rise Up Australia Party,1345.0,97767.0,0.0137571982366238,RUA,False,False,Jagajaga,0,-0.0262428017633762,2.76,0.0,5,,,,0,0.0,,2019-2022,2022,
2019,VIC,220,Jagajaga,32600,KENNEDY,Paul,5,GVIC,The Greens (VIC),13929.0,97767.0,0.1424713860505078,GVIC,False,False,Jagajaga,1,0.10247138605050779,2.76,38444.03999999999,5,0.1664806455754965,16855.0,101243.0,1,0.1664806455754965,0.024009259524988696,2019-2022,2022,
2019,VIC,221,Kooyong,32355,D'ELIA,Steven,1,UAPP,United Australia Party,1185.0,99029.0,0.0119661917216169,UAPP,False,False,Kooyong,0,-0.0280338082783831,2.76,0.0,8,0.0098617790220158,1011.0,102517.0,1,0.0098617790220158,-0.0021044126996010992,2019-2022,2022,
2019,VIC,221,Kooyong,32077,YATES,Oliver,2,IND,Independent,8890.0,99029.0,0.0897716830423411,IND,False,True,Kooyong,1,0.04977168304234109,2.76,24536.399999999998,8,0.4028892769004165,41303.0,102517.0,1,0.4028892769004165,0.31311759385807536,2019-2022,2022,0.0305545370709865
2019,VIC,221,Kooyong,24869,ZUBAC,Angelina,3,IND,Independent,539.0,99029.0,0.0054428500742206,IND,False,True,Kooyong,0,-0.0345571499257794,2.76,0.0,8,0.4028892769004165,41303.0,102517.0,1,0.4028892769004165,0.3974464268261959,2019-2022,2022,0.0305545370709865
2019,VIC,221,Kooyong,32671,HINKLEY,Davina,6,AJP,Animal Justice Party,1117.0,99029.0,0.0112795241797857,AJP,False,False,Kooyong,0,-0.0287204758202143,2.76,0.0,8,0.0048772398724114,500.0,102517.0,1,0.0048772398724114,-0.006402284307374299,2019-2022,2022,
2019,VIC,221,Kooyong,32575,BURNSIDE,Julian,7,GVIC,The Greens (VIC),21035.0,99029.0,0.2124125256238071,GVIC,False,False,Kooyong,1,0.1724125256238071,2.76,58056.6,8,0.0630236936313001,6461.0,102517.0,1,0.0630236936313001,-0.14938883199250702,2019-2022,2022,
2019,VIC,221,Kooyong,32157,CHANDLER,Bill,8,IND,Independent,669.0,99029.0,0.0067555968453685,IND,False,True,Kooyong,0,-0.0332444031546315,2.76,0.0,8,0.4028892769004165,41303.0,102517.0,1,0.4028892769004165,0.396133680055048,2019-2022,2022,0.0305545370709865
2019,VIC,223,La Trobe,32655,GREGOROVICH,Amy,1,GVIC,The Greens (VIC),7752.0,98689.0,0.0785497877169694,GVIC,False,False,La Trobe,1,0.038549787716969396,2.76,21395.519999999997,7,0.1088663932280303,9980.0,91672.0,1,0.1088663932280303,0.0303166055110609,2019-2022,2022,
2019,VIC,223,La Trobe,33261,BAKER,Norman,2,RUA,Rise Up Australia Party,947.0,98689.0,0.0095958009504605,RUA,False,False,La Trobe,0,-0.0304041990495395,2.76,0.0,7,,,,0,0.0,,2019-2022,2022,0.0127433934144734
2019,VIC,223,La Trobe,32811,BAKER,Esther,4,ON,Pauline Hanson's One Nation,4796.0,98689.0,0.0485971080870208,ON,False,False,La Trobe,1,0.0085971080870208,2.76,13236.96,7,0.0496880181516711,4555.0,91672.0,1,0.0496880181516711,0.0010909100646502995,2019-2022,2022,
2019,VIC,223,La Trobe,32311,DEAN,Duncan,5,UAPP,United Australia Party,2506.0,98689.0,0.0253929009312081,UAPP,False,False,La Trobe,0,-0.014607099068791901,2.76,0.0,7,0.0674360764464613,6182.0,91672.0,1,0.0674360764464613,0.042043175515253196,2019-2022,2022,
2019,VIC,223,La Trobe,33186,CALWELL-BROWNE,Asher Joseph,7,DHJP,Derryn Hinch's Justice Party,3525.0,98689.0,0.0357182664734671,DHJP,False,False,La Trobe,0,-0.0042817335265329035,2.76,0.0,7,,,,0,0.0,,2019-2022,2022,0.0423555838742075
2019,VIC,222,Lalor,32250,JAKOBI,Susan,1,AFN,Australia First Party,4094.0,93478.0,0.0437964012922826,AFN,False,False,Lalor,1,0.0037964012922825988,2.76,11299.439999999999,6,,,,0,0.0,,2019-2022,2022,0.0302735106781566
2019,VIC,222,Lalor,32297,ROBINSON,Jeffrey Edward,4,UAPP,United Australia Party,4451.0,93478.0,0.0476154817176234,UAPP,False,False,Lalor,1,0.0076154817176233985,2.76,12284.759999999998,6,0.0716206140846343,6340.0,88522.0,1,0.0716206140846343,0.0240051323670109,2019-2022,2022,
2019,VIC,222,Lalor,32828,DESSI,Jay,5,GVIC,The Greens (VIC),7273.0,93478.0,0.0778044031750786,GVIC,False,False,Lalor,1,0.0378044031750786,2.76,20073.48,6,0.1038385937958925,9192.0,88522.0,1,0.1038385937958925,0.0260341906208139,2019-2022,2022,
2019,VIC,222,Lalor,32267,MOINUDDIN,Aijaz,6,,,1119.0,93478.0,0.0119707310811099,,False,False,Lalor,0,-0.0280292689188901,2.76,0.0,6,,,,0,0.0,,2019-2022,2022,
2019,VIC,322,Macnamara,32247,O'ROURKE,Ruby,1,IND,Independent,1108.0,97092.0,0.0114118567956165,IND,False,True,Macnamara,0,-0.0285881432043835,2.76,0.0,9,0.0197246079263901,1835.0,93031.0,1,0.0197246079263901,0.008312751130773602,2019-2022,2022,
2019,VIC,322,Macnamara,32447,HODGINS-MAY,Steph,2,GVIC,The Greens (VIC),23534.0,97092.0,0.2423886622996745,GVIC,False,False,Macnamara,1,0.2023886622996745,2.76,64953.84,9,0.2965355634143458,27587.0,93031.0,1,0.2965355634143458,0.05414690111467127,2019-2022,2022,
2019,VIC,322,Macnamara,32991,ARMSTRONG,Steven,3,SPP,Sustainable Australia,974.0,97092.0,0.0100317224900094,SPP,False,False,Macnamara,0,-0.0299682775099906,2.76,0.0,9,,,,0,0.0,,2019-2022,2022,
2019,VIC,322,Macnamara,32306,WALLIS,Chris,5,IND,Independent,918.0,97092.0,0.0094549499443826,IND,False,True,Macnamara,0,-0.0305450500556174,2.76,0.0,9,0.0197246079263901,1835.0,93031.0,1,0.0197246079263901,0.010269657982007501,2019-2022,2022,
2019,VIC,322,Macnamara,32684,McPHERSON,Craig,6,AJP,Animal Justice Party,1919.0,97092.0,0.0197647591974622,AJP,False,False,Macnamara,0,-0.0202352408025378,2.76,0.0,9,0.0185314572561834,1724.0,93031.0,1,0.0185314572561834,-0.0012333019412788006,2019-2022,2022,
2019,VIC,322,Macnamara,33336,KAY,Christine,7,RUA,Rise Up Australia Party,365.0,97092.0,0.0037593210563177,RUA,False,False,Macnamara,0,-0.0362406789436823,2.76,0.0,9,,,,0,0.0,,2019-2022,2022,
2019,VIC,322,Macnamara,32387,PATON,Helen Lucy,8,UAPP,United Australia Party,1136.0,97092.0,0.0117002430684299,UAPP,False,False,Macnamara,0,-0.0282997569315701,2.76,0.0,9,0.0221646547924885,2062.0,93031.0,1,0.0221646547924885,0.010464411724058601,2019-2022,2022,
2019,VIC,224,Mallee,33629,MOAR,Cecilia,2,IND,Independent,2761.0,93827.0,0.0294264977032197,IND,False,True,Mallee,0,-0.0105735022967803,2.76,0.0,13,0.1003237828796134,10256.0,102229.0,1,0.1003237828796134,0.0708972851763937,2019-2022,2022,
2019,VIC,224,Mallee,33621,MODICA,Jason Mark,3,IND,Independent,8795.0,93827.0,0.0937363445490104,IND,False,True,Mallee,1,0.053736344549010405,2.76,24274.199999999997,13,0.1003237828796134,10256.0,102229.0,1,0.1003237828796134,0.0065874383306029904,2019-2022,2022,
2019,VIC,224,Mallee,32224,GROSVENOR,Rick,4,FACN,FRASER ANNING'S CONSERVATIVE NATIONAL PARTY,1309.0,93827.0,0.0139512080744348,FACN,False,False,Mallee,0,-0.026048791925565203,2.76,0.0,13,,,,0,0.0,,2019-2022,2022,
2019,VIC,224,Mallee,32273,LAHY,Chris,6,CEC,Citizens Electoral Council,416.0,93827.0,0.0044336917944728,CEC,False,False,Mallee,0,-0.0355663082055272,2.76,0.0,13,0.008040771209735,822.0,102229.0,1,0.008040771209735,0.0036070794152622005,2019-2022,2022,0.0196076189605103
2019,VIC,224,Mallee,33351,MOLLISON,Philip,7,RUA,Rise Up Australia Party,919.0,93827.0,0.0097946220171166,RUA,False,False,Mallee,0,-0.0302053779828834,2.76,0.0,13,,,,0,0.0,,2019-2022,2022,0.0518601513731049
2019,VIC,224,Mallee,33654,FIRMAN,Leigh,9,FUT,Science Party,497.0,93827.0,0.0052969827448389,FUT,False,False,Mallee,0,-0.0347030172551611,2.76,0.0,13,,,,0,0.0,,2019-2022,2022,
2019,VIC,224,Mallee,32744,KINGSTON,Ray,10,IND,Independent,8621.0,93827.0,0.0918818676926684,IND,False,True,Mallee,1,0.0518818676926684,2.76,23793.96,13,0.1003237828796134,10256.0,102229.0,1,0.1003237828796134,0.008441915186944995,2019-2022,2022,
2019,VIC,224,Mallee,33280,STRAUB,Dan,11,ASP,"Shooters, Fishers and Farmers",5512.0,93827.0,0.0587464162767646,ASP,False,False,Mallee,1,0.0187464162767646,2.76,15213.119999999999,13,,,,0,0.0,,2019-2022,2022,
2019,VIC,224,Mallee,32416,MILLAR,Rick,12,UAPP,United Australia Party,3171.0,93827.0,0.0337962420198876,UAPP,False,False,Mallee,0,-0.006203757980112398,2.76,0.0,13,0.0906885521720842,9271.0,102229.0,1,0.0906885521720842,0.0568923101521966,2019-2022,2022,
2019,VIC,224,Mallee,32422,ROWAN,Nicole,13,GVIC,The Greens (VIC),3297.0,93827.0,0.0351391390537904,GVIC,False,False,Mallee,0,-0.004860860946209598,2.76,0.0,13,0.0534388480763775,5463.0,102229.0,1,0.0534388480763775,0.018299709022587096,2019-2022,2022,
2019,VIC,225,Maribyrnong,32310,HASAN,MD Sarwar,1,UAPP,United Australia Party,3617.0,100924.0,0.0358388490349173,UAPP,False,False,Maribyrnong,0,-0.004161150965082704,2.76,0.0,4,0.0365337136046313,3433.0,93968.0,1,0.0365337136046313,0.0006948645697140016,2019-2022,2022,
2019,VIC,225,Maribyrnong,32574,WILLIAMS,James,2,GVIC,The Greens (VIC),14943.0,100924.0,0.1480619079703539,GVIC,False,False,Maribyrnong,1,0.1080619079703539,2.76,41242.68,4,0.1625872637493614,15278.0,93968.0,1,0.1625872637493614,0.014525355779007487,2019-2022,2022,
2019,VIC,226,McEwen,32426,BARKER,Neil,1,GVIC,The Greens (VIC),8026.0,96128.0,0.0834928428761651,GVIC,False,False,McEwen,1,0.043492842876165096,2.76,22151.76,8,0.1412885633991161,13524.0,95719.0,1,0.1412885633991161,0.05779572052295101,2019-2022,2022,
2019,VIC,226,McEwen,33225,PARRAMORE,Ruth,2,AJP,Animal Justice Party,2890.0,96128.0,0.0300640812250332,AJP,False,False,McEwen,0,-0.009935918774966801,2.76,0.0,8,,,,0,0.0,,2019-2022,2022,0.0265459363957597
2019,VIC,226,McEwen,33545,BUTLER,Deb,5,DHJP,Derryn Hinch's Justice Party,3878.0,96128.0,0.0403420439414114,DHJP,False,False,McEwen,1,0.00034204394141140043,2.76,10703.279999999999,8,,,,0,0.0,,2019-2022,2022,
2019,VIC,226,McEwen,33293,HYNDMAN,Robert James,6,IND,Independent,1552.0,96128.0,0.0161451398135818,IND,False,True,McEwen,0,-0.023854860186418202,2.76,0.0,8,,,,0,0.0,,2019-2022,2022,0.0266166077738515
2019,VIC,226,McEwen,33374,GRAHAM,Ronnie,7,ON,Pauline Hanson's One Nation,5693.0,96128.0,0.059223119174434,ON,False,False,McEwen,1,0.019223119174434,2.76,15712.679999999998,8,0.0562793175858502,5387.0,95719.0,1,0.0562793175858502,-0.0029438015885838026,2019-2022,2022,
2019,VIC,226,McEwen,32411,HAYMAN,Chris,8,UAPP,United Australia Party,3016.0,96128.0,0.0313748335552596,UAPP,False,False,McEwen,0,-0.0086251664447404,2.76,0.0,8,0.0571882280424994,5474.0,95719.0,1,0.0571882280424994,0.0258133944872398,2019-2022,2022,
2019,VIC,228,Melbourne,32833,RYAN,Judy,1,REAS,Reason Australia,4756.0,93064.0,0.0511046161781139,REAS,False,False,Melbourne,1,0.011104616178113896,2.76,13126.56,7,,,,0,0.0,,2019-2022,2022,
2019,VIC,228,Melbourne,32423,BANDT,Adam,2,GVIC,The Greens (VIC),45876.0,93064.0,0.4929510874237084,GVIC,False,False,Melbourne,1,0.45295108742370843,2.76,126617.76,7,0.4961660414896483,47883.0,96506.0,1,0.4961660414896483,0.0032149540659399123,2019-2022,2022,
2019,VIC,228,Melbourne,33341,BLAKE,Dave,3,IND,Independent,1154.0,93064.0,0.0124000687698787,IND,False,True,Melbourne,0,-0.0275999312301213,2.76,0.0,7,0.0113360827306074,1094.0,96506.0,1,0.0113360827306074,-0.0010639860392712992,2019-2022,2022,
2019,VIC,228,Melbourne,32721,POPE,Lawrence,4,AJP,Animal Justice Party,1849.0,93064.0,0.0198680477950657,AJP,False,False,Melbourne,0,-0.0201319522049343,2.76,0.0,7,0.0136364578368184,1316.0,96506.0,1,0.0136364578368184,-0.0062315899582473,2019-2022,2022,0.0184184649869421
2019,VIC,228,Melbourne,32335,PECORA,Tony,7,UAPP,United Australia Party,1079.0,93064.0,0.0115941717527722,UAPP,False,False,Melbourne,0,-0.028405828247227802,2.76,0.0,7,0.0177087434978136,1709.0,96506.0,1,0.0177087434978136,0.006114571745041398,2019-2022,2022,
2019,VIC,229,Menzies,32345,KELLEHER,Teresa Mary,1,DLP,Labour DLP,3026.0,98326.0,0.0307751764538372,DLP,False,False,Menzies,0,-0.009224823546162803,2.76,0.0,6,,,,0,0.0,,2019-2022,2022,
2019,VIC,229,Menzies,32825,PAYNE,Rachel,4,REAS,Reason Australia,2029.0,98326.0,0.0206354372190468,REAS,False,False,Menzies,0,-0.0193645627809532,2.76,0.0,6,,,,0,0.0,,2019-2022,2022,
2019,VIC,229,Menzies,32385,FULLER,Brett Stephen,5,UAPP,United Australia Party,2605.0,98326.0,0.0264935012102597,UAPP,False,False,Menzies,0,-0.0135064987897403,2.76,0.0,6,0.0360625228917332,3643.0,101019.0,1,0.0360625228917332,0.0095690216814735,2019-2022,2022,
2019,VIC,229,Menzies,32638,HUMPHREYS,Robert,6,GVIC,The Greens (VIC),10264.0,98326.0,0.1043874458434188,GVIC,False,False,Menzies,1,0.0643874458434188,2.76,28328.64,6,0.1414486383749591,14289.0,101019.0,1,0.1414486383749591,0.037061192531540305,2019-2022,2022,
2019,VIC,323,Monash,32690,VERHOEVEN,John,1,IND,Independent,2723.0,100481.0,0.0270996506802281,IND,False,True,Monash,0,-0.012900349319771902,2.76,0.0,7,0.1072462569277856,10372.0,96712.0,1,0.1072462569277856,0.0801466062475575,2019-2022,2022,
2019,VIC,323,Monash,32137,FOZARD,Michael Stewart,2,IND,Independent,2870.0,100481.0,0.0285626138274897,IND,False,True,Monash,0,-0.011437386172510302,2.76,0.0,7,0.1072462569277856,10372.0,96712.0,1,0.1072462569277856,0.0786836431002959,2019-2022,2022,
2019,VIC,323,Monash,32802,WADDELL,Jeff,3,ON,Pauline Hanson's One Nation,7656.0,100481.0,0.0761935092206486,ON,False,False,Monash,1,0.0361935092206486,2.76,21130.559999999998,7,0.0753681032343452,7289.0,96712.0,1,0.0753681032343452,-0.0008254059863034013,2019-2022,2022,
2019,VIC,323,Monash,32729,HORNSTRA,William,5,GVIC,The Greens (VIC),7047.0,100481.0,0.0701326618962789,GVIC,False,False,Monash,1,0.030132661896278896,2.76,19449.719999999998,7,0.0985710149722888,9533.0,96712.0,1,0.0985710149722888,0.028438353076009906,2019-2022,2022,
2019,VIC,323,Monash,32281,SHERRY,Matthew,7,UAPP,United Australia Party,4028.0,100481.0,0.0400871806610204,UAPP,False,False,Monash,1,8.718066102039734e-05,2.76,11117.279999999999,7,0.0412668541649433,3991.0,96712.0,1,0.0412668541649433,0.0011796735039229025,2019-2022,2022,
2019,VIC,324,Nicholls,33605,PARKER,Jeremy,2,IND,Independent,1772.0,95292.0,0.0185954749611719,IND,False,True,Nicholls,0,-0.0214045250388281,2.76,0.0,8,0.2551396665651164,24287.0,95191.0,1,0.2551396665651164,0.2365441916039445,2019-2022,2022,
2019,VIC,324,Nicholls,33132,BOCK,Andrew,3,IND,Independent,4581.0,95292.0,0.048073290517567,IND,False,True,Nicholls,1,0.008073290517567,2.76,12643.56,8,0.2551396665651164,24287.0,95191.0,1,0.2551396665651164,0.20706637604754938,2019-2022,2022,
2019,VIC,324,Nicholls,32351,HINE,Stewart John,4,UAPP,United Australia Party,5077.0,95292.0,0.0532783444570373,UAPP,False,False,Nicholls,1,0.013278344457037301,2.76,14012.519999999999,8,0.0401403494027796,3821.0,95191.0,1,0.0401403494027796,-0.013137995054257702,2019-2022,2022,
2019,VIC,324,Nicholls,32536,FREEMAN,Nickee,6,GVIC,The Greens (VIC),4011.0,95292.0,0.0420916761113209,GVIC,False,False,Nicholls,1,0.0020916761113208976,2.76,11070.359999999999,8,0.0321248857560063,3058.0,95191.0,1,0.0321248857560063,-0.0099667903553146,2019-2022,2022,
2019,VIC,324,Nicholls,32604,TYRRELL,Rikkie-Lee,7,ON,Pauline Hanson's One Nation,10754.0,95292.0,0.1128531251311757,ON,False,False,Nicholls,1,0.0728531251311757,2.76,29681.039999999997,8,0.065331806578353,6219.0,95191.0,1,0.065331806578353,-0.0475213185528227,2019-2022,2022,
2019,VIC,324,Nicholls,33403,HICKS,Nigel,8,IND,Independent,1749.0,95292.0,0.0183541115728497,IND,False,True,Nicholls,0,-0.0216458884271503,2.76,0.0,8,0.2551396665651164,24287.0,95191.0,1,0.2551396665651164,0.2367855549922667,2019-2022,2022,
2019,VIC,232,Scullin,32356,HASAN,Firas,2,UAPP,United Australia Party,4625.0,91809.0,0.0503763247611889,UAPP,False,False,Scullin,1,0.010376324761188896,2.76,12764.999999999998,6,0.0816926757533855,7444.0,91122.0,1,0.0816926757533855,0.0313163509921966,2019-2022,2022,
2019,VIC,232,Scullin,32653,SMITH,Cynthia,3,GVIC,The Greens (VIC),6128.0,91809.0,0.0667472687862845,GVIC,False,False,Scullin,1,0.026747268786284494,2.76,16913.28,6,0.1092271899212045,9953.0,91122.0,1,0.1092271899212045,0.04247992113492001,2019-2022,2022,
2019,VIC,232,Scullin,32695,WHITFIELD,Rod,4,AJP,Animal Justice Party,3500.0,91809.0,0.0381226241436024,AJP,False,False,Scullin,0,-0.0018773758563975992,2.76,0.0,6,,,,0,0.0,,2019-2022,2022,0.0353999874579318
2019,VIC,232,Scullin,33616,ALBARRI,Yassin Akram,6,IND,Independent,1605.0,91809.0,0.0174819462144234,IND,False,True,Scullin,0,-0.0225180537855766,2.76,0.0,6,,,,0,0.0,,2019-2022,2022,
2019,VIC,233,Wannon,32679,TAYLOR,Zephlyn,1,GVIC,The Greens (VIC),6590.0,103889.0,0.0634330872373398,GVIC,False,False,Wannon,1,0.0234330872373398,2.76,18188.399999999998,5,0.0637382419560637,6444.0,101101.0,1,0.0637382419560637,0.00030515471872390176,2019-2022,2022,
2019,VIC,233,Wannon,32372,WALLACE,Joshua,2,UAPP,United Australia Party,6258.0,103889.0,0.0602373687300869,UAPP,False,False,Wannon,1,0.0202373687300869,2.76,17272.079999999998,5,0.0327197554920327,3308.0,101101.0,1,0.0327197554920327,-0.027517613238054198,2019-2022,2022,
2019,VIC,233,Wannon,33601,DYSON,Alex,4,IND,Independent,10797.0,103889.0,0.1039282310928009,IND,False,True,Wannon,1,0.06392823109280091,2.76,29799.719999999998,5,0.0232045182540232,2346.0,101101.0,1,0.0232045182540232,-0.0807237128387777,2019-2022,2022,0.0338244356058484
2019,VIC,233,Wannon,33601,DYSON,Alex,4,IND,Independent,10797.0,103889.0,0.1039282310928009,IND,False,True,Wannon,1,0.06392823109280091,2.76,29799.719999999998,5,0.0232045182540232,2346.0,101101.0,1,0.0232045182540232,-0.0807237128387777,2019-2022,2022,0.0453532015013164
2019,VIC,234,Wills,32688,MILES,Chris,1,AJP,Animal Justice Party,3596.0,96090.0,0.0374232490373608,AJP,False,False,Wills,0,-0.0025767509626392,2.76,0.0,6,0.0184214566108905,1680.0,91198.0,1,0.0184214566108905,-0.0190017924264703,2019-2022,2022,0.0167679687167934
2019,VIC,234,Wills,32398,BOLTON,Sue,2,VNS,Victorian Socialists,4344.0,96090.0,0.0452076178582578,VNS,False,False,Wills,1,0.005207617858257796,2.76,11989.439999999999,6,0.0297594245487839,2714.0,91198.0,1,0.0297594245487839,-0.015448193309473897,2019-2022,2022,
2019,VIC,234,Wills,32657,PULFORD,Adam,4,GVIC,The Greens (VIC),25575.0,96090.0,0.2661567280674368,GVIC,False,False,Wills,1,0.22615672806743678,2.76,70587.0,6,0.2828241847408934,25793.0,91198.0,1,0.2828241847408934,0.016667456673456593,2019-2022,2022,
2019,VIC,234,Wills,32329,VENKAT,Manju,5,UAPP,United Australia Party,2979.0,96090.0,0.0310021854511395,UAPP,False,False,Wills,0,-0.008997814548860502,2.76,0.0,6,0.0367551919998245,3352.0,91198.0,1,0.0367551919998245,0.005753006548685002,2019-2022,2022,
2019,WA,235,Brand,32431,VANDER VEN,Janine Joy,1,AUC,Australian Christians,2726.0,88841.0,0.0306840310217129,AUC,False,False,Brand,0,-0.009315968978287101,2.76,0.0,8,0.0218434171883655,2090.0,95681.0,1,0.0218434171883655,-0.008840613833347399,2019-2022,2022,0.0345823441591815
2019,WA,235,Brand,32479,MILLS,Karen-Lee,4,FACN,FRASER ANNING'S CONSERVATIVE NATIONAL PARTY,1376.0,88841.0,0.0154883443455161,FACN,False,False,Brand,0,-0.0245116556544839,2.76,0.0,8,,,,0,0.0,,2019-2022,2022,
2019,WA,235,Brand,32529,JONES,Trevor,6,UAPP,United Australia Party,2570.0,88841.0,0.0289280850057968,UAPP,False,False,Brand,0,-0.011071914994203201,2.76,0.0,8,0.0283337339701717,2711.0,95681.0,1,0.0283337339701717,-0.0005943510356251,2019-2022,2022,
2019,WA,235,Brand,33390,PHELAN,Blake,7,WAP,WESTERN AUSTRALIA PARTY,2397.0,88841.0,0.0269807858984027,WAP,False,False,Brand,0,-0.013019214101597301,2.76,0.0,8,0.0270900178718867,2592.0,95681.0,1,0.0270900178718867,0.00010923197348399957,2019-2022,2022,
2019,WA,235,Brand,33474,CARTER,Travis,8,ON,Pauline Hanson's One Nation,7524.0,88841.0,0.0846906270753368,ON,False,False,Brand,1,0.044690627075336796,2.76,20766.239999999998,8,0.0537097229334977,5139.0,95681.0,1,0.0537097229334977,-0.0309809041418391,2019-2022,2022,
2019,WA,317,Burt,33524,DEVINCENTIS,Nicole,3,ON,Pauline Hanson's One Nation,5116.0,88040.0,0.0581099500227169,ON,False,False,Burt,1,0.018109950022716897,2.76,14120.159999999998,9,0.0484543965046422,4436.0,91550.0,1,0.0484543965046422,-0.009655553518074698,2019-2022,2022,
2019,WA,317,Burt,33494,SAGISAKA,Sarcha,4,WAP,WESTERN AUSTRALIA PARTY,901.0,88040.0,0.0102339845524761,WAP,False,False,Burt,0,-0.0297660154475239,2.76,0.0,9,0.0261059530311305,2390.0,91550.0,1,0.0261059530311305,0.0158719684786544,2019-2022,2022,
2019,WA,317,Burt,32839,NATION,Naomi,5,IND,Independent,1149.0,88040.0,0.0130508859609268,IND,False,True,Burt,0,-0.0269491140390732,2.76,0.0,9,,,,0,0.0,,2019-2022,2022,
2019,WA,317,Burt,32526,CHAWLA,Sahil,7,UAPP,United Australia Party,1871.0,88040.0,0.0212517037710131,UAPP,False,False,Burt,0,-0.0187482962289869,2.76,0.0,9,0.0248388858547241,2274.0,91550.0,1,0.0248388858547241,0.0035871820837109977,2019-2022,2022,
2019,WA,317,Burt,32390,SPYKER,Warnar,8,AUC,Australian Christians,3298.0,88040.0,0.0374602453430258,AUC,False,False,Burt,0,-0.0025397546569742024,2.76,0.0,9,0.0374440196613872,3428.0,91550.0,1,0.0374440196613872,-1.6225681638601386e-05,2019-2022,2022,0.0515066739372673
2019,WA,317,Burt,32601,RAFFAELLI,Peter Joseph,9,ASP,"Shooters, Fishers and Farmers",1942.0,88040.0,0.0220581553839164,ASP,False,False,Burt,0,-0.0179418446160836,2.76,0.0,9,,,,0,0.0,,2019-2022,2022,0.0442637331373432
2019,WA,236,Canning,32486,HEFFERNAN,Malcolm Phillip,1,FACN,FRASER ANNING'S CONSERVATIVE NATIONAL PARTY,1600.0,90892.0,0.0176033094221713,FACN,False,False,Canning,0,-0.022396690577828702,2.76,0.0,8,,,,0,0.0,,2019-2022,2022,
2019,WA,236,Canning,33532,WREFORD,Jackson,2,ON,Pauline Hanson's One Nation,6503.0,90892.0,0.0715464507327377,ON,False,False,Canning,1,0.0315464507327377,2.76,17948.28,8,0.0447148434184842,4215.0,94264.0,1,0.0447148434184842,-0.0268316073142535,2019-2022,2022,
2019,WA,236,Canning,32435,van BURGEL,Jamie,3,AUC,Australian Christians,1764.0,90892.0,0.0194076486379439,AUC,False,False,Canning,0,-0.020592351362056102,2.76,0.0,8,0.0179177628787235,1689.0,94264.0,1,0.0179177628787235,-0.0014898857592203982,2019-2022,2022,0.0368073472672615
2019,WA,236,Canning,32530,VEEVERS,Steve,5,UAPP,United Australia Party,2055.0,90892.0,0.0226092505391013,UAPP,False,False,Canning,0,-0.0173907494608987,2.76,0.0,8,0.0258635322074174,2438.0,94264.0,1,0.0258635322074174,0.0032542816683161016,2019-2022,2022,
2019,WA,236,Canning,33370,CLARKE,Brett,8,WAP,WESTERN AUSTRALIA PARTY,2554.0,90892.0,0.028099282665141,WAP,False,False,Canning,0,-0.011900717334859,2.76,0.0,8,0.0233599253161334,2202.0,94264.0,1,0.0233599253161334,-0.0047393573490076,2019-2022,2022,
2019,WA,237,Cowan,32934,WESTCOTT,Peter,3,UAPP,United Australia Party,2171.0,84853.0,0.0255854242042119,UAPP,False,False,Cowan,0,-0.014414575795788101,2.76,0.0,7,0.0243068095180771,2423.0,99684.0,1,0.0243068095180771,-0.0012786146861347991,2019-2022,2022,
2019,WA,237,Cowan,32778,LEBRASSE,Andre,4,AUC,Australian Christians,1981.0,84853.0,0.0233462576455752,AUC,False,False,Cowan,0,-0.0166537423544248,2.76,0.0,7,0.0186489306207616,1859.0,99684.0,1,0.0186489306207616,-0.0046973270248136,2019-2022,2022,0.0328850495729851
2019,WA,237,Cowan,33450,MUNDY,Sheila,5,ON,Pauline Hanson's One Nation,4777.0,84853.0,0.0562973613189869,ON,False,False,Cowan,1,0.016297361318986896,2.76,13184.519999999999,7,0.0284799967898559,2839.0,99684.0,1,0.0284799967898559,-0.027817364529130997,2019-2022,2022,
2019,WA,237,Cowan,32875,BEDFORD,Paul James,6,ASP,"Shooters, Fishers and Farmers",1582.0,84853.0,0.0186440078724382,ASP,False,False,Cowan,0,-0.021355992127561802,2.76,0.0,7,,,,0,0.0,,2019-2022,2022,0.0280749975458918
2019,WA,238,Curtin,32580,LEVER,Joan Anne,1,UAPP,United Australia Party,1114.0,89062.0,0.0125081403965776,UAPP,False,False,Curtin,0,-0.027491859603422403,2.76,0.0,8,0.017403391185963,1828.0,105037.0,1,0.017403391185963,0.004895250789385399,2019-2022,2022,
2019,WA,238,Curtin,32634,STEWART,Louise,4,IND,Independent,6902.0,89062.0,0.0774965754193707,IND,False,True,Curtin,1,0.0374965754193707,2.76,19049.519999999997,8,0.2945819092319849,30942.0,105037.0,1,0.2945819092319849,0.2170853338126142,2019-2022,2022,0.0278555104705937
2019,WA,238,Curtin,33453,EDGAR,Bill,5,ON,Pauline Hanson's One Nation,1054.0,89062.0,0.0118344524039433,ON,False,False,Curtin,0,-0.028165547596056703,2.76,0.0,8,0.0124717956529603,1310.0,105037.0,1,0.0124717956529603,0.000637343249017,2019-2022,2022,
2019,WA,238,Curtin,32470,KINGSFORD,Deonne,6,AUC,Australian Christians,854.0,89062.0,0.0095888257618288,AUC,False,False,Curtin,0,-0.0304111742381712,2.76,0.0,8,,,,0,0.0,,2019-2022,2022,
2019,WA,238,Curtin,33420,MANGANO,Andrew,8,WAP,WESTERN AUSTRALIA PARTY,1343.0,89062.0,0.0150793829017987,WAP,False,False,Curtin,0,-0.0249206170982013,2.76,0.0,8,0.0118339251882669,1243.0,105037.0,1,0.0118339251882669,-0.0032454577135318,2019-2022,2022,
2019,WA,312,Durack,33435,MOUNSEY,Gary,2,WAP,WESTERN AUSTRALIA PARTY,2895.0,77721.0,0.0372486200640753,WAP,False,False,Durack,0,-0.002751379935924704,2.76,0.0,7,0.0277358891011248,2483.0,89523.0,1,0.0277358891011248,-0.009512730962950498,2019-2022,2022,
2019,WA,312,Durack,33531,GOULD,Grahame,3,ON,Pauline Hanson's One Nation,7407.0,77721.0,0.0953024279152352,ON,False,False,Durack,1,0.0553024279152352,2.76,20443.32,7,0.0689655172413793,6174.0,89523.0,1,0.0689655172413793,-0.026336910673855907,2019-2022,2022,
2019,WA,312,Durack,32525,HATTON,Brenden,6,UAPP,United Australia Party,2083.0,77721.0,0.026800993296535,UAPP,False,False,Durack,0,-0.013199006703465,2.76,0.0,7,0.0248986294024999,2229.0,89523.0,1,0.0248986294024999,-0.0019023638940351,2019-2022,2022,
2019,WA,239,Forrest,32527,McCALL,Mark,2,ASP,"Shooters, Fishers and Farmers",2881.0,90462.0,0.0318476266277553,ASP,False,False,Forrest,0,-0.008152373372244698,2.76,0.0,8,,,,0,0.0,,2019-2022,2022,
2019,WA,239,Forrest,33463,JAMIESON,Kalven Wayne,4,ON,Pauline Hanson's One Nation,5371.0,90462.0,0.0593729963962768,ON,False,False,Forrest,1,0.0193729963962768,2.76,14823.96,8,0.0527920917025975,5020.0,95090.0,1,0.0527920917025975,-0.0065809046936793,2019-2022,2022,
2019,WA,239,Forrest,32160,MARSDEN,Alexander,5,IND,Independent,1238.0,90462.0,0.0136853043266786,IND,False,True,Forrest,0,-0.0263146956733214,2.76,0.0,8,,,,0,0.0,,2019-2022,2022,0.0341948967422748
2019,WA,239,Forrest,33356,MOLYNEUX,Ian Bruce,6,WAP,WESTERN AUSTRALIA PARTY,1167.0,90462.0,0.0129004443854878,WAP,False,False,Forrest,0,-0.027099555614512202,2.76,0.0,8,0.0223998317383531,2130.0,95090.0,1,0.0223998317383531,0.0094993873528653,2019-2022,2022,
2019,WA,239,Forrest,32505,BROMLEY,Dale Geoffrey,8,UAPP,United Australia Party,1564.0,90462.0,0.0172890274369348,UAPP,False,False,Forrest,0,-0.0227109725630652,2.76,0.0,8,0.0255126722052792,2426.0,95090.0,1,0.0255126722052792,0.0082236447683444,2019-2022,2022,
2019,WA,240,Fremantle,33407,KNAPP,Janetia,1,WAP,WESTERN AUSTRALIA PARTY,2333.0,91103.0,0.0256083773311526,WAP,False,False,Fremantle,0,-0.0143916226688474,2.76,0.0,8,0.0229263765514568,2248.0,98053.0,1,0.0229263765514568,-0.0026820007796958013,2019-2022,2022,
2019,WA,240,Fremantle,33529,WEARY,Brett,3,ON,Pauline Hanson's One Nation,3485.0,91103.0,0.0382534054860981,ON,False,False,Fremantle,0,-0.0017465945139019043,2.76,0.0,8,0.0312076122097233,3060.0,98053.0,1,0.0312076122097233,-0.007045793276374796,2019-2022,2022,
2019,WA,240,Fremantle,32532,LEVER,Fatima,4,UAPP,United Australia Party,1767.0,91103.0,0.0193956291230804,UAPP,False,False,Fremantle,0,-0.0206043708769196,2.76,0.0,8,0.0203971321632178,2000.0,98053.0,1,0.0203971321632178,0.0010015030401373977,2019-2022,2022,
2019,WA,240,Fremantle,32255,WAINWRIGHT,Sam,5,SAL,Socialist Alliance,990.0,91103.0,0.0108668210706562,SAL,False,False,Fremantle,0,-0.0291331789293438,2.76,0.0,8,0.0120751022406249,1184.0,98053.0,1,0.0120751022406249,0.0012082811699686991,2019-2022,2022,0.0165417785946557
2019,WA,240,Fremantle,32428,MULDER,Laetisia,8,AUC,Australian Christians,1456.0,91103.0,0.0159819105847227,AUC,False,False,Fremantle,0,-0.0240180894152773,2.76,0.0,8,,,,0,0.0,,2019-2022,2022,
2019,WA,305,Hasluck,33364,WHITE-HARTIG,Fiona,1,ASP,"Shooters, Fishers and Farmers",2436.0,84200.0,0.0289311163895486,ASP,False,False,Hasluck,0,-0.0110688836104514,2.76,0.0,8,,,,0,0.0,,2019-2022,2022,
2019,WA,305,Hasluck,33249,PHELAN,Stephen,2,WAP,WESTERN AUSTRALIA PARTY,1542.0,84200.0,0.018313539192399,WAP,False,False,Hasluck,0,-0.021686460807601,2.76,0.0,8,0.0259965689807436,2561.0,98513.0,1,0.0259965689807436,0.007683029788344599,2019-2022,2022,
2019,WA,305,Hasluck,32531,WILLIAMS,Brady John,5,AUC,Australian Christians,1679.0,84200.0,0.0199406175771971,AUC,False,False,Hasluck,0,-0.0200593824228029,2.76,0.0,8,,,,0,0.0,,2019-2022,2022,0.0344364992430862
2019,WA,305,Hasluck,33457,ORR,Tim,6,ON,Pauline Hanson's One Nation,4445.0,84200.0,0.0527909738717339,ON,False,False,Hasluck,1,0.012790973871733897,2.76,12268.199999999999,8,0.0384010232152101,3783.0,98513.0,1,0.0384010232152101,-0.0143899506565238,2019-2022,2022,
2019,WA,305,Hasluck,32648,DALE,Mike,7,UAPP,United Australia Party,1920.0,84200.0,0.0228028503562945,UAPP,False,False,Hasluck,0,-0.0171971496437055,2.76,0.0,8,0.0301787581334443,2973.0,98513.0,1,0.0301787581334443,0.0073759077771498,2019-2022,2022,
2019,WA,242,Moore,33490,WALSH,Tyler,1,ON,Pauline Hanson's One Nation,4113.0,88779.0,0.0463285236373466,ON,False,False,Moore,1,0.006328523637346602,2.76,11351.88,8,0.0338751183859333,3541.0,104531.0,1,0.0338751183859333,-0.0124534052514133,2019-2022,2022,
2019,WA,242,Moore,32520,HOST,Rex,4,AUC,Australian Christians,1259.0,88779.0,0.0141812816093896,AUC,False,False,Moore,0,-0.025818718390610403,2.76,0.0,8,,,,0,0.0,,2019-2022,2022,0.0364840938945685
2019,WA,242,Moore,33432,JACOBS,Jen,5,WAP,WESTERN AUSTRALIA PARTY,1428.0,88779.0,0.0160848849390058,WAP,False,False,Moore,0,-0.0239151150609942,2.76,0.0,8,0.0296084415149572,3095.0,104531.0,1,0.0296084415149572,0.0135235565759514,2019-2022,2022,
2019,WA,242,Moore,32348,MURPHY,Ziggi,7,IND,Independent,2390.0,88779.0,0.0269207808152828,IND,False,True,Moore,0,-0.0130792191847172,2.76,0.0,8,,,,0,0.0,,2019-2022,2022,
2019,WA,242,Moore,32535,CHILCOTT,Rod,8,UAPP,United Australia Party,1591.0,88779.0,0.0179209047184581,UAPP,False,False,Moore,0,-0.0220790952815419,2.76,0.0,8,0.0224048368426591,2342.0,104531.0,1,0.0224048368426591,0.004483932124201,2019-2022,2022,
2019,WA,243,O'Connor,32503,FELS,Anthony James,4,UAPP,United Australia Party,1598.0,85957.0,0.0185906906941843,UAPP,False,False,O'Connor,0,-0.0214093093058157,2.76,0.0,9,0.0178043383858227,1722.0,96718.0,1,0.0178043383858227,-0.0007863523083616007,2019-2022,2022,
2019,WA,243,O'Connor,33328,'t HART,Ian,6,AUC,Australian Christians,2527.0,85957.0,0.0293984201403027,AUC,False,False,O'Connor,0,-0.0106015798596973,2.76,0.0,9,0.0287330176389089,2779.0,96718.0,1,0.0287330176389089,-0.0006654025013938004,2019-2022,2022,0.0402144155336232
2019,WA,243,O'Connor,33354,SWIFT,Peter,7,WAP,WESTERN AUSTRALIA PARTY,1279.0,85957.0,0.0148795327896506,WAP,False,False,O'Connor,0,-0.0251204672103494,2.76,0.0,9,0.0244628714406832,2366.0,96718.0,1,0.0244628714406832,0.0095833386510326,2019-2022,2022,
2019,WA,243,O'Connor,33417,SMITH,Dean,8,ON,Pauline Hanson's One Nation,7252.0,85957.0,0.0843677652779878,ON,False,False,O'Connor,1,0.044367765277987796,2.76,20015.519999999997,9,0.0706486900059968,6833.0,96718.0,1,0.0706486900059968,-0.013719075271990996,2019-2022,2022,
2019,WA,243,O'Connor,33653,ROBINSON,Nicholas Andrew,9,GAP,The Great Australian Party,883.0,85957.0,0.0102725781495398,GAP,False,False,O'Connor,0,-0.0297274218504602,2.76,0.0,9,0.0241630306664736,2337.0,96718.0,1,0.0241630306664736,0.0138904525169338,2019-2022,2022,
2019,WA,244,Pearce,33430,OLD,Sandy,1,ON,Pauline Hanson's One Nation,8199.0,99923.0,0.0820531809493309,ON,False,False,Pearce,1,0.042053180949330894,2.76,22629.239999999998,10,0.0452505373172067,4295.0,94916.0,1,0.0452505373172067,-0.036802643632124196,2019-2022,2022,
2019,WA,244,Pearce,33377,CALAUTTI,Michael,4,WAP,WESTERN AUSTRALIA PARTY,1305.0,99923.0,0.0130600562433073,WAP,False,False,Pearce,0,-0.026939943756692702,2.76,0.0,10,0.0232416031016899,2206.0,94916.0,1,0.0232416031016899,0.010181546858382599,2019-2022,2022,
2019,WA,244,Pearce,32615,STRAUSS,Magdeleen,5,AUC,Australian Christians,1609.0,99923.0,0.0161023988471122,AUC,False,False,Pearce,0,-0.0238976011528878,2.76,0.0,10,0.0220932192675628,2097.0,94916.0,1,0.0220932192675628,0.005990820420450599,2019-2022,2022,
2019,WA,244,Pearce,32656,FORSTER,Rob,8,UAPP,United Australia Party,2495.0,99923.0,0.0249692263042542,UAPP,False,False,Pearce,0,-0.015030773695745802,2.76,0.0,10,0.0266972902355767,2534.0,94916.0,1,0.0266972902355767,0.0017280639313225002,2019-2022,2022,
2019,WA,244,Pearce,32776,WILLIAMSON,Ross,9,ASP,"Shooters, Fishers and Farmers",2125.0,99923.0,0.0212663751088338,ASP,False,False,Pearce,0,-0.0187336248911662,2.76,0.0,10,,,,0,0.0,,2019-2022,2022,
2019,WA,244,Pearce,32118,BUTLAND,Colin,10,IND,Independent,1456.0,99923.0,0.0145712198392762,IND,False,True,Pearce,0,-0.0254287801607238,2.76,0.0,10,,,,0,0.0,,2019-2022,2022,
2019,WA,245,Perth,33497,BOXALL,Jane,1,WAP,WESTERN AUSTRALIA PARTY,2222.0,87706.0,0.0253346407315349,WAP,False,False,Perth,0,-0.0146653592684651,2.76,0.0,8,0.0183971552002821,1878.0,102081.0,1,0.0183971552002821,-0.006937485531252802,2019-2022,2022,
2019,WA,245,Perth,33550,DAVIES,Gary,4,FUT,Science Party,1329.0,87706.0,0.0151528971792123,FUT,False,False,Perth,0,-0.0248471028207877,2.76,0.0,8,,,,0,0.0,,2019-2022,2022,
2019,WA,245,Perth,32641,HOPKINS,Chas,5,UAPP,United Australia Party,1661.0,87706.0,0.0189382710418899,UAPP,False,False,Perth,0,-0.0210617289581101,2.76,0.0,8,0.0157228083580685,1605.0,102081.0,1,0.0157228083580685,-0.003215462683821401,2019-2022,2022,
2019,WA,245,Perth,33537,LOWNDS,Mel,7,ON,Pauline Hanson's One Nation,2333.0,87706.0,0.0266002325952614,ON,False,False,Perth,0,-0.0133997674047386,2.76,0.0,8,0.0269295951254396,2749.0,102081.0,1,0.0269295951254396,0.00032936253017819966,2019-2022,2022,
2019,WA,245,Perth,33539,GREENING,Curtis,8,FLUX,VOTEFLUX.ORG | Upgrade Democracy!,602.0,87706.0,0.0068638405582286,FLUX,False,False,Perth,0,-0.0331361594417714,2.76,0.0,8,,,,0,0.0,,2019-2022,2022,
2019,WA,246,Stirling,33599,YOUNG,Angus,1,ON,Pauline Hanson's One Nation,3129.0,86779.0,0.036057110591272,ON,False,False,Hawke,0,-0.003942889408728001,2.76,0.0,7,0.0558818131767296,4872.0,87184.0,1,0.0558818131767296,0.0198247025854576,2019-2022,2022,
2019,WA,246,Stirling,32598,HUTTON,Dorothy,3,UAPP,United Australia Party,1577.0,86779.0,0.0181725993615966,UAPP,False,False,Hawke,0,-0.0218274006384034,2.76,0.0,7,0.0703225362451826,6131.0,87184.0,1,0.0703225362451826,0.052149936883586004,2019-2022,2022,
2019,WA,246,Stirling,33563,RE,Elizabeth,5,WAP,WESTERN AUSTRALIA PARTY,1750.0,86779.0,0.0201661692344922,WAP,False,False,Hawke,0,-0.0198338307655078,2.76,0.0,7,,,,0,0.0,,2019-2022,2022,
2019,WA,246,Stirling,32464,HOST,Kevin,6,AUC,Australian Christians,1504.0,86779.0,0.0173313820163864,AUC,False,False,Hawke,0,-0.022668617983613602,2.76,0.0,7,,,,0,0.0,,2019-2022,2022,0.0243572884872905
2019,WA,247,Swan,32678,KLOMP,Steve,2,AUC,Australian Christians,1450.0,84137.0,0.0172337972592319,AUC,False,False,Swan,0,-0.022766202740768102,2.76,0.0,10,0.0192930545003798,1930.0,100036.0,1,0.0192930545003798,0.002059257241147902,2019-2022,2022,0.0379106164467703
2019,WA,247,Swan,32533,THOMAS-WURTH,Virginia Anne,3,AJP,Animal Justice Party,1304.0,84137.0,0.0154985321558886,AJP,False,False,Swan,0,-0.0245014678441114,2.76,0.0,10,0.0221320324683114,2214.0,100036.0,1,0.0221320324683114,0.0066335003124228,2019-2022,2022,
2019,WA,247,Swan,32699,ADDINK,Carmel,4,FACN,FRASER ANNING'S CONSERVATIVE NATIONAL PARTY,599.0,84137.0,0.0071193410746758,FACN,False,False,Swan,0,-0.0328806589253242,2.76,0.0,10,,,,0,0.0,,2019-2022,2022,
2019,WA,247,Swan,33335,HAWKINS ZEEB,Sharron,5,WAP,WESTERN AUSTRALIA PARTY,1102.0,84137.0,0.0130976859170162,WAP,False,False,Swan,0,-0.0269023140829838,2.76,0.0,10,0.0205825902675036,2059.0,100036.0,1,0.0205825902675036,0.0074849043504874,2019-2022,2022,
2019,WA,247,Swan,32624,CHEHOFF,Michael,7,AFN,Australia First Party,251.0,84137.0,0.0029832297324601,AFN,False,False,Swan,0,-0.0370167702675399,2.76,0.0,10,,,,0,0.0,,2019-2022,2022,
2019,WA,247,Swan,33656,McLERNON,Peter,8,UAPP,United Australia Party,1482.0,84137.0,0.017614129336677,UAPP,False,False,Swan,0,-0.022385870663323,2.76,0.0,10,0.0263605102163221,2637.0,100036.0,1,0.0263605102163221,0.008746380879645098,2019-2022,2022,
2019,WA,247,Swan,33469,CHANG,Tshung-Hui,9,ON,Pauline Hanson's One Nation,2038.0,84137.0,0.024222399182286,ON,False,False,Swan,0,-0.015777600817714,2.76,0.0,10,0.0254308448958375,2544.0,100036.0,1,0.0254308448958375,0.001208445713551498,2019-2022,2022,
2019,WA,248,Tangney,33478,RAFFERTY,Scott Rodney,2,ON,Pauline Hanson's One Nation,1732.0,83419.0,0.0207626559896426,ON,False,False,Tangney,0,-0.019237344010357402,2.76,0.0,9,0.0212742217428497,2288.0,107548.0,1,0.0212742217428497,0.0005115657532071029,2019-2022,2022,
2019,WA,248,Tangney,32737,HORTON,Jillian,3,IND,Independent,1933.0,83419.0,0.023172178999988,IND,False,True,Tangney,0,-0.016827821000012,2.76,0.0,9,,,,0,0.0,,2019-2022,2022,0.1187578531681924
2019,WA,248,Tangney,32742,STAER,Mark,4,AUC,Australian Christians,1695.0,83419.0,0.0203191119529124,AUC,False,False,Tangney,0,-0.0196808880470876,2.76,0.0,9,0.0230687692937107,2481.0,107548.0,1,0.0230687692937107,0.002749657340798302,2019-2022,2022,0.0337342188715371
2019,WA,248,Tangney,33592,WADDY,Paul Stephen,5,IND,Independent,307.0,83419.0,0.0036802167371941,IND,False,True,Tangney,0,-0.0363197832628059,2.76,0.0,9,,,,0,0.0,,2019-2022,2022,0.1187578531681924
2019,WA,248,Tangney,32907,FERNANDEZ,Chris,8,UAPP,United Australia Party,969.0,83419.0,0.0116160586916649,UAPP,False,False,Tangney,0,-0.028383941308335103,2.76,0.0,9,0.0160021571763305,1721.0,107548.0,1,0.0160021571763305,0.004386098484665599,2019-2022,2022,
2019,WA,248,Tangney,33359,WAUGH,Gavin,9,WAP,WESTERN AUSTRALIA PARTY,1080.0,83419.0,0.0129466908018556,WAP,False,False,Tangney,0,-0.0270533091981444,2.76,0.0,9,0.0194889723658273,2096.0,107548.0,1,0.0194889723658273,0.0065422815639717,2019-2022,2022,
